,ABL1,ABL2/ARG,ACK1,AKT1,AKT2,AKT3,ALK,ALK1/ACVRL1,ALK2/ACVR1,ALK4/ACVR1B,ALK5/TGFBR1,ARAF,ARK5/NUAK1,ASK1/MAP3K5,Aurora A,Aurora B,Aurora C,AXL,BLK,BMX/ETK,BRAF,BRK,BRSK1,BRSK2,BTK,c-Kit,c-MER,c-MET,c-SRC,CAMK1a,CAMK1b,CAMK1d,CAMK1g,CAMK2a,CAMK2b,CAMK2d,CAMK2g,CAMK4,CAMKK1,CAMKK2,CDK1/cyclin A,CDK1/cyclin B,CDK2/cyclin A,CDK2/cyclin E,CDK3/cyclin E,CDK4/cyclin D1,CDK4/cyclin D3,CDK5/p25,CDK5/p35,CDK6/cyclin D1,CDK6/cyclin D3,CDK7/cyclin H,CDK9 cyclin K,CDK9/cyclin T1,CHK1,CHK2,CK1a1,CK1d,CK1epsilon,CK1g1,CK1g2,CK1g3,CK2a,CK2a2,CLK1,CLK2,CLK3,CLK4,COT1/MAP3K8,CSK,CTK MATK,DAPK1,DAPK2,DCAMKL2,DDR2,DMPK,DRAK1/STK17A,DYRK1/DYRK1A,DYRK1B,DYRK2,DYRK3,DYRK4,EGFR,EPHA1,EPHA2,EPHA3,EPHA4,EPHA5,EPHA6,EPHA7,EPHA8,EPHB1,EPHB2,EPHB3,EPHB4,ERBB2/HER2,ERBB4/HER4,ERK1,ERK2 MAPK1,FAK/PTK2,FER,FES/FPS,FGFR1,FGFR2,FGFR3,FGFR4,FGR,FLT1/VEGFR1,FLT3,FLT4/VEGFR3,FMS,FRK/PTK5,FYN,GCK MAP4K2,GRK2,GRK3,GRK4,GRK5,GRK6,GRK7,GSK3a,GSK3b,Haspin,HCK,HGK MAP4K4,HIPK1,HIPK2,HIPK3,HIPK4,IGF1R,IKKa/CHUK,IKKb/IKBKB,IKKe/IKBKE,IR,IRAK1,IRAK4,IRR/INSRR,ITK,JAK1,JAK2,JAK3,JNK1,JNK2,JNK3,KDR/VEGFR2,KHS MAP4K5,LCK,LIMK1,LKB1,LOK/STK10,LRRK2,LYN,LYN B,MAPKAPK2,MAPKAPK3,MAPKAPK5/PRAK,MARK1,MARK2/PAR-1Ba,MARK3,MARK4,MEK1,MEK2,MEKK2,MEKK3,MELK,MINK/MINK1,MKK6,MLCK/MYLK,MLCK2/MYLK2,MLK1/MAP3K9,MLK2/MAP3K10,MLK3/MAP3K11,MNK1,MNK2,MRCKa/CDC42BPA,MRCKb/CDC42BPB,MSK1/RPS6KA5,MSK2/RPS6KA4,MSSK1/STK23,MST1/STK4,MST2/STK3,MST3/STK24,MST4,MUSK,MYO3b,NEK1,NEK11,NEK2,NEK3,NEK4,NEK6,NEK7,NEK9,NIK/MAP3K14,NLK,OSR1/OXSR1,P38a/MAPK14,P38b/MAPK11,P38d/MAPK13,P38g,p70S6K/RPS6KB1,p70S6Kb/RPS6KB2,PAK1,PAK2,PAK3,PAK4,PAK5,PAK6,PASK,PBK/TOPK,PDGFRa,PDGFRb,PDK1/PDPK1,PHKg1,PHKg2,PIM1,PIM2,PIM3,PKA,PKAcg,PKCa,PKCb1,PKCb2,PKCd,PKCepsilon,PKCeta,PKCg,PKCiota,PKCmu/PRKD1,PKCnu/PRKD3,PKCtheta,PKCzeta,PKD2/PRKD2,PKG1a,PKG1b,PKG2/PRKG2,PKN1/PRK1,PKN2/PRK2,PLK1,PLK2,PLK3,PRKX,PYK2,RAF1,RET,RIPK2,RIPK5,ROCK1,ROCK2,RON/MST1R,ROS/ROS1,RSK1,RSK2,RSK3,RSK4,SGK1,SGK2,SGK3/SGKL,SIK2,SLK/STK2,SNARK/NUAK2,SRMS,SRPK1,SRPK2,STK16,STK22D/TSSK1,STK25/YSK1,STK33,STK38/NDR1,STK39/STLK3,SYK,TAK1,TAOK1,TAOK2/TAO1,TAOK3/JIK,TBK1,TEC,TGFBR2,TIE2/TEK,TLK2,TRKA,TRKB,TRKC,TSSK2,TTK,TXK,TYK1/LTK,TYK2,TYRO3 SKY,ULK1,ULK2,ULK3,VRK1,WEE1,WNK2,WNK3,YES/YES1,ZAK/MLTK,ZAP70,ZIPK/DAPK3
ATM Kinase Inhibitor,0.4768191442330192,7.996405150571718,4.331782205471924,0.0,3.9634739241098202,0.0,3.837392316476894,0.07869875322990083,2.4868352140536274,0.0,2.0004714528643603,0.0,6.860437616314002,0.0,8.268720845318455,4.162298642821639,15.098606649944742,0.0,3.837392316476894,0.0,0.0,9.352964182275088,1.8468830463459511,0.0,0.0,3.1780008347526802,3.031922132783663,0.0,0.0,5.763925765537778,0.0,0.0,0.5628176758553423,0.0,0.0,0.0,0.0,6.042837930630583,0.0,0.0,0.0,11.52427442016392,0.0,15.370691072556724,0.0,0.0,0.7731042345418189,3.226025516780126,0.47263892271217856,1.86455650449534,0.0,3.474173953678843,0.0,0.0,0.0,0.0,5.095627290748411,0.0,0.0,0.6846280165057408,6.69638786360801,12.059981447224018,2.603211577225821,3.969921313374499,0.0,15.263276882534058,0.0,0.0,0.0,4.33297308513832,0.0,17.32394564292011,1.1551711019450863,0.0,0.8437002931136846,5.165058587703967,1.8395058519529073,4.998932582612241,0.0,0.0,15.673222735718923,0.0,0.0,15.329302629560047,3.7808520054503845,0.0,0.0,0.0,0.0,0.0,0.0,0.0,0.0,0.0,5.724877314478235,2.7038395912193494,0.0,0.0,0.0,0.0,0.0,0.0,0.7554497383360257,1.328368036261736,5.31944984618454,0.0,15.092895829960781,9.210801854901689,1.6335751593304906,0.0,8.080057028422573,0.5407172359328456,11.373657565936213,0.0,20.974959223782903,0.0,0.0,0.0,16.964340063515948,0.7608051452206155,13.295076442583024,1.3010910952534402,0.0,0.0,6.798959911173867,0.4071638165097937,0.0,0.0,0.0,1.8239578248420827,12.58789254505335,0.0,3.4776539332920606,0.0,0.0,0.0,1.2825153865608598,3.361899943994061,0.0,0.0,0.0,16.025211516459493,2.3414260571589125,6.3597309019173025,4.069124510959057,6.390236448294758,1.9333023940044995,0.0,3.5262103257638273,2.939755667386777,0.0,0.0,0.0,5.779831761253163,0.0,5.499556186986894,0.0,13.726608562694736,0.0,0.0,5.100638964613012,18.186808372443522,7.312663625381816,0.0,0.08200452993685303,0.035090434433413975,0.0,0.0,2.556935972152189,4.5231995876053475,4.062533938383297,1.4414872706848598,0.4879666574302348,0.0,0.0,0.0,0.0,11.87240135855167,0.37525731625814274,5.024190608849352,0.0,2.235128322658113,9.565561904465127,10.893678836563055,0.0,0.0,11.49512089863974,0.0,0.0,10.034829669699036,0.0,0.0,0.0,5.095970672240881,0.0,3.9017584227662496,0.6739001009943877,0.0,0.0,0.0,8.491986760771368,0.0,7.699496503211606,0.0,4.957219325836832,0.0,1.1733428003229278,4.365570158887039,0.0,0.5591032108468568,0.0,0.0,0.0,0.0,1.4425369174324203,22.356263853540213,0.0,47.689339141108405,0.3982660738907384,0.0,19.682788787479865,0.0,0.0,8.101069463967434,0.0,0.3301474026264799,3.1428452907654787,0.0,9.66333190239375,16.591511602996505,0.0,0.0,0.0,0.0,0.0,7.772104384917583,5.6450502840083345,27.101620343052303,0.0,15.376511775684321,1.9123999754301053,0.0,0.0,5.293799985681446,17.555979386332638,0.0,6.5550283887813805,0.0,0.0,0.0,0.0,2.358318383644985,0.0,18.59031900604188,1.7715589231009972,9.43256268649219,0.0,1.4287354251531212,0.0,6.525742077425292,0.0,6.177613086438498,0.0,0.0,4.509485891352227,0.0,0.426244345590419,6.7378838629879,0.0,15.950695180673023,0.0,15.503464560329377,0.0,0.0,0.0,11.496558655863282,0.0,6.586922809972208,0.0,0.0,0.6475198754573483,0.8508691244867634,0.3091246835661252,2.2747519601654744,0.0,0.0,5.919139876447929,4.214716269904699,0.0,8.09914328760135,0.0,0.0,9.30186466231801,1.6721272684348776,0.0,0.0,10.638493338125727,0.0,2.9453868779910977,0.0
ATM/ATR Kinase Inhibitor,0.0,0.0,2.0412510719799712,0.0,8.433957678632922,0.0,0.0,0.0,1.244223156548344,0.0,7.439007210412925,0.0,4.693889012510226,2.9234605642903375,19.164493176376226,4.699587698536334,6.193892056020729,0.0,0.0,0.0,0.0,12.176741704167625,1.692197096503918,0.0,0.0,2.8434164913365976,3.7701670191898415,0.0,3.8687040755243913,6.930113551422721,0.0,0.9756432130913026,0.0,4.014865373830645,0.0,0.0,0.0,1.4919071862328224,0.0,0.0,0.0,7.938884447181593,0.0,10.768957489272069,0.0,0.0,6.30861852568809,3.156252134975176,0.0,0.0,0.73120179981251,0.9744873724740444,0.0,4.964707419224396,0.0,2.361114320855876,5.873687015291779,0.0,0.0,16.661342235775663,1.7042405345228389,12.293266969073429,4.647480253605778,3.047748254883274,0.0,6.537469822142526,0.0,0.0,0.0,0.7365832726653707,3.516517022319192,24.864031338158895,0.0,0.0,3.6412689923868413,14.494812500090745,0.21866959194144897,0.24139075718423442,0.0,0.0,0.0,0.0,0.0,11.876856328648955,0.0,0.0,0.0,0.0,0.0,0.0,0.0,0.0,0.0,0.0,0.0,5.1988322865722125,0.0,0.0,2.444816688359907,0.0,0.0,0.0,2.2658691757615372,2.303078420179702,3.231532523851513,0.0,15.47576989703775,2.807151753291734,0.685012998163316,0.0,3.7534174171976815,0.0,8.783805003918488,0.0,20.458962399564285,1.65625218306036,0.0,0.0,2.4982074031772328,0.0,0.0,0.0,0.0,0.0,7.294275250708054,0.0,0.0,0.0,0.0,6.30271812104192,8.486290617334234,0.0,0.0,0.0,0.0,0.0,6.250197666114019,5.116134068549144,0.0,0.1204587730437936,0.0,17.879537498056408,11.35166310317635,3.75814311702095,7.463970473876941,8.983620324961677,8.152631359421122,5.540528125755031,5.799423343313364,0.0,0.7128805245618253,0.0,0.0,3.707860057067677,0.0,0.0,0.0,7.718012157863626,0.0,0.0,4.928524441216652,17.746288449117884,3.2334818071314544,0.0,0.0,0.0,0.0,0.3924223586391662,0.0,6.0234958819085875,1.1447641933372807,0.0,0.0,0.0,0.0,2.806013376131858,0.0,7.27437336791364,2.017703702540288,3.837242876827645,0.0,7.17251184767477,10.704782765546298,0.0,0.0,0.0,7.8392171510293736,0.0,3.7884917420304163,12.159839821124734,0.0,0.0,0.0,7.861469617473972,0.0,1.6768327958305065,0.0,0.0,0.0,0.0,8.065661020536709,0.6519244038234575,13.971381174673127,0.0,8.133574542164865,0.0,0.0,0.0,0.0,0.0,0.042441802844365384,0.0,0.0,0.0,0.0,0.0,0.0,0.0,0.0,0.0,26.89488168434292,0.0,0.0,8.801061335167248,0.0,0.0,0.20813661850689869,6.019292495588672,3.1223512128796926,1.482525554338821,0.0,1.9603838643379845,0.0,0.0,0.0,3.3501925189523973,7.157420340058792,11.94162610453101,0.0,7.1489653743556545,5.578165393758738,0.0,0.0,4.672084701023692,0.0,2.5652595948598673,0.0,0.21217527379025114,0.0,0.0,0.5030174470983582,0.0,3.8397103349823283,0.0,5.304120130609846,6.862984988601923,0.0,14.229361367626453,0.0,4.814631339838854,0.0,3.0691569385623296,0.7278589107643825,0.0,0.631031401086716,6.641234863403199,3.8237555810252672,0.4182538833233025,0.0,22.96912700766181,0.0,10.309540572589441,0.0,0.0,0.0,1.3430620298568385,0.0,8.354623562347456,2.185003425157987,0.0,0.0,2.317426061159722,0.0,7.3351925889364935,3.0648896578234996,0.0,8.464711739751365,6.028463626208577,0.0,0.9337733670688237,0.0,0.0,3.338308853718644,8.18925749060574,0.0,0.0,5.408165047877134,1.412153702041806,5.760598985584579,0.0
AG 1024,40.17147931597998,42.88288809396465,6.877107284974301,0.0,2.289273411350848,0.0,2.0604056477375394,0.0,0.0,0.0,0.0,0.8268514940705671,4.629912759617042,0.0,10.20871561810229,2.9378719474527344,12.387206129697304,0.0,2.0604056477375394,0.0,0.06342176096272567,8.648114194113958,5.969049359727734,5.45712832840654,0.0,2.1252620943875797,2.718081138932206,0.0,12.553862922020642,2.472755846660931,0.0,0.0,0.0,0.0,0.7366465498834316,4.025371166913317,0.0,5.808729779583317,0.0,7.466299224172914,12.219426521372156,27.44046815410742,9.301368551430954,22.35330054902805,1.097040235539822,0.0,3.5115038713512376,1.8467126055574994,0.0,0.9168135780413849,10.670858165543422,1.5100058055824235,0.0,4.609557183836699,0.0,0.0,15.460654979133949,14.45670484069278,7.882582888509845,0.0,0.0,14.154782797078838,0.6561414028607544,5.458566482671785,0.0,0.0,0.0,11.395487325041685,0.0,0.0,0.0,14.092144695476222,0.0,0.0,0.0,3.1101335189605663,7.680533420236898,4.638922287579277,0.0,0.0,0.0,1.8465868372552734,0.0,14.877603854809124,0.0,0.0,5.273613769306053,0.0,0.0,0.0,0.0,0.0,0.0,0.0,0.0,4.281690084465112,6.002114207426189,0.0,8.729062022855032,0.0,0.0,0.0,4.12355716204695,3.645374485944018,7.210554510674314,1.987172281197843,24.595529116890333,7.494140187336399,0.0,0.0,3.2163759303608117,0.6688551648693988,32.83855643988895,0.0,16.268950432950817,2.0120970842628765,0.0,0.0,5.438224223265877,0.0,0.0,0.0,32.77863223048465,33.87689544489808,3.838365795316861,0.0,0.0,1.8132723787555278,0.0,3.360337185089662,10.317946721192357,4.2641983213055425,13.244562511542398,0.0,0.0,0.0,0.0,1.60166108580529,0.0,0.0,0.0,9.578472001831784,0.0,7.453556487570168,2.2317434491590973,4.171185523369388,12.212368683222337,1.5384764724852005,14.788733513079649,4.597674132454699,0.0,25.945566505314844,0.0,7.67165043296518,0.0,2.5500976661005836,1.219187140741937,18.43607096590067,0.0,0.0,9.232821851912732,14.217792827251856,6.31994317373281,0.0,8.408259372077794,0.0,0.0,9.354570735116425,0.6928761190037989,9.755498176395974,0.0,2.6344944220214472,4.083893016401788,0.0,0.0,0.0,0.0,9.125944783587912,20.604370712071898,9.485793787138945,0.0,3.682455225256035,4.79254006708635,0.0,0.0,2.298030530713149,13.043170402018859,3.9839413735127067,3.391163417929633,6.261893627811105,0.0,10.499848784222706,0.0,2.6727928545064117,6.4219643675832145,1.958043758705486,1.7058470018475305,0.0,1.451748883213483,0.0,8.665379893889138,0.0,10.075355922236753,3.474425702949617,3.086685546241199,0.0,0.0,0.0,3.3217100815815286,0.0,4.6351487309975425,0.0,0.0,3.262073961712673,0.0,5.2712988327613175,0.0,10.891651503782441,0.0,0.0,18.56139337816228,0.0,0.0,16.960620304497752,0.0,0.0,9.568993057841254,0.0,0.0,7.290471397249746,1.9753727555923462,0.0,0.0,0.0,0.0,12.372520466838807,5.537709225723063,35.66192920212984,7.697303210642104,7.384678105647353,5.42047587632527,0.0,0.7375988080739546,0.0,1.7857566933003568,67.24344133171851,0.0,17.096561158140872,4.367015674927131,0.0,6.849255432467331,0.0,7.761145536013686,1.0901631199479027,0.0,4.6607429291321125,0.0,2.260841380920496,0.0,5.331400955976164,0.43652902879227895,1.6083163820590443,0.0,0.0,0.8138895481694988,4.374547817194639,0.0,8.941178733822014,0.0,12.42186732152092,2.372390446608719,12.11177582117736,2.0518212655476873,3.5306341002322768,0.0,9.789783697029804,0.0,6.215688769071562,2.0536828152104505,0.0,0.0,9.147279150374487,0.0,3.4365693048158903,0.0,0.0,3.496840542224561,38.65264049452466,0.0,11.821341435314395,0.0,0.0,13.55622043150754,9.09791102033843,0.0,0.0,16.98099401731446,8.847965134926,8.397327481929281,3.642811924695039
AGL 2043,19.635625755582225,0.0,0.01668425251753547,0.0,8.499803431570143,0.0,0.20429030797134828,0.0,0.7178508015300622,0.0,1.3411771983471965,0.0,4.656150302408719,1.141887743002556,15.16029298248651,15.08019305650268,6.65541727484009,0.0,0.20429030797134828,0.0,1.7633636878635457,11.428280185148623,1.3459947653771849,2.044605911801682,0.0,59.5544463713515,9.56037332091583,0.0,10.089758249292487,1.9156180824369926,0.0,0.0,0.0,0.0,0.0,0.0,0.0,5.302843617290222,0.0,0.0,0.0,3.2549421247287,0.0,8.594294880240412,6.399592100579355,0.0,0.0,0.6962486170511539,0.0,0.6520988369250347,12.194211094381501,0.0,0.0,11.70149103356249,0.17044289677698998,5.373098089168167,3.2776083331755643,4.096127390753082,5.485563911498446,7.753371723952881,0.0,3.881925662477002,0.0,1.0427378016728142,0.0,4.745931639214845,0.0,20.774277263355202,1.0054771966788252,0.0,0.0,0.49586281071992744,5.9135465756957615,0.0,0.0,0.0,19.50709234674204,0.1194906679812675,0.0,0.0,0.0,0.0,0.0,12.906111171007268,0.0,0.0,6.93820986516991,0.0,0.0,7.520331309414502,0.0,0.0,0.0,0.0,7.889106599380483,7.969792309167957,4.99858775812082,0.0,0.0,0.0,0.0,0.0,11.193792275288075,8.217228185595957,32.87168772483163,3.652795179172216,10.748938542538596,6.3802200857531375,72.53285371504998,13.79396647862606,36.52397823652706,1.1104601425790435,0.0,0.0,16.31094478710176,0.7965524239844513,0.0,0.0,0.0,3.365765262473289,5.862969084003183,0.0,0.0,1.9678416361235946,15.462127193768652,0.0,0.0,0.0,0.0,3.574988433248933,3.831527770694649,0.0,10.242098153026916,0.08008739307263113,0.0,0.0,0.4716487141858181,3.291996087570894,0.0,0.0,0.0,6.346839810243438,25.276564824119674,3.72473730629531,22.6390819688894,5.228744006818914,13.695840543648188,0.0,10.397799376123686,5.290825918460001,0.0,2.230631393853173,0.0,4.585629396049654,0.0,0.0,0.0,18.566125904700755,0.0,0.0,10.258788597712055,22.498819598683667,9.770881316937604,0.0,4.355349225268014,1.1473446488285504,0.0,3.039473719233257,25.521728737834962,9.735539673758296,0.0,8.92221096200808,7.303946056869066,0.0,0.0,0.0,0.0,11.579085617914814,3.4328841086236537,2.5942961893501746,2.949333940420246,0.0,0.6958818372299476,9.40235552572247,0.0,6.00726882324301,6.948055403586892,2.9649605858549535,0.0,4.753538599311355,0.8097815229369587,13.454596120280769,0.0,2.6412428215331403,0.0,0.6397134215931857,2.4821271056971312,0.0,0.2761042423858555,0.0,4.9629959744699335,2.003310106576663,13.395698687395921,0.0,1.2002572455942584,0.0,0.0,3.3803641276757332,0.0,1.1208583787692419,76.19430046192662,36.70474950967892,0.0,1.769286495988041,0.0,0.0,0.0,8.824845600621956,0.03125487422173023,0.0,25.30795717667442,0.0,0.0,21.448225889261195,0.0,3.188933542810858,5.141158099331278,0.8869962825223183,2.2537366312016047,2.91802010116038,0.0,4.413411796312118,0.0,0.3083237085177615,1.5206082528756468,12.26120063740322,3.4603087788729567,28.967244419127013,0.0,0.6355232366751693,4.385863458660481,0.0,3.5633184945347836,0.0,31.112865380116943,10.853646276607321,0.0,2.1734535767976126,0.0,0.0,2.056605935455508,0.5669467973615667,3.7006027607805265,4.9692967922740365,11.532385920107231,4.065322672408428,0.0,0.0,0.0,5.521174876573909,3.285406834140943,4.577776615669535,0.0,0.0,4.84162246834984,8.728881564496788,2.708020984084243,8.457023387826183,0.0,20.230884551903443,5.672052547758199,7.511715557839921,0.0,0.255975667743769,0.0,6.954595502157957,0.0,10.838248235409452,3.418434051498565,0.0,0.0,35.2524295694281,40.12810972163311,1.7733651378566435,7.363358734409431,0.0,4.770954989129876,0.0,0.0,15.40418407092784,0.0,0.0,4.377215729230187,13.111269505551661,0.0,3.103463548631524,33.07667967314606,10.93262288566676,6.736263441174557,0.0
Akt Inhibitor IV,3.2703976076176104,4.2553990803207284,2.004794310390025,0.0,0.3679119580250756,0.0,0.8590430194282987,0.0,0.0,0.0,0.0,0.0,3.8638911648707506,0.0,11.897787286510066,6.14954178444836,8.698953615066898,0.0,0.8590430194282987,0.0,0.0,9.762086839347333,0.0,4.2559954899702745,8.408494937451394,0.0,3.463351352868898,0.0,5.469684010478716,5.592550892185372,0.0,0.3031157127269637,0.0,0.0,0.0,5.975513945481339,0.0,6.791910093315778,0.0,0.0,1.2236603180943177,0.0,0.0,7.116171092775446,7.827360172194872,0.0,0.0,0.0,2.3939600270496726,0.0,7.820957048240899,2.216969905478223,0.0,10.450772860482033,0.0,0.0,0.0,0.0,0.0,0.0,0.0,7.635444593821603,3.180706841600852,0.0,0.0,1.6170975495632547,0.0,4.535332358743986,8.01244220553589,0.0,3.587607832805432,25.30169633512726,5.691797628196781,0.0,2.6462960456318854,6.119731948433781,3.0589458625299244,3.3189887877261413,0.0,0.0,1.3093327182643293,0.0,0.0,22.85868784484697,0.0,0.5528760269080095,8.103225665775057,0.038611821562938076,0.0,2.0880560288335914,3.6927287015588206,0.0,0.8749988211161508,0.0,0.0,7.9679678922173025,0.0,0.0,0.0,0.0,1.1052520679251359,0.0,2.5772148471645977,0.0,11.617890973925284,15.888828499756414,5.948807856526983,5.910757216132907,1.4037876541211602,9.06589509100175,0.0,2.883762483820277,0.806962415816713,0.0,12.501218935228152,2.5838976313122686,0.0,0.0,1.1124374952547669,0.0,0.0,0.0,0.0,0.0,0.0,0.45350311495593587,0.0,0.0,0.0,7.001762401764083,14.032998089531844,1.3907511609580325,5.291609061495251,6.046158710337778,0.0,0.0,0.0,7.282762688343325,0.0,1.1700526961795106,0.0,3.714719878934943,5.385852286426228,7.2767595627337585,6.066700575470421,8.304712820348954,10.082987946657752,1.71852290876447,6.9155349057075455,0.0,4.490407400051254,0.0,0.0,2.8015594604220553,0.0,3.1796377326234904,0.0,8.396428753108466,1.175941396976043,0.0,6.466508211375228,11.546815883174958,9.722050778886597,0.0,6.61415645189669,0.9702491848421744,0.0,1.5991283913666905,4.174933187423292,1.6897186835103923,0.0,0.0,0.0,2.5764316015292223,0.0,5.024536326492893,0.0,5.4444143695800165,0.0,1.6921128801922976,1.1260384467090887,0.8325158224743632,6.316166399519474,5.282160149257052,0.0,0.0,8.386009805763095,0.0,0.0,9.490735624809844,3.8697657177838494,4.632001909967329,0.0,4.022093553374589,0.0,5.8134935982439515,5.054337154888614,0.0,0.0,0.0,3.229141944079956,6.827618210242804,12.498418906976852,2.6950202307832,0.0,0.0,1.408641057148401,4.514490769889122,0.0,0.0,4.805685209364199,0.0,0.0,3.9362658797330994,0.0,0.0,0.0,1.177273067478751,0.0,0.0,22.263944955995527,0.0,0.0,6.723169058766231,2.309788151147643,0.0,0.5730189528176197,9.863819582836555,8.126021261229454,2.631705880479302,5.398682538053279,0.23137478344632711,0.0,0.0,0.0,7.5951437075623005,14.344898860107136,20.83763863622545,0.0,6.902745406877614,0.0,0.0,0.0,3.1507757543245987,4.40383255109478,11.400998014339834,0.0,1.9158650524518777,0.8954331962894173,5.562513225643073,0.9424966471332112,0.0,0.0,0.0,4.006171132278439,2.831959466012961,0.0,0.0,0.0,0.0,6.6539903100331514,6.260636498309509,0.0,0.0,1.598424989625272,0.0,3.460150154526289,10.578799632333414,0.0,18.935651138807472,0.0,1.164390758955875,0.6119431982530443,2.3480624982602762,0.0,4.300767814841919,0.0,4.909640536747787,3.963231270313031,0.0,0.8923161167252829,2.1705522689481285,0.0,1.615301480479971,3.433586774583503,0.0,9.264699385245535,11.477533873856203,0.0,9.136575486469468,0.0,0.0,9.11060530626024,7.560893656130162,0.0,14.093017289183535,5.107804992562706,6.160829056527632,4.542461371931893,4.568723407115357
"Akt Inhibitor V, Triciribine",0.14506449879047523,0.0,7.4928329496740105,0.0,0.0,0.0,0.0,0.0,0.0,0.0,0.0,0.0673544008346596,2.243504154747143,0.0,3.7932202114094196,8.851894544548685,0.0,0.0,0.0,0.0,0.0,2.173057576322492,2.5583961124777517,0.11004043034257904,0.0,0.0,6.054521089494273,0.0,7.6802342639126095,3.2265696650948428,0.0,0.0,4.99082805294745,1.3055962925217415,0.1445827755722462,0.0,0.0,0.9482729997361332,0.0,0.0,0.0,8.287456716865208,0.0,12.371315625233592,5.448747356614433,0.0,0.0,0.0,0.0,1.4410246201191796,0.9594906980819218,0.9765735417036865,0.0,2.6757244336468773,0.0,0.0,8.853402285462252,0.0,0.0,0.0,0.0,4.907130306887893,2.866204345060794,0.0,0.0,3.242413879025662,0.0,19.596101541482483,0.0,0.0,0.0,7.24814226598474,1.793283721157195,0.0,5.972349494544616,2.9461678563644966,0.0,0.2374330646750309,0.6623085732784091,0.0,0.0,0.0,0.0,10.159047717188628,0.0,0.0,10.483255407186817,0.0,0.0,0.0,0.0,0.0,0.0,0.0,0.02634178277195076,7.40878331285721,0.935655017593092,0.0,1.893699136480734,0.0,0.0,1.5063431480502771,0.4319374322444105,0.0,0.0,0.0,9.053030192020515,4.405553822497808,1.4564594944776417,1.3206147976280818,0.0,0.0,0.0,0.0,10.12539448225644,13.538377305383932,0.0,0.0,7.277109582641572,6.095791112044154,0.0,0.0,0.0,0.0,8.808964857528906,0.0,0.0,10.509564796370356,0.0,5.555104009928954,8.354905025742298,2.7919804896064875,0.0,0.0,0.0,0.0,0.12769184587946825,2.6495054253499717,0.0,0.0,0.0,10.342401469553892,2.755118196702824,1.101982797441579,11.760492029457652,5.412769029014299,8.559233955085148,0.0,6.980296570901658,3.5077443085412767,5.239186670454444,0.0,0.0,0.0,0.0,3.1847950472929227,0.0,4.12775567143845,0.0,0.0,7.327346862292771,10.44591698419282,13.676559026103206,0.0,0.0,0.0,0.0,0.0,8.505849409608402,0.0,0.0,0.0,0.0,5.27807690154998,0.0,0.2531012373311512,0.0,0.0,0.0,0.2990939776276491,0.0,1.8979515436229235,4.5858705404209275,9.79023393308951,0.0,4.1618947928304095,8.803559677088828,5.862617472401951,6.329924560510648,0.7483630506644658,0.0,0.0,0.0,0.0,0.0,0.0,3.8192982739872576,0.0,0.0,0.0,3.7797562008347967,5.925411546113409,11.367974029213244,0.6591773829270551,1.428377648675223,2.993056319580262,3.0108434346037143,0.0,0.0,0.0,3.540505126569599,0.0,0.0,0.6004945414327949,0.0,0.0,0.0,0.0,0.0,0.0,19.553359735799503,0.0,0.0,1.8224394703320428,0.0,3.407602036387246,1.4487038059160113,3.8146502247544873,3.6138673776223413,0.0,1.2605865239963805,0.0,0.0,0.0,6.120698325123442,2.6267833902591633,4.3554441534274275,6.855696598716591,0.0,0.0,0.7735883678427484,0.0,6.449035980426885,5.3773927977209155,4.665618388523114,11.704231653274292,0.0,0.0,0.0,0.0,1.431724915312742,0.0,0.0,8.794601472680029,0.0,2.0140660685884484,0.0,0.0,0.0,1.6882908115472333,6.54119073352534,3.81052625705226,5.56673159856922,0.0,1.8412662668372235,0.0,0.0,3.1772810959505193,0.0,11.669327937646173,0.0,9.156038236324434,0.0,2.6532698449967285,0.0,3.040993656363227,0.0,4.840921673106379,0.0,0.0,0.7320216378539044,2.564408492079181,0.0,0.12494616102424061,0.0,0.0,1.8590691573718345,0.0,1.3340633707821752,3.534361418058751,0.0,0.0,10.341119062407756,0.0,0.0,0.0,6.2856502878179015,0.0,0.0,0.0
"Akt Inhibitor VIII, Isozyme-Selective, Akti-1/2",1.7977330478007474,3.22639533928114,7.712569333326158,0.0,3.208476870466882,0.0,0.0,0.0,0.0,0.0,0.0,0.7937404075954362,0.0,6.220947481687972,0.9666083421632123,1.2803058475965656,4.004932537383368,0.0,0.0,0.0,0.0,8.856823831190155,1.736373074001051,0.0,1.5975947832317274,8.311415322555888,3.8400291754651477,0.0,0.0,4.913971095443259,4.530711284621219,0.0,0.0,0.0,0.0,2.281421428302963,0.0,0.0,0.0,0.0,0.0,14.972607980127705,1.96868907482812,4.442342054627915,2.5414895920347362,0.0,0.29057860217099574,3.0651322070575873,8.124836231060357,0.0,0.9479427769039432,0.9024808880509454,0.0,6.796912290172344,0.0,0.0,3.9524522505035975,0.0,0.0,0.6614536510186468,0.0,3.4867811266201443,5.7184211444147905,0.0,0.0,0.0,0.0,7.196199326734316,4.807924253079676,0.0,0.0,17.127169044067088,0.9978323532720168,0.0,0.7881319398993298,1.9884667892961545,1.8187161962685536,0.0,2.071701623283303,0.0,0.0,0.0,0.1518417515028574,15.645480546038215,0.0,28.054541976315477,2.875025332759293,0.0,0.0,0.0,0.0,0.0,0.0,0.0,3.5932024493642984,11.135820607877974,0.0,0.0,0.0,0.0,0.3720443560599733,0.0,0.0,5.798315418974553,0.0,2.7811449477537167,4.308453817666873,7.800591098792495,5.402446305111425,1.250203878412833,3.005193843228497,0.0,0.0,0.0,4.659101592527648,12.72932750539539,0.0,0.0,12.015865548086111,1.5256459436791374,0.0,0.0,0.0,0.44226036262757873,0.4955786228000534,0.0,0.0,0.0,0.7220102202627032,8.833487155089543,9.872682085306323,0.0,8.109671052787093,0.0,0.0,0.0,0.0,0.23499241363143142,5.420658550179468,0.0,0.0,10.447625544896567,8.133497637722641,3.9845983019901894,9.149722256113904,8.09569969434503,1.790757677626459,0.0,4.371301450989108,7.39050547461467,0.0,0.0,0.0,1.2740529202090158,0.0,2.6150385054616976,0.0,7.782724945364237,0.0,0.0,3.24121579627392,13.369658606526116,7.6440254072835785,0.0,0.0,0.0,0.0,0.0,0.0,6.13725207230388,0.0,5.390674769597396,0.0,1.327121136066495,0.0,0.0,0.0,1.1904193405488854,0.0,4.835634118961508,0.0,9.309002531269385,0.0,3.2310476551349723,0.0,0.0,13.555013605385042,3.240644885114392,2.8093224207518404,0.0,1.8218933862882523,0.38346633298826305,0.8351428352617063,3.2256097981248786,0.0,0.0,0.31197412721053297,0.0,0.0,6.883032642330463,0.0,0.0,9.379925167451773,0.8421296808205057,0.0,0.0,0.0,0.0,0.0,0.0,1.7783082257468834,0.0,0.0,0.0,0.0,0.0,0.0,0.0,0.0,0.0,15.658196998342802,0.0,0.0,1.2381316313054924,0.0,0.0,7.776904130860828,2.9554074508705526,5.338601652234388,0.5449596328304409,3.5849261065665416,0.0,0.0,0.0,0.0,3.232854861800746,9.737749698974412,26.772514427274672,0.0,4.4758728171605355,0.8913550599202722,0.0,0.0,5.320203767936448,3.3427973450079946,10.832030173763314,0.0,0.0,0.0,0.0,0.0,0.0,3.373458649475765,0.0,0.0,0.0,0.0,0.0,0.0,2.3233998333701606,9.638647820858864,6.876693422928753,0.0,0.0,0.5047164431803424,3.5213762451412833,10.198819783968986,10.426710201568852,0.0,1.839132887105734,2.0840471929118394,15.874047537230595,0.0,1.1783161986675168,0.0,7.2530996206528755,0.0,4.543908356719044,0.0,0.0,0.5555132682214889,0.589761021869009,0.0,3.7669654848501466,0.0,0.0,4.371791706957396,0.0,0.0,3.30655908464081,0.0,0.0,1.7428028372408733,6.05044054635394,0.0,0.0,9.196667365227682,0.0,2.74541581773002,0.0
Akt Inhibitor X,0.0,0.0,5.34899346867131,0.0,0.0,0.0,0.0,0.0,0.0,0.0,2.7748996868241846,0.0,9.291893041604197,0.0,6.723725012689869,5.92163230380001,0.6975068884494675,4.807413607644918,0.0,0.0,1.2046419869477063,5.020522198527615,1.7265878195808284,0.0,0.8290181302534165,0.0,4.531350310581587,0.0,0.0,0.0,0.0,0.0,0.7875941439412486,0.0,0.0,0.0,0.0,1.1335140058143338,0.0,0.0,0.6878409113704151,3.1758273285267933,1.284344764762551,10.589830476270578,9.724570676029629,0.0,0.0,9.047162068332085,9.661975738483548,2.0236703660360575,0.0,0.9660480046886164,0.0,0.0,0.0,0.0,3.874126787063716,0.0,0.0,0.0,0.0,21.701537519434197,3.8378811371293438,5.359706620215405,0.0,0.0,0.0,3.037391550586392,5.332354375324513,0.8798242492200217,0.05216196508982307,23.421289334173238,0.9850034947489235,0.0,0.6375598864459562,0.8383911780507844,3.9233351079498675,0.0,0.0,0.0,1.0248044687737945,0.0,0.753483614205507,9.538277082910469,0.0,0.0,8.10198230460415,0.0,0.0,0.0,0.0,0.0,0.0,0.0,2.080269798206132,3.4316153857005105,0.0,0.0,15.341923180168806,0.0,0.0,0.23958345828278027,0.0,4.289754667314412,8.169092027492496,7.372955160955826,0.0,5.6831861848399114,1.0104048921830042,1.2471809483299126,2.216358318260788,1.5962016627850346,0.0,0.0,3.5083144373857067,12.527052131444151,0.0,0.0,11.562937602022487,3.845672945199624,0.0,0.0,0.0,0.0,0.0,0.0,0.0,5.823973184418037,0.7914967839753899,10.629357900794531,1.2090915671739992,3.4026576014403105,0.0,0.0,0.0,0.0,0.0,0.0,0.0,0.0,0.0,10.330317202359481,0.0,0.0,6.268185643452796,6.554034912305227,5.419396407416343,5.684062431135317,5.60592175884571,2.918952789830996,0.0,0.0,0.0,2.8065735735866895,0.0,4.053813512214418,0.0,13.947329035162824,0.0,2.8463850715878607,1.9091282524864823,11.57571893158314,11.769113296106326,0.0,4.723479337332989,0.0,0.0,2.954684631188954,0.0,4.282961216675545,0.0,0.11674860254726127,4.357522039378438,0.0,0.0,0.2842890582492146,0.0,19.16564713079211,0.0,1.0557893225598036,0.0,9.987507891692374,2.029377827168588,0.0,0.0,0.0,8.01292770717481,0.0,0.0,0.0,0.0,10.29337895623857,1.2105225319393753,4.35308785457039,0.0,10.1809885019168,4.15134569552059,0.0,5.655219171643182,2.6348399466345427,2.3000776050291165,0.0,12.277761837415795,1.3580849945875286,0.0,0.0,0.0,0.0,23.43341097189787,0.0,0.0,0.0,0.0,3.5395153735711915,0.0,37.984120194303,0.0,62.17321143968438,1.6206534919202795,0.0,16.98461536072952,0.0,0.0,4.6385845528574094,0.0,0.0,8.852046992500547,0.0,0.0,2.8935435646564542,2.4570601896648867,0.0,0.0,1.2402572988881388,8.68021168158782,5.586492270511513,10.360212619486944,27.624085199759747,0.0,0.0,0.0,0.0,0.3519389097197916,0.0,3.6622167469500226,10.29995341858509,0.0,7.377366678581595,0.0,0.0,4.728195161066196,2.482284115067614,1.4324905769015572,12.049053153948847,0.0,0.616033300364137,0.0,0.0,0.0,0.0,9.149094036850784,0.0,2.818301717023388,0.0,4.800327162354847,3.3410290061003707,7.426425781883694,10.104655551684687,0.0,16.47390956669898,2.3737490900473546,0.0,2.1462336345439894,4.740543897350818,0.0,13.702589157886436,0.0,4.033149240398558,0.0,0.0,0.19569450818987377,0.0,0.0,0.0,0.0,0.0,1.5922513691504179,3.294894701388543,0.0,0.18396314929904634,0.0,0.0,0.0,7.267754171791637,0.0,0.0,11.523622851239082,5.647545949630398,8.946926519660252,0.0
Alsterpaullone,42.345956267250656,45.403351119728725,25.146237559357758,0.0,0.0,5.853139431455574,5.829158991016911,23.833415055541934,20.306362051298606,0.0,0.0,3.81083671013549,88.02609033512769,0.0,4.047635560433406,14.085959944205086,5.00894802540725,0.0,5.829158991016911,0.0,0.5185729996881179,7.300027207030212,60.288812618864625,65.51462640574108,1.8374791424807455,16.28949295826554,16.893436375451756,0.0,60.335694179936375,5.2170581610963325,0.0,0.0,3.9906982750230497,11.627269112183058,1.864195165741961,20.723498282859836,5.479856048122883,10.838053498852986,8.329668810403774,20.52838363393326,45.50453473752961,76.80739757230046,91.63160112108523,80.3751769517315,43.23270885869091,61.32622182622424,42.3531918240252,89.53402020253486,92.0155958512726,83.24373584845151,56.626959627159636,0.13977008706959282,75.80862457064997,77.36163744911214,62.5400719419148,92.10092057099523,0.0,0.0,4.087171690638485,0.0,8.327980313903026,9.99963609266706,13.161705917968817,35.56663350273908,0.0,2.2671623736214315,0.0,13.615203410411794,0.9691759436602752,3.399200303889046,1.1388972293840283,0.0,2.813106614738942,0.0,0.0,8.428852020590568,53.59413779860142,13.849023293661872,12.471040102571749,27.96759542398206,0.6633565207744709,0.0,13.088637342119824,5.159674991087584,7.338217830464259,2.1809910563186463,3.5127528188085506,1.403587095212913,0.0,4.9754685460700045,0.0,0.0,0.0,0.0,12.768000986878263,5.1738623201278955,12.668815754889266,6.501391723528286,0.0,11.933457440431425,24.858691326990083,53.72421449464556,11.37776577367569,3.2736896922740897,9.466909415815351,9.383669565986821,49.69860733893922,1.7932498618099544,80.34892584031518,22.17534160921298,49.02931731788951,2.8459428523820094,46.91561386528606,91.2335440191509,8.215811488888875,11.087304836485004,0.74312025157748,0.0,6.21009439989065,1.0391542386017534,99.02863047288714,97.32311340352383,0.0,28.245264386637373,95.52635496429353,1.5115606332354048,0.0,3.4194692133733895,0.0,6.994692182842698,0.0,0.0,6.608378424178795,0.0,6.942126413516775,0.0,5.4618462894918025,2.9276096899539823,2.164389146809839,0.0,0.2659821576158379,0.38214402170063977,2.8080320808751793,2.773885524260635,12.231230343171134,84.06676980437756,18.818873459471348,5.735934973581067,9.77127178160859,19.628176050243226,3.5233065735025804,62.84527699762698,10.666181197442626,22.592141857922428,3.010403212670127,7.273901947694554,37.46031763326326,47.62536123689131,32.34351127330311,44.553110081852395,7.414560291873656,7.531812429586637,21.9733377057768,0.0,28.2831264229398,79.64882191275346,1.689280282075032,11.166396136595665,5.1535123039901976,89.50802654355911,51.41103607187823,88.19145090020913,23.098624318740463,7.122926566917556,3.7857112337727585,16.688179960967773,0.0,9.357933346357385,7.3365534661076595,47.68658862884952,29.701022549898795,33.612861218550506,21.409608690582587,31.49603907784126,0.0,0.0,4.584358885090552,7.618534346738983,0.0,0.0,2.9041617988191035,10.326997243617427,0.7492155471609863,0.0,4.504815430479752,2.9690169474037162,7.890492383536127,0.0,3.6685295424129976,0.0,0.0,3.495206583007132,63.30250969031623,59.02250401945706,19.557973957096436,6.10279089666642,28.59235082732843,0.0,13.124109825536848,14.864671276985916,8.25010158251024,12.556163304532362,6.325071754521673,90.78148211399909,0.0,7.981046539843675,0.0,37.671554185648276,12.56284524368408,0.0,40.12370937331022,0.0,0.0,20.168149637947565,0.0,3.113898871881318,7.520299894696734,16.730551931174602,4.421353788005661,11.770390775769698,1.765366187103524,0.0,0.0,5.728063125944743,3.1748756261373074,2.4169277248015817,11.779718282404573,25.485302259664905,2.0286599101870024,0.0,1.2389424638134017,25.46730203953831,17.07867342576111,0.0,18.439077034273495,56.56549252137762,9.997649182331415,8.776892622619073,17.97293073369947,0.0,19.81166545784967,10.279462970349329,29.426828061040595,37.986962202942564,61.96471021042031,3.962149399312864,0.0,0.0,43.50299206972976,3.831598536873429,31.387472325576297,7.124770024433005,0.0,0.0,6.935388659609188,25.312673358469155,16.359542654504594,20.054935865506366,0.0,22.481337291876628,46.103618479664725,32.46668960440974,33.146308236790674,11.139621798195577,23.310579546103256,17.560497520053133,0.0,80.57527708031049,7.939015744521015,0.0,0.0,13.931152883981966,36.588883806761274,11.693687695856298,12.57256630899181,12.727225014759043,6.108235763538829,43.46305589619899,3.314351732567758,14.904633536804141,27.34339673307565,0.0,9.20067117378828,1.7803206642750098,0.0,0.34970862141797454,57.65480807803229,8.747665654871511,8.573424651450907,0.0
Alsterpaullone                  2-Cyanoethyl,52.19962911352205,50.189302383028725,24.556809951915156,0.0,0.0,4.484824218632127,21.164274205442695,46.43906476797275,41.22327155359545,0.0,0.0,5.543255295521561,85.88190811371338,0.0,21.288163060860484,20.04313265479317,16.43762500361362,4.46210644732156,21.164274205442695,0.5492265214654708,0.7111694076199626,5.4450351727412,53.20151309069543,58.00133368612931,5.415731156154891,23.430431042813154,22.461160097767305,0.0,69.22853670192953,3.9775804319725125,0.0,8.163535303105945,0.0,30.86301921808824,0.7426572523420845,42.15827833427459,33.96867725614486,1.586012032928167,13.331813996104472,13.162532401638003,75.21679883048557,90.11327182647338,97.06957753695971,86.63981240945542,60.30635865625919,88.24250615233223,74.12876883582118,94.21366038232857,97.39926733058546,93.21400541975521,74.00531874944991,6.262069371420807,76.28193386743087,71.41958511185277,54.85414023671659,87.40510925875542,4.893051203390087,2.628086094294133,8.602820636692101,18.402394257747318,15.239739244755953,10.316306791356197,8.77607462984048,7.070163320933943,0.4454512829021837,0.0,0.0,22.91374790062268,12.511032145530521,3.691416378423014,0.0,3.480563167348606,3.508320043399351,0.0,0.0,10.235938605260259,53.2422764760382,14.136442492523898,23.173433336336714,53.15944974910067,2.4350992548193915,0.0,5.558467170821331,8.258193789472188,6.401744949339388,6.098706483852226,14.811561769326516,11.532224161508765,0.0,4.7149622623538505,0.0,0.9157360415731262,1.5338968020244437,0.0,17.84330700980854,1.4260319408475368,8.240451092192629,4.946485329290027,0.0,17.813732396131513,27.278163531731252,62.063303294850556,8.102471601633653,6.802033018891876,9.727579169406823,10.887161797422294,68.98523532041581,0.33907370920266544,84.92068293558704,33.507781557586355,56.59201030585649,7.320121883126276,47.77023847366267,86.02820917779755,3.6334807371689806,2.928529117113044,0.0,0.0,8.46978996378013,2.2782195502194327,99.19622160712441,97.28563485934934,0.0,36.18628603082732,93.17906744035335,2.1373536709275243,0.0,0.0,0.0,7.815069047383275,0.0,3.717752691037589,10.761418105036455,5.9200029868303545,25.080381836947737,0.0,0.798592844182906,0.10530588626207305,8.063710636913484,6.9928061545042794,0.0,6.929810440285479,2.928996922576019,6.698518998591453,24.511393807661918,92.39060862783883,21.79922604557072,0.06020409371458868,3.6670386959147834,25.92137157062774,26.150209998951112,77.0271161650181,22.304703804508534,16.574536574077896,3.2461855351874505,5.719875481317928,32.63334064773929,34.509816283632006,32.723758323541915,37.456312329374285,2.935387406232522,9.698677458451371,38.4515074493854,16.654318954418642,11.39994805679784,70.14447275476294,2.7791226821488664,4.786265803839171,6.145211542263709,81.77875721706505,70.00792152315744,81.56680667824766,33.33431999483804,12.269365854009195,26.899574656967076,45.93841568495216,5.810102842842227,14.17976424125618,5.365817356047813,69.08340365532388,59.10956540627606,42.30156579324751,34.897195173541704,37.04854971025263,0.0,0.0,0.0,7.2598143005913585,0.0,0.0,0.0,12.60522478923221,0.0,0.0,10.307893202255329,5.4084598136140585,8.184452083987438,0.0,1.7982547255453198,1.0701703951223465,2.0224702585694274,3.889194497514481,47.896510249705315,44.40723985310044,2.9224885296751353,13.64005993421199,39.73117814847751,0.0,3.098958399365557,4.64242261120404,12.59315392775693,16.108707972005462,20.245387633675023,92.27836006618548,0.9423750499714174,6.430973148665373,0.0,29.09139444343876,12.432638153727865,0.0,19.092947565076088,2.639354507197055,23.74008036161119,25.141711582082195,4.561774405917703,0.568683124307654,6.673817489181857,34.71148475490591,12.507288663935498,15.978416243884197,0.0,16.573665531423586,5.829820322808871,0.7209063444201007,11.58663179160581,6.0740650405107175,22.017641129235557,22.11849174370748,0.0,1.002804630257259,0.2786334694335153,21.6337247538017,37.06409861468961,0.0,19.216735663913767,78.46011568720147,32.91145672309587,61.08149834911657,71.409034085756,0.0,29.03800061175312,40.109185005123706,71.37537567132651,75.60033774794871,86.63020313310896,12.140387049554278,0.0,0.7699395106469495,55.805450188513504,12.770961942280238,32.37276104053649,21.372698509009098,0.0,0.0,12.979391912410549,40.80716242050659,8.933695210396209,21.20242031510682,0.0,3.5841543091950996,41.977267925884675,61.85722310663242,26.884220269822407,13.551747332253981,33.985734451665905,16.27025085154827,0.0,89.8824052406908,2.3644691613612707,0.0,0.0,13.611172125971535,38.77263945958881,21.25511248523034,28.341111638850023,32.36238520295029,20.031126792401906,51.85202234075088,5.15633488993933,5.77404383011158,26.911761575106397,0.0,2.486050452627211,0.0,0.0,3.479156355237393,64.17032153181418,11.356879091069402,0.0,0.7052380527752717
"Aloisine A, RP107",20.95113292494935,35.121287568889386,50.12029979573948,0.0,4.702784344167213,4.188043574879146,14.995467267161786,23.80446466878979,16.21463655232894,0.0,0.0,7.448163236164163,80.8994610226516,0.7430490739052686,75.50291453412927,33.05530162016683,55.07216552827278,0.0,14.995467267161786,13.164021917791018,0.692350732240925,70.29204130185009,10.946520591637892,12.779981706059857,38.30505492826623,19.173751401181164,5.9413315026413045,17.323906069848647,34.810498032767995,7.530429959344389,0.0,3.1401369646766284,0.0,2.1843164689317405,3.023634533740676,12.737554920149762,0.0,6.140312155290985,10.289995023995672,8.276026513027091,39.7198550980215,54.8383214515908,77.59047199682163,70.057686289385,23.17509317156211,33.551962139348916,29.011300496355062,67.27454345398007,64.33985638715755,38.44867784178915,15.360149152753962,11.81693703524418,57.22113474690977,54.060230557641745,7.1033373458873825,38.9465525672169,7.06761324802342,6.283133924192072,0.0,6.946284280518398,21.474989837806305,17.70202755893142,4.077467066914181,5.327927680623091,2.1387629444166265,23.565663809846242,0.0,35.65846253954159,0.0,21.842948079334846,0.0,14.742857917085303,0.0,0.30539232618295387,4.002183548474676,8.190341517385264,15.062750377421963,7.110106413797112,26.702931101718264,6.932953476670647,9.057628616270478,0.2916471639305911,0.0,31.211012196701873,18.315819756706787,5.007145907075369,12.51115749622872,3.6110262667596658,0.0,11.000604849638776,2.5734729774178504,21.959174801077396,7.747767362500028,0.0,13.992031645755404,2.265943907280686,0.0,0.0,0.0,16.90147129560296,44.44456276644678,35.52024353787979,18.201124127369695,5.510969111727746,20.027042162711496,8.207227053192199,36.98056412262916,13.70529177063608,54.687371741382016,22.58048447252027,61.588112197446584,12.401112493772985,37.85138802245478,71.80735326879434,23.515354088851566,3.8183320244608865,0.0,0.0,16.50138870183315,17.60531755455409,42.284102779457115,24.619745453416414,34.68608097215841,8.896728983642873,39.106343290763775,2.350403603872863,11.549663365120836,0.0,0.0,12.661730213127953,22.37861673627964,0.0,11.695704911001954,0.38652497705470523,36.63298780075661,0.0,13.435698607598951,0.0,46.23757030153217,22.16392092667158,7.7826645846934355,18.143129573341866,9.753232608315756,0.0,10.232611756859427,34.65912763039759,13.179740019877215,35.695893958284245,66.50550290127676,17.238849945660718,19.987210136484748,12.685713072711536,0.0,7.447389730677969,7.175458088792794,6.87266611702259,8.059792864623205,23.884587981529393,11.793052784145189,15.395456386491958,5.205587924843968,15.28652416292121,22.818726253406496,0.0,17.495752039488508,18.039057818085638,0.0,0.0,4.344102319169167,62.696271014694716,25.652496167409808,67.46552463781873,5.494508918765348,0.0,0.6821369606354892,0.0,0.0,12.464169779144555,1.413130904245719,21.745074451659377,23.38520546497392,16.44538072402139,20.925959545217722,18.03579170153658,0.0,7.8383521054212935,7.4945992539879995,0.0,0.0,17.783326570170487,0.0,0.0,0.0,4.58960132265284,9.698690216797587,4.545366223535268,0.0,0.0,0.0,0.0,0.0,0.0,18.62686496381383,15.472969607590173,2.2520604096596912,0.0,17.09146095348123,5.721769341961547,0.5033393347707715,24.350556062571144,4.934395152007198,8.646301953995504,4.052068697992553,13.267864030512598,0.0,16.2328424334263,0.0,27.207098608226843,10.33484981615976,0.0,16.331998941850685,4.477713791670652,0.0,0.0,0.0,9.473994609386096,4.8621103381293835,0.5975486811308599,22.339059044401154,32.61717703051656,0.0,2.561378269039693,4.6676188122957285,5.506714498016805,11.238813202157047,7.426504047498327,9.650190079711507,17.642367258743462,3.365139240118168,16.071264004055678,9.423184666203468,0.0,0.9875602933267515,0.0,47.42348562406703,41.41105073814888,11.098850939776085,1.4295268396192,2.461972254960102,0.0,73.699203273946,17.392437475816152,9.225606938924017,12.323858603496632,27.276573048074567,11.907429451171836,0.6451897531611763,4.740315123718403,4.070660265230586,22.672028831944417,35.18998380946462,4.566926444536165,0.0,0.0,44.567812084794916,37.99061747993282,8.564337268025213,19.19263362304372,0.0,23.88731846417184,46.473745356520354,19.68124535418289,29.058432107618714,37.32582052914452,17.520940563153857,17.88693291321391,12.73019084600675,44.98228496987966,3.0142880452977465,0.0,0.3716737950107927,26.260326156084716,23.936487219306713,3.2624052295021784,8.385435353800688,35.01756398764594,15.902929097621694,56.64037767117157,0.4431505907328699,17.481199161785298,0.0,0.0,12.08786571823589,5.4328578258384255,0.0,9.743637543088312,53.50614871061788,28.990117207057438,5.626332691766663,5.094611654087544
"Aloisine, RP106",16.623092349628536,29.504801335861004,48.76420582465367,0.0,6.207629765964413,0.0,3.3320698573669745,23.02056286469447,13.057289929880156,0.0,4.961343367881639,5.9315958053883975,75.02655094339589,5.0214078503319115,74.54974934065103,35.50272364863669,44.1687873433882,0.0,3.3320698573669745,17.793135874602243,0.6267594944834229,69.57910212580461,10.949168531895879,9.235809228530371,35.262587154253566,17.136172594297733,7.367639022709994,13.197283589998761,41.16099815759296,9.056284313418843,0.0,2.0592180907571986,0.0,0.034442316768846126,2.3512138996746046,6.7344694457678145,0.0,2.421379872275864,0.0,20.850354107506845,34.55801461426512,52.25003037388815,63.66554379542656,57.877186343963885,16.211012670966696,39.64874310454702,30.337722495824295,58.74719412347794,51.71777197925692,45.224023219871896,20.32143305944038,7.439619753957103,43.107953092984864,44.83478650319096,6.90525794234938,27.17874338616346,7.106660735915597,5.255222967755117,0.0,6.679313437838104,7.452941870251564,10.787060821490286,2.2216577293674646,5.894768141635694,0.0,14.68130518792944,0.0,26.845152722353944,1.7762947095100827,12.982665876266651,0.0,9.357384328958858,0.0,0.0,5.723298291152901,15.728928826481507,4.460816886996241,0.0,5.473670947791788,7.136718919590095,3.8629867688222816,2.3416488722002384,0.0,32.11941084670255,12.12038162082409,8.11132508425466,14.483412130285416,8.375516500316294,0.0,2.0387244953304844,0.0,23.967983737987893,11.160440463716043,0.2023160520880083,10.496990091048502,3.5594268730352923,0.0,0.0,0.0,18.274154769656306,40.23168911138603,33.99087953031463,16.69600779690616,10.492804696683493,13.191058371773181,7.516322442550859,42.862220369613226,0.0,52.17784460470228,18.934491553806026,62.326569563459714,13.500116424677373,38.74014748735286,34.8982067559614,21.5092135491752,4.40391552072532,3.2531892505748203,0.0,11.654596914218445,5.909804463292062,44.24309324500196,29.838165288370746,20.015441269775295,5.632720615549829,33.52558998052038,0.0,0.0,0.13607721774943116,0.0,16.09680951796136,2.742605491758127,0.0,0.0,2.446595937937417,35.688488857654434,0.0,16.848842177282876,0.5605334788454854,32.94386411124239,22.07110765957657,7.222846049130936,25.459027687726177,15.197621430527505,2.7807702249552904,11.235378181324307,36.177756518731506,15.043507992816188,34.69389489124137,25.50812697307424,4.629868082883888,16.98558127796467,14.516948800246027,0.0,9.781892599155327,1.4310510793864069,4.727503124328237,7.084125256320192,16.946853338626397,8.751993884184031,11.716842073223944,11.339425263727776,20.554566200891458,9.117828455173637,0.23022563940754992,15.592818466317524,15.56420763727499,3.9829156268045267,3.1528365472624955,0.0,60.21855120490637,17.297355987227036,60.60023730223915,2.3453674500979815,0.7359761685133464,0.3266542160268102,7.4638767454271004,0.0,10.574935797938878,2.061806648459566,17.797981728279012,12.984387854041827,12.741486151859974,24.21732066817708,4.568065077243276,0.0,13.116676765080285,6.380867209388043,0.0,0.8953418788008776,18.722219611988407,0.0,0.0,0.0,0.0,11.55973791719768,0.0,0.0,0.0,0.901351911004781,0.0,0.0,0.29739971081471595,16.349133749108802,2.504833487820349,0.0,0.0,11.917502933594562,3.1657924220106395,2.4240334190637753,19.420173022203016,9.74980073236324,4.104668105867461,0.0,10.598523715970828,0.0,3.0086355932381252,0.0,9.081517578054104,3.3598089438475256,0.0,7.280419998904421,0.6361308884646917,0.0,7.209307997395086,0.0,0.0,5.589033435504888,27.158622463932787,7.122589082243763,11.525001551647733,0.0,6.056820982248027,0.0,7.268567072740581,0.0,6.076701830490876,10.889100253110541,11.372915035239487,0.0,5.06387190536509,8.471441668175189,0.0,0.0,0.13061439133136332,43.65749842542607,29.04224199116163,2.4386657323385066,0.1428759424038617,2.7519915840348688,0.0,62.53415751468346,10.181958936586767,11.961739049998684,6.984726433691577,21.775015124242216,11.560402696705324,0.0,1.3908439122272398,1.646370953777975,23.808741918435985,31.97147461136555,3.2758172433904775,0.0,0.0,41.294544585898095,34.691924180349815,9.693322822061162,15.39271587854634,0.0,22.166094140559608,52.53378219935081,9.362568888994673,12.971507704149417,9.946751953541963,0.0,18.58492511162629,0.0,25.22454760778001,3.704869872328871,0.0,0.0,26.577675521329496,15.593876064931067,6.320895718676553,12.10165899070617,27.339352953776938,16.086158790768764,61.215150838842874,1.3972023304384322,12.133899751535068,0.0,0.0,4.464670818797288,14.069812600207655,0.0,11.560199107395135,54.268325524013356,16.39631679201119,25.769771217431057,0.0
Aminopurvalanol A,54.492129418970904,78.68390413122779,52.183575356708445,0.0,0.0,0.0,20.35300064747551,0.0,0.5758173710104728,0.0,0.0,17.613487586686688,38.4546484632056,4.417660954464793,19.549606357127942,12.205085177817963,8.097963820844342,6.916612736118637,20.35300064747551,18.1119539411508,2.5476560881990338,14.399040358986753,6.872285803329262,11.751058109420029,66.97490886621256,13.849322302183538,20.296630427453806,0.0,96.25217277355377,4.6877442638573825,0.0,0.0,0.0,16.07328447492816,1.8193382920786405,12.68652590562587,0.0,2.572311378905141,13.163906067700196,66.75032032408029,74.14713969403718,82.96028583667521,95.928163277714,92.02902076600968,68.09139455580511,28.04256002109281,23.49339242255661,96.69009879211255,99.8665891045902,43.577340515744,48.92282772087859,45.29990711515521,34.32484806174119,32.40301096340963,3.805630379324896,3.717885882253057,24.487231017029472,34.26943815133595,17.277492790696016,73.5707272902583,64.81433754189132,86.60080081642447,0.728300439359657,0.0,48.08855890520822,82.34618433254637,14.541618180491554,83.51125534458782,0.0,20.723386383737335,0.0,4.668304107442964,0.0,0.0,0.0,0.2647724052611409,3.696493437698166,42.90243548944703,61.7322927618674,6.784033875843846,0.0,8.379532683810396,6.09772537973754,23.109628565317024,32.462236313519384,13.361118135680087,38.6497825724165,36.01747901128834,0.0,19.803369035541806,7.503986149735212,40.80613989249257,26.381041323253,4.665374090639034,41.608099798858426,7.091823489745778,0.0,0.0,4.590187765399776,40.47180914311858,45.09816326810302,30.806999634673446,23.343589943587503,2.7305741517499484,20.60272085110155,6.614438331691076,84.98488737122621,2.4582918691832845,91.64872145595072,19.30195202950027,28.910384530566816,29.70894397951328,81.08027648122342,9.293120450174271,17.014293326572727,2.9102898075735766,0.0,0.0,27.86426444071293,20.681274699795154,0.0,0.0,0.12171972774331152,72.68829676223619,13.946457455035215,0.8385884305939442,5.726389512922395,0.5824263321364356,3.5909956412471615,27.006165756017054,2.7360943890383425,0.0,11.563186897596722,14.968373543355042,2.9174321117291413,13.243066243356111,29.238826839038794,19.756945824615656,0.0,0.04751771689649331,0.0,6.581312730399844,0.17128013533954345,5.426574455624404,0.0,17.5217406784694,29.825604586760164,0.0,39.74978392600785,44.3973201541038,0.0,76.93196613332228,14.322998071310735,7.2277916837443,1.5937211946731509,4.189317253098892,12.527259237230425,25.879037190976163,14.801967709411088,28.843992515867512,8.667967768832654,12.502145043187895,16.928640058070613,0.0,48.500080827162165,5.512175225730772,7.4578712787266,18.696943261623204,0.5091901795023261,92.19415868306788,4.916994009390422,82.2901568708782,0.8612804145556368,0.0,0.5963909225365853,1.5508188818079418,0.0,10.697033847450712,62.30549772514796,36.357648012595405,29.99089650319516,24.084753686229902,32.17593656168643,53.96322640424253,0.0,18.513438184178227,15.774948774627774,5.594392167177972,0.0,19.820173821256986,0.0,10.99286690037593,30.578876295902916,0.0,6.088312116616592,0.0,1.0839191562237573,3.7100037152609104,0.0,0.0,4.457431212889247,1.8276553594830887,18.242782598579836,4.531330353172109,0.0,0.0,55.65537068780157,42.744329471500095,0.0,24.366020998309125,10.57901529233925,1.9337763810663944,0.0,18.89876368775458,0.0,2.0047172273198015,0.0,6.987523193367323,0.0,0.0,33.851391646927524,1.1861879709660457,2.659543378845626,12.392502123068198,0.0,0.5508575183948068,0.0,10.448163426780098,5.789353054136285,10.795668252170884,0.0,0.0,0.0,0.0,0.0,11.230427204330056,6.674376873127187,2.0385770295409884,45.050205605420444,7.9852600864403485,37.16075679619177,0.0,36.43216312339307,0.0,38.397431149564135,12.277871646227368,6.8770110205859964,9.993863509257906,0.0,0.0,3.4503676107674437,62.79382098187919,45.9367386182694,51.32826770762864,53.876468981528134,6.908069450341287,0.0,0.09474601702598306,0.0,60.22707335462422,18.565353082901765,3.171895980698622,37.85878622363139,69.01572331438115,26.02259002071264,8.745177926804558,18.190294700191814,43.78323767806758,0.0,16.336989676367494,18.895217328105403,48.73417974262716,20.086909098009414,17.849335572968357,13.147000689116254,13.384712447230669,0.0,6.507537399788632,7.546827074284039,0.0,54.64763285126785,96.96151053606046,95.57675900056755,0.0,15.480643027490828,57.45955626599765,0.0,42.07908981763825,0.0,58.47962607185612,25.111079365715938,0.0,14.161571756867545,29.245644317182908,0.0,23.09810513745751,92.96870397025218,7.743401663139636,0.0,3.281797138238346
"AMPK Inhibitor,                  Compound C",92.1297793907932,86.40762079339812,17.827496092846346,0.0,12.367485786944115,0.0,15.516522839924846,78.42209816933426,84.62223028415247,0.0,0.0,44.37017005437026,73.44726958424891,1.5921994382296134,25.17236057994964,45.02562406787116,29.57842562412884,8.913406853585087,15.516522839924846,4.594365048146074,6.7181308261918105,62.75374819326973,25.536242431549624,32.08871853911947,57.171308911394334,78.60413633033787,17.807858562536282,8.93407674573507,94.18098280114623,9.191534086196611,0.0,4.6139246066975375,0.14643053084654412,30.91197291834142,32.83085133328484,45.54613183659525,25.156771333776618,8.002171072559719,40.758849752546624,69.55107522591013,7.783094888133661,20.68870832728095,12.27229952257926,22.509192063643013,10.091186260443436,64.74644802564806,39.33960725886212,31.767964368582483,32.30470737935296,78.8437263369226,85.17751307940478,16.30126577817873,63.32315974889432,35.03355580191699,13.595682838329651,7.3129838161912915,44.87585375292781,77.35644459230863,48.36630297150478,11.272756537190048,25.577504773393656,13.736042131535186,12.535541512289797,65.3670137052406,79.96718730481356,78.65959205902826,7.817814404405823,94.27025580040821,0.0,40.891766286485534,0.0,10.37860799895752,9.801470819243477,5.947263677642283,9.764594420480393,0.7180657951780205,51.226394363544486,79.32889509905382,73.8381819409839,52.95387844418644,23.197608223097276,7.020371945203522,0.0,68.62977359550054,63.79756440116025,44.30360203956613,62.28680871045758,33.59836314555088,0.0,20.186327974167057,20.1693304163921,82.96681865773012,66.41415115662937,3.023568080003031,62.31754158587495,5.398312241102957,4.558731762553634,0.0,0.7375783801603433,0.0,6.746242469155675,23.210500700282353,40.12236114078451,19.60833138031927,29.07668417034668,10.95162463643075,72.4889414571251,40.46712250632626,99.8363457765581,83.71852913667794,80.24839940141302,33.54432080628652,79.127571344458,89.2143542693978,18.230225531159533,6.7016195327210255,2.058034695761563,0.0,9.841917655927048,7.224774219879961,19.26275626007923,20.386372180775822,35.95316092735635,37.36700647568318,71.01509516754825,2.940747929377892,29.17017552307479,10.5863877807204,0.0,6.015712201730793,0.0,0.0,28.082952335556953,5.1159060639541,84.71127835995829,0.0,9.86785686289717,60.1376596405119,0.0,0.0,2.2553087120220425,8.490930607385508,12.158494563762147,0.0,77.77372507642497,92.76445785079312,48.202619140992965,33.62467121608955,14.692295422335889,58.241340065678656,0.0,87.14725930150537,32.343911665714714,13.367005805407246,5.825488690310493,8.739319394162806,41.27404442005124,46.943277566686646,41.575750049511434,51.65597114854569,1.2325310820252042,18.1404032393703,7.8553667799369435,0.0,93.36810732036803,40.582684300941324,12.197573901613765,8.382383312334994,90.71383968354745,29.47106200029492,4.164146915952372,42.49808255376543,59.55877197610351,34.59980392783871,0.0,4.306919164503029,17.01941436037376,10.780726552487849,5.159602126150119,13.18558767152794,6.12405915386023,4.538018793626392,12.708830730422704,52.69213890345628,0.0,11.051482500907156,3.320919846578761,0.0,0.0,17.44960061306537,0.0,12.746443715131619,3.630074067815201,0.0,41.90763611936889,0.6349394490663656,7.756195078249007,3.0762573580547894,3.1292564443698723,0.0,17.778840857564944,5.1408286858276,10.159969821316196,0.0,0.0,0.0,6.782164697693915,5.839188467570111,13.715789063539347,20.26175390229588,96.3012128589072,79.62417044780648,0.0,86.3443859303004,68.80613615956631,3.2761613900371884,0.0,16.21177923740305,18.7887676489285,0.0,9.60930609526801,0.0,0.0,6.067187350886911,0.0,5.02270632370994,10.369063088226937,1.9135206987615732,18.093945371688136,26.830897240177947,0.0,0.0,11.669923775595663,42.402571998512016,26.026716243469195,22.570497898854455,55.35249251135399,30.826691195891783,0.0,2.8849530735055,6.036146373612212,41.77049520541307,0.0,0.0,67.82936975267586,84.07211745063897,1.7258097761776412,7.8387082504587795,0.0,0.0,6.447994585535781,20.784098670794748,14.64954950609814,19.006044599937084,25.72488641394557,44.77770975480467,16.035472486800543,6.097732915953827,53.625334891366926,25.141469175866604,17.993722518425386,2.0037352681249843,2.1245667741829664,0.0,59.11074754164903,18.88763856877,8.871182127516306,62.5943125426506,0.0,23.172656684139554,12.549078818860238,50.25613428903818,15.166032341960985,9.665373255422537,0.0,42.79263778737106,0.0,81.27731976698264,0.6570254819723687,0.0,0.0,73.94441218485163,92.2955722500369,0.9863098623118702,17.171426111850337,45.61468891249511,4.571540013579465,30.245366654807782,8.372765807519897,55.70903074876,27.71374339481615,0.0,13.957611583104125,24.563037363298463,0.0,21.928791905322797,84.06204604198732,88.33863087353419,5.530816075622752,8.373769870800942
Aurora Kinase Inhibitor III,5.107186693604177,16.248320453431262,33.52403093757462,0.0,0.0,0.0,0.23688249263190642,15.394090766139811,0.0,0.0,0.0,9.80027272860977,32.79060766724311,0.0,33.02853450333083,27.22222812600465,19.157123463053637,0.0,0.23688249263190642,16.424878788086232,0.0,27.68649760079103,2.931777590620186,10.666141916425772,16.293992466532018,13.94741943665612,9.879828968790918,12.273185502100219,35.516019139894624,4.518847264349802,0.0,0.0,1.2395381758419575,1.9954106359540447,0.0,6.464335150632209,0.0,2.1395574695991826,2.059359325101184,0.4946965369232714,4.111936735923194,10.673922880744726,1.7561268491841844,14.93982642081022,1.8660568570606841,0.0,0.0,0.9711976813975411,0.0,6.609147261996469,1.4956210525376434,7.363446352589875,0.0,13.211628845232951,3.3866191826444947,0.0,4.186567432604008,0.0,0.0,0.0,0.0,6.485441853821726,5.915862813555407,4.574327388933085,0.0,12.449040310545882,0.0,15.728041874028719,0.0,2.62542271947126,0.0,16.471021190666846,0.0,2.559051526173775,18.34905392860496,0.0,2.4332251144025747,0.0,3.6664110110685897,0.0,0.0,0.0,12.390479335739059,18.228951784443353,12.72698179230062,0.0,18.987785627115514,3.7572395293241243,0.0,0.0,3.742414492362059,14.359745131159215,2.1528563390753845,0.0,8.720453983716027,6.2170001110517035,0.0,1.8323022598770962,11.016576564489654,10.865505046669142,7.01827009311296,5.685906685211762,0.3833567094973773,0.0,5.00096958447233,0.0,19.06064207836772,2.96269733058611,26.878197650256936,4.0829050275534655,36.89579954821196,7.767119032787875,45.91755849289686,0.0,15.305062551688309,6.942089488937484,3.134357079280278,0.0,6.238862299129167,0.0,4.982110427319597,0.0,0.0,0.0,7.601945484881497,1.2956496870883,0.0,0.0,0.0,4.322480578404296,4.308063633833996,2.056221684106305,2.4698395412049194,10.20096043052041,3.5540312857166043,0.0,10.077414057535549,0.0,25.96408798526089,52.26698631161398,0.0,14.250103766920034,1.2774678701662197,0.9858061068363781,8.398686907032186,5.114983990998098,6.617349381192994,54.871562703682066,17.21288064020942,9.924568648743943,6.3406920996926885,8.085005124505614,0.06799394444752238,0.0,7.043850472339869,8.065856273508103,0.0,2.958584427681245,0.0,0.0,2.0410524240041354,10.77086623975724,8.44668688475494,2.0792455791876137,0.0,0.0,1.7359633086589952,9.960687803991902,6.352200064331242,4.796434500267509,3.5995257339344846,10.488647057573672,9.000191623955487,8.749527831061386,0.0,3.4276822072509674,0.0,0.0,0.0,16.899608574485583,3.9622027967964186,1.6687588006002443,15.592878501363941,0.0,0.0,17.151416199750116,0.0,4.690331426751641,4.196548300834166,16.620935389064982,0.0,0.0,0.0,0.0,0.0,21.060102745840553,8.465729294620957,0.0,0.3851169875218261,0.25564020787523134,1.9755177962252617,4.045287798155698,10.544379680811204,0.0,1.068850162235691,12.63810923747883,10.820538974416976,0.0,0.0,0.0,10.697285874840617,0.0,0.0,1.6504423796338727,0.0,0.0,0.0,0.0,8.33041563135771,0.0,28.139250766430706,5.252177577778738,2.0086322873012534,12.060499370031948,0.0,1.3815796337733843,9.102841520301325,8.676266510746018,5.8981481536623335,8.149500593430105,0.0,1.1846259956658116,0.0,0.6554052390237075,2.4144887533199437,3.777017330300609,6.696619744259976,10.546995840673745,8.297331854960305,0.5013358868388309,9.848759044083494,5.371105135650197,9.139345894080066,1.2565774648121248,11.393808912059441,18.359753039700706,6.23819666104815,0.0,0.0,7.362329896936757,34.4766679874125,7.22734435068341,0.0004106019370340164,0.0,10.471866213731957,0.0,0.0,0.0,0.0,7.107923755217328,5.673521363122546,4.5271838117727725,0.0,0.0,13.019148196884188,0.0,1.8812863171315826,18.484750575992194,0.0,5.936803269606429,0.0,12.616736501535684,2.0934657390861844,7.581841719495628,0.0,9.042339801510678,0.0,8.422508293872767,0.0,0.0,1.8851642399758646,28.36169743769011,22.719271268422375,2.881507569507619,7.884164603757782,9.811539861029559,0.0,57.4868733627463,6.247550147495019,0.0,0.0,0.0,11.77617073943604,4.44025493933583,0.0,0.0,21.085297802459763,0.0,0.0,5.719800106068504
Aurora Kinase/Cdk Inhibitor,49.88063105763345,46.08868408699848,31.97175387467965,0.0,0.0,4.958914144388359,9.85341129317547,11.489664783115416,0.0,0.0,0.0,6.925517251856405,96.71058620348843,0.0,86.99332256930292,88.29868572508337,71.65948117010666,5.795804268966407,9.85341129317547,6.311490507698437,45.030005327200726,16.112074633553135,50.81291779522037,51.0449597619095,12.946679634065347,18.281963436528997,29.849819841731488,24.73044424795495,23.685923264134473,9.570326279001307,0.0,2.327200513662092,0.0,0.0,0.2710869264073352,5.352016056564182,0.0,3.190605761744493,13.564966183839545,38.4743336434108,89.66076916121398,94.34598201007307,97.79218361745895,92.85173546847705,67.56245539884694,80.00222121435431,65.34074617429074,97.45991252092742,99.78839527075348,82.92004621735168,63.749547290488806,18.890603607517136,72.58507883158356,72.4124043178567,23.68574403158229,36.377703276542896,4.897625839383977,5.462865528814888,3.1090547661075902,28.707056680394388,49.12388571535875,37.3924885178342,0.0,2.4699520403817417,14.865278276235387,28.45648992291899,34.238286560028996,58.43352093017441,5.564792858961937,11.10105731676947,0.0,6.2059412608549565,0.0,14.725328483019013,0.0,6.753539987538105,16.06383261251416,0.0,12.42455735084124,0.0,0.0,0.0,3.0374275753473228,26.272941035264694,19.06750931295055,0.0,8.714892307163183,7.768962212241462,0.0,31.303898527474672,0.0,15.881033283211167,3.9147921422290892,1.4935898247777288,19.02637702345531,8.89128133332025,0.0,0.0,1.5581871445054958,4.496869074744538,18.028963675662567,15.82251113384146,61.7884558948215,20.349291273597814,53.59655030120243,9.671257333707615,36.497284923663884,9.334005449749725,55.719018188746254,61.951395742347415,50.83414963365239,9.11479810402048,21.40247794112389,41.62387980771392,2.7427751305499726,12.76104185074675,5.347887863917293,14.127707040681912,22.841976067839568,34.08178617120812,90.40977812330789,78.04126383462766,0.0,13.755272494300158,16.18556039800974,0.0,27.16586577029382,8.78799563337914,32.31069306113561,13.10988327072701,1.0381275088603275,0.0,4.105998881190544,5.114854771655928,10.243847270999723,0.0,6.236004418164271,0.0,94.80796066083334,80.77525752480942,91.49559908008679,14.10225345148504,6.286846798397278,0.0,35.36219677238081,54.74824967280439,12.125186913691351,83.42024968369074,14.20793986453161,83.04114739516643,51.704398696011744,19.511983704797785,0.0,4.167888887494428,1.9844661080326773,19.744626025156094,35.91329418516841,36.50530679197105,32.43696408215369,51.98474679120252,6.095089672090182,14.41184112666707,88.65531248831147,72.47429028414278,12.76932082442741,1.9403328229848,9.472987058801607,20.02070811155312,3.885156340025844,74.4443449248977,22.188663274075452,52.80726992634206,9.100954779473199,4.118841596598315,2.5399646395653974,4.022163348865348,2.76053062399464,9.835242250087305,13.810695701872632,80.08910829941098,65.66009757619048,23.092241970105704,35.82929890542596,16.85847891223945,0.0,23.665310047368507,4.220792995724196,5.197270744736315,7.4123978075063945,20.758391830991897,0.0,1.0419986251834672,17.77691319827943,0.0,14.020887914164405,11.19614840804718,2.168838951294134,6.03724662823879,5.158081807918535,10.06779732821471,7.897970452293919,0.0,10.5004523052977,1.04676218329125,2.293101832790157,10.021700982711721,14.56469192368803,0.0,8.898583024059604,7.896495740438894,17.972627579349194,10.856068331840646,7.6957898537048095,0.0,0.0,2.377774262068982,0.0,0.0,1.158428735965316,0.0,44.30449437727366,11.798936157942762,9.500132838575553,18.773625966315976,2.773290838514214,0.0,18.665969235560965,12.413628746516366,33.54583544072888,44.39863002962194,0.0,0.10148115714568462,13.969442823538273,13.933310346982779,0.0,7.779598776263356,10.273965585383792,14.361212836147615,2.482124985285978,5.801628029561385,8.695888697364353,11.001890747406065,20.3488309351919,4.31343535448525,45.90903339879853,22.243935630944108,13.772287534230912,57.35962672473053,81.4237093546441,0.0,60.545965717334965,57.875982800393494,61.43750115221583,57.77930822415945,75.33216899095966,7.033922658023712,0.0,0.0,15.933176903832276,80.9025865548677,65.96135460306024,3.5209119675244267,13.602924393504395,45.1008062116274,51.46906636168271,14.523286656145302,17.68901995431179,25.612912598952192,0.0,10.515698006294684,38.370374742899386,22.59414166419286,81.17306789913432,91.07503339450366,60.08069751592315,19.96770025884794,0.0,1.4567309923802156,15.801496815725244,0.0,1.204272162725033,57.245598657008394,62.44238980369852,0.0,22.548531608060813,4.249563185325883,14.15081965402024,99.12242487804542,1.3759183121322849,37.48228209192298,0.0,0.0,9.616346254705476,16.413301676911118,0.0,1.7467135545870178,49.38451281700636,0.0,5.194218160377488,0.6466983043135315
BAY 11-7082,1.293880838427043,0.0,5.128666651219376,0.0,5.142984908482816,6.309244848574764,0.0,0.0,0.0,0.0,0.0,4.169865921760973,0.0,0.0,0.0,7.688228287426199,2.9184653866625894,0.0,0.0,0.0,0.8938498199642169,6.857662220864512,2.8019166691237984,0.6274455634260079,5.551449891081916,0.0,3.5614088223564693,5.29424675990208,0.0,1.1574437248693528,0.0,0.0,0.10406645920224378,0.0,0.0,0.0,0.0,3.646906799000732,0.0,0.0,3.347601419783004,7.695261919705487,2.0054022534704927,10.766074148030441,0.3381315731048886,0.0,0.0,13.239755408086467,3.033417962906384,8.609920014343302,0.0,1.7547911007990251,0.0,1.8119146141313536,2.4699044560959607,0.0,4.361073559880481,0.0,0.0,0.0,1.4164964661852935,11.72229562252329,5.742306302160856,2.0837359624204197,0.0,0.0,0.0,10.261848197074357,3.782818932238257,2.7803637816118396,0.0,0.0,0.0,3.900987103110751,3.614633036979342,11.04013697393215,2.165476917321996,0.0,0.0,0.0,0.0,4.930886772175228,2.51363091696507,6.8163503891064465,0.0,5.007426391856171,13.861086161097731,0.0,0.0,0.21908132063894925,3.1867824053438056,0.0,0.0,0.0,0.0,5.847861847486854,0.3282804102086061,1.793343253769521,0.0,0.0,0.0,0.0,0.0,0.0,4.785687641450323,5.68408483215336,0.0,7.195073266644968,0.0,3.5103779782600952,6.356858340428204,8.439500164008876,4.574174233113695,0.0,0.0,0.8930591804578967,3.236056797491102,0.0,0.0,7.393756263903811,0.0,0.0,0.0,0.0,0.0,0.0,16.141447699649234,0.0,0.0,6.4750872353484965,12.732597094296949,0.0,0.0,0.0,0.0,0.0,1.9685872480029047,0.0,1.8460284740162365,0.5311002921695547,0.0,25.25155257684088,0.0,0.0,5.290952327525105,2.188243983125915,6.2874347220142965,2.8870644447469545,8.897248676977199,9.351235676518655,0.0,0.0,0.0,6.304550097667146,2.16657872691718,11.110582825965835,0.0,16.03544244743253,0.0,0.9522161388217683,6.145868480386952,9.030396897728053,8.246423370572003,1.8738980973543988,7.988684586726208,0.0,1.624084078235171,6.082383352812656,0.0,3.144679442467833,0.0,1.7785260522885835,0.611085673157163,0.0,3.6270784372655527,3.6428521026627294,0.0,17.16346942288662,0.0,5.329398947308022,6.350540566255546,10.702056207398627,9.34464922007976,0.0,0.0,7.70504247265373,4.160098859411704,0.0,0.0,5.681219966954529,0.0,6.581846810534614,4.4452967415452065,0.0,0.8420890257850715,0.0,2.6116045239663777,0.0,7.804192354502547,9.475685812600432,0.0,0.0,10.489986366209138,0.0,0.0,8.056209578746774,0.0,0.0,0.7471139319029589,16.7990785554409,5.801785853211101,0.0,0.0,4.207372122757391,0.0,0.0,0.0,6.38339602928005,0.0,0.0,29.372303098458133,0.0,0.0,4.425343165207693,0.0,0.0,7.120693744213355,9.650731787925935,6.238119607257843,3.9062333471467383,0.0,0.0,1.910674959003586,3.2637152538259073,4.226840887974731,0.0,7.925137809736356,18.468325684167297,0.0,0.0,2.8728909428577083,0.0,7.203910583396365,0.0,0.0,6.232795429775294,2.1944633142576464,6.81084630228986,0.9247830011193372,0.0,5.896374320250544,8.371214870600312,4.1024294505985495,0.0,4.614286538038712,1.341190694786718,0.0,0.0,0.0,0.0,11.647890285943333,1.2235857166534032,0.33867207237597086,0.0,11.706625226614534,2.5879708183117884,10.389733128011187,12.90027729117216,0.0,16.342239078054774,0.0,0.10636979198463337,3.45191325344436,10.26196015072206,0.0,16.086368147863496,0.0,2.0711673824239654,0.0,0.0,9.864548117465347,1.50959603717736,4.451999052692216,0.0,0.0,0.0,0.0,17.23247936545394,0.22109824183326054,0.0,0.0,0.0,0.0,3.5882384178132725,0.0,0.0,5.787960383640581,5.2517718022034785,2.47568375495473,2.641282659766219
Bcr-abl Inhibitor,11.080181835815779,0.0,1.5244675261454006,0.0,0.0,6.469468099560288,0.0,0.8050937374999023,0.5504334434954217,0.0,0.0,9.843291588443094,3.25338591681556,9.734582918485188,0.0,3.1234579871245103,0.0,0.0,0.0,0.0,0.5533761729016646,5.531264004991215,1.5830172407623877,7.0470818793370995,0.932198347683709,0.0,1.8865147323810731,0.0,3.014491270413373,2.493803729203023,0.0,0.0,1.9045340285725842,0.0,0.0,9.150649916517978,0.0,9.536186048562087,0.0,0.8937390864863346,0.0,7.528644292574981,3.541496675330194,13.361643085851512,1.222609058127631,0.17546622178268478,1.5584105917126294,19.948345393157155,4.024160398102396,0.8594576301996852,3.765981828203195,0.0,0.0,17.820837986701434,5.7880379929010815,0.0,0.0,0.8572189286624052,0.0,2.190528116459589,10.51046299236215,6.648265080517575,5.427882509475893,7.349941890294872,0.0,6.910850363693754,0.0,2.214828894350404,3.1697836020971835,0.0,0.0,18.927553628929516,0.893437831962359,0.0,0.0,3.897131613130796,1.3453484332309529,0.0,2.112492925905144,21.258488320620643,0.10930853801201579,3.7097236711769312,3.4329103997254293,9.901669762432306,5.1428503783776875,2.4896611211527784,5.608885443766553,0.0,0.0,0.8626084332042865,5.5462804994866985,0.0,0.0,1.964464284743002,9.432658954533935,10.52888846504797,14.679776157803872,5.493289932418833,3.4189747808458293,0.0,0.0,3.677180767433896,3.1389250950428647,4.136236708763477,6.818588587169415,7.1001554841888606,3.210204074445386,1.5704589328488368,1.1009357589614694,1.5258908619619262,5.9395126562024245,4.544353680675698,0.0,0.0,3.86743930338352,19.534585898140634,5.2123833549413945,0.0,0.0,2.9208629000559085,6.127199265021829,0.0,0.0,7.149005087376821,0.0,0.0,0.0,0.0,0.0,8.963934528083811,5.035631056587221,1.4489834430558233,0.0,0.0,0.0,0.0,9.340253323362091,4.703070136653025,1.0740985369431542,0.0,0.0,9.74606024510436,0.0,0.0,0.24272006429791304,2.221628247810685,6.677628547181314,0.0,2.8271156174846226,0.0,0.0,0.20020867423541233,0.0,2.677576542960736,1.9611712209363077,5.686072583965739,5.258912200583637,9.219117785251044,0.0,1.9217145965682931,4.49830075240547,7.527203875685956,20.528971551912278,0.0,5.464429902464374,0.0,0.0,8.147943978557365,2.899448814679431,4.281115668481135,4.645135953730886,0.6457301900242101,4.134019975450386,4.602111150814082,0.720510786522027,6.793218456402357,0.0,14.173702370717749,5.680450719225561,11.343020706439603,6.41712102919513,10.49553247924004,5.322551619755316,4.06266183245998,0.0,10.409037707101533,1.6909458493937422,4.397781665469736,0.0,2.0015081125540064,2.608611935635423,3.6743024369360455,6.191908376705015,0.0,6.616945063059234,2.1278281908110444,7.9793181578189945,0.0,1.864415104292874,0.0,0.0,0.0,6.72035756363033,0.0,0.0,5.437892082405426,11.928408759799055,0.0,0.0,27.80849773815123,8.229103991608639,5.198763128132754,1.682108094028706,0.8287318135487425,0.0,0.0,0.0,11.443529580322235,5.806501589170921,0.0,22.63141787354607,2.55368602671453,0.0,16.926771723392605,0.0,1.6243943367899192,16.413165583827123,0.4324553020498172,0.5162253171239968,6.796991883480558,0.0,0.0,0.0,1.6454946747607266,7.11305843316444,3.5896700660939587,1.1109314866993714,10.246096074696908,2.2732811711126146,1.965581665819684,3.136841528993344,0.0,5.388379233286145,0.0,0.0,10.714514067226006,4.183578844833065,3.2309781007245704,1.5416156231549962,0.0,0.0,7.26260643012975,0.0,3.7543994707824595,5.800175152676019,0.0,0.0,0.0,0.0,1.8305244722482712,12.179598264698186,6.5813591280287085,1.964514778453946,0.0,18.171043755604842,4.644151065097361,5.542004746434827,7.899984876404943,0.0,14.511825248326332,0.14359801373932157,0.8868638694382014,7.0931803194401795,8.974984755249594,0.0,7.608659217843382,0.0,5.122855229614629,5.818336505282616,0.0,3.4410381964979138,3.9904565213977037,7.275693956415239,2.969709809146849,8.618894635963443,0.0,0.0,17.302866088152513,0.0,2.4612306903279375,0.0,0.0,2.1046252011362867,1.0730931005913646,0.0,0.0,12.554070390345075,0.0,2.881696278073548,0.20918655578525147
Bisindolylmaleimide I,0.0,3.7496118604529727,5.3160804573468,6.473137995499997,11.2758566936171,68.53150551081764,13.043775067647672,0.0,3.6694104226839954,0.0,0.0,0.0,74.07587384869521,9.76044727121183,0.0,13.399160993463255,15.261670196272888,0.0,13.043775067647672,0.0,0.0,4.728510638416225,23.090161359155047,44.390576210103454,6.22284626459782,30.478438142033156,7.850132362268738,0.0,7.41408267729031,17.32432644672096,0.0,32.039444585703635,2.6490018566148024,64.78637949034638,25.53155713309681,61.320099151412535,26.738150998844247,10.462497249884791,9.205058409855866,40.219974667996894,0.0,7.989321138431237,14.800186701251846,19.589969569397425,6.7786747644636876,39.319869819555656,33.03212943579953,19.849244532013984,10.005506293007329,41.73868057809679,26.687335490921498,7.867502245040157,39.701668612877874,34.72081215376423,60.90648206147093,31.518368049310553,3.537732682600904,2.441831889542513,3.699693690127333,0.876594788221297,9.66579441099185,3.1339293962447528,0.4742834659014932,7.9876961334285,39.70841067536281,71.97666848173179,5.666329373819281,55.17275643862383,6.072396987326243,3.0452604426978382,0.0,12.093802561749015,0.0,4.969075016577278,0.0,5.331926992412775,13.073006144513158,45.307331736518876,23.9786872084224,0.0,2.0867625779416414,4.974333537443556,5.952784777459669,10.064913600794895,18.155547766742473,6.991482394159419,11.836958868094257,8.04202867146887,0.0,2.9913511045132566,0.0,12.557604595661104,0.0,4.753127776799346,13.175128313876868,3.4817752318498947,12.321463509278743,0.0,0.0,13.929241847418083,30.211862725657838,9.141875310871683,25.91718391216085,4.641770601984035,12.10142280189109,11.008501762470857,9.097583257988973,21.922842928614457,94.3992939229125,69.42713094201847,23.257019623400183,7.68390237853167,11.738658402465546,5.83338357721594,3.5242416566680674,1.045676856453568,15.502956005422249,28.386069390592382,27.9692617810187,39.59499280383167,88.82775771863712,92.98992422067072,6.433668949551517,7.679587104125204,44.0662607715208,3.4474567011963586,22.45540103057877,0.0,0.0,8.344641213176217,0.0,0.0,10.565671646593358,11.143375117867095,8.885439089903144,0.0,8.743452855821616,0.0,11.326848855009843,6.058705178276895,18.5386830270906,9.778205338394145,1.290709689441428,0.6960102681143212,34.54367028940791,31.518641861518148,8.167296317564677,5.277064908640071,7.180345927544906,80.62122885922386,10.153567495605728,15.850784138561536,0.0,14.568412554576128,4.656852331327229,6.25727425688936,15.867577663603072,28.285621440029928,28.038794953825374,33.130699913108856,16.36792417535071,1.1362830856141386,17.21644495640797,3.0191353990705068,58.008196133891985,7.8980138446694355,2.6143174977507044,76.77361599622745,26.115904131487724,54.00682034201131,18.22780331460629,38.97476361349236,18.777725779990476,14.654520053202504,2.8616804557985347,9.225907297069298,83.0092486637227,65.0831404310942,13.123864809825164,74.94611711394529,55.76551184134896,47.10111311409288,62.79926642413534,28.063131793472536,0.0,7.492415070978012,0.0,3.756969936076487,0.0,5.732271824417467,3.6797989970146006,12.862830545922492,0.01144075137548839,0.0,6.033308869250675,2.6197577657912348,9.281153287271849,3.937542557032515,3.1721392545504585,4.127637550127844,88.43564641699456,41.02971477652761,15.844054359510238,3.8239256149632865,7.934632212578833,6.376843040924143,7.2400417517044104,0.0,32.98799396611605,18.723979563293767,30.80355811477739,21.8557017702025,16.690824558551526,68.06860508937541,2.1304452915240404,94.6967466887393,35.90849273711085,98.10104269149636,28.03067650260131,0.0,93.73451867627574,96.76009782019288,87.41043677112509,95.26931815271999,99.50657468901659,92.33025834266496,82.40278383916682,44.05405069193452,28.372831777649765,45.399746917804094,82.71695524271368,42.76318412188121,21.157371687584615,61.669626520214706,40.65816255128563,61.330798964469494,0.0,27.899740094117703,0.0,2.704806317002081,5.0589732559830765,14.69640101978328,1.4752758936078862,0.0,6.61879520617147,12.28012490304343,5.013257790298297,7.737650918182112,0.0,0.0,37.24953406676285,95.3347751122877,97.5287974063809,98.59554073561094,96.03066304661762,51.437668962102585,25.591534366037394,27.239688111812697,5.289942922136447,54.16684234232176,34.015624065403316,0.0,12.979213604315703,5.638169484275835,19.193441921997618,10.154585699564265,30.283767354461077,37.10341185722957,0.0,8.106793649035112,10.025548865873787,6.364685907943738,19.232691338478162,24.28420029172591,32.35432806082508,16.17406814479267,0.0,9.612367383564376,0.2639455327211522,0.0,0.0,44.180711511153774,79.76069799899307,2.7347153118291203,1.7602797659764633,0.0,0.5150718630720235,20.699628161439534,2.774304504506489,15.270509489308893,0.0,0.0,4.5226666141843594,0.0,0.0,1.6154159494119256,15.4021989678009,6.943501683184749,6.988682461041265,15.459647332476322
Bisindolylmaleimide IV,10.879616417130023,17.692989583867615,5.14040304105194,12.330132457512875,0.0,10.04016585702368,4.306687907406001,3.4861807849794104,2.914242042493612,0.0,3.3978354903368313,0.0,21.451774713015197,0.0,0.0,10.735879611136284,0.0,0.0,6.286732753721537,0.0,0.0,15.36599791802766,15.592658674186168,14.004404340865563,1.7932350272685085,31.484183645448155,13.86477253707622,0.0,6.3062327552379145,0.0,6.695471365036823,0.0,0.496960325538339,14.683836752659914,3.128271915865696,35.00706579876271,0.0,0.0,0.0,7.194030547444555,3.7289232254776437,3.518608374007428,18.085391587244033,28.602754189545465,8.469567624795133,2.611641651506531,10.186612829502849,12.563436534691135,20.509054348059976,11.283256068989118,0.0,5.554005476432749,20.01336332314102,10.125963470646326,6.9392367456571264,0.0,1.6482927673275327,4.2642536410382235,7.59506421129241,0.0,7.971130097448537,10.057449462938862,0.0,7.960095149962768,0.0,53.334129645086094,0.0,23.87218508415799,9.226810912464387,0.0,8.949375707571747,20.56078107180697,11.420650162872292,10.687896118888958,0.0,2.735371476341669,7.7638517091751,19.20222213601997,13.17514064386826,2.289014227375361,0.0,5.702708557522101,2.917878118035418,7.856506306057497,8.408127216254854,4.889663186735717,12.414797665265723,4.6840359880238225,0.0,5.705125623421267,0.0,16.920565153604045,3.1404958434900294,5.694070005895696,11.516546718816144,5.678430853124823,0.0,0.0,9.485758352024334,0.0,16.458369108183703,0.22653743546649707,58.597403793326905,10.591807861922831,29.323036879551296,12.228230406747087,11.495740336270273,46.059667116860325,83.90449832455394,64.7984633406925,6.284289674473143,11.837875702131342,0.0,15.109979901292505,1.5671715905890267,13.032815135537732,2.882554312223519,1.86810105226769,0.0,8.196046335174216,72.30109263024839,71.63017372874836,15.291680766931108,4.00983432559471,41.48481307427272,0.0,0.0,4.011165709658627,0.0,20.04159924641141,6.626481138450359,0.0,0.0,0.4109867574395025,10.39370732548835,7.963655672741865,9.867131707387855,0.0,0.0,0.0,37.02024960402733,4.925403252636215,4.560277514462541,0.0,39.16112639548618,12.937234689838931,14.898073141140173,0.0,0.0,50.36768603813642,22.480006049998224,0.0,0.0,4.403609090752241,9.503173187298614,0.0,9.391931555151217,11.068261755018852,1.5320542808897244,4.700331013471697,4.2009392883422265,17.298733766947663,0.0,0.0,17.998908499441313,16.593035836266495,2.048584958686746,25.57161799523533,8.064984507066157,44.56209272801922,20.986168896062537,31.334518467616718,0.0,10.364208934593904,10.073194480211,0.9680836105240189,38.02304854563974,12.598161979035538,9.980905888259969,38.196571193298894,35.27728480094851,38.47934611428902,40.83833427008287,23.598364297026222,0.0,6.165273044318823,0.0,0.0,11.812906982795624,3.6046998997221635,0.0,0.09867769489235911,2.7311710184406763,8.964317367835946,0.0,13.678839682461131,0.0,11.019778041167655,0.0,6.992366947549286,24.40281262906211,5.407013362520502,16.478216418898,3.031086314229185,2.6031469133992005,0.0,0.0,7.631978679187199,9.23562304454805,0.0,9.425171262175184,4.41884946528333,3.311883405696733,25.075028805617265,0.0,82.7683605396632,0.0,67.33461168265566,0.0,0.0,72.27288153413181,73.9488592211996,57.098108618829144,44.48175211587481,76.02269218622249,58.022634385547306,8.627150141918904,3.116898294310573,2.4443354898329517,11.551916756937189,66.20675442175504,3.834365815881057,12.636617196231867,23.152291689836403,17.63747937517887,47.42842733445211,15.43756202086513,0.0,5.460789770845167,2.2725061373373876,0.12648912920558075,0.5250049820311204,4.429381941001367,0.0,19.444520211285706,2.995983825616463,0.40380261471102585,2.6015774485752132,10.773522092083198,6.885359962683054,12.963962484330025,42.38343950818311,53.34961802993874,88.45346475415077,80.80364339992232,0.0,9.483446445291435,2.0836654025089842,0.0,54.55467246095331,14.004874362927993,17.558469353650395,10.587101334230042,15.65228480341787,5.832560391252173,0.0,21.66665475162631,2.2859595273101263,0.0,6.4098497394325875,0.0,3.0199261447848045,6.281179687414095,0.0,14.771426388648678,16.009017017469176,0.0,4.526592832718222,0.0,0.0,7.992152814613178,9.343266255788578,27.4654053175731,0.0,0.0,0.0,14.851347295020346,0.0,0.0,0.0,7.120327378462406,0.0,0.0,1.9116734088987926,7.265277500907047,1.7351680184659557,11.597418662858075,0.0,0.0,0.0
Bohemine,6.202818021373389,6.424052754090525,0.20057300636972286,16.57892770235557,0.0,10.665466740471203,5.6529317373447725,0.0,0.7112872037417333,0.0,6.489067436497152,0.0,2.913810272654544,0.0,0.0,4.548571281886183,0.0,0.0,7.189442836882279,0.9350127340018588,3.5704087291356075,17.282780719091676,5.978844587475066,2.4607517569671415,5.4185644908583015,14.548408026361813,10.12645764998706,0.0,0.0,0.0,10.411265752387578,0.0,4.478646404311505,3.4689806751750325,0.6935957494783196,9.797719409930792,0.0,1.9177340014420565,0.0,10.753259301080249,4.235275049126045,6.814257477273088,34.87986326443806,60.47361779896289,15.81480362866563,12.635968478292881,1.5657866634925455,34.162471934535674,51.67962899349298,1.1654702184008414,0.29768671929480206,12.038341587345883,29.381091906422114,22.939405782243796,10.56176064381252,0.0,4.913683791279368,20.079275303642746,18.066316165118337,3.3185316497379205,12.236458223375934,15.738774003841627,0.0,9.205366729579495,0.26958035386432755,41.24176204790115,0.0,14.196269914827568,3.4111505900996235,0.0,14.335323854073238,7.3665683197677225,5.981741171931105,6.516890544661521,0.015950583316111988,1.550897757092386,10.312306275635763,1.9484648264866848,17.11746256731155,0.0,0.2455565028801061,6.160267085286279,5.434780869546515,8.222386700852837,5.50934548140259,3.4617583952712323,9.78467491276713,14.982382669909754,0.0,5.867301939587378,0.0,11.137718276489423,0.16718529101297008,7.326158391273282,10.177012231124337,0.45903189334376293,0.0,0.0,7.223673511797699,6.114473280734018,13.206296242999002,8.36937148144085,7.945354812818678,0.0,0.0,3.7515708285114897,9.644549071648498,8.351849242701348,21.034089388634214,0.0,6.166319402191178,9.476882047103913,0.0,7.263470553018294,0.0,11.307240112684923,1.427088481409939,0.0,0.0,0.0,2.0352766639634865,13.423991638502002,12.525688947422339,1.2281049331521672,26.49439142377193,3.267749661945828,1.747143999381052,0.0,0.0,3.656262936997507,11.532738764214656,0.0,0.0,2.6149417352326054,10.472855162259194,8.063409155525093,8.70092832813286,1.8475311627417597,5.729906552281847,0.0,0.8080610918862021,5.4260083251718925,0.1174716536760485,0.0,2.6888375620606695,4.246292498801651,2.928031352088823,0.0,1.6068652094129874,4.1258165001887335,0.0,0.0,0.0,3.7182820709196562,9.28320140005539,0.0,6.583922842434319,5.540340934076397,0.0,0.0,1.7926167048519517,4.844658574552966,2.415002775263261,0.0,7.042135597127,0.0,0.0,10.87732378765807,5.245923829091026,5.352395513134667,3.6933319910725686,0.0,0.0,5.6845292718220435,7.405256280288171,0.6254081184337963,9.184795520862963,0.0,15.416347359099547,4.838755994636472,11.344526050522518,17.53192093033175,0.0,31.861066750379067,0.0,4.2658297360103035,2.7630757392592216,0.0,11.777113323412948,2.9305681750042822,0.0,2.113138484705587,7.0924789565690105,7.946948841509624,0.5476476427317465,8.790812791952305,0.0,7.273033128142629,0.0,5.259462792928474,0.0,0.0,14.041447334976127,0.0,0.0,0.0,0.5137652008545928,0.15508975664485547,12.113837349849618,0.0,1.2647307497933014,0.5956620034632607,2.357051262740015,25.1169208443892,11.539542577413371,1.8239728546144391,0.0,0.0,0.0,0.0,28.22673256788829,0.0,0.0,0.0,12.630445436815307,23.01078589685575,15.941020342456113,0.0,4.151765200383167,8.333852184318971,7.741569438639573,0.0,10.139494927306885,13.027191862466196,8.994281178229343,36.52022777349519,5.891810163976089,0.0,13.164504616496302,2.4395313454527923,3.7094079414959253,0.0,5.977862617325911,4.642476284504937,4.046353423785206,6.76112079549938,1.3338376579769573,0.0,11.564770637657489,6.718394061215207,0.0,15.110532976404627,2.286570934529749,25.77942120931678,3.6203117818133848,0.0,8.052652542330947,1.0356622633180024,0.0,9.588522632198831,0.0,17.963070050257897,2.5919416143173066,14.614780176007116,0.0,0.0,6.993878571211525,1.4352195542078618,0.0,0.0,0.36814350922412586,4.222037680150379,2.677301952891554,0.0,0.0,1.3402378051444543,0.0,11.399765723921917,0.6361512534901976,0.0,9.354332432846007,0.0,4.40179027129615,0.0,1.297753407623503,0.0,9.718898014839084,0.0,0.0,0.0,0.0,0.0,0.0,0.0,9.543095880505433,0.9852882565300831,10.104405789271595,0.1869287287101713,0.0,6.149580623211023
BPIQ-I,67.41719484805392,63.041924771249676,12.674624885325443,10.890818007683933,0.0,10.51982103617624,7.573706930950863,0.0,0.0,0.0,2.4307154093771146,0.0,9.524898924481562,0.0,12.171052355836139,21.824528613702512,3.524031148445715,0.0,18.996773144698324,3.4379473810857917,5.781269918925375,45.95822161210425,18.37126108962312,11.420067484605767,13.219069376701555,21.4489784892244,22.540946359506933,0.0,18.80932990042561,0.0,0.0,0.0,5.812841584343047,0.0,0.0,7.7731523035325125,0.0,1.4425196845102164,0.0,0.38460445428523826,4.212872747734849,2.054936008596428,9.856335694653012,21.77258152284051,7.5475183823100735,16.007083890894336,4.060968489518785,11.97867141939767,15.40822189313829,0.0,0.0,0.4599816682115119,0.0,11.48510348088837,0.0,0.0,0.0,6.0595848214900485,9.701608809770022,0.0,10.782844627871896,11.900231239324398,1.0362860598964119,8.333576754677225,0.0,6.08962964459451,0.0,11.492367959889336,9.922235374156386,11.909330701140235,14.071314911224107,12.783238215789964,7.454894739672085,7.058107175594429,0.0,1.5504810667790139,17.462559384541976,0.0,1.9193433311151296,4.516681662176751,0.0,2.48678559701969,96.43655140073706,15.560745277020573,18.154059299076863,17.05600320429477,19.28212079934781,28.46810782456562,0.0,27.98837273680192,14.572549483459738,27.83569908493567,23.846913370677285,6.228672440517414,0.0,52.55299042727188,24.517366431177322,0.0,5.759609222592559,0.0,9.445404877654369,0.0,10.391717387091134,1.9629630158520968,1.4004526701994848,5.917127228680016,44.159810565471865,22.592164377785565,66.58379738041559,10.289118338605647,5.641219624873443,6.40020101826093,14.05861262260089,9.631448031879017,0.0,10.07927882765128,0.5259116449293515,0.0,0.0,0.0,0.0,0.0,10.64688059083602,29.609628657137876,47.93848607589637,0.0,0.0,0.0,11.443787516463715,0.0,10.298647288761998,0.0,1.3397755367375908,5.6257410806005055,19.483137294969566,10.919379290306438,7.8794731535921585,0.0,3.5903080843390995,0.0,0.0,3.0580488313028127,7.6603450786455625,0.0,28.295616598239206,43.889095472518036,52.34284314063797,1.007301557380444,8.898699656268121,64.18242947500912,31.787821770474608,47.63583019537768,24.210197930399403,0.0,5.568713403376549,0.0,5.735358561190679,3.4296500426556236,0.0,0.0,0.0,0.0,2.4467133347027925,0.0,10.985260639522835,17.85452419369514,0.0,16.671423070286863,12.395141474529908,20.17331300554224,6.017655473712182,5.217565336163972,60.13333020951513,67.7635767510044,6.789733846244758,0.0,6.454452185007881,3.697074016897318,5.079983450875375,5.8370277323924995,10.056322015166998,16.592155708676515,5.7385954801651735,14.733121721435452,0.0,2.0562182936155153,0.0,0.0,11.754020590688597,3.2383389173577086,1.8578359578625196,0.5866761857604104,9.990048892815949,9.415158997064893,0.0,5.383882405333026,6.357849262679153,14.142021725940708,0.0,7.994782291430653,0.0,3.241217046291098,8.55763888098113,0.2037421262568273,1.531156254329602,0.0,13.926066380381698,5.0313002280942385,10.196619416949915,0.0,0.0,0.32699437360162165,1.1880402461392805,14.97459094717928,0.0,26.150053948024492,0.0,0.0,0.0,0.0,21.04561842539931,0.03461663134245896,4.596806920442361,8.158760189083296,12.248177748223398,18.790577708512373,6.120474619119591,0.0,0.615436453790025,6.9155919199281755,3.061842091263344,0.0,17.36626797389917,2.1688130080522967,1.9563160926267926,36.370032480590154,10.913562162396033,14.267344058112286,2.4045715138074684,0.0,0.24043186017809148,0.0,7.3139562962713,1.3544024537143997,45.59119346919566,64.43302581650967,2.5124458488400307,1.4208996399071907,11.53761551428886,3.5492504620213765,0.07377366241023253,0.0,0.0,20.55615550533004,7.472786334025898,0.0,0.0,0.0,0.0,32.24659666295756,0.0,16.042752718519893,3.882509618837503,2.8591096843262562,3.688009207454968,0.0,1.0367900608731588,0.7067962773391798,0.0,0.0,1.5330561979071007,1.3775009302931096,7.631357789643673,0.0,2.4084901856312797,12.296540519593606,0.0,1.105810752735323,1.145668646595027,0.0,9.230263289372033,1.1293325361670554,18.61919812868311,0.0,4.287170220804882,13.27644587773581,22.093535296616096,0.0,5.4959526302842505,0.0,25.21748940944586,0.0,0.0,0.0,10.306373950468242,4.16103581922809,54.313634352424934,6.678229753831118,0.0,6.336495316582187
Cdk1 Inhibitor,4.845506783439703,8.597880646448289,1.5964675934253023,6.037285556269353,3.2340430564967306,6.4038649192853825,2.1274192435137422,0.16506967269569373,0.0,0.0,5.597388562733471,0.0,13.95876319042749,0.0,0.0,2.1423303165379366,10.54622536849854,2.1859700962605757,4.591935036091002,0.19472576946938602,5.46836469095237,23.05173926738712,8.078976966310421,3.802807233505547,5.366645299729186,9.842278439300046,11.79275340297113,0.0,21.5173143664596,0.0,7.097631340970054,0.0,0.0,0.0,0.0,13.273097058175495,0.0,0.0,0.0,2.178876784077005,0.0,5.696397915739951,8.50897126639694,20.136662004953564,5.906893623249047,1.5633007515645119,2.598703982728651,13.961755149270488,13.307447286767712,0.0,0.0,0.3308703945299811,1.6798129164619837,1.6358425387223434,6.282449409339904,0.6485214674143123,0.0,9.498289928209005,12.225789135065014,0.7492507608687049,3.6535994388271007,7.216621947995179,10.601066031827173,5.737108616308234,0.0,7.344833287361666,0.0,0.0,5.694591209233309,0.0,10.511542659361638,11.888333288509415,3.1769837490769532,6.529446223995663,7.2622064104574235,0.0,4.830626030771995,0.0,0.6887858873141113,0.0,0.0,2.638335714688793,2.4542555074040706,1.510643641881444,2.6529035541284145,4.949542624031096,6.581368870791039,16.605495968146258,0.0,4.712793681256528,0.0,9.15428307839315,5.808976113410083,8.651395570961498,9.797895706860885,2.7377675145004474,0.0,0.0,3.609946616352289,0.0,8.184885010903429,3.381026485808462,8.047066056713419,0.0,0.0,3.0965018208419792,9.525867518482812,11.390810235548884,19.511949789771506,0.0,2.76478867730728,0.0,0.0,2.133909809338121,1.0790191620027088,9.866288416772761,0.0,0.0,0.0,0.0,0.7126345018411087,0.0,9.009216332820216,1.5194228955778613,24.2893119983529,0.003229940898123118,3.453387201446276,0.015247910423113353,1.1591638721601925,0.0,5.826123441152475,0.0,2.0485832450817156,8.780186402567736,10.4967682256096,0.0,6.337914890647426,0.0,3.3699706487294634,0.0,0.0,6.529950570303583,0.0,0.0,3.6611417891434144,4.996845187511866,4.480662565427721,0.0,16.58604084889997,9.053344069945894,0.0,0.31167554199021197,6.4389227835133624,0.0,8.661219943777368,0.0,3.9687397835144083,5.340276826350902,0.0,0.0,15.182317873070758,1.3351599823616596,5.971779634284161,0.0,14.336310804187178,5.085624736013727,6.610095895329977,9.621648911425183,5.418053425287184,2.09554515810774,5.269938037630766,0.0,0.0,6.488627564538604,4.3097214030798625,0.0,14.548920400593943,6.393769431740623,2.866383287267709,8.9557844571396,10.934313134521716,18.51588516546731,0.0,3.616535586655658,0.0,3.278024064371351,1.481353182431505,0.9538172791795887,8.831914024785604,2.2811893435840602,3.4950350971787145,2.405991516607486,5.7741205991161735,7.412097840488286,0.0,10.898922054706532,0.0,5.548891046903208,1.0572756125749123,6.9862575729576974,0.34622411017286936,0.5880062000843225,7.193959370130685,0.0,1.2061072248366997,0.0,0.0,0.0,10.705386124650715,0.0,11.284658661051921,0.0,5.707182858085389,14.643135231967136,15.835368199702714,11.468463513555918,0.0,0.012195394487633848,0.0,0.0,36.798606684273324,0.0,7.394515706419497,11.57216537793073,4.894416480741967,26.4390946873349,10.784340752022928,0.7629582892896565,10.495178012065168,12.256136445017717,8.263291520495727,0.0,9.788332467669164,7.508955254740016,6.432908993650784,28.29114244219987,5.4352330353088405,3.7361273157218022,4.6394096589725535,1.8190652890083072,0.0,0.0,4.508017036224487,10.095528304196534,6.9936839767395185,14.625494662030746,4.302834263251015,0.0,9.781669999388157,2.4870111114826727,0.0,0.0,17.13038826211016,18.92759955640247,8.760045425161593,0.0,0.0,0.0,0.0,6.4655874435405,0.0,15.761287153304451,5.817538027799856,5.59861327355631,0.0,0.0,2.2629394353017176,0.0,0.0,0.0,0.0,0.831116833492203,0.0,0.0,6.0778034967233765,4.123237877863929,0.0,4.40913164667387,2.907111498721264,0.0,9.323249781427478,5.006382098207737,7.095452985764268,0.0,0.0,0.3591366102521931,4.902148687186923,0.0,0.6433001196948851,0.0,0.2850264926357511,0.0,0.0,0.0,6.599158425373332,0.0,6.12521721400428,0.8147735621863603,0.0,8.786189787437124
"Cdk1 Inhibitor,                    CGP74514A",6.016000403365879,34.34165424231114,7.583012060096365,0.0,0.0,4.206663309857689,7.653044802774019,0.08518946458050891,7.2874498093169535,0.0,4.432926950428794,0.0,47.5506187320028,0.0,0.0,1.1521430448885326,5.502975940435107,1.3233691757197903,12.939333862422984,9.316647251132565,6.988342334909561,17.938958211087908,7.637953874072295,6.003670759619723,17.487855680215148,0.0,23.822779136165224,0.0,45.30571510576503,0.0,1.5005195697008276,3.3105008417210513,5.887342509550962,3.469945197583087,0.0,10.976020095178853,0.0,0.0,0.0,13.85753783475991,39.25428586528031,83.62335475964119,76.38844986857342,83.2044870976435,50.29963386393841,10.130697361804124,28.494417372001834,94.83744837621158,86.78402248684911,39.12803495432213,23.086707050995614,41.616170733296855,53.06002451905695,46.30664130717705,14.197294298135589,20.124131125785794,1.257468965777207,2.219165908728513,7.862063970315035,43.15764015507193,30.481346133566262,54.08414796734842,15.79812769275928,0.0,10.738255184895266,73.4320347057501,0.22030144499370863,50.073016810170714,6.431665816027348,14.55027765797422,11.653437124178708,20.94134196389794,0.9934168718783098,6.851516948550682,2.813229653862564,0.28338244387117584,1.6094002007452275,0.0,5.622083574982938,0.0,16.29586774486033,4.903256861431089,1.856569929719754,20.392219690656333,13.298180112910075,14.304797795121715,21.510732587408995,26.07741290801306,0.0,12.420692468868083,7.004366707015862,43.44544369193924,17.070058598041157,7.35006245307784,29.180704045383166,4.39599646890602,0.0,0.0,8.317763043433644,16.85893135381764,13.191865410942981,16.455056681086887,14.2700414705659,0.0,9.623774822345837,2.4596053106776594,54.15973966030688,7.227245822269353,87.25669291146154,0.0,5.819563799974105,12.298135893317749,51.36150885822006,12.57861991859967,3.505215684096754,10.830320365105052,3.803168800818696,0.0,0.35883853108371966,2.1101140240909046,0.0,0.0,9.61019848049176,30.44091981838956,27.481144706933108,2.4737877235182566,6.0022137403800855,0.0,11.575685118348076,48.18110997656281,8.276985809400799,0.0,0.5338005149174023,8.683934874381578,18.304845301681723,5.227889828545571,9.27009631871357,0.0,1.4151720492765634,0.0,0.35856748629225876,2.376489202120979,0.0,1.156865728269139,3.455542055940228,8.851554046476508,10.521382775255049,0.0,21.997348122278765,24.933776941196783,29.984291849440723,32.7237106701113,7.110995773156134,5.095329561474529,8.715397409631166,1.669584626129506,6.87125785698305,9.91140973031466,1.279023431121729,4.531012629601918,7.836605620711566,0.0,8.342328829711278,0.0,23.027065839263145,4.777815613470665,0.0,8.955732905643941,4.828437301354583,45.140722701453264,7.082898297988308,22.35932426485573,0.0,6.498292711736781,6.560475589790855,2.3061079438806757,12.249960579430393,11.81076171444478,5.089768161904729,8.70526580180018,16.094350073866707,21.037390466651544,0.0,20.186641128117714,0.0,4.9771994029493385,0.0,0.0,0.0,3.1518948776686244,0.0,13.971837415928107,4.588587669018679,14.870678997428513,9.201124017684165,7.686981899245183,0.0,5.925376299790287,0.0,3.394080530407635,2.7472362637096097,0.0,11.211648011130137,6.140025574773361,8.052376505518168,15.489956834720488,35.258390398098555,3.2597116405496536,11.961965788966921,0.0,0.0,0.39884154926610904,5.239708162965229,37.230864425940354,14.437836180914715,16.242870815431573,0.0,65.33760687965946,0.0,0.0,31.821320813092555,0.0,20.588529859032292,8.769146268141512,9.417967673482266,22.433453047650914,4.968886136460057,0.25943271030801895,9.157792779176177,9.358625273799902,6.715023700982158,0.0,0.0,8.580829817128631,8.246887036033272,25.665163495527167,30.06669019040605,9.687717387140282,14.030404403671895,4.206376085292192,9.90695512008972,0.0,14.258183030317383,7.2476009002928805,30.744369456448823,29.95457942283423,2.197726321993727,3.5140194985964257,9.369725287931402,0.4038119436373506,9.326027972530568,0.0,35.938268340773305,54.93279568151391,24.26412725729773,0.0,1.8021705367094114,5.650393305605576,10.899440484555754,28.567658952319277,6.307853058344506,14.083672221970403,5.800923949405714,19.292332487323876,0.0,12.567807818186168,0.0,11.067647429495906,0.0,0.0,1.6404912849101265,1.0805392753341891,9.838540259031575,0.0,0.0,7.205764078801735,0.0,8.791981207084447,0.12539819699330224,0.0,7.123755866112859,44.684413568769386,76.5959565469906,0.0,0.3445001249173174,30.88214976626537,6.15278524916674,0.0,1.651133809246943,25.4561971311509,5.846460041181871,0.0,0.0,0.0,5.914642564012439,8.017246351883614,64.59962352021428,0.0,0.0,0.0
Cdk1/2 Inhibitor III,95.04375803068501,89.4822077144341,93.59285529821366,0.0,0.0,3.588881167953332,83.31166834288538,84.94191882131588,39.64114171673559,7.846266353702333,18.240602035921114,0.0,97.87408976505846,98.88293251546979,98.56404353095121,87.08534367929383,83.78703037561365,65.81929541163386,61.37913458835285,22.486143560567555,12.791474194225529,65.16495032705032,97.38695669691714,90.97057851497759,15.881667292138673,21.557103235624425,85.2128586684537,59.57053630221353,58.446925606072924,0.0,10.9244189576753,6.579021938560629,4.1333950350312705,85.71748772204984,90.49979113174108,84.41028952869173,84.40091403584188,1.213634758551251,64.01299395921737,94.60173920193645,100.0,100.0,98.43637291054506,91.08440919906404,100.0,12.250781155338103,96.33058099487212,99.8437957119556,88.69668010894384,97.1085970408702,92.30744557863044,56.435678990976086,92.54023705103826,84.41294060539781,0.0,98.04192623880454,9.837263693117862,16.303057844817985,8.243492874850602,83.28779196859833,85.1904397970602,79.18665277547343,23.44503173222978,18.075600579094797,97.74340288472699,96.19300179301952,95.35707119539009,98.08165445180104,0.0,23.224441637423553,0.0,18.708453650845314,16.95566049165187,59.557619620688186,0.0,21.623554541424113,88.85828748767698,84.74500019014523,85.9209805074203,39.60994487811342,1.4790034891343282,3.49741400415391,4.848260809265483,62.59733979711744,70.07739259540446,14.133419847230925,45.21219341410618,43.25212312815685,0.0,85.76753725323613,1.5269297318590702,80.59126443243568,18.60180382077371,9.574816910958987,49.03178874759132,0.0,2.0436766520304275,21.113482842295554,23.762220005300748,74.6877427201924,78.34020722075915,89.82959989793255,93.40525981527624,92.57287467862926,95.04176889193354,67.80811387960883,82.89642193425577,88.59478341693122,98.93289212411214,96.25110914968377,89.41679617179247,29.370350917865338,75.22563059188404,97.8663231713877,2.22522065891701,12.000921311521807,7.779102090894895,24.39307189167434,10.634154877004292,3.415534444432666,93.70331263287741,90.9749564064713,14.653389925663703,62.058565343829514,95.54211220292677,0.0,37.9336273013559,21.84939193904009,49.40880489485471,99.37543868623604,45.64248405370902,50.72964846626712,32.83033281940165,11.591432419703565,83.11463133975653,80.35052119780354,13.458743521288895,38.984309208654906,95.13539075023648,96.8423846581337,94.79062955923621,21.242488996269813,19.074467537726264,0.0,93.45493060579905,98.28824583421176,76.42627141955455,100.0,76.47515785955852,96.04216295982387,98.67368383794411,72.76767850057342,43.931820287464575,8.8708007875926,10.386413497559317,47.799045863454566,97.32247920258493,96.57397052499971,99.70979098015854,97.67071742239673,5.394825038801713,3.4129816283487884,100.0,94.59098659773738,67.26177379445969,96.93990846142015,37.25869181708612,21.160346279347422,33.38044992355054,100.0,96.99833159157495,98.67352034490548,76.64618377584564,82.79159824219288,45.38246376816221,51.901935129410255,31.905397942434604,57.23526339466269,51.345813930058455,97.84485423929905,98.67223569707947,97.12049424567658,95.46409986261196,91.984357371327,0.0,93.8853988011493,0.0,1.7196538563991055,80.44057179640511,39.46201951637235,21.19201432603579,17.36816653430111,60.92730475043572,70.9149784352748,54.89967860183986,32.43974946210216,4.584575846301618,21.541633025105327,22.903217531960678,4.77733314262116,69.95481415661723,3.845906392323002,71.04340830358836,73.57960454471788,64.5988170157757,52.38257104795713,56.21626629911346,18.086044763707974,8.249546781785341,0.0,43.624429704603614,54.420527227599294,80.69056879533555,73.97812173026132,4.45977285877828,9.314974837079575,0.0,10.908600006875986,21.770125480749115,0.0,53.7783123952471,24.793013774994108,25.542814945483627,77.79717443118713,88.45102809959127,54.26192954462164,7.017173862196046,21.142788754998648,92.21202964254577,92.62959127634285,84.8570499240396,16.29100588015463,90.94963159894078,8.701663192243345,14.911134651380195,38.55018357875426,90.29654505169076,80.90468533636317,7.939934985238736,11.511784438617667,7.831187917044161,23.73433367005967,66.39463275173766,0.0,96.90915417196608,80.30915178068912,82.18300590214398,99.83035166480977,93.78301584837986,43.965302585818165,98.31912541391569,94.66379542603018,100.0,97.91945530794622,97.58408915595619,51.34354486655988,57.99341035936529,1.5967681713509307,83.90959957477303,95.41831298662473,90.27321593307053,6.038326186749259,74.10033571438001,82.89628519545977,57.51701958440499,86.30203527943746,91.821098028601,64.88438050011922,0.0,23.454924612753786,84.46012070155119,87.54193253973128,88.70145655040243,88.54967549189621,89.99918430518335,89.74195315967067,0.0,10.747838945928237,94.94396697305926,0.0,68.25075124311192,88.1814274934585,96.40745491280354,8.665333190839704,39.413677773426684,14.159768654894776,72.38474854899846,94.8915490633386,70.2210870064419,94.96568181217351,95.26591160029194,0.0,5.396912059089431,0.0,2.0864362113413364,17.848203556582916,89.45643522506919,50.85703378593532,13.090590562801594,5.804567689129499
Cdk1/5 Inhibitor,8.431252130298446,4.5424191310781055,0.0,0.0,9.943431085733835,4.711573356397423,3.324284351089972,0.0,5.675552191754079,0.06423569726811706,1.9200495042270518,0.0,13.658197740407601,0.0,0.0,0.0,9.170801796257763,8.749749303617506,3.411900498925064,0.517881270413028,0.0,15.860908282242178,8.454547875246504,3.5459337976016627,6.148950025448215,0.0,7.121058740093758,9.892580989766529,0.0,5.6195719054101545,0.0,1.746933795999638,2.0851251483157256,0.4864360164861097,10.04406862412182,10.621226678466314,0.0,0.0,0.0,1.1713840486214195,4.695749128654668,20.448767632900797,13.833420817375924,14.5030203812847,6.859488713485746,7.57931097446864,5.183301105390157,14.60696563957758,11.27535137648482,0.0,0.0,1.978622213382664,11.676566339182358,18.439039419634128,0.0,5.550327883949819,0.0,5.793372712751221,9.834903559704088,0.9745968977505299,6.221569737896004,4.427155358156256,12.418977637695633,6.044126257661432,0.7967486636778887,3.9180603039753947,5.672192462929445,13.126238593514586,18.72665913098963,0.0,8.086972102207753,8.542268346935714,8.973941750288674,5.411612089519991,5.444492175856041,1.6316089353586563,4.838809567291548,4.928701209333383,3.965518127256317,8.431227350274511,0.0,10.802475790894931,3.5550695164788237,0.0,1.548083457727813,4.759264770093637,13.450817184712264,9.69458007146521,0.0,4.7052562653255166,0.0,7.659168791883815,0.0,9.667482836892333,15.08692874486681,4.825878480776936,0.0,0.0,0.0,5.3501525888968615,5.5913383024178955,3.1867396816859497,6.082134147230022,1.9460661276418278,3.4840019541480274,5.0511196935295,3.745128432750178,7.873752653843368,24.08064302293114,0.0,4.717098708431877,3.2419092589728393,3.946477189292267,8.26650296417668,0.0,7.6430807353720525,1.0735557775028184,0.0,0.0,0.0,8.394551521217863,0.27856570276551906,17.946633840144898,1.4279838664512,23.846182578939946,0.0,4.1357080435505225,2.564749711967522,4.231262439507702,2.5339829856468157,14.108140459148217,0.0,0.617677740958797,4.730181664589168,11.055308286847051,5.348610651909297,10.710314256743686,0.0,0.15429941167502648,0.0,32.03540332933106,10.39218346147372,0.0,7.881885684993904,4.179361934997985,3.2412631750140974,6.428908892555995,0.0,14.287735523132469,5.37232607346445,9.493746745270286,2.9815963522239173,0.0,0.0,0.0,17.349097813881798,4.295975904314389,0.0,0.0,0.18728858159417427,1.2374748878176831,0.0,7.43170907501144,0.0,7.1193978024114415,2.118686154717011,0.0,6.354907345827627,9.468729711404052,2.2558091594590906,6.889489178170209,3.6838276677348745,2.636957360722505,10.910840245784371,4.6379609464672455,0.0,7.602939294872286,20.988533584586236,4.390943092436885,5.475060727459493,11.053260352160692,10.896118466964424,8.782153126286715,17.412973335549196,0.0,8.26372263156216,0.0,0.35004308889830327,5.107456831280075,2.230217081828471,4.46256848942275,6.942001279252366,1.5346609441343162,0.8410593961231996,4.7662650485006,7.299752045751347,3.375775884205325,6.2312067603336345,0.0,0.0,0.1717859006114253,0.0,2.8889590357196937,0.0,1.71822673920299,0.0,1.5833356945543358,3.718742651495802,6.280490953256248,0.0,0.0,1.879976921354114,3.164360744666581,13.069268609939343,3.3821698822004436,5.962730434630487,0.0,5.985398402672118,0.0,0.0,29.008262791216097,0.0,11.483493909603382,1.7283665570598856,13.598020310583252,12.067038049413014,2.7275366895232622,0.0,5.111430753960775,12.728000561369782,10.29581134502331,0.0,5.506692559542159,2.3301661402838647,6.997987172414412,33.305001077003595,8.040177788095477,1.2511803753269248,5.539766391615501,0.0,3.6601379905737303,0.0,8.004963572705378,5.557113359446419,2.8988060689880086,18.895176875592938,3.955498561254359,0.9869801002143248,6.68892538356738,0.0,0.0,2.0609878810089413,12.027796947694341,10.94256447942513,5.822111973186281,0.0,9.655268649346795,3.3807979809504047,0.0,7.486254401647642,3.7027308833703216,11.527807321855065,0.0,4.09975595341615,8.061398327073462,4.63091558934795,0.06512637729940707,1.341337198205352,0.0,0.0,0.0,0.0,0.0,0.0,2.9007548987671328,7.996616796622234,0.0,17.58793508505653,2.982491650939295,0.0,11.655036934266235,3.630666320684327,7.887928274557993,0.0,0.0,2.414393503194262,10.583303934048843,0.0,0.0,0.0,4.118611020869025,0.0,0.0,0.0,4.148844542861696,1.9689899948346863,2.89385068363282,3.6883776169513,0.0,1.7779611947183582
"Casein Kinase I Inhibitor, D4476",3.345166353477296,0.8985148895239092,0.0,0.0,4.052006468202038,0.0,0.0,0.0,14.272844149426717,0.0,0.0,0.0,6.612738405152044,0.0,0.0,0.0,12.194221507738618,4.863810395871582,2.410004808475236,0.0,3.1648384891818324,8.71755065516659,6.071626690585049,1.239593665245195,8.374851158146015,0.0,7.318763121580275,11.728244985233061,8.893862356114852,3.05330109406826,0.0,1.0074542392977293,3.3778090934962393,0.0,0.0,4.769693896599719,2.5835076262765284,0.0,0.0,0.0,2.863115195848934,16.11621919772699,4.951869090347614,6.540084277973193,0.6265543091202801,16.0125728132941,5.865612774133723,9.038768171922001,2.0257135332061296,0.0,0.0,2.4174008835766756,2.8702339782176125,3.235587803001323,0.0,5.022866160652683,62.93252161835446,59.12472897090868,53.09156233849458,0.0,9.779617061281158,8.200393124376859,0.0,4.130845530322006,0.0,0.0,0.0,0.0,0.0,0.0,8.616885425691834,2.4008741007630903,8.12260771425602,4.486717206882304,4.971907251122758,0.07766766238160017,1.8385457426888934,0.0,0.0,0.0,0.6371714314370536,14.39916776268197,0.0,0.0,3.41347371067684,5.559998329553466,7.4748211057391245,10.311427562116563,0.0,3.469854296506128,0.0,8.978558920923874,2.411505289613004,8.199800688136236,11.956016963673108,2.059176361160496,0.0,0.0,0.0,0.0,6.746020816235159,1.6120949915124214,5.516023814304162,0.620977237483217,0.0,8.881996262518442,3.2526614239634597,10.617451293820636,11.295926747923929,0.0,2.0269799628057257,0.0,2.176486317448166,7.371966177737846,1.1198225003097235,3.470451693136468,0.0,0.0,0.0,0.0,0.0,1.087690571386446,13.966283399599007,0.0,21.43564919320515,0.0,10.19074242167494,3.491110616136126,0.0,9.862698340535772,10.268957926403871,0.0,0.2858188858479309,3.6740924727974686,3.391297859458888,0.0,13.396111237891063,0.0,1.9403786489065737,0.0,0.0,2.580477527872489,0.0,0.08682579450001526,4.007728976385621,4.924626089778002,0.0,0.0,9.1115729697473,6.950144911561409,0.0,0.11309127170750344,0.0,0.0,3.828327825394325,30.43846261264737,1.4154033015596923,2.863532163607374,0.0,0.0,4.730799003214955,0.0,1.2136194297571592,0.0,5.0101612833405795,2.8927435232927223,0.0,0.7743143855146855,4.111883554950083,0.0,5.567250123636313,4.042503473439268,0.0,7.747755296707723,0.711050445312992,0.0,2.6127472756525663,2.285024409457151,1.5327867370524189,0.0,9.395131178090509,9.568359176576962,11.685668712577609,7.459950027428619,0.0,1.5420480024133383,0.0,0.0,4.982322012099232,1.8327912900792,0.0,1.5202425376220248,5.294154009089823,6.590122884418719,0.0,7.27738856160407,8.06768608859133,4.608509414963976,0.4645218082696658,0.0,0.0,0.0,4.982149917863353,0.0,3.3079515804089255,0.0,1.1704914844198129,1.8134287230884922,7.374567411351961,0.0,4.167027611468285,0.7117193077476998,5.253128316899776,12.849176100166858,2.6614249080342347,2.9000055801885196,0.0,3.0600399627669645,0.0,0.0,16.940469222403323,0.0,4.7952105222376815,0.0,6.917925310504899,16.735394917195237,6.828039412409282,0.0,3.6900857514385734,14.886172281453227,10.265062741582312,0.0,16.58151098525076,4.977164700093624,5.3294479115201625,18.886062390803545,1.1899073576691706,0.0,4.374243464186392,3.444891805178017,4.103659843614054,0.5307637000209411,0.0,8.257395212596151,2.9904561213465968,51.661960842054256,6.857945836671135,1.8599228161137802,6.85110737104668,0.0,0.0,0.0,11.184918994586837,11.54104774852928,0.0,0.0,1.3516867698534156,1.9007752477005084,0.0,3.750566657293234,0.0,10.83925871856249,4.5015570175302315,4.675743136696212,0.0,0.001045356759377114,8.668046477120228,1.7312882940024252,0.0,0.0,0.1303304499960518,0.0,4.6035289478449215,0.0,0.0,9.555397530654716,4.187279508359268,10.675450701793181,2.144123237938288,0.0,9.289622746869242,0.0,5.043471309235798,0.0,0.0,0.8100175477496521,6.534120685860486,0.0,0.0,0.0,9.093051054407425,0.0,7.445678403259407,0.0,6.464827364854401,0.0,5.929142058965567,3.6041489327867566,0.0,0.4389182241181686
"Casein Kinase II Inhibitor III, TBCA",18.503590287432928,11.338552244192542,0.0,2.6432017731202677,2.4831900177281483,7.28118807495305,1.3837026365408747,0.0,7.938050899012609,0.0,9.22104784208139,0.0,12.38288745087489,5.954313748796835,22.80318280507504,11.483673174682522,9.72406064053284,9.099347606903834,4.860089640730365,3.01539489609047,1.7923793007011284,4.996253097552227,19.510591147049183,8.908370491454392,2.1784459941606826,10.7787861859604,7.57521163238485,15.473233084120068,11.226682683295707,0.0,4.926916933070984,1.8879102838024266,5.870138885822712,35.55919700042399,43.91785530322343,22.250262734292562,0.0,0.0,0.0,20.40586824715581,11.436177272782572,37.318859778595524,14.439077073129937,10.59225238443561,1.6505671679411194,10.730532583460473,2.0641718562728215,15.901897958478514,7.60661634876962,0.0,0.0,11.382371281568581,34.693635756559544,41.07424054749622,0.0,22.455609334739222,20.662628358527485,40.91131719592451,16.35289074006039,2.772687012395707,9.939694596584218,7.870862847805597,86.89317444596868,83.04024521816059,1.4558649371247299,15.037899978871309,3.901084282299365,54.61662496130914,16.95746381226357,0.0,12.836823278264688,26.300964624187998,0.0,5.174542257617048,5.720052401878405,0.0,15.431721765855428,25.241597355187054,20.86824557180256,20.570443034883795,0.0,3.6456872385167003,1.6455187248995742,5.410185176236013,2.065921103340713,7.738629761052664,11.247513062972416,11.320714054598838,0.0,5.8721099650759925,0.9243894850362722,4.8079298572914695,0.0,10.187092943826073,18.81721422266034,4.624147868811434,0.0,0.0,1.4520002184652014,6.0403827169624265,3.3632172141514047,11.197743229331365,4.818711354093779,0.4502573163876491,5.140727875609116,11.698138329171357,1.5744347318071163,12.548895182602877,21.048060927573545,1.8136780684368432,0.9761712102590678,0.0,2.116010194167572,10.73274130158839,2.116274762381124,5.653307818299226,0.0,0.0,2.793801267651517,0.0,8.469773712644823,0.0,11.63280282430621,0.0699561232288346,36.454097984568094,0.4462438563272997,17.761097440186404,3.325762695066956,0.0,4.036948005078443,10.48516617850585,4.331927720364519,3.184155883271117,1.403996550329225,5.560562464304269,13.388361733246796,11.841023191919746,0.0,1.1519010052161178,0.0,28.15570598395273,13.20612887736175,3.5577238131862003,3.728749428154245,9.940414959410276,19.67333582415364,0.7342061623572533,0.0,57.21198664333515,14.249459790171983,12.422587981601339,0.6770539742631314,0.0,8.48886390768314,13.657400597054362,27.36999833628653,6.2967453138493,17.9089441331939,0.0,6.879769291515402,4.198118134956005,0.0,0.0,0.0,9.021666613751819,4.021220881157191,3.869167005530059,16.671033660861042,13.190282721391554,0.0,7.729963316552016,3.6626367108673037,38.89197383800463,46.151469528606924,1.4636801078079458,2.6204290769935596,11.717998560164858,0.0,33.1179735038381,0.0,8.559353097058874,13.87677591279703,11.336589990215884,46.41750478498382,0.0,14.588853555611962,0.0,7.96498946938101,16.531796954065527,45.370445264835396,0.0,1.9942979674381434,5.335389184618151,0.0,0.9092636875224258,6.460361404780485,0.4585996492635047,7.318542974387441,1.5199086614069302,0.0,8.57983430449758,6.161805919208845,0.0,16.791579330331444,0.0,0.0,9.381865318679218,0.0,75.16667530553968,3.8362455416201158,0.0,4.0182421877383945,3.8477608071336533,12.411308563080496,1.094238734352615,83.82936367316388,47.22177404245973,82.28314841307837,1.5809050853886362,0.0,20.971358189290896,4.476959148414863,15.297360238828375,6.139869426759759,11.430044074495385,16.334670178755545,10.64890333237365,2.658542980336506,11.053670357427478,12.116929160050802,10.36034595867062,10.779803178958616,28.42956933418928,21.14508082203278,11.047691098988366,19.74622882929107,14.535279969930485,4.416159991342141,31.27663212883968,48.47036427864566,26.44746719559511,3.959969128634171,6.7289057179472,8.650770734396218,23.614214347165372,11.566395327618551,1.789870243651265,2.3543206581026794,5.7758662011443676,12.909400462956,5.989318304909048,9.49609052894857,58.762143590567064,24.211293602308388,13.095422886983187,23.28627147610493,40.34876954010651,14.343143088216479,0.0,4.045778741781689,1.0606759404781343,10.706804414221239,20.70320281683462,38.02662366074212,9.649560899516743,20.83100041860419,12.79693857258357,32.078266112698316,0.0,2.057155449105835,0.0,1.5588660973063924,43.7383423468446,11.056249560150931,14.719937129968358,8.600026040637971,0.0,14.312271993782502,5.625197007156018,0.0,8.85082452063682,1.8105433219090514,9.415656170102011,1.9252478637413333,1.9283321057396563,1.288368694938299,5.53999638088321,0.0,6.708330655342678,0.0,19.730821278325237,0.0,10.197849065352614,0.8836976654481248,6.998061679534885,10.165546392272446,3.1453362082416305,10.572822604773634,1.4605478377516476,9.778661519050729
Cdk4 Inhibitor,16.72794522434279,6.232430960230857,2.6353994717055116,0.0,13.088068656941118,8.920130283758283,6.043478826581207,0.0,0.0,0.0,3.132263428934195,0.16428923142629515,85.73542374691979,5.070995143913294,39.31626626688076,55.74507589507326,48.10191144567357,17.078098678593648,16.085654873888615,7.99184014738465,1.0652935240526347,7.3062979949140185,78.52314039421779,64.40658934655212,25.190893838945314,0.0,30.908308623044576,23.42668700992482,11.055453177069836,0.9618356834304223,0.5602046320011169,7.758010464658284,5.486812676720007,21.667350227900158,19.702003346506558,36.94685458074828,0.5171229925632019,3.7612179501930427,0.9131706231267884,51.88468245165656,8.111013593685698,52.19263140347492,47.50400724620127,25.129317364473366,11.912724200794372,15.093983166475368,78.93989214817549,56.56301032092925,55.85751327910759,87.83239069754364,59.82478405289581,6.942021371866616,17.341803000909067,12.478936846715897,20.269714833656735,62.5036244261547,4.5965365004898615,3.1268170015223973,17.78052573806751,3.7954977333296256,10.473078787379166,5.362560023226038,6.872693692255979,6.813453384619379,3.007936259126808,15.253896568578611,6.625214528655647,50.49234518865651,11.034826249680833,0.0,2.668194496684549,26.477073463068166,1.6168959344610414,12.81297383953168,8.233502276110912,0.0,70.48202271379667,15.953273940726802,17.195922480362697,29.492006777355797,5.4684967412298136,14.013486076863614,0.0,1.8955155840283453,0.8248748994235768,0.0,8.710320380251673,9.453469638348423,0.0,4.671381039914948,0.0,4.5391056918613515,0.5251696364876892,8.076949079392406,13.467926082561476,0.0,0.0,0.0,7.576195243248989,8.233956977718549,11.062196731985154,11.880850178888807,14.72930341420934,1.6136292080674082,13.799795176520988,9.417678417306263,11.228964222608965,43.469353451655294,91.81184783169547,72.00020046731757,3.9504976901411624,6.091882072244715,4.797738109099612,25.94415438624759,2.4313990965454195,4.801616971861222,0.2154697753301491,2.9730948638392505,0.0,1.8206862533333492,66.10610813789077,36.25107568521882,27.10091638067425,7.572018104359415,70.744827560659,1.7509010644544105,0.0,6.744387769526469,5.94411924123591,85.03743145770558,18.485276913437588,7.791331234635422,16.554951864995303,13.571890850874183,18.153290876656285,23.752154510416986,14.219574769956438,15.936306634537573,0.0,4.245818661659882,23.024297701319114,14.773491954378358,0.38602407979627174,0.0,32.071014525817446,57.68555223939567,11.076613629083624,16.483551599590314,9.801501720549226,15.402293391649977,50.15486355235536,6.760473673276323,7.897386117073964,0.0,0.0,13.81345835535322,58.0116704206728,59.63419845163189,42.73125827768959,61.301150184594036,9.710566674834567,0.0,0.0,0.0,53.36435575137229,47.78059935512077,5.82190507503023,14.651482669729944,56.6915923034466,92.428684951696,29.646500618527227,85.99015149315015,18.477693168179286,56.04806534679142,2.524909745516581,15.946988373997954,23.94249868637496,24.06369646764675,10.794043319987395,47.96141839410987,44.17371227294413,19.901828253607164,19.539790272679838,11.550372104116349,0.0,10.863969861259761,0.0,7.988521356954095,11.677090934297539,11.018903134193948,0.0,3.184543763926655,16.447230012812383,0.0,18.299539362193343,4.17381330813447,9.38222473351749,6.379554517463845,0.9475463913506985,0.0,54.823688876959054,16.1368998209922,12.19621915621721,0.0,2.3167198709553816,3.6091335206070028,3.338684550531326,2.2914614059392733,13.683847970548271,13.708475989875708,2.37671634081417,17.380101453857847,33.90084799775012,59.3228157929377,5.206534162010044,91.1623992743195,55.36732385017054,95.31167422389822,0.0,0.0,27.45771091816266,21.41623107208534,27.16383908830383,0.8633781861868215,4.315219607670741,0.0,23.42369213317403,3.751303675517107,48.09338797152985,50.471637905051246,6.933234390820417,8.217493705437917,54.112943739054515,23.97576433816519,9.29725352271592,70.30013865106825,34.04327667661235,11.313208010672867,8.812221518652706,6.298393622994439,6.709610866397995,14.862125894734945,20.528502823210857,2.232612762056732,19.88724489780536,0.4397116066100466,34.35887726923869,6.053014786468708,27.312617177226116,0.0,25.63489359369575,41.62602584201949,53.66582021403479,62.12143860249911,67.59124739018341,52.44565096762547,31.497504332413257,2.7746922052396314,19.59276116975633,9.100348549713146,15.516772990603755,8.546486049863375,13.64412221219861,3.8148224599902676,12.822640059067453,13.481993970612422,15.575087003200593,28.079941988556584,0.0,9.320286881647348,41.72925230223176,8.611384864816188,31.632473894525987,5.943082255788326,17.72321585259914,46.463894739337924,0.0,38.19878792606852,6.170266561468367,0.0,17.81677368941797,31.898547551151267,71.19461204307507,3.1361691381966637,1.2969250406533206,9.681916320140488,10.113351420642687,18.93425712146319,10.304760381288148,0.8046415256704051,13.96678721538234,0.0,7.667782348206373,25.372678473267484,7.875939470052458,7.679211787046626,11.598702486420763,11.153884633932634,0.0,37.112195613104284
Cdk4 Inhibitor II                NSC 625987,8.305044580273872,7.5213975891223015,3.733065390984393,10.28598319839763,5.428405754552529,8.045069907412852,0.0,1.0200632229249322,0.7932397326904663,0.0,0.8976519603965016,0.0,0.7217555541041776,0.0,0.0,10.431978994362638,11.7638205181199,0.0,3.4643946416412916,0.0,11.501634933521728,15.987671123813186,6.304281906818886,7.482927921908782,0.0,21.432022563084388,13.250634514016994,0.7708791553718299,9.374009950716385,24.826877035604085,2.730177936351737,0.0,0.491378315976462,0.0,0.0,10.200293797486324,4.2469113971949355,0.0,0.0,0.0,3.83737231228541,2.2366105354749806,11.419665374243294,22.075163304924217,12.251644308330512,6.495254130231075,4.543205038426407,14.639960583726207,13.648666335591784,0.0,0.0,8.294474490016313,7.781112947450197,1.1515056220341364,7.300768596741477,0.0,0.0,0.0,9.73051349733214,0.0,0.0,13.792410163462193,0.0,12.910377835929694,1.6491042897217483,18.795480456174232,3.7437476529199927,0.0,0.0,0.0,10.533826687304781,0.0,5.9843812818549225,5.374100136254583,2.918559442456356,0.35443455109958677,9.71351073578748,0.0,0.0,3.2412875181278764,1.8352640229636137,0.0,8.968542216930857,11.005044047173868,0.0,5.058362342679857,11.242427286959156,0.0,0.0,10.343670486571853,6.245187588867864,12.886747198986527,5.124347616720868,9.004051780737058,8.869309744424939,6.4470663868848135,0.0,0.0,8.53294317504762,0.0,15.96895452588717,0.0,10.359340018294617,4.169067059675584,5.105676313686587,8.931462187653338,9.163139151154809,0.0,29.04396905233307,1.9345832678779118,6.606520938960301,11.218544563210969,0.0,3.5067704481558764,7.506973217822704,13.47446644577147,0.0,0.0,2.813118609650701,0.0,0.0,38.726436450397344,10.807088202066836,4.213849553011499,0.0,0.0,1.7075237804017007,0.0,2.6841391972967585,2.7958928375788474,5.700552985209725,0.0,0.0,0.0,8.927619455196321,0.0,11.346680210910904,0.0,0.0,4.0450728101729965,3.3488591906675396,3.234322884945783,0.0,0.0,0.0,4.764736184403773,5.346148113788075,0.0,15.599735256053634,6.353230045815138,1.99660415458888,0.0,3.095491368118232,5.414882738634859,12.305926233453945,0.0,11.71587797325904,6.129776776228269,3.250855913706829,4.320861857948316,8.301714853392298,0.0,0.0,0.0,3.423043598542563,4.098681990517065,10.119945600163248,10.21467390624531,4.3073146285446455,0.0,7.227768500109633,0.0,0.0,13.832490303417728,17.29229986146092,0.0,14.010453546364772,6.536589421929079,3.2132510399419942,3.2455435934617185,0.0,21.11924837653791,9.159456465204642,12.70637723623932,0.0,0.0,0.0,5.0027492685267845,0.0,12.286599895743251,0.0,2.772217044502753,4.2370551809376025,4.012186481698549,1.2385728894212207,9.434030052975544,0.0,13.321913860187067,0.0,1.9274503385522905,0.6027863184002911,0.0,10.849726627329972,0.0,1.9510576368904253,0.0,17.086707486599636,0.0,9.850803670686588,0.0,14.442478865546576,1.9183890384086624,5.056000374913438,17.016113380257025,5.367607098947701,7.036514844525541,0.0,6.8578837280495435,2.5412965782996935,0.0,4.253145838816849,0.0,0.0,0.0,6.7357583299369,13.794107111890696,22.442712424266276,0.7119524843836587,0.15166124599853958,5.868898630123056,1.13041805791579,0.6008051137558823,11.924255887014738,0.0,5.6375374952556,37.75955208055071,0.0,0.0,6.413891655650929,2.4130247006686574,0.17464835319785266,6.509635097869861,7.310675522222226,11.751461780347057,17.23340282327132,0.0,8.73974836766078,2.1969598473366716,9.620346046053328,12.108375490225967,0.0,5.3752846159575824,0.0,12.584201101563337,14.836729790870692,0.0,3.5125828514235593,9.348054787461734,0.0,19.832498598447245,1.097721540628811,16.518220566912305,0.06032734381415139,4.8554652293964295,9.965935736688323,0.0,3.7639906838308264,1.626709064182478,0.0,5.552103541977942,0.0,1.1521643779218351,4.32705492432288,0.0,7.273045813305032,2.4731351089396014,0.0,0.0,0.0,0.0,12.543195596826507,5.964960938800289,6.381087631869661,0.0,0.8927076391122597,0.0,15.523725975788267,0.0,2.875495046178173,0.0,5.286749076639126,0.0,0.0,0.0,10.243650841417946,0.8872715373457112,10.838859400779654,5.976331759032746,0.0,0.0
Cdk4 Inhibitor III,9.187306052009774,1.7230329172515155,5.744404065283476,16.73426389310228,8.664249323605333,7.188034392585763,0.0,0.0,0.8903958341413016,0.0,5.244741213756768,0.0,6.998127299869793,0.0,0.0,10.208390353515313,9.25300498093273,3.015566252826119,4.5987092355945975,0.0,3.3167816876797644,10.831914514686218,11.437466901976578,6.855674809535543,0.7768488748031501,25.317632767805847,19.510595332929,0.29515873931995884,20.42310985415753,12.414910689504723,4.662163127939365,0.0,5.020506310322631,0.0,0.0,6.775385421237786,9.577306713491225,1.4870208977122559,0.0,7.493229095914643,24.058155018351698,30.29477027623338,11.87386034913527,27.10687645919363,11.515879173390061,8.041189457591912,6.2919067959690835,38.05390804106486,13.735693782177663,0.0,0.3675254294908257,4.647737452090055,15.586033282728408,2.386988409860379,8.856478479254008,0.0,0.0,0.0,6.605272369491217,0.0,0.13243624271339627,9.8894449412048,1.842336476044352,12.206189820486514,0.0,16.363272733234737,1.396329769538653,0.8674261051850749,9.761068658269593,0.0,11.723893166607752,0.0,8.11673369350379,4.733294306342657,4.386338826637868,0.0,6.316760812487274,0.0,5.43210107387425,0.0,3.781277115017545,2.064559397312408,2.0903159546960524,13.939398613038549,0.0,3.359440621703925,13.52816353564954,1.7875702847721158,0.0,7.697671184426838,5.921313694219464,0.0,0.01625264286400352,10.840269960011767,10.308534311310638,5.791986978048826,1.4864038559558423,0.0,8.602998661895327,0.0,16.124522504137204,0.0,14.734267826549,8.981538100708434,14.02220801761888,13.348148117055558,14.704194661941841,10.235015518733348,27.523020825007833,4.3359279122906855,10.073497976305845,12.141311606473678,4.35784170292888,0.0,3.3545162452427633,15.511978528368644,6.887217247025603,0.0,3.1615114430366873,0.0,0.0,18.034128653333028,13.364729383855916,5.580162909336394,15.540481755917597,3.2793081920083864,1.47577039575404,0.0,6.31198381122951,7.766428526138796,8.094849747056202,2.696624229432615,0.0,7.368005018594829,0.0,0.0,10.014141980804993,1.351589901424731,4.922152784511923,0.8670781065045503,2.6376533650490614,0.04779438109342493,3.468845450061366,0.0,0.0,3.1132358920527707,5.837914323768956,0.0,14.448191216962584,4.971164801976556,0.0,0.0,4.61153655244091,2.4312614270533004,23.492185635081157,0.0,10.358785442177151,8.906724402976096,4.9454183099823155,0.0,3.9096788366775996,1.1719183865560154,6.655829545147611,0.0,6.788482750265999,0.0,9.56179958860622,9.85145266027908,7.173216740864149,13.288363210373461,5.356660732283814,0.0,0.0,11.024330738737675,22.416742369881618,0.0,12.284398331889179,11.62774951421872,1.80337251710489,6.537983347150785,0.0,17.24460635772948,13.372649364669542,10.861217655707861,0.0,23.54298675269294,1.7231672601901806,3.5976721972921837,11.845433501218224,4.748085911029889,0.0,3.082842634022086,0.5556429438440915,1.762126085444379,0.0,13.410959545684676,7.644575161381823,0.0,0.0,0.7088981332121307,2.846653896553619,4.7893202106612875,12.517954178897895,0.0,2.478612461971295,0.0,22.623253791662947,0.0,10.625285505674839,14.1530848091503,14.121540214888228,5.527038938105548,11.274086078995566,11.273979911430871,3.739425695640847,3.216759002228173,0.0,0.0,4.135533063053714,0.0,0.0,4.3345059195122815,6.20122417216578,0.0,3.6891141904193745,10.598750252873742,22.98890840843808,3.0506203461727637,0.0,6.454896416884537,6.95335990198177,1.7964320516348096,12.272974878331794,0.0,3.727523858010926,39.183613964179415,1.123287546442711,0.0,13.172218152507071,4.944808693297034,5.524889419408765,3.160696452715854,9.795376053614945,9.547659553176743,2.3708354067843374,4.801051402893705,23.86329119846826,0.0,14.919845983032602,11.101703751150268,0.0,0.0,0.0,17.516828322488095,26.64683649559521,0.0,5.384885344449174,4.794900784136871,0.0,19.419834545623303,0.0,17.637258419795728,7.377085397932092,0.0,8.26054690596493,0.0,6.630524156546812,3.4023301107860107,0.0,6.589584204540756,2.1388165221786153,0.87951447683335,0.24470846765245824,3.3639587054071285,1.11670675576255,6.037020795441435,0.0,22.44037415500881,4.065363298900792,0.0,19.393240172197636,0.0,6.034867223488817,1.7412204727513512,1.0855253819361792,1.1987183000788662,11.214455749041065,0.0,4.677310007133542,0.0,3.1471936647050285,0.0,0.0,0.0,2.2940149490335955,0.0,13.27416211525292,6.047990750757208,4.60906129254721,0.0
"Cdc2-Like Kinase Inhibitor, TG003",7.121003737998194,3.8573731748373774,0.0,9.894518498095294,4.7914334724048615,3.915332321503172,0.0,0.0,11.908453439697325,0.0,5.845977820463929,0.0,6.551196453550062,0.0,0.0,12.124853219353483,5.228380477081643,0.0,4.5851280337739695,0.0,4.676442319591956,14.74366510926933,10.589236250164078,10.53898089340646,0.0,32.24375998890845,11.440311233795867,0.0,5.588209874610357,11.463799801268294,0.0,0.0,0.0,0.0,0.0,7.771723171932834,9.55243451320186,0.145445222780765,0.0,4.508690393661624,2.4539743002025887,6.809748794161749,10.252212509123723,12.264729600884976,8.483094484874954,7.938795437297145,2.5665766372183327,12.057088390155883,8.880140698997394,0.0,0.0,5.2345319546753615,13.803103796600098,0.0,12.067337359270766,0.0,46.960726570011865,45.79677289941206,39.90963810717645,12.178072640379497,40.44316252833513,41.23325127794318,1.8754431448581101,10.304702551338124,58.209065749868316,74.09594418864815,5.033283452134867,81.46723110704572,0.0,0.0,10.781447705708473,0.0,9.653556086722176,2.0701613072555176,3.419916091871187,0.0,0.6723455003426011,71.10050054519469,67.05635223569017,80.47471150314624,49.57249174000032,17.739209415615605,0.8720227390913635,4.167459329294502,0.8553225599185339,10.082203451099474,4.465395125265019,2.1886896005820233,0.0,4.187102322553059,1.4915129064420682,9.433275094542694,1.7319560472517992,9.68045091147448,7.583355436378099,0.05128814033638207,0.0,0.0,2.858847549340396,0.0,12.09943362411542,0.0,10.957362709182206,2.868064689302358,0.8755249128129066,7.716562207914663,8.250453085481126,11.611148846728668,23.874932870796044,0.28781776657166347,6.235286765496738,0.5093589111254033,0.9456483194059047,0.0,4.528167137372236,17.09129101313286,3.7593593117949666,0.0,0.0,0.0,14.345777640101133,1.9077594284790393,74.95273478159706,2.46187802083611,16.753222758303266,4.985429062436083,0.0,0.0,5.988554543492484,1.6873630591888826,10.14244393773194,0.0,1.0377572875398755,0.0,0.0,0.0,8.384860843612685,0.0,1.121404397146847,2.8656270162284585,0.0,0.0,0.0,0.0,0.0,7.733580740521717,0.6095469101194908,0.0,13.381596656895681,3.2041128290450587,1.9144043468312475,0.0,5.621371045957773,5.405216730140836,9.86176437253772,0.0,8.996420762030553,10.476768765588773,0.0,0.0,1.2767855452462982,13.628384623034052,0.0,0.0,5.391399805924152,3.0207804647643712,13.33867275499236,6.295372237227355,4.878831514173626,1.156384597275519,4.986935729571201,0.0,0.0,6.1601611282902695,14.989493366365423,0.0,12.58290050143168,8.20722726655191,4.963428809489216,2.188566289355407,0.0,17.768804963977388,12.065424173510294,71.61478473745444,0.0,9.885138109180133,0.0,2.379143606556397,17.510359002691956,7.237184036372099,0.0,0.0,0.0,13.855814844331718,0.0,6.485833566175046,4.570690967078463,15.490801410966753,0.0,0.2313870132947926,4.963802545386159,0.0,7.064728975545393,0.0,3.672888484249995,0.0,15.274784441812358,4.36182108396477,27.1983031436432,5.2246196664168,0.0,0.0,2.520632817920074,10.519482400219871,5.351270552758507,82.0880398005672,0.0,52.571368702774826,1.9666461358847585,0.0,31.25871418440633,0.6336557912029832,0.7048953692523128,11.794282937976362,4.786606109700585,11.884333569121196,24.63296829432673,2.2432334509736336,21.85907197495365,37.485393530856896,4.125621508691751,2.004238108831501,30.635820827747438,17.55426880744784,12.962022071051877,34.229904267015115,0.0,0.27245880275424383,3.0088243597933513,0.017631372467008077,0.6078720041057579,3.379944192198124,2.21597446196013,4.106561187452016,3.5312616598904754,13.705259864423311,9.39648914528162,0.6685206290516135,9.332727539782894,5.48250743669135,0.0,5.979187386716831,0.0,16.669011404838628,11.029382062434593,0.0,6.335877579403984,6.618696581554062,0.0,13.15129566161066,0.0,15.314048224936386,0.0,4.150511262072882,12.611511007753364,0.0,1.9877110868849286,42.64032631949411,0.0,4.113700670179355,5.184268371380853,0.11082527737193004,7.583926537030408,0.0,4.3563419275880335,5.504703849634467,0.0,21.47189449042544,0.0,0.0,14.299711322093174,0.0,8.09846594813581,0.0,11.331287019611864,0.01966216735029036,12.912933404519137,0.0,0.0,0.0,5.965697038830399,0.0,1.7535989384816162,0.0,8.888428587946947,11.857421072595884,8.1878714529835,8.986719915737325,0.0,1.2610572619778821
Cdk/Crk Inhibitor,4.352123069773455,3.677037711755844,1.1401796786017684,5.333204361613127,7.6017209575199445,0.0,0.0,0.0,5.262059440397621,0.0,2.039246696767961,0.0,3.083344286916784,0.0,0.0,0.0,12.415978136057149,2.0101402861020574,1.1645885792442243,0.0,3.8234703155166585,12.92513489928902,8.657809132266067,1.7158152636241937,0.0,28.997314478247233,3.940012345557733,8.977992374576843,13.330894176930968,14.854593647477628,5.684838546220703,0.0,0.03773824250737334,0.0,0.0,14.254999594698432,1.1173354094962917,0.0,0.0,9.070582256891825,92.28916094206328,100.0,98.04083988336023,91.40131147972903,93.86042948135047,13.23501908683511,54.366916324997256,97.46313737896935,90.36345584726521,80.18535800196192,53.438277362299274,39.73144683583615,78.38610400399305,77.29525151473246,3.807983925902633,1.238495136616308,1.0379966664400087,2.9386130144443996,16.35611839567366,0.0,4.277645126339962,4.300407826723685,11.150462376055316,7.7885405481940495,5.269587610328216,55.95383453055797,8.716352810065487,18.845681000549888,3.619905162772625,0.0,8.869083019686315,0.5304383003938682,11.682993629711262,4.106236340574981,3.7455514955225198,0.6584430355953401,1.7285339323216817,0.0,0.06481299223594306,0.0,0.9722773187639717,3.3081162460243974,4.847051116311391,5.04361655538375,0.0,13.788198620351906,0.0,0.0,0.0,2.1047282484200025,0.0,8.707951397675927,7.462090440193293,7.381537777484738,9.329333761795468,0.0,0.0,0.0,8.258198855747537,0.0,10.640154557834734,2.9496922221774753,15.846166339181508,2.4933901448754625,3.0026015943273308,8.490401999472255,7.955988343719966,12.815340554429639,25.844053409213785,0.0,5.420820669566524,10.415881215924102,0.0,0.0,5.1738774214639704,12.11661779284077,2.6620753325715896,0.0,0.0,0.0,26.90784145350011,52.905080748429356,5.723617390436914,5.344450775910843,15.499473739493169,0.0,0.0,0.9906859958505265,5.311155549275497,75.18302275070712,1.4896503651328317,0.0,4.368844134667754,0.03541110526469993,0.8315996897753166,0.0,5.816316834637348,1.3724280837716947,0.0,1.6898135548025692,0.0,4.583706762749884,3.4539918093309865,0.0,0.0,10.085969236748241,11.40499700568023,0.0,52.295553600384764,3.365979564306258,0.0,0.0,7.322794714851142,4.628928340444034,10.775242263355324,0.0,6.678873865178886,11.956315835655204,7.775380299958016,0.5439551838046697,0.2984748896982694,1.5254961926350035,5.254932609637734,0.0,16.03184598181305,2.9442047971742795,7.302050374535085,1.6592606680328288,3.4299578070132384,4.276788276976106,9.728865994902321,0.0,0.0,11.105777787477194,10.520799870636452,0.0,14.436931309702146,4.6918587442392266,7.133053644576421,3.2562980849481846,6.4566664869407475,52.129555278143314,53.18416702012787,3.7656281481864085,0.0,9.103128030960946,0.0,2.2713235694583886,12.684709637667822,3.6908543087381247,0.0,5.9980344202900255,2.6643002018550845,2.728934045600738,2.406826241990913,6.222048860682236,3.248905325783653,18.16757686463552,0.0,0.0,5.177306309861876,0.0,10.324459648877905,4.401822552225184,5.178357475337663,0.0,23.580500098954033,0.0,4.346221248798258,0.0,8.40231424339865,1.081371333763201,5.083991912491172,12.966456781742153,0.0,0.9840167990782049,0.0,0.0,0.18339651103582355,0.0,10.127743595335744,0.0,3.283640544812698,0.0,9.474676062514249,12.642551852918814,18.916607367888616,4.7890456068566465,0.0,7.74798478822305,2.699763532247516,3.1172443602324336,11.591528853810303,7.7305549533398334,0.9829122199720359,38.410874300248075,2.978806906785792,2.5369590324520743,6.137279933845093,0.20812215584777505,0.9021623333601667,3.668733877766158,3.85482464128512,4.217742337842935,2.4993736358473626,10.720719107582653,6.879632498144929,0.0,7.4628586212276105,2.4519700292856044,0.0,8.671957321001017,11.572556643472083,19.205545660820363,15.23637081252329,0.0,0.0,7.433458787905863,0.0,13.124593130681973,8.313969868771323,8.510430527898919,2.6325839284682218,10.841289472448295,16.153048669029943,0.0,31.897715990360368,2.4823085250831696,0.0,0.09780670346302145,1.3915849350641452,1.455079994555902,27.873808384482203,6.700514873274159,8.739999297088005,2.278921929449936,0.0,25.702193043460028,0.0,0.0,10.994510751489429,0.0,9.490349398324483,0.0,0.0,0.0,12.556573883370248,0.0,2.242100910710235,0.0,13.352512760975415,0.0,0.0,0.0,4.311825866967865,3.276438978552946,13.707379838141634,5.593677004419305,0.0,0.0
Chelerythrine Chloride,7.265774133146067,3.326288902145393,0.0,2.387497135613998,6.439722522968793,0.0,0.0,0.7720487100828564,6.7832208105481016,0.0,1.5012439639256598,0.0,3.3962447379255565,0.0,0.0,0.7530763186303204,6.515886673258478,1.9957221554562068,1.34394148429746,0.0,6.821868924667029,5.598125250977773,9.24277274164811,2.9908597523866263,1.429470196718853,31.183891736128047,9.218620074900741,5.269938083885549,8.463789943936746,18.609031565894455,0.0,0.0,0.0,0.49343698880501563,1.0716959209449328,9.607771609658386,4.1161090207671975,0.09112694467910387,0.0,1.8398462562787756,10.340239995735573,15.569251739051879,14.86101739250924,11.06983331040422,8.307141681388885,12.49627165601379,1.2449011787309132,13.84885019751519,4.30327956437381,0.0,5.403553043776881,8.147674005276272,4.444897955774621,3.6453650040907064,5.559950124750458,3.548399914595052,0.0,7.0732457586553465,9.345149287990267,0.0,3.222617685491173,7.4581490639074275,16.712765362872545,10.316902233007198,0.0,9.413868366409389,4.777476072836691,10.149607411582053,8.664277276495866,0.0,10.531307145718728,13.282980317591168,6.090123779380406,3.974642627221698,3.892625063466326,0.0,0.0,0.0,0.0,5.539372535575694,0.0,4.87016457153932,0.37547168197660596,1.7238419838243146,2.649619763623832,5.067309074035492,0.0,5.372416460595119,0.0,4.62742774639068,0.0,9.559591791207339,2.948669678162105,4.5600494890361745,8.267770969229844,0.0,0.0780049175606905,0.0,0.0,0.0,10.230063397165338,0.0,3.9569216389972723,0.0,0.8891413106417758,9.939623029580147,8.654577185933803,11.156036817211728,23.130109046875532,2.3802703110270897,1.0127531059216892,10.710879621032362,0.0,3.8961147455043914,3.4331763103624553,11.584795318081234,5.240192489836744,0.0,0.0,0.0,0.0,11.747010577756555,1.2001221405437832,0.0,15.074233213757779,0.0,7.42496807421756,3.38920229129144,4.075429553399061,6.744797000104427,2.5263604075115893,0.0,0.0,5.089979550786055,0.0,0.0,8.184095201438538,0.8195522126952568,11.500795465597378,0.0,0.0,10.21182623923417,0.0,0.0,0.0,10.730986943123298,11.019707318572102,0.0,17.856054579509248,7.27322372202832,0.0,0.02081889969231554,4.559310176386049,0.0,16.950974875321094,16.516843581368505,8.625111102703073,4.987924201881796,1.2974958599545232,0.6776838509379672,2.168369411156405,4.352462803949692,0.2112627029548264,0.0,10.441570109590174,2.532615182875503,5.026298419845574,0.0,4.727549883034499,1.8649201475282666,8.284376703172057,4.971765837843591,0.0,0.0,15.233727943212955,0.0,16.657187833246894,11.728762264925123,3.9165354628827345,1.1445654701258547,0.0,15.827961002549443,10.57060456123493,1.7842259381601053,0.0,8.672239724647284,0.0,1.3573161663813949,4.85035694465995,3.369788471992763,0.0,1.0755547436424138,3.0315924998163837,11.934833725243351,0.0,5.208553997552912,5.868847556813591,8.418935723509435,2.670165013041668,0.0,0.1868947481139429,0.42915032390922647,1.3216712693835575,0.0,3.4291620278334562,0.5333556807774755,22.58328204607983,3.863989927709639,8.908497753313156,0.0,0.0,6.5082082058454915,1.7764844287475796,9.558310428835767,5.174826686090995,2.956746898264413,0.0,0.4001923517244137,0.0,0.0,21.11315869243157,0.0,0.0,3.24646585317673,6.4451650603158726,0.0,12.782110422896267,1.663619301188973,0.022711406383109534,0.7460392540040743,0.14637128451323633,2.2730832168296615,9.866522700580134,1.154110360746131,2.35301440657409,31.321071777640697,0.0,6.6519541182648965,6.437730334473784,2.394661980878354,0.0,4.887337208484482,7.675571557260284,3.2820382345167047,2.963824846951013,0.0,13.635167578487511,0.5654373110102426,7.480512110564632,2.2104818456942326,0.0,0.0,5.360017884106838,13.876348345396963,8.904220947879992,0.0,0.8869250673689635,4.031487691876009,4.473202659366422,12.603261146886666,1.1167296001995624,14.006316795048576,4.712390900635214,0.0,0.0,2.6918805742000274,1.2240029275027666,0.0,0.0,9.198031356880122,1.1621408864973972,0.02415954521765684,0.0,4.9707714280517195,3.9384994161984253,3.8357948984872507,0.0,28.394467951574995,2.817828326755489,0.0,10.189480176312273,0.0,4.7533799234602725,0.0,0.0,0.0,4.054532609824804,0.0,4.3119771465513,0.0,8.036978629649084,0.0,0.0,0.0,1.5179314040599365,0.0,6.17905919046764,5.263957916892991,0.0,0.0
Chk2 Inhibitor II,3.8812468737988013,1.0789147226289089,0.0,2.092110696945568,4.138310932046153,0.0,0.0,0.0,7.490406235722446,0.0,1.242690777024393,0.0,2.3793222094879383,0.0,0.0,8.469981654297754,11.673570960461149,12.759052088303179,0.0,0.0,3.5008561129702116,8.925219648062466,13.065875690827482,5.849443613907312,0.7304573392290195,38.63319528697084,6.109503175767017,18.664067165493705,4.717962800099059,27.4967742266375,4.021103854843048,0.0,2.619124291521331,0.0,0.0,11.750915480210324,2.9031208277233844,0.0,0.0,17.342567138348016,8.391700447325292,18.30279581342168,19.946801687576894,10.42274449433252,9.534331928094375,7.594931514218828,4.495342701019965,13.169344265576143,12.109476049271763,0.0,0.0,9.670810902321165,4.062377514036569,2.1679636691052053,13.578018577591621,98.55947739155276,0.0,6.02053251484412,3.854587058885514,1.1230233108327923,3.8668238696495223,6.904755529755803,16.083277434513008,5.042788275708432,3.75865681568456,12.425001623834902,9.39517424041152,9.81794139690868,0.0,0.0,31.502740273246076,14.037285622852494,13.490101059656794,1.7591210405293936,8.308797624053767,1.4731661685942612,3.4135768891897555,0.9041317521718497,1.4481850385958808,4.7645584527306255,6.380643354047734,0.0,18.314198971311725,3.017016354871828,1.9864878738647747,5.480762703255465,4.482794562622814,5.62565931611141,0.0,3.9116741123627037,0.0,8.147840997497894,0.0,0.0,9.258939803045806,1.5792024081843152,0.8326838860593426,0.0,0.0,0.5261349894592797,8.119015817263318,3.355021398728695,6.037314147509363,0.6852577567981655,4.043163182495874,15.02481964224637,10.303183936918217,14.256377956052717,51.510853505789854,0.0,3.7986820682802147,7.701635856349753,0.0,18.78925681526856,4.15836987985503,9.530340887417225,4.67701034455051,0.0,0.0,0.0,0.0,1.6138940299115347,1.4085114854536869,1.6230309886541932,44.06375820395131,1.2743202866206502,4.532811328565913,1.234589257098662,5.909917821089834,1.9009354502470615,3.6035618303410786,0.0,0.0,3.2444866193242206,0.0,4.78590203297972,5.645609159215667,0.0,2.5545459740042986,0.0,0.0,4.884282492949893,0.0,5.304716918457984,0.0,15.1410301400756,11.008545831364984,0.0,12.191873576404419,9.364319122873752,17.855678970599044,5.186394482554675,14.24911631728061,3.6771578393508264,14.675321669371328,26.500868517446847,8.427470734430614,6.193848193799482,0.0,0.4545338992091956,4.791007403281441,10.868290449924501,0.0,3.3216902561153177,3.7822535399603936,23.536047814405094,3.1772443288018906,0.5135108859252284,3.6897149621919425,4.800788651004439,7.5981784762587665,5.3631417240827375,3.5225155266593475,17.58856487264623,15.718906805435125,0.0,2.4411747164115525,19.950143062244607,7.645802295933976,1.2074977956522446,0.0,13.252027635689643,15.595798547596274,16.050393325004066,0.0,10.183271833559758,0.0,0.06226365979938464,3.115880211893,6.609177726852678,3.962056848367837,4.7065877427695,0.0,10.676807972645648,0.0,10.792146179335774,5.121603617221638,12.79087172336807,0.0,0.0,0.0,2.737694786742452,0.0,0.0,2.612504714972488,16.38326726017729,26.7475234521293,7.886767078975936,5.063836125368994,0.0,0.4651114356395709,0.0,3.196463276806554,11.352925607190883,9.110979219011341,4.2834120654618175,0.0,0.0,0.0,0.0,23.93596859997595,0.4219946720935468,2.4308691423395317,0.0,7.919055264482012,6.623935429549022,17.019615936410858,2.8975779454441977,0.6772465021287815,4.041217778423118,6.4806668087045125,0.0,12.266696554347973,0.0,3.4580272193123847,32.46263980860442,0.0,8.264114451465787,4.034164026306371,1.4006355592528905,0.0,3.3767535295889672,0.0,8.761002363742605,6.8244449599463906,22.016215445021572,12.697162897071067,1.5578905384365385,2.9481599029873564,0.0,0.0,11.411794604992323,25.5999110661526,51.46770350645091,39.33170616344485,0.0,13.102711610423285,10.559136731663571,0.0,11.688762353833937,11.531640806144836,16.900866916687775,0.0,3.2538953482761883,3.9213180023953385,4.608009607459962,1.9685594443870258,0.0,0.0,4.796504832189015,0.0,0.0,0.0,2.1568822214911023,4.33122624970909,8.371662618308449,0.0,27.90916166948176,6.557458572585318,0.0,13.440664962258083,5.692749966252009,7.706461773076711,0.0,15.018606039221964,0.0,18.802901018353154,1.851838946812265,2.1950532131720593,0.0,6.805257120913538,0.0,0.0,0.0,4.393946843377364,2.3687404167658315,5.0379766829629915,4.318303486766794,0.0,2.5581371526197643
Compound 52,26.707107206486484,39.273515109462394,29.190666805606156,0.0,7.560914980985018,0.11518306248882482,8.21349448863819,0.0,19.714969411263255,0.0,2.3205466868076883,0.0,32.693386384214705,0.0,0.0,0.0,7.942170358759,8.731597385687877,8.847162429455182,7.484922741253911,2.990117132855744,9.819767178836685,6.850976454355518,4.976360439838999,13.673823624562345,23.718369473325254,10.323267544488942,16.12606043399336,31.135128921488487,28.757153232910795,0.0,1.9417782308415497,1.2560628452879001,0.8629426021520885,4.131088570418541,15.797482024175821,0.0,0.0,11.830339529416932,31.789473004996992,21.54341889953767,53.44546557159195,57.99230900068515,62.84974446111217,23.083211566659273,23.047611686172786,6.700447334973603,73.75583321232679,77.29138840924486,4.512784193187841,10.305388066597146,21.49661036328419,13.110077637220996,12.628372967777054,12.896923947921124,21.45423218315213,37.65037274347097,51.48970372122062,34.62127058776589,83.96884654882726,79.39233727174576,93.10565490853949,16.243904222965753,8.228506469508787,22.068466895257814,74.98513790436132,22.244999270613732,63.938375058865745,7.835095367764694,1.8094493180592508,6.672381629941839,21.15150528629073,7.201289747504063,2.2496952792559455,6.745393653357482,1.476673185057578,3.2180268951554467,11.374319184527053,21.17638673958953,6.143281363466514,2.765172377877434,8.814171907656885,8.46805642054423,5.944864332569381,6.675992200842643,9.663776355980389,12.524132661688554,8.278548947706014,0.0,12.943333210449481,1.809280253129728,23.1407016582815,10.151978930844948,0.0,17.98063900899521,3.814160036377956,0.0,0.0,0.0,31.140635845138647,20.480768200550898,33.78133509146534,15.840926195402801,5.518738980733019,4.907310026958726,13.489168338890408,38.45206372571693,6.646483954826863,84.87023131325412,7.405224346761372,5.241996447341762,5.7683162100873915,39.56393821999482,12.38980908268411,4.027788503776804,9.503451296306878,6.508196089063489,0.6474262645496083,11.24267210282592,11.272053943646114,0.0,4.020233490401992,5.300631619411945,22.040841555475097,24.516405610493663,0.1738043416790731,6.732290389248391,0.08786362827251537,5.359103962687499,9.963306801338604,3.936057470923231,0.0,2.431508216701758,2.7281910633243314,0.0,4.797765245597645,17.541676073529914,3.989728272743136,0.0,0.0,75.32267087504736,5.207950587862683,0.0,0.0,0.0,18.524714331414913,15.125323803023619,0.0,23.9278134235701,13.095980205526303,27.16614343067633,19.750604718473426,5.421229256282942,1.0921096556517398,8.982382010089196,31.419065586344544,12.368499665487732,1.2844215423043295,7.653471500980913,11.908219110213452,7.21603300975103,2.4195023370631645,2.375195756613323,2.6065382089525713,40.30138328246984,13.690598985191343,11.076597597584907,12.179686221216798,3.7391043242209037,72.76027071539195,9.662213323614338,48.95484392545477,1.2969605458698794,5.2104384165437665,16.108286424350865,0.0,13.003203861170931,16.24750453480692,52.287194313132794,6.922516303318957,5.444898956383753,12.319246742000814,12.12101814378002,41.39559854339292,0.0,9.649228292917144,0.0,2.404827262261989,7.410158568826958,10.901191345483596,0.0,6.148017537932219,18.899957726102315,2.63574763883409,0.0,2.2502636250740125,9.282360272123839,7.752661546090025,1.0395876428871134,0.0,6.732470670965597,3.0371388050133703,2.86395806615414,0.0,3.323122232790226,0.0,19.61163596155197,0.0,7.3446983212988926,0.0,3.5602608699192615,5.271339155375358,3.2255977085116996,24.22291758847993,6.8193729606242925,6.114826229298217,3.034284890451815,9.642658386631027,0.5281429462396403,0.0,21.35156025013208,0.0,0.3237803486135249,10.87856648289636,6.3688370721714875,0.563752142103823,6.441154851026539,0.0,0.8235890756995161,11.583421351902942,8.55242626039822,2.246015121879765,11.894508852137307,7.8231014315423835,1.8557970729833926,17.32298276086621,0.0,9.233142689013675,55.90123351873063,4.147825445717785,51.467115376561274,3.560852482338106,15.02986317320088,0.0,17.089578527403944,15.726712544392527,3.0448981720949746,0.0,2.47226775064334,0.0,0.0,30.851519210178964,39.90168128251723,37.94621888915462,25.220586435190825,0.0,2.610572728521092,2.9484127789405505,0.0,15.160878833653783,10.186174049742206,14.861686356898105,38.253733338436305,62.94632583336433,10.16239586166455,8.12467733633656,7.1273375692254035,31.945529643747278,0.0,0.0,14.869306926798714,7.291791279157351,5.5556635878993745,2.8094851757491313,8.227520815346097,10.752989822490562,0.0,29.795050495443235,2.640002872142972,0.0,1.7646385586938607,33.88540106690263,69.3442780450889,0.0,17.47379482250662,21.889752111847287,14.71884773254861,0.0,7.332704918011771,22.410105294275127,10.975056289596921,0.0,3.6635519442791633,1.060161788068072,6.403653172916705,22.320351714195,66.33614879255731,3.3811621259728497,1.7078237921287922,0.0
Compound 56,35.66985105387745,47.91333508023186,41.22036900802936,0.0,12.373047179600363,0.0,14.20915531180151,0.0,2.8632957698797696,0.0,3.075623996736141,0.0,6.003275865816363,0.0,0.0,8.070736811789288,16.29964976123101,10.050872696296636,25.10582790205055,4.545502011754365,2.9269605390051936,72.33483832777348,13.930272146471196,5.975928190192832,27.348825068900823,25.580818230065944,12.904377341324349,21.40626149754719,25.189191585600838,20.136780776647427,0.0,0.0,2.7785348545293402,0.0,1.2078516981692644,12.984353262662466,3.4825456936566326,1.2778278746666558,11.770915668117738,0.0,5.327350526416097,19.196762471339127,8.058134462412198,5.597971375744109,4.788309351950346,5.7523204247279835,2.211458852835719,10.533829940964665,0.8179068216628025,0.0,0.0,6.998969274591531,0.0,1.5246266594185727,0.0,7.968853916728818,1.4370617376734884,0.0,6.177943178989793,0.0,0.0,1.3322381691333476,4.067194785232431,6.178069877398627,2.8440510992619465,7.445089016208158,14.66060271631035,16.93840287306547,0.0,5.973982382525904,9.511789428115378,22.611256180842915,0.0,0.487079576601559,0.0,0.0,1.0871825303229343,1.251785002544679,0.0,11.247965802077587,1.5405034881824946,3.0660641426715642,97.98481501557599,15.255943803168464,19.720180869101796,16.69482310103541,24.87260672257645,30.499573913720127,0.0,41.49070727962436,12.685601284737231,26.162616637578438,22.962453524829982,0.32112138316695393,56.97741057009585,86.17002901391635,65.68831261143451,0.0,0.0,0.0,9.252830448250819,3.214096974331895,9.071967526020813,3.730152873561991,0.0,12.890777809396951,38.129226813566234,15.004754665767251,71.02887679102159,11.877573739474656,12.399664132640197,14.120787602657686,21.14261318277326,8.516851482690612,4.553768080876722,6.1549828859014895,3.8337005223985017,0.0,3.953823797184583,0.0,0.0,3.2085812293484395,9.427049738380205,40.63308096874478,32.955766227457275,0.0,3.233818203075657,0.0,10.108976083288354,0.0,0.0,0.0,1.255669999435213,1.331671490144231,4.939895334857312,0.0,11.234255660346903,0.0,0.0,0.9816257906764747,0.0,9.295812468789165,1.4518067755461743,0.0,7.961453780917779,52.31848381768813,47.11008701105681,0.0,12.030484837782552,69.54485639795683,21.33730843278812,67.945570715218,50.45619990902698,0.0,12.573523122441856,28.38837590666384,9.673649347791027,5.523826717516101,1.239407219052282,0.7944049150405021,3.9365522368121333,4.48048152491387,0.0,7.112820193555791,11.944512526648936,22.16861622906734,7.3716377528759836,10.633276637651107,6.4592930155342,3.8836651630781347,6.755483709602316,7.026500537089788,53.95805607459306,65.74654367111062,14.600491695566774,0.0,4.195841393905567,4.5737780687223335,6.490114513765235,1.4793867341627873,0.4573368759294283,2.4301916224072215,5.086035719781648,7.43672609502903,0.0,0.7908920757851945,0.0,1.2584773042287338,0.0,15.233473613490133,0.0,1.4407531228468713,3.2740115214125183,6.638937114178077,4.067718154053381,0.0,12.477912259292651,10.972293803745771,3.261964285421726,0.0,4.1624424977386525,0.0,4.770887095718464,0.0,2.4296633395548355,0.0,0.8761901899453761,0.0,7.710960510256768,0.0,15.274246016844941,5.201224951920111,3.1830971116878857,15.842255555267883,0.0,7.945132929358067,1.1149841340234161,0.0,1.1193109026715717,0.0,14.712801429360809,0.01576583957630362,1.4180539679817343,0.0,5.508970999659738,5.1252557201841,17.00481829629956,0.0,4.598358305856607,4.600471628185645,10.788235349142525,2.2402043333864725,13.101499070168984,3.334445777950137,4.038242113258434,16.109113387481756,0.0,9.979611635743439,6.372114737358459,0.16917018315831456,2.8541857190191706,0.2197449275572012,4.2117683964387,8.399109544342139,60.71185247555093,60.219594195789014,0.0,1.2372746900436482,8.234032978455247,0.0,0.0,17.17198498229925,10.092638755570448,25.471843375789092,6.663270478627055,0.0,0.0,3.30938391383593,0.0,35.21621575509856,10.265373442988306,14.30385317166504,0.0,4.414411271696679,1.57367285280732,7.13986917618935,9.873197179316762,6.140748707723645,0.0,0.0,4.404816712440663,0.0,0.06256369150901264,0.0,3.827971554762115,14.62593170591056,0.0,16.629036321834874,3.5533839375745515,0.0,10.377199479126006,0.0,8.515401047834189,0.0,8.789544146146127,19.75186936096179,30.294330935700273,0.0,7.836173368826451,1.199652256785015,17.1508777813375,0.0,0.0,2.1320345246965644,4.195668586924299,3.46180735533855,56.83182411071816,10.218342140408367,0.0,0.0
Cdk2 Inhibitor III,4.381466398638736,0.0,0.0,0.0,10.113317570040508,0.0,1.0248939950875808,0.0,14.081861711018334,0.0,3.408444295139816,7.3138616171339095,5.153324116141732,0.0,0.0,0.0,10.131342277275522,2.207017326172746,0.9724018944816777,2.019181770216761,1.6340959375228152,9.495889738019144,6.915797672409127,3.5599159005345626,1.1972369371427192,23.65840938668522,9.230152343380908,26.832125929263867,9.572275694767399,9.842152933179023,0.0,0.0,0.9644492333801793,0.0,0.0,9.742802561644623,3.492283034065167,4.699550198304593,13.21934089919057,5.636406023844103,14.160922177183465,46.37207684624834,67.79412104765265,56.386501418377996,24.336562397778167,10.419949273198469,9.032137426144857,53.517801947168266,59.318902215841106,0.0,0.7572789554150177,11.892614679880808,39.379618365532224,38.43092150182257,0.0,18.28886928303865,16.180558308827216,25.063715207384803,33.98806194637686,6.520511368015349,23.67026862065744,18.15860295815108,11.250749083327747,6.822101336655109,4.47005998223122,30.456920506078433,21.400218363548007,30.001530851727566,11.535836843621809,0.0,9.408512838817018,14.155928551914386,12.892689221832882,4.209466109034196,9.266054595724341,0.0,0.0,6.988205043224838,20.40399059903791,7.206119194163023,1.6846911477795885,0.0,2.4149526346768937,4.319385350563806,0.2925467144155647,0.0,5.5336958454999206,0.05242147473470027,0.0,5.07732021246477,10.35027615030478,3.3110000316752632,0.0,0.0,10.386519714621642,5.005270473570192,0.5058674033555377,0.0,0.0,4.345090405282008,4.3484835941235644,26.289914659694517,9.656939006280794,3.4722498653659386,0.490172712324636,6.7258668080520465,4.1708939063642845,9.33427618941441,20.978708663226115,8.71855953622466,6.0884054026657,0.0,1.047735116657364,11.856429498889767,2.314441224266801,5.510127027105568,3.041211602024987,0.0,6.021339333023121,0.0,0.0,2.3527896981732255,4.809251771668073,1.6990088216983281,3.612799440841627,0.0,6.195669133472052,0.5617870130187441,9.97827514600931,3.1306473273615154,5.793470959562171,0.0,0.0,0.0,0.0,0.0,10.739157870709903,0.0,0.0,3.557743967699878,0.0,0.0,4.2639009208594985,0.0,0.0,7.017260112367694,6.179897394182774,0.0,20.081877087790787,4.985143672420293,1.6239553064717853,0.0,0.0,0.0,8.549871072315298,20.82188091257686,7.8280907942812235,8.335587164022314,0.0,0.17832680630053233,3.3581534833506907,3.4484638295756866,3.414134238838713,0.0,27.726938498966405,4.396167042439345,6.097333219921495,3.9604773963506545,3.483688670743021,0.04342545893133831,7.644177790155084,0.0,0.0,7.113595418283012,5.002108072448621,17.38685600935338,3.297490146878374,3.4887352185653526,10.380404754728957,2.2249892425942903,1.5136726156300142,2.52801118330342,13.303214389430565,27.827155574642973,0.0,0.0,0.0,0.0,15.007502643700164,6.66592562732157,0.0,0.0,16.807714282149632,1.135813255693833,0.0,0.0,4.119339084042309,1.6795431566419552,1.8078286639052976,6.090530175579161,7.2854756619722565,3.8886030089006596,1.2152856124624236,0.0,1.3924329999060063,0.0,24.71885450707569,0.3611286596352272,3.1420115929161057,0.0,11.186997906989944,0.6007944605933346,3.2766852281927896,13.110854921926261,1.7223061633585104,1.2289261592864875,0.0,0.0,0.01702842222414347,0.0,8.828477060210957,0.0,4.6292006851655,0.0,4.926360042096661,5.6775349371612265,12.508994270817453,2.349199353945721,2.837720563886265,7.403528219814646,9.442206635880027,7.182585535444815,11.714756127656216,7.664221909982729,1.8016942254406132,4.300809332293994,2.36441727137111,9.078263735609923,7.324418708273981,1.7837368493351562,3.4830408235666823,2.657345779981412,4.151246611415985,1.0771944899679227,0.8943301988718702,12.990973567950391,0.0,5.464723343190869,7.367878748221926,0.0,0.0,13.139858711847069,23.110101209034752,20.58015696322485,2.695990172878737,0.0,0.19442086191349972,0.0,0.0,2.2462108027687293,4.075166460027276,9.992976707452044,1.479752174651395,7.879839642594476,0.0,8.734768972740767,12.67065902850537,9.816136573499008,0.0,2.849277736940877,0.4083553090251115,0.0,0.0,0.0,0.0,9.464224326299913,0.0,25.439739939846916,2.15085116629578,0.0,7.9024845486064805,0.0,4.306499429376402,1.424907836939795,14.478707462348979,0.0,8.325872419267853,0.0,4.513892819204372,4.467666269877341,7.086669536239981,0.0,2.087281401741933,0.0,7.236505803059131,5.449364232525312,0.42043832138026005,3.6627885555103745,2.082827703253571,2.906012369462559
"Cdk2 Inhibitor IV,                 NU6140",32.906153828352814,32.2162840308323,78.57887715029372,1.2491994825535073,7.957716933238487,0.0,25.0897619581105,0.0,1.1657802296021487,0.0,0.0,4.6138114880028525,96.33138014900247,3.058645231689269,96.96812070989502,69.87198304014022,79.26745002116748,19.150251702779585,39.14908394447262,57.09795060971584,3.1834279919826542,69.34645663897638,15.960883256772206,17.49846276445963,62.925904137464144,59.25676197247857,28.373645295736537,14.671949919736988,27.236677854444366,14.43691293650059,0.0,0.0,3.9001603181020528,0.0,2.4141516282167004,5.458947170624057,4.757445720542307,2.3169830446933872,3.187948311133482,2.539108774801008,4.775597331626699,37.58506307226311,44.201461559659485,23.450726872698525,9.64042244524147,17.999817456564003,40.795003466849835,22.80697978817389,22.919104925967147,47.09903881513003,52.78250747438077,12.395410270032784,27.353516922495686,11.234344825608616,33.94915627071927,28.651348321612176,0.0,0.0,4.389280906481105,31.498758479970633,40.22136266850032,38.337033132049,12.555779763971842,9.073565293766649,25.863841353539115,59.36113858950617,15.880482598089827,55.78367036747105,0.0,16.899400811346652,4.418504943644692,18.449687736188054,8.294271096300548,2.726721740041569,0.0,0.0,40.228780068371066,8.117310443656152,9.804150121572718,1.8452163451416368,2.4087546483003166,6.409545224123065,11.545910189385651,9.79419757351549,9.357113554218728,0.05347171210372892,13.297327556341742,5.044990652292853,0.0,27.158504574072566,7.915290099032205,24.62456988502646,6.333872747315041,0.5401936145877642,15.03207595260983,0.5949825974146137,9.048268888672993,0.0,0.0,23.100781774580895,57.95201529516524,36.79752312734348,27.150863948210457,23.383287642069917,33.09053551285007,5.641361958511283,45.841417294718084,16.01090011753257,89.66842602713028,74.0738257908468,94.2716112256856,0.0,37.443914382931474,40.32814935315578,7.407984396252189,7.301943633359684,7.0096230679965,1.2234415789728814,0.47037140499007535,0.0,19.652716889151236,15.040092570931535,5.852049919765236,36.93127345708206,14.114229613801527,0.0,7.572929997974455,3.615762811013866,3.5494353581938185,71.5909772911578,0.0,2.716588639122051,22.058208142680627,7.249056685486082,6.219547006822594,7.6359467431834815,19.192574943864145,42.65988918303166,48.21765980828407,95.78771612486115,93.60813874702008,48.94793321799003,39.17161155892539,0.0,23.502278368005875,22.021691291972644,60.219042981940134,64.84967308230397,14.84653065869739,42.697839829505924,97.79345340578672,21.802705146765845,10.328730509744943,0.8425900169872591,0.0,12.182929569994542,17.311546785934226,24.685632031776336,14.628781934745689,6.188177420243605,5.898810505590291,5.960079784897204,74.716670976515,52.71051201576558,23.702976972335932,11.520423720183771,6.889651926343305,8.39706329727008,5.306754398547298,96.19683758829844,84.80036554640265,94.44760504521639,2.494192168993834,10.69268786518478,9.277534786811913,0.6984295347618854,10.157981579210755,20.19437956050058,31.946768728623653,53.68876265377754,37.90618338562777,15.488237466758974,15.091468600171993,22.50762282654844,0.0,46.86586219260176,0.0,8.60893199863537,30.560530572861325,12.052723868801863,0.0,0.0,18.101846969912856,0.0,5.539607013548533,0.9543059177871669,5.258939636991045,14.466046309408199,4.677483936991962,0.5895843043252427,10.454708814692879,0.0,6.184107679551715,9.25486554045878,12.33277394396221,48.522251230619815,50.94595733861789,4.541579569146194,0.0,0.0,33.41458323481082,45.41656038474391,30.861332181040126,14.093196052321574,3.399775197616947,4.445192277811714,0.0,0.0,6.272308084247101,0.0,17.50773589031266,0.0,4.970545323286757,23.266617160439154,23.389206139206323,13.318619735396695,5.476897612745418,2.7551494960344485,37.35170763418449,33.49407609886971,2.1097458626552026,4.1854275511598615,32.98249519924829,10.216254883135548,3.874596602627605,19.96823567280805,21.113082677044844,8.155258029169815,8.584293964976581,1.7811402617652021,1.8999620756260072,6.6171140575505945,51.31101773597315,13.69425328269108,92.35249841925484,2.785635269383988,0.0,45.13772750753468,60.23655713865489,0.0,30.110469064719723,42.86474337249871,82.43131681225474,69.05091916872324,53.81192665377537,15.311354112640117,5.556821681910151,2.845131865014423,24.734402150983215,28.772462878695023,76.94898731773948,15.279599871915508,8.277581207368627,12.249196433338454,66.39098266740368,84.69650263859074,14.847884624249474,32.754338795123516,0.0,8.52531454947436,38.92679899729698,42.926039681229625,42.13789866535059,34.032638208612326,25.778966308939374,74.59659500021726,36.97463113956853,24.58390581189731,4.6207724562308385,0.0,18.582464069842786,45.6812739837781,67.72904959263158,12.575980763137636,52.1749923528959,53.978791537660484,33.91652612953857,95.04247557218287,9.569344979524516,22.28658442754046,15.091217169552209,0.0,6.9054704550210175,0.0,11.413083767872052,19.403203587989424,84.62094245115085,8.61319960098902,6.033883695716838,1.5989786009939735
DNA-PK Inhibitor II,0.0,0.0,0.0,0.0,1.051498144192081,1.7167981933193062,0.0,0.0,0.0,0.0,1.5124699643999975,7.982684635005327,9.906930940803534,1.7584851842057674,2.0188876190493943,2.4456128651303857,0.0,1.8883280761211694,0.0,7.326686283064532,4.305016543592785,0.0,0.0,7.3827271137026,0.0,0.0,3.6407675816646616,0.0,0.6534387232302663,0.0,2.6304576235561967,8.94007258089384,0.0,0.568598100737475,1.8842898612452075,0.07295104320778023,4.476927344482419,6.023405491770006,0.0,0.0,0.0,14.495096022623088,0.0,0.0,0.0,4.415878639452416,3.2255585832337488,1.0588874560405088,3.2874207146614225,0.0,4.883295609536788,1.8216371337422572,0.14343517894531033,0.9191033904598669,0.0,0.0,0.0,2.0991543800472243,7.47191579026898,0.0,0.0,1.851580675073535,29.129388915442547,21.425101681709933,1.695874840566887,0.0,18.921329925285434,0.0,1.6894315769925754,0.0,9.340652275109278,9.133126886190425,0.0,0.0,0.0,0.0,5.4118965091172555,20.955307775781137,9.48524584298005,11.120766463974718,3.974153753912617,8.12801639415126,3.848414599104956,5.814015346029535,0.0,0.0,5.556218621369879,0.0,0.0,1.3626154544060114,0.0,0.0,15.01483800644742,10.037772806811432,3.6644238624333525,0.0,0.0,0.0,0.0,0.0,8.791588884002891,0.0,7.9068964034489255,0.0,1.8357821355947834,0.0,5.428837334911577,4.488265344768507,0.0,0.0,0.0,1.1679780111424236,0.0,0.0,1.1167984252642214,0.0,0.0,0.0,6.1918460412505,0.0,2.918482285929656,0.0,14.411290781458192,0.0,10.652699252149489,0.0,0.0,0.0,0.0,0.0,6.62885224891771,0.0,0.0,7.65136349915619,0.0,0.0,2.6251360938580746,0.0,0.0,5.097486505164198,0.0,2.829714358443127,0.0,26.151372986859087,13.194281364055485,0.0,0.8033618957005046,1.9576808146038331,0.0,3.1231980756057567,3.0653510551676106,0.0,0.0,1.6561276189571856,0.0,1.5965026461875453,0.4863939539274895,0.0,0.0,0.0,0.7265514593064353,0.00976269936958829,0.0,0.0,0.0,4.034890018476318,5.872098094454657,7.703517742686287,2.2581303091088074,0.0,0.0,0.7911252760247862,4.970890819050084,11.498615572843136,12.395941455503134,1.6647625078246904,0.0,0.5664343409585797,0.0,0.5288807058646228,0.933757314213949,0.0,6.830115294345134,24.39769323546541,0.0,0.0,0.8891488690151306,5.229827943355076,0.0,2.6102017169870066,7.525441496558642,3.3759739607750134,0.0,18.807770536368764,0.0,0.0,3.307130082862841,2.054780402021862,0.17412077216633293,2.552781643897987,0.7019206181300461,0.3926365294611287,6.464591142656673,0.0,0.0,0.0,0.0,8.022965747099335,5.074636986824302,0.0,16.056806022887187,0.0,0.0,1.8046408594597807,0.17710278071955088,45.228206052547776,21.233107692044342,4.588587835358126,0.0,0.0,10.788119219067369,6.614955745936541,0.054945200079032475,4.883228329381524,10.40854420074021,5.300842217840753,0.0,4.508344945770489,0.0,1.1893403789413526,9.380538389589617,0.0,0.0,5.408270406296808,15.466861818926773,0.0,0.0,6.763248384219864,31.603867511866426,0.0,36.04604147752157,3.4067828355545657,5.7101455652451705,2.111771299225751,0.16886374768262158,0.0,0.0,5.808500537281148,4.146900871048274,0.0,2.9580766113025447,8.002750273769294,0.0,1.1930603317682653,4.585724416872566,1.954753921732589,0.0,0.0,0.0,0.0,0.0,2.9161423425112787,9.111203020698639,0.0,0.9546271441205505,0.0,5.234939676319954,2.4556757009162595,0.0,4.271746276130443,6.978383157192383,1.7162963291818585,2.520625241143506,0.0,1.2779249307679947,0.0,0.0,0.0,5.598572177951041,0.0,3.5579914449818943,5.988944266928328,0.0,0.0,0.0,1.1401808136846938,0.0,0.0,2.7364336786247065,3.8609045728026103,5.090789515153986,0.0,6.708347118622612,0.0,0.0,2.5294667644506603,1.3429238250164275,2.0057595693762664,0.0,5.43408835068314
DNA-PK Inhibitor III,1.0763892254818757,0.0,0.0,0.0,3.7660159094183143,0.0,0.0,0.0,0.0,0.0,3.380602399722278,6.421275817741389,7.21676437109943,0.6194014594166504,0.0,8.55038140370084,0.0,3.69598806097423,0.0,9.382565958076441,6.149553728571732,0.0,2.4061676414219875,0.0,0.0,0.0,0.0,0.0,0.0,0.0,0.0,3.1122994091289513,0.0,0.0,0.0,0.0,9.786671429259371,7.0326729671868975,0.0,0.0,0.18684964461471054,13.158816179737997,0.7480535000453585,5.197030323642707,0.0,5.569286367388486,3.627868638956471,0.25937880655077095,2.881862489187114,0.674192771867709,2.5641243093093493,0.0,0.0,0.0,0.0,0.0,0.0,0.0,3.770553093098016,8.156629465448418,0.0,0.0,0.0,1.2251599067496954,0.0,0.0,0.0,0.0,0.5959224040275899,0.9290155270677758,7.933722258523929,7.190671034113279,0.0,0.0,0.0,0.0,4.118008377745809,1.9775101505622104,0.058880147405261596,0.0,6.127772053654752,4.412290382068321,2.5924597169213826,6.043686491776853,0.0,0.0,0.0,0.0,0.0,4.519629596233457,0.0,0.0,17.492680120396642,7.684600394115506,2.3833358563778546,1.8498258970229386,0.0,0.0,2.4198233705892136,0.0,9.608332687078132,0.0,8.636397689059748,0.0,0.0,0.0,4.391408981683213,2.9123920353901838,0.0,0.0,0.0,8.38434233192946,0.0,0.0,1.0375825865515935,10.874261604501385,0.0,0.0,0.0,0.0,0.0,0.0,20.43669317382131,0.0,3.060767561752016,6.132403164112219,0.0,0.0,0.0,0.0,3.7902463348829087,0.0,0.0,6.009219365469448,0.0,0.0,3.2614126418634015,2.9613754112595956,0.0,6.383650737241425,0.0,3.18464368882006,0.0,21.56665708034646,2.331122590332086,0.0,0.0,6.3696466124073226,0.0,0.0,3.900733307093276,0.0,1.1667031218923256,0.0,0.0,3.0534491375988893,3.304749356795952,0.0,0.0,0.6008230974956064,4.79556779756814,0.2430502973463149,0.0,0.0,0.0,5.719266063737791,5.790741397935136,8.860717164038107,1.3682471621993102,0.0,0.0,5.18733846469182,0.0,9.34637507861325,0.0,12.832567926172032,0.0,0.0,0.0,0.0,1.1011932080019164,0.9588865271309146,0.4822437269126425,6.081540680951207,0.0,0.0,1.4426043016040069,18.6838898530836,0.0,0.0,3.4996873656891268,0.0,6.077720023835653,17.366834128526804,4.4370222529339,0.0,2.9124568282747703,0.20479072325994707,0.0,21.28709425563494,4.839485162540996,0.0,6.282341159609942,1.1882690077688665,6.05130892056701,0.0,0.0,6.342241256084137,4.972988006327967,0.0,5.2940908268868725,0.0,0.0,3.4594403441514316,1.9283271042011592,2.847426491631083,0.0,0.0,0.0,0.0,26.63599534330723,3.7329073275756173,2.1471539039509366,2.5928998916404,6.559100342329941,0.6834161729397863,1.3201669519483374,3.7447984577937348,0.0,1.5952614070934175,0.47500836272000413,0.0,2.578772804915417,0.0,15.905268303031107,0.0,0.0,5.182932249997947,5.694662094184238,0.0,1.9097539483262977,0.0,0.0,3.8300337537834537,0.0,0.0,4.688903896920493,7.058502851052893,5.299249313007181,0.0,0.0,7.55742838429623,0.0,1.3591932642653717,4.872423649266608,2.79366969803408,0.0,0.0,12.980445030887097,0.0,0.0,5.2884837215851235,9.270846154445053,1.4070821624603411,0.0,0.0,9.117562374283892,0.0,0.0,9.073747508420837,7.370383600356405,1.4220209575146896,0.5553941706246377,0.0,1.5980876895005167,0.9496824134908906,0.0,0.0,0.0,0.0,2.7762309202667836,7.931964184679998,0.0,0.0,0.0,0.0,0.0,0.0,10.854719283008478,5.158406418098124,0.0,0.0,1.9303376124199474,2.4940994781217114,0.0,0.0,0.0,2.194098791084002,0.4941189320962991,1.892888983910865
DNA-PK Inhibitor V,0.0,0.0,0.0,0.0,2.0666402518496056,0.0,0.0,0.0,0.0,0.0,5.704959864412473,6.680924495315367,5.086507311808873,2.2410985740820166,0.0,4.4817582356004095,0.0,4.916000266273983,0.0,9.624206494322507,2.4599702320824264,1.752514592902216,0.0,4.482178057776537,0.0,3.7730940204556305,5.489326887983921,0.0,2.2496903908423747,2.538535813986428,0.0,0.8864980663935711,3.875108339452879,0.0,0.0,4.933963244617331,5.95623658374096,5.286288186044743,0.0,0.0,0.0,7.711147152076137,0.6973717402672435,0.37930624973435556,0.0,3.860560592968838,3.8310721994619144,1.1715496313019287,2.9683868236296433,2.1634395910695474,2.270493839501995,0.0,2.2405650231493013,2.0931727104059803,0.0,0.0,0.0,0.0,2.2851507463830387,0.0,3.8655302531004168,1.1538722871394356,8.907782276944573,3.205041456948635,0.0,0.0,9.791304675661564,0.0,0.3906399098231219,0.0,7.484895999810277,7.545594029691159,0.0,0.0,0.0,1.0533116285168944,2.1372105951967058,0.0,0.0,3.2035511407624,1.1165356501045096,5.060177408034875,5.122782807904613,10.92202630638603,0.0,0.0,0.0,0.0,0.0,1.6495237485821974,0.0,0.0,5.108908774966039,7.794347880335778,0.0,5.167849756061528,0.0,0.0,3.311281295706948,0.0,5.844333988760383,4.7986915999910025,4.137549762300537,0.8940601219915152,0.0,0.0,0.0,2.5759054662195524,9.41776926755,0.0,0.32352691015741186,0.0,0.0,0.0,0.3966175315214855,0.0,0.0,0.0,0.5503673548766983,0.4193689423977389,0.0,0.0,1.5210610705837837,0.0,13.59779913566716,0.0,0.0,1.880665360654433,0.4716328126342262,0.0,0.0,0.0,0.0,7.1443906163079305,0.0,0.0,2.408176805596028,0.517013651043257,0.0,5.909246000131418,0.0,0.531184401297736,1.1245926867015328,24.74816891916109,3.2178107392870743,0.0,0.0,16.107032052400626,0.0,2.124509327185521,4.582103918926833,0.0,0.0,0.0,0.0,0.22089923497919983,2.394330171025956,0.0,0.0,0.0,1.9319639664458208,0.0,0.0,2.15830590312126,0.0,8.939963726583954,6.495424870494645,8.210941753020833,0.9102751830251918,0.0,0.0,6.83062975338045,0.0,9.382488098425057,4.536924376019414,9.070827859331104,0.0,0.0,0.0,0.0,0.0,11.037791653392091,0.0,0.0,0.0,0.0,2.3264345858894444,0.0,4.431465908371109,2.2761285853570428,5.025444885742161,0.0,0.0,24.869190692147697,2.685563766041753,0.0,3.711522170990122,0.6780556477746558,0.0,0.0,4.652691408106492,0.0,8.208664428406223,0.0,0.550134703233141,0.0,0.7757506144536421,6.357858529521167,5.688802984484823,0.0,8.148204911289724,3.5412706325545003,0.0,2.5875519769251127,0.0,0.0,0.0,1.080563803124008,1.701818601470933,0.0,15.76400996525254,9.893382955830702,0.7588053484151374,1.2438004581288737,7.6737506064189915,29.95425302923927,4.4152977233842705,1.7163930027363392,0.0,3.858094711333422,7.4935736109532485,15.011884967767912,0.8839389324744218,3.633418595068946,13.193470690026686,0.0,0.0,3.16980536851986,0.0,0.0,0.9466117594981824,0.0,0.0,4.080398221619021,2.226930791219445,5.036912752258814,13.812920725851,6.6031609791245955,4.019377874314614,0.0,3.9748108580353403,3.818943701427017,0.0,0.0,0.0,0.0,0.0,0.0,0.0,0.0,0.0,6.085791881960262,5.7524695444163,0.0,0.0,0.0,0.0,0.0,0.0,5.183840946037648,3.404690636881355,0.0,0.0,0.0,1.001285953068077,0.0,0.0,0.0,0.0,0.0,0.9712215646272568,7.334964438235318,6.265550420268269,0.0,0.0,1.5256299793631314,0.0,0.0,0.0,1.116625604670034,3.3138506787570634,0.0,10.299990120175892,5.811157398955899,0.0,0.0,0.0,4.967333840935979,4.1357933835598,0.0
Diacylglycerol Kinase Inhibitor II,0.0,0.0,0.0,1.6757104324271666,0.0,0.5767175245086662,0.0,0.0,0.0,0.0,3.7513723335202656,5.515212809746572,0.0,1.9136025385995765,0.0,0.0,0.6269188602215365,8.289175454467397,0.0,14.538935808730969,1.8792732531250067,0.0,1.6740850027295835,0.2004843811311332,0.0,0.0,3.022321243954977,0.0,0.0,1.4064751170839145,0.0,3.185198431394028,0.0,0.0,0.0,2.147281435233751,2.143310478843972,5.287563137617013,0.0,0.0,3.1939736483174954,16.956284277811477,0.13378272511016576,2.7032900139959537,0.0,0.3893975856748568,1.0449928788266476,6.512433426059346,0.0,1.2871292341820038,1.7704952873991715,0.35456403813218174,0.0,0.0,0.0,0.0,0.0,0.0,0.0,7.465602630323318,1.4054565206424599,2.933090265493547,2.0567746227508508,2.301282908286737,0.0,12.2288480966522,0.0,0.0,0.0,0.0,7.0503673404992355,6.245825907685415,0.0,0.0,2.410463430720938,0.0,0.0,0.05349455630152988,2.87849174635177,4.554144365044564,0.0,2.4739207138590444,0.0,0.0,0.0,0.0,0.5707021583944538,0.0,0.0,3.1298826163710203,0.0,0.0,7.937577391028299,7.189788198578498,2.854481367999057,1.1891714045343917,12.599079160694941,0.0,0.0,0.0,4.795163330849192,5.089736095085897,0.0,0.0,0.7312108018891195,0.0,4.551984569839618,4.776515028083054,0.0,0.0,0.0,0.0,0.0,0.0,0.0,0.0,0.0,0.0,0.0,0.0,0.0,0.0,4.648521507868836,0.0,0.23765932918456656,0.0,0.0,2.34225034069172,1.638634369410056,0.0,4.995131581371652,0.5055035980529397,0.0,5.694111352329713,0.0,0.0,1.7188469105358024,2.8792364942591178,0.0,8.01617583583861,0.0,1.0746735821524567,3.0354111404433013,23.754034789706196,6.8797965559649015,1.2118148556307347,0.5370930636076992,1.5528982302936782,0.0,3.8097844993669128,6.125630430827073,0.0,0.0,0.0,0.0,0.0,0.30607993430692204,0.0,0.0,0.0,2.5189249098258415,0.0,0.38687860676984087,0.0,0.0,5.619131971147567,0.0,3.83204619078478,0.06576445117420349,0.0,0.41391389103793585,4.845216832022345,0.0,10.528261615655381,2.338182774027331,0.0,0.0,0.0,0.0,0.0,0.0,6.576743442317962,8.421646038547465,6.413448910765766,0.0,0.0,6.0127064011519735,0.0,5.973252357623295,0.8720302462114518,3.7739435782219743,0.0,2.9591556743456096,24.266198744473314,0.5482638362051944,0.0,0.9624651221566296,0.7363651377309566,0.0,1.0455655614481998,2.0890751411286033,0.0,5.428952492035904,0.0,5.354158415225456,0.0,2.6388293574235036,1.6101474573218297,1.0049503701543756,0.0,2.991049473624628,0.0,0.8034407247514537,0.0,0.0,0.0,0.0,0.0,0.0,0.0,26.873846359553653,4.034013063555079,1.8430225178762782,4.345695718457563,0.0,0.0,0.0,3.747919413058554,0.0,0.0,7.7746311386203075,0.0,1.1146663967552684,0.0,4.281429236650496,0.0,0.0,2.8135773802343778,0.0,0.0,3.8105770575416926,0.0,1.517741662720283,3.309990588994083,0.0,6.913300195448954,13.532256105205263,2.8209699085792863,1.2131217677514599,0.0,1.2104750100859718,2.121154854465118,0.2458652082744237,0.0,0.0,3.954472725804095,0.9363385085314917,0.0,10.327020186461226,0.0,0.0,3.314122831421429,2.1877966185295463,5.924981067715208,0.0,0.0,3.441628508673034,0.0,0.0,3.213330198178795,6.762562410992913,0.0,0.0,0.0,7.619252308517929,0.0,0.0,0.0,3.9447318408112864,0.0,2.9984854068251394,0.0,1.135147000458062,0.0,3.736874738370318,0.0,2.0938588673042204,0.0,8.864438343452377,1.857209053145212,3.5278185955153845,0.0,4.104324115956047,6.979423918800251,3.7452433927221023,0.0,0.7721528181981654,1.4399131084158512,2.027571742407247,0.0
DMBI,0.0,0.0,0.0,0.0,1.9295634380331421,0.0,0.27651272794503257,0.0,0.0,6.592477060758526,3.3421651834675004,5.711560395381554,19.553754722074984,0.5882643342230551,0.0,38.58885175194404,8.934694179760868,6.198385378220252,0.8102486970186078,7.782057121480733,0.0,1.2037471831107496,0.4234480635321347,6.95735912667044,0.0,54.396072349481315,7.312869153851153,0.0,0.0,0.0,0.0,1.241833334406195,0.11217632652305554,0.0,0.0,3.569711623710404,0.4074877595450346,2.2200284452966343,1.3902872107414908,0.02927574298226432,3.1050883043237434,5.9492798429415075,0.0,2.886319533683519,1.314067946437845,2.2737971560506622,1.1080742125519976,0.0,0.0,0.0,3.618230792920059,0.6041010525600257,0.0,5.521348282512491,1.834704591566819,8.368988278738158,0.0,30.965736216657973,42.78891439737663,7.02255777153448,3.3133398377985372,0.0,10.33824490044249,1.3881939226984201,0.0,0.34079085432961165,10.567012416611334,5.872428071289207,0.42389899762392247,3.072241921685162,4.722324141841099,7.814666921800793,0.0,0.0,0.0,0.0,6.152062923453684,0.0,0.0,0.0,0.47104746471117664,5.165558906430789,7.9334488584254785,6.316861458616543,0.0,0.0,4.787924245192485,0.0,0.0,0.9184783064775388,0.0,0.0,13.534604191034106,5.122827432617385,2.63613062840696,9.022737927018966,2.274655440434117,0.0,3.627426062609402,0.0,5.522555635339657,2.2249113283104407,7.989495539315726,1.7694196301375626,3.6887389543885547,2.566404728780867,9.950179967007614,7.9944784024175135,84.69226498266481,1.1923098791195628,22.47759780599226,0.0,0.0,0.0,0.0,1.1394405960426042,0.0,0.0,0.0,0.0,0.0,0.0,11.542734972000517,0.0,25.464633309704553,0.0,0.0,5.5538501199401935,1.6796190010440455,0.0,6.647042753770336,0.0,1.8177403657219031,6.596936628746818,0.0,0.0,5.467574940615705,0.9828435715905783,0.0,5.1635718029293685,0.0,0.0,0.0,17.072246540898874,5.692427828695145,15.46163438538818,6.98189310675204,2.275046541098078,0.5841469856925983,4.648035461481328,10.220842138424644,0.0,2.207717238877194,0.0,0.0,1.4338223067194633,2.7457204451077075,0.0,0.0,2.9707726687012723,2.1921104521616996,0.5646130230478406,0.21627749925961837,0.0,10.684490763658772,20.977836064832758,5.253919727322938,9.483722436636981,17.35146664208439,9.775583446131165,3.445158159911699,11.552615804542,2.6864512619334278,9.529971028073462,0.0,10.543454330100076,1.3078692333146194,4.822819934286343,1.3146699890084221,6.762657362774561,0.005038427949585866,3.3232054445616512,9.103595387219684,3.5935019911255495,0.0,0.0,3.599789924581529,1.626268353700155,4.773680074299307,0.0,3.1234357323447455,0.0,0.1976637299242725,32.272957121753564,0.0,0.0,7.588712120061302,6.494492831495137,2.9462934410329353,0.0,2.9470757143393485,0.0,4.26602161669237,0.0,0.9637224142356615,0.0,0.0,3.0545267257702875,5.027478217426236,0.0,20.114235385337537,14.202475165608178,17.685751904714323,0.8693569155424257,4.141275121405016,0.0,17.64836780841769,0.0,0.0,0.0,5.49922855829854,3.853364919496414,0.0,4.417619680921391,7.383068044424533,7.690843589580993,3.24354017620459,0.0,0.0,0.7896868269701827,0.0,0.0,4.831909920117525,0.29877985933076445,13.09563818536239,0.0,1.6049209396354343,1.148025451182562,0.0,0.0,3.027176501352727,0.0,5.521514136681986,0.0,21.963369344316902,12.239105370113293,0.0,1.6792472956112192,4.833198145420866,0.0,5.070185596318225,21.641069079045337,7.398208253080739,10.880456622478675,6.0608437970279425,6.911496584285459,1.431068225869069,0.0,0.0,0.0,5.747045287227195,2.1161659309202037,4.567727211725369,0.0,12.130614426476228,0.0,9.773745085626643,0.17166502601946831,0.0,3.417645616107791,9.557120902324328,0.0,5.338598647941183,0.0,4.850747201952203,1.6186489015670134,0.0,0.0,0.0,0.0,3.428279542083885,45.18258211225292,63.652547818853265,0.0,0.2614919204327748,3.8966273001396843,3.185216009372354,0.0,7.2942887860806,8.072515443319674,2.9367277203171227,0.0,10.952397202165415,11.385008949774488,0.0,1.8855293720640418,10.701353839887275,3.5341070406787765,10.072114997887553,0.0
EGFR/ErbB-2 Inhibitor,1.9889836146440274,0.0,46.88162911295683,0.0,0.0,0.0,0.0,0.0,0.0,0.0,4.31237998291914,36.04253551503648,5.23446281804587,2.2264486559396204,8.711385712811492,49.70604190145874,15.156976201352705,5.20688429259971,11.839568648523226,10.329006279570365,24.375907388487605,62.132856232810425,0.0,1.3086550207700043,9.402112955861838,36.9647377071538,80.49803094505086,1.0743609376687004,0.0,1.6151910088242687,1.0304921613261087,0.0,2.8968405354293907,0.0,0.0,4.1605560705366855,5.845980656976167,0.0,0.0,0.346729745669478,2.815185374186484,10.082554008732501,0.0,3.255108979714919,3.6839179920018665,0.793755855370776,0.0,2.1522687628062585,0.0,3.275324889709424,2.1772137034679133,1.1982877149144002,0.0,5.497585103710435,0.0,85.84070193455767,0.0,3.3880745848222205,1.6111382218694814,9.419435857724181,1.6113951508540652,7.062196146463549,4.244886051320037,4.743821082257085,0.0,0.0,1.8243790582504147,0.5340614337806073,9.93965717810211,27.459207942585664,2.4852479557797267,1.51373957735737,0.08706293686945799,0.0,0.0,0.0,0.40498835327795746,0.0,0.0,0.0,0.0,2.4143013606629466,78.67533033538999,0.0,0.0,1.925827433611147,1.471381478195724,0.0,0.0,3.0469044211876337,0.0,0.0,6.119228022362421,9.961212867244967,5.397754324814258,57.399439432436424,90.81176766107407,1.5794802314271124,0.0,0.0,9.211304762532706,2.9872661136139413,8.700042388658431,0.0,0.0,0.0,27.786711002562015,3.973544170585228,43.627455743852025,1.0863264246341657,2.21258910191537,0.0,13.678704379108012,0.0,0.0,0.37685972703589243,0.0,0.0,0.0,0.0,0.0,0.0,13.78634700799087,25.497049291359716,0.0,0.0,0.0,14.711660845999091,0.0,0.0,4.899198880255824,0.0,0.28505590747556653,0.003855779516442226,2.6464041685226505,0.0,0.1214391984996297,3.7744367658441433,0.0,5.685336379863259,0.0,0.0,0.0,15.467486547310244,3.1683779940099157,34.60891978863768,57.84662146854767,4.594333247818838,0.0,31.7836850300302,7.832955841879567,8.753784933848294,7.2287534694592495,0.0,0.0,0.0,0.0,0.0,0.0,0.5398203431755491,5.324145675352781,1.47404619185194,0.0,11.284173592031323,0.0,5.740894513424394,0.0,4.950953898275003,2.5155242758197147,3.4583101612341807,5.137222955279782,7.772699507399949,0.0,11.94214672164577,0.0,1.1886782788503183,0.0,0.0,7.214853894355457,0.0,2.382213698312597,0.0,8.384993836714472,0.6549564143701758,0.0,0.0,9.555443210058016,0.0,0.8536259711682703,13.118696195018288,2.400961682159476,0.0,0.0,15.59985287474231,3.466218644202087,0.0,0.0,3.054150465495354,0.0,0.0,4.863970624427395,0.0,6.824138984046982,0.0,2.3389104559698666,0.0,0.39293990867631123,4.567711113786174,1.4351186565525609,0.0,8.697306258512583,6.99458034841021,0.0,0.0,2.6058443291701963,0.0,2.4403293407241193,0.0,0.0,0.0,6.064286240921973,2.5927740013102323,0.0,0.0,0.6372302856524925,2.8222514476009053,1.4560503775012847,0.0,0.0,4.73940317084336,0.0,0.0,0.0,0.6910598618200368,9.651770636221585,0.0,0.0,5.929940200665186,0.0,0.0,1.9694394256189582,0.0,0.17662152946321896,39.04240954001861,10.936125294570076,38.36533306220211,4.085442273600876,3.3803175837612685,4.046664780323852,0.0,1.9970332469412,9.755349967023108,0.0,0.0,4.124923769599306,0.0,0.0,0.0,26.25372496332335,23.55683049852641,0.0,0.0,0.0,7.74458969135631,0.0,0.0,6.6414475339274475,0.0,0.0,4.207414470092601,6.86752806304122,0.0,5.5880777069627925,0.0,8.297917819631323,0.0,0.0,0.0,2.09843813293881,0.0,2.8597519619522416,7.459109860580256,6.191873818888837,0.0,3.2441183316837225,0.567980620845475,1.4250501784972016,0.0,13.05344984489578,0.0,2.9561623247835342,0.0,10.957160471368411,5.319244515253047,8.404049505401261,9.218151471590318,63.98272686026765,3.7891935953828124,12.385640518830968,0.7989298827602198
EGFR Inhibitor,0.0,0.0,1.3190702020911118,0.0,0.0,0.6402415027293813,0.0,0.0,0.0,0.0,2.5907273438802463,4.93291907013392,0.0,0.0,0.0,1.0693778716700564,0.0,1.299672367384062,0.0,6.314954753691268,3.161537898180569,1.5872112591512462,0.0,4.177025591658548,0.0,0.07409751417362997,2.680927374079232,0.0,0.0,0.0,0.0,0.04617575257947237,3.110643915327131,0.0,0.0,0.0,3.8578525901306477,1.4782454177941418,0.0,1.527341960336713,2.140973637579293,3.571018392603733,0.5281366240039347,3.2853443104333877,5.222783837463794,0.0,0.0,0.5460256769824952,0.4646105300930117,0.8951405341756811,0.0,2.3559683827964335,0.0,2.7640588117967724,0.0,0.5022399625887033,0.0,1.123747465790501,1.9218144461829354,5.227569177479367,0.9432516013330599,0.0,7.401928438714307,5.132421107000923,0.0,2.682893666645967,0.0,2.654037580446129,1.573575810183243,0.0,3.938985022312096,5.306365613876082,1.037558509744514,0.0,0.0,0.32695756113297136,0.8349262630461567,0.0,0.0,0.14995010677560572,0.0,1.971072762900377,94.18344893371989,7.063501859510765,0.0,1.5548982066352153,3.549470621751027,0.0,0.0,0.0,0.0,0.0,11.387605849981867,12.064209889099672,2.157307902102332,17.54083869498028,0.8266430423628037,0.0,0.0,0.0,0.0,0.0,0.0,0.0,0.0,0.0,3.6269036093156046,0.586685616858631,2.1099480959209984,0.0,0.07219850176750242,0.0,0.0,0.0,2.054689246102839,0.0,0.0,0.0,1.6848619933160194,0.9889132561236806,0.0,0.0,3.569282437223677,1.0460525332962192,0.0,0.32910645341100064,0.0,2.971741332281141,0.0,0.0,4.415047984032739,0.0,2.332624940622793,0.0,0.0,0.0,0.0,2.7533665981273145,0.0,0.5020242175146734,0.0,6.558326788856846,1.7651886750879555,16.623798860929654,0.0,3.94302556612989,0.0,4.135174351848178,0.0,4.262081892586082,4.397618715490211,0.0,0.8808498556298332,0.0,0.0,0.0,0.0,0.0,0.0,0.0,1.126526394472279,0.0,8.156073775011947,4.807371399375938,0.0,4.05536878894884,0.0,0.9973509140880736,1.1183634344916982,0.0,0.0,2.271842384215134,3.260090374661644,16.233068250571563,22.328148668416276,2.6304935727604573,0.0,0.0,0.0,1.015021399198119,0.0,2.901446832999085,1.1200255236788195,0.0,0.0,0.0,5.6757904951633265,0.49647740905049886,5.615186975366555,9.385530520316081,0.7708575369634758,2.153748193419233,0.0,22.112103556205753,4.064892935903515,0.0,1.820661612161743,2.79938256502615,0.0,10.80120153355827,1.9936438231604825,0.0,3.383388738184209,0.0,0.0,0.0,2.528837365138102,0.7465794378574913,1.6799259318840996,0.0,13.641131302255133,0.0,0.0,0.0,0.0,0.0,0.0,0.0,0.0,0.0,0.0,6.8457037927341275,0.0,0.0,10.800909002994104,11.763822555335281,0.0,1.9186933333004248,0.0,3.1327817732089613,12.185538176449938,0.0,0.0,3.5931963126770086,9.3941560097484,0.0,1.0874888661086572,4.101411964546571,1.4030283539693755,0.0,0.8886763066609689,0.0,10.419766429712254,1.5930119945571022,0.0,19.179522124291253,0.0,1.3332315685964318,0.8038600867756145,0.0,6.483822220461121,4.946073188198113,0.0,0.0,3.359705386547006,5.169448997341192,1.0395175894425819,0.0,10.605088787958124,0.0,0.0,4.849793362034561,13.57389525727686,8.018423869907068,0.0,0.0,2.5983125367837943,0.0,0.0,5.852786920066507,5.130608579802541,0.6522464570047646,0.0,0.0,1.3370447324097086,0.9949870904194569,0.0,0.0,0.0,0.0,0.3972765471104367,0.0,4.90991504461833,0.0,1.3240187248087807,2.9014341566296764,3.2480263964655194,0.0,14.600732003171117,0.0,0.0,0.0,5.956654820161219,5.97866032740032,0.0,0.0,0.38945187259508884,2.9424182429990964,6.972578947121178,0.2350843105365641
EGFR/ErbB-2/ErbB-4 Inhibitor ,2.224200890974828,10.629114817409175,4.868404499800647,1.8511629189067946,0.0,2.166729392269815,0.0,0.0,0.0,0.0,1.3369727473616422,25.914802868963648,1.9301288905670333,1.1494754854725215,3.458074290482756,0.0,4.086704185525463,0.0,78.68334636965662,97.46374725015133,17.937749813858943,43.210468435683524,0.0,6.739025231555047,97.11664934470558,1.5196170980808148,15.465761957110686,3.7349505759485595,2.281470679632335,2.067877250953586,0.5691067535698551,0.0,0.8040459373156352,0.0,0.44892142629832676,0.0,2.34699675466382,2.607943898682578,0.0,0.0,3.5076380312953575,0.5318934573728598,2.2458249700426762,1.8611919963258146,3.151058571618364,1.395431945158748,0.0,0.7886005962933922,2.111438354988678,1.0217711858932148,0.0,0.0,1.642652185641225,9.424376606939575,0.0,1.1638850026707814,0.0,0.7412999893736014,6.448613499437613,4.5259855652237775,5.138805665828173,0.0,9.12231046292142,3.4554224722572684,17.456325899024932,0.0,52.86647165372764,9.579945780741113,5.764248714022401,0.0,4.183547380187861,5.345232954555513,0.0,0.0,0.0,0.0,7.124461713738967,3.58771093322423,0.0,8.719798057268633,0.0,1.9818406317379242,98.84281544235296,11.734574881551026,0.0,0.1830867042846478,5.371740465352957,0.0,0.0,8.743468640440227,0.0,7.958478398357599,19.10341244497441,14.608816755352663,16.567100504649062,97.64455298477453,98.05478860530043,0.0,0.0,0.0,1.7584921371794309,0.5740210892358988,8.930199870821752,0.0,0.0,0.0,10.418401705823811,0.0,7.924794626749886,7.226204976428463,0.0,0.0,4.154943935599363,0.0,1.7255680272492668,0.0,0.0,0.0,0.0,0.0,0.0,6.979947543398524,0.0,7.779944653467481,0.0,0.0,0.0,7.072561914778035,0.2767027525775063,0.0,7.892732117683707,0.0,1.0610149801786548,0.3914780131022013,0.0,0.0,0.0,23.719497399901712,0.0,2.572045661004168,100.0,1.0958902948123637,8.192642771054821,14.56502147090086,1.7915954203137971,0.0,7.83766118750161,15.831618504530411,0.3704330108908209,27.388147179617135,7.747092177094856,11.658285377523327,3.8682871583300766,0.0,0.0,3.744142963672175,1.825711087998883,0.0,0.0,0.0,4.693042639523753,0.0,0.0,0.0,0.0,8.112141385276601,0.0,1.170062130864153,0.0823772893536443,4.216918043651361,1.108472925308945,0.6959865119753772,10.473015318408343,33.98342785657377,6.85808953206606,3.582686842030114,0.0,0.0,0.0,1.3058304465559587,0.0,0.0,0.0,20.441124493564644,0.0,0.0,13.350982185831043,0.0,23.816407320688057,14.178264480183628,2.4841895756196664,1.8161018017430877,0.0,19.62955368611354,0.2898013186886885,0.0,0.0,3.8300037756381187,0.0,0.6163231316085671,2.912008398578692,2.8117993734679203,5.465085801482729,0.0,0.9555009577825757,0.0,0.0,3.075219460166565,0.0,0.05697265862477252,5.114347436836169,0.0,0.43711832958871355,0.0,0.9761266823440167,1.4474604433042657,0.0,10.89842071490932,2.3175849947153893,0.0,0.0,2.6011183886764115,0.5041975574556545,0.21351465511716583,11.707809532757281,9.551174196249107,2.803380447047772,3.4146526515701936,1.2932207052568856,0.0,10.650149431385017,0.0,2.44314863805009,2.394248419229882,8.324005620490254,0.0,0.0,4.985879324187181,0.6512442847747621,0.0,0.0,0.0,5.909030030558029,14.417870780732613,15.687656176208975,61.30505787807382,8.874017639626373,3.7535021543603193,1.256786857309578,0.0,8.74822253737652,4.912462698983717,2.47440518921762,0.0,4.659089326333486,4.418988699102371,1.6938239359687373,0.0,18.65810174823656,6.403190640027347,4.645591097844758,3.8900463538799954,5.153179545033652,30.833696952449486,0.0,0.0,2.873289075169481,11.480418772977472,0.0,8.71453801595706,4.598582221535366,0.0,0.0,0.0,0.0,0.0,47.93372627167618,0.0,0.33083497297421616,0.0,1.5443680470665981,0.0,4.69596054820741,0.04560848356369718,0.0,98.33731797030362,7.043674508272858,0.0,0.037023529945599876,3.4099836626041338,3.334043185562848,0.0,12.19251990564716,6.81636279235002,0.0,4.898399551688243,17.731955374972813,14.215260935730129,9.636949200486896,2.1538753150699392
"ERK Inhibitor II, FR180204",16.71390469980291,42.467436381055336,17.314137010898392,1.9773456171174786,2.473595322661623,2.521883215168998,0.0,0.0,0.0,0.0,3.8697217626988447,1.5880976183388782,7.469241822159603,0.6844233205984551,0.0,3.2407861948714753,3.586864407656037,0.8767049366273625,1.9158616223294302,15.558416314100526,4.345224179799914,9.185375471305079,1.4145509459383163,3.9199508236263796,6.4229044161918125,2.8891889098412094,23.619491869143985,5.036049626140141,0.0,0.0,0.39449326254944594,4.058497891696476,0.7745805276447868,0.0,0.0,3.5241259776242373,3.2976458183429713,5.757228325493344,0.0,0.0,0.0,9.785745887726108,7.119752697369336,0.0,3.2309066416882217,10.782443975881563,0.0,0.0,0.0,0.0,9.562016601847176,0.9663773910888267,1.4802823579087203,2.7436727869304036,0.0,2.96916534362137,0.0,36.76088662332613,19.131810201409877,0.0,6.290112653837355,0.0,5.184444257709316,6.587975270682264,0.0,5.097112106907588,5.123070185883577,0.0,4.976713207700044,1.9782515706158534,4.397021513079153,4.149213299016537,0.0,0.0,0.0,0.0,0.0852380446918346,0.0,0.0,0.0,0.17323196999780066,4.666586241220841,16.109596980893485,7.413907339041444,1.6887190432814236,2.1816391025915323,14.082563175344148,0.0,0.0,0.5492008264304786,0.0,1.3768283235108782,6.935156963733988,3.2091544759853434,1.5400804218205337,0.0,8.636458567398847,34.175097120362466,12.794002615706404,0.8352064947535638,9.187793677104565,2.156394162637042,5.281394713994231,0.0,0.0,0.0,7.099827824634303,3.3352911806220362,36.46729347170187,10.059442209318902,3.1923159647876957,0.0,4.984789942006984,1.4203592212752056,4.994661219960378,0.0,0.0,0.0,0.6877971890635166,3.2934386556592017,18.846268285146834,0.0,2.9122296131209,8.923185689593865,37.965249769495884,0.3459311341811997,0.0,4.726193138433288,0.0,0.0,2.520449968508885,0.0,4.5363017351011194,21.721659007193324,0.0,0.31476925421398505,4.287851859241002,9.16664493889354,0.0,2.9315285616079905,0.0,1.9641362335030692,51.5979734815729,0.0,0.0,49.69615520037683,4.926664566145064,1.8092370401099345,8.154505602155112,29.14783076032947,8.16574030313069,5.071444508876226,2.8917264730493457,0.0,0.0,2.306795850396597,2.044379117604308,0.0,0.655752486763518,0.0,5.65058460747079,0.6213616222918574,2.222710538264778,0.0,0.0,27.049539887522258,9.057929401464122,1.6646331765166167,0.0,0.06580031264962827,9.29189276036999,5.681369709802198,1.4754686434024222,1.7041020216609581,10.345748385872582,6.623900424727992,0.0,5.305112781749187,11.147721917649662,0.8643557286721943,0.0,25.39409785534893,24.084889674196887,3.2232684319870373,0.0,0.0,4.857900594474984,4.690525277263447,17.279724890070042,11.571598410515548,4.446281862468311,4.721338389422243,6.649693551544573,0.0,0.0,0.0,5.422196286370621,9.998892909269301,0.0,0.0,2.2834713031801357,0.0,8.083115777585277,0.0,0.0,0.0,1.8295213468277325,3.5790145566807325,0.20556880321700532,4.9876510935787906,0.31895811131076357,0.0,0.0,0.0,17.386423551317264,0.0,8.3465918971458,0.0,2.3455401321027693,0.0,12.822918287895618,3.535963715968265,0.3373309178341515,68.77326914285018,27.26673426204877,22.752367477803787,0.0,1.695374875181841,31.59065957987417,41.124564546796094,20.08991595161669,16.11236701596374,45.86584385683703,6.3896833295482764,10.52907310901216,0.0,1.8046089456019558,1.1409094259464894,1.9019072974356561,0.0,0.0,0.0,4.568289914030885,4.417288712549407,6.332155084765972,12.965137295332113,4.0626989399435445,0.0,10.382498938395003,0.0,19.831044136018022,4.889070768222226,1.2866463308902354,3.5065807529815487,4.480784710575136,0.11237167388578939,1.199748994233147,9.807272800277445,6.355309209524833,6.011444385573725,12.6812450558551,7.038540028972122,16.32334328342506,26.188134563391074,0.0,0.0,15.84924339134757,0.0,0.0,10.87585453830853,2.6042038811076367,0.0,4.201929886919288,0.0,0.0,0.0,3.8767642157882847,0.0,3.448330417590526,0.0,0.0,10.263803983708641,23.410353758527975,0.0,0.0,11.165054819953127,9.45158529509277,0.0,2.4089791580499877,2.869079639634279,0.015450600691153227,0.0,7.82855699214231,7.566544012144249,0.0,0.0,8.90879056618563,0.0,9.864885245973738,0.0
ERK Inhibitor III,0.0,4.254706867211269,0.12380889602982847,0.2854167561178542,0.3243987906503918,5.6639809007839546,6.350688823983518,0.0,2.0196321203610665,0.0,3.3810571154571534,7.32433019760208,3.6074703770057113,7.5390114912965345,0.0,0.9290720560469197,9.457425228712054,0.0,0.0,9.869780088684507,1.6523983546677385,0.0,2.750924455658051,0.0,0.0,3.597635438548849,7.74611733003735,3.724626124241837,0.9884108183791085,0.0,0.0,3.5734530826958917,0.0,0.0,0.0,9.915008224079585,17.85045297305659,4.787873109752354,0.0,0.0,0.0,12.062356071778083,0.0,0.0,15.049698475666972,3.3798822961960013,0.0,3.457552862297291,10.788337823032805,0.0,5.305163000635588,0.0,4.314453433227641,0.0,0.0,0.0,0.0,0.1521400436226088,8.974277262645046,3.5876220883352232,0.0,13.821722725647135,8.994109588364438,0.0,0.0,11.686998367269581,2.3049407218779834,0.0,1.152825463368572,1.467249459814326,5.735255550096568,2.171638458634135,19.8608988218015,0.0,0.0,0.0,0.0,4.17491876164523,0.0,6.9174547180837465,0.0,7.306896200066774,0.0,11.13385657349491,0.0,0.7263026753293644,0.0,0.0,0.0,2.1472104870852746,0.0,0.0,15.417004824086945,8.282550938872305,8.40388620268918,0.0,0.0,11.61943828103324,0.27341401757568917,0.0,5.334261084402954,0.0,2.3747770114668754,0.0,0.36852764830358353,0.0,9.128115048483991,2.3786994435356377,0.7345709024532141,13.673393167222457,5.546634426908824,9.945394597021334,0.0,0.0,1.11730096600715,0.0,4.5453389529024975,0.0,1.7351782523704173,3.0048527726340524,0.0,0.0,10.893297110818509,0.0,4.442370151976576,18.93718087846497,0.0,0.0,0.0,3.6484203527303976,11.948704893006294,13.986011960826744,0.0,8.028786654384476,0.0,12.725258085378044,0.7603661486053568,0.5087117020601397,0.0,1.1776307019982255,0.0,8.845906928355959,0.0,13.041400830290556,3.2654811556117522,0.0,1.3815313646098843,0.33151333751985135,1.2899341395210513,0.39754609690075426,9.010732132237933,3.65244007267259,0.6095106882916497,3.7245275225819228,4.593529898262915,5.411310250161932,9.296211989381618,0.0,0.0,12.355510704949381,0.0,21.80349382324181,3.012184868570074,6.1785898871175675,0.0,15.93074828192033,0.0,7.4714658917745,0.0,0.0,0.0,0.6036366708612348,2.5910738098025945,10.707342682884274,12.669675496745839,4.603489841231237,0.0,1.1042649366009698,0.0,3.476226413290732,0.0,12.300734385821968,0.4647965330205608,5.586262415927649,0.0,2.2774013762015812,0.0,11.135720298588126,0.0,0.0,6.595617522235031,0.0,8.209369326244115,22.1168686370399,0.0,0.0,9.839737497046883,3.4097118735583933,0.0,6.622865288889955,0.0,0.0,8.634045580463862,0.0,4.937684755951153,4.655930582975429,3.0317372645997835,0.9823320913461941,11.618634096809927,0.0,6.803130404481408,0.0,5.383783880326504,0.0,0.0,7.059963179465839,0.0,0.0,6.726745888914763,0.0,0.0,11.139276523616957,0.0,5.786660491754077,9.537186523057002,1.9480943882768713,3.631820422367639,7.681798504707643,0.0,6.132292590702079,5.398810392226153,9.865070950225032,5.6961728871970365,12.577929346204925,4.169198840116394,1.2856995814683927,6.092754491254809,7.369728147616797,1.4384928463142899,0.0,3.2331792405444446,2.1716156356857823,8.546907913697993,1.8565648372854184,0.1430551458918501,0.0,4.613285767241791,8.313299730899104,13.675957704941368,2.4191033799537536,2.487561311710749,13.670427001735234,0.0,5.53860998580366,3.0635576156099518,7.552078441022132,0.0,0.0,8.378316736824061,0.0,4.792041161392916,9.76776519490673,5.084873823943283,0.0,0.0,3.302757754786768,13.689514488658574,0.0,0.0,8.188238138390858,8.160392719750064,8.549974120921249,10.439727650094227,4.703504713255953,0.4821145228103063,0.0,0.0,0.0,0.4414909707051038,0.0,4.039460923506823,17.600966934126106,0.0,0.0,4.075533949462908,1.7069692665555465,0.0,0.0,8.463677863135587,6.250303512040887,12.6767156558426,0.0,4.858843564864131,0.0,0.0,3.397580662940385,4.380300464666021,1.9640114129536812,6.89173038467014,0.0
"Fascaplysin, Synthetic",0.0,0.0,10.070836127936587,2.9512365998765944,12.469156177304754,0.0,5.402731534105357,0.0,0.0,0.1168650955663395,0.0,19.246145403092356,5.670970644237798,8.67541005447265,13.433933740763905,12.08383535827889,6.211211851955142,18.856858823527148,0.7798786488179559,18.33375348682091,4.321400822029716,0.0,4.687005220203986,8.724125119414097,0.0,13.164885711998508,12.155490819129625,12.748013393190206,7.606666284163637,15.302456027048407,6.299918752520199,16.642994775211065,8.993230302253096,0.0,0.0,1.536968064052445,5.774819178745815,11.716721409627098,0.0,1.361489598272584,32.03138691985454,46.53487709235729,27.605588014367953,19.725621037750855,19.872552499720243,36.60203828943672,23.18511993107495,29.706443428592863,15.048045464262941,29.902733228535823,40.24365782718027,0.0,3.978637949119957,15.751265586341574,1.2339538462574353,8.16668050890351,0.0,0.0,8.917831762944928,0.0,0.0,20.265199273816606,8.316809207067848,7.371724757496935,1.9678158000072443,0.47923032610700034,11.847221440754481,9.78804207987855,15.130023644221552,3.5636824975995864,10.059358154996758,0.0,3.2796154661029107,6.759107303844715,4.590839345266204,0.0,1.9006178374170872,0.0,1.3094504570019296,0.0,1.0328293862961004,0.963428942218826,3.2140520400020876,20.50845131975025,0.0,0.0,4.371990703272644,0.0,0.0,0.9256298115889905,1.2080606231640303,0.0,14.615633092920731,9.148407930336802,0.0,5.753555066467641,6.372226754487627,20.320653876774372,0.0,0.0,6.132896280332517,3.4667402746740095,28.510832300350074,0.0,21.456319143182057,9.29781995958841,6.752613950343118,13.12481932347444,11.362231478974877,5.164338308885846,10.073379677401874,0.8627207812269688,0.0,0.0,0.0,0.2791730782594186,7.913998026500337,0.0,24.506977957775987,5.57923186699324,0.29257512347400905,0.0,9.516055233435196,0.0,8.139582444370888,1.8385957532495638,2.0825741813754206,0.0,3.497882518516974,0.0,17.435244452118454,13.288842634995405,0.0,30.418708118394832,0.0,9.17860435498173,5.871605319621082,0.0,3.161738952210527,8.391640149762807,11.038165244373786,0.0,8.754586989156678,28.44789447772476,19.126381062234643,0.4763560410848413,8.751754404500474,14.423726952808948,0.0,4.402621255276117,29.89487301288233,0.0,16.31525417715946,0.0,0.8707344190489152,9.9824026595916,15.549701735761005,8.496008180967394,3.554222313290012,1.2796555863426136,7.1081884387254775,8.7274321831448,0.0,0.0,31.516924073327715,16.800557643376195,0.0,12.383406213169934,9.627864487932328,5.738372472418689,0.0,17.898382221331104,9.623666142665826,14.993241804732705,10.32555263102401,9.057841854472912,5.718347300370382,9.394433476724728,18.08810892666881,0.0,3.3255456252988154,9.567692105581799,1.3931469943934616,0.0,0.0,20.215785337227146,8.363638643010958,22.889863765372752,0.0,0.0,12.249701282200888,3.986308287518895,0.0,10.217442988488017,5.081331471411261,0.0,9.804521271667227,0.0,0.0,3.8031648069705426,3.1422444122742945,4.7363953621170936,9.210793732922028,2.9528421417303434,1.7633257484733065,0.42863601428467746,3.77462140043707,0.0,6.684604164773759,5.824581208493328,2.5960661739859177,11.684073292483788,0.0,0.0,0.0,3.4620007079367667,0.0,0.0,2.6452497225851346,0.0,25.791477761783852,5.553987561186744,6.200809247795888,10.365997698251448,6.268843797143575,12.86036372854312,0.0,11.487496777175153,0.6512940792977275,2.978993348752226,20.72143109052149,6.295549033230827,0.0,2.9957276266217576,4.241479510588562,0.0,0.0,0.0,24.061659708037425,20.145543876813207,26.966930809986067,0.0,7.285978758661059,7.118682881558328,0.0,0.5894478590349763,22.691150076109267,2.644351780840566,3.0763739021040806,0.0,4.45898128820275,21.42517579219006,1.3144388188953542,5.052948861192647,9.71361531028154,11.259085552630978,4.213814099596078,4.536517243026239,0.0,16.648851341559435,0.0,10.545260839505602,19.406789444090037,17.534378923935606,0.0,10.06809603681188,0.0,0.0,0.0,16.99077141033095,7.5241061159801745,3.0954044935172362,4.50930683427859,0.6136349209284901,0.0,1.10670859413014,0.0,0.0,16.566815758176688,0.0,22.577812700605747,25.56903819970816,5.874292799186364,4.422456459625209,0.0,0.31173087221090157,0.0,1.6610590351477867,18.86362124792518,0.0,0.0,0.0,15.232224459187151,10.479324219920528,0.0,0.0,6.857957032292433,9.574640041786893,8.799638665631875,12.9400607294819
Flt-3 Inhibitor,0.0,0.0,6.616215592232521,0.28916465860680773,2.960981678803819,0.0,33.7810371107354,0.0,0.0,0.0,4.217489650400125,5.133788450945957,18.16005189822576,5.1898352634397895,2.1092009060898107,3.844471401020229,2.7609264425273636,15.597623445069985,0.0,10.183989170747992,2.8120664047380615,2.2407387237290664,0.0,2.1204913579162508,0.0,53.75269874338543,14.559635899593076,17.221380620993543,0.0,9.088000650374923,0.0,6.194907253095124,0.5569674286033433,0.0,0.08326457371995843,0.0,4.187501215369565,4.293805909967887,0.0,3.075649378357099,0.0,5.687136124271717,0.0,5.395155802911233,0.0,4.084067298958729,1.158012337762358,5.79970244815776,9.218450984344017,4.872176884035042,5.111799561205686,0.11975235870986012,14.259224512737632,0.0,0.0,7.004703046329809,0.0,0.0,6.033424365371275,9.9348726215853,1.26069252104422,8.341458627337289,1.1790138685698253,0.0,3.1487308022663285,13.501903885262564,37.013258234031774,13.227156965245754,0.0,1.1716850011128486,7.290359831236714,21.763964162037865,0.0,1.3774766654633055,0.0,0.0,1.5172392636552559,2.55307215424655,0.0,7.9652001474137535,2.037808756155968,1.5008801453596874,0.1330764197557528,11.888928411972728,0.0,0.0,0.0,0.0,0.0,3.8038812586653847,0.0,5.037265066979302,26.472866490608993,7.571829994176312,6.09243791279772,6.727201648720509,2.772599167876834,4.831044240078796,8.756332426527905,0.0,10.247194758512194,0.0,5.222409023194274,0.0,1.7348570957694989,0.0,10.011419744838662,0.8891492855648977,58.016862779742226,0.0,9.78094675624186,11.206814344128986,6.083959723908663,0.0,3.160641286029687,0.0,4.894307658575997,0.0,1.4704379441135984,4.506243786360756,16.43304181063361,2.2564243346727295,17.16314447040139,0.0,20.145799064243278,9.820888189514633,0.0,0.0,0.0,2.291250551468977,16.670797064665322,12.364857100300412,0.0,6.756314437592806,20.24024834119487,5.177270441220102,0.3383230246123645,0.44143403315291607,0.0,0.05120821867923553,0.0,5.273231725981276,0.0,15.537806458448387,21.801559332994657,5.728846439497602,6.194287243246265,6.784586159842604,0.0,6.0932494617534445,12.620818621391692,6.5353747750910145,4.129805988413025,0.0,2.809805754815045,13.598012810683457,2.081320767267755,1.3141850880255674,5.929447774715911,13.511456336665702,0.8760694737929242,4.718525679947902,0.0,0.0,53.99824306938401,14.958136566051579,0.0,58.83471426930279,5.569151393715444,0.0,3.389259942779532,3.2393987620362736,1.7901610839769262,21.299935658794666,18.24215406721629,5.491913590385906,0.0,0.0,8.021974535358424,0.0,0.41654292146370153,6.12798166582138,3.422364587478313,20.567534539228745,0.0,10.230668987565593,0.0,4.616495164008057,4.189472865576477,0.0,7.331756378323831,0.9554997546404422,5.434273941742163,11.977618279075855,6.339754377682141,0.07799644645851345,2.51531548365584,0.0,0.0,3.457244300854029,15.741645274753694,0.0,6.027299455345059,0.8558570059839496,3.8405077854522602,4.119088895311876,3.3523624287585108,14.26964074451773,0.0,0.0,3.574665983154489,9.122942366945892,12.206822375794275,5.6707193522806705,0.0,1.0723634601921077,1.5437055076897082,0.0,0.0,0.0,3.39125316411355,8.248270545824795,6.520365981635521,18.168680932488115,5.014859188053549,0.0,6.954894566743093,8.24480289285529,0.36556435865963977,0.0,2.511361111519278,10.661007356854853,0.5640693097123233,3.0267173431439858,12.472897047350983,0.0,3.7098326560425363,1.5007432874567854,0.9999219788470839,0.0,4.965498508637424,0.0,4.507709602856806,5.154015897760772,0.0,23.475950724934293,7.792083261812991,0.0,7.695247497499224,0.0,21.18498735160327,12.991243159965947,6.960771113987363,0.0,1.4866448187314063,1.286091044535823,0.0,0.0,0.0,7.543058085637554,0.545644068042094,8.987778729289332,17.353101120975424,2.4165305190385027,0.0,0.0,8.33294746000459,0.5084095434678346,0.0,0.0,8.833163064208492,0.0,4.539760253585513,3.040143988785914,0.0,0.0,0.0,0.0,3.5844051654512725,0.0,0.0,32.618491964894304,42.25015929980613,5.445731536798817,4.411151728693682,3.765648048188879,59.453053866323174,0.0,1.855024714725488,3.9908176230985646,0.0,0.0,4.6660470864943875,7.724690298520358,0.0,3.606574078107485,11.726218109984458,6.189164394888735,4.44912034325958,0.0
Flt-3 Inhibitor II,72.19484969629485,72.81761872378206,9.419553712463184,1.8034486935012524,0.0,0.0,2.958386984326353,1.5550460804776662,0.0,1.1464910839899858,6.6485852615300445,1.4190471558727467,30.841153281885425,10.403922425671624,28.369304492078697,75.8011337942519,16.773518233023793,9.918709031187717,50.26953285930058,19.381861499585867,2.55649659428164,8.130414662341124,46.44541801987219,55.72742206825531,13.187673717474524,54.40906636330426,18.21394094718117,10.849563779107086,63.55262498263302,2.6374634147194342,0.0,8.541133130775847,0.0,25.491531952266982,6.629906188249834,36.317064307422775,10.492113081394507,3.4886563568752536,36.66751653697259,15.838395355065302,11.77800790081048,39.547911396017426,38.54312741174583,34.9642742303336,14.832725716082535,8.475628052542305,0.0,47.384109261943465,42.70751753734115,18.811921772389056,49.66889410011044,6.500408600174822,50.471750674349266,23.429362050214024,17.459174663026047,19.850528364620033,3.6801005803608007,7.493786288559363,11.634261187981934,6.931703688350723,6.240473545404683,22.769075866235937,11.315548928028448,21.16999454825526,17.931850583859614,0.0,75.20057584188024,20.93779316193897,6.986020924778131,0.0,6.721481777109304,0.0,0.0,11.556917962984386,4.292232647301731,3.0529020993660083,48.3017828947427,0.0,8.03672802958451,10.994911328790892,0.0,0.25421622004057554,2.373335363240301,18.851411579620617,0.0,0.0,0.0,0.0,0.0,0.0,7.085414511950134,3.0452167205178995,23.34180157536059,7.6947035694629164,10.688111661009088,0.0,0.0,0.0,0.0,0.0,13.449776003666699,4.710479285165448,13.505849519479455,1.458952008252595,7.928562885899453,7.174641103175858,87.26628691381426,18.652936048570965,96.47157364284443,32.90315957896354,2.252068614530117,13.934974566203408,71.17543472188416,32.934525629359314,1.77624742230374,0.0,0.0,0.0,0.0,0.19804920388645542,24.323272298249478,21.252779911322577,65.22304148940816,48.77470682568662,93.37071957041783,5.713999166433666,0.0,2.6561884164058256,0.17569318825411528,0.0,0.0,8.657036555233603,18.423685997965052,6.226541166863683,1.8816704747218296,14.08018872243484,2.9084589059613677,22.286245892833733,1.3489350825535524,4.370881810530761,5.487218520476773,0.0,0.0,8.357254767869321,30.102663270897153,71.33410385913602,48.024526134753685,12.11497165610453,0.0,29.67470401959892,12.758563793750227,65.11994595447493,37.29103391722329,0.0,8.800222921077847,10.374564539834196,33.68080156638396,40.14684981107064,15.566026262834896,44.72808905719235,0.0,1.1781268929667306,0.0,3.989853186024561,50.75197252909912,90.12686255138375,6.383104861717214,8.617582317882622,78.91658879688129,57.416370900543996,8.286723834370974,75.52679341257348,16.39088499624239,53.24980836939499,9.779419082567927,3.79874005937495,3.8960215008785326,18.745144223579942,0.6456418438001208,66.33317817062702,58.61753422846488,29.635360817957803,0.0,44.895393422299506,0.0,6.639034637596808,3.292885680623243,0.0,0.0,12.388071659217928,0.39242786721763423,0.0,6.4425510577670195,22.91654395616993,16.80896554883826,0.0,0.0,4.316787123439241,0.0,2.1338171442427694,14.988168909386872,0.0,5.418007229853288,2.976031777338534,0.8383691742232315,0.0,14.72603033521898,25.56199215719404,21.306530400054527,0.0,34.71178725873534,58.311563632856185,2.8044069215446825,27.92350406963176,0.0,23.90133054149186,0.0,1.1184531719661663,0.0,0.0,15.90566146285694,9.594139418014123,1.1421008624165694,10.251272493767317,0.0,23.70136684207216,14.946952671443455,1.5738041561194223,41.49036008957641,45.14717076614069,7.910597306717563,3.5945696767261808,28.34876242589013,10.020618839029396,15.708451981717218,19.36474676601111,23.7347834077934,2.8946803192548316,0.0,0.0,0.0,5.479498662454517,14.451510482385075,0.0,91.01729690940371,62.201931195925226,4.506327703736673,3.8264807494353192,7.14658110322506,9.61216665931127,0.0,69.93275937923684,62.25190148822922,77.8101098009029,73.33497449256936,25.84341657444125,5.719262940893088,0.0,21.732467197072424,21.39288599891725,4.279410130316052,6.261101867347747,7.834409599380649,2.8737767597056347,45.38450914619024,3.588255437814695,0.0,22.481749504317563,0.0,2.4030544836028582,27.970943552919763,20.54999873610936,14.422860700868796,0.9760051822597262,33.36499192461085,65.03096105174403,0.0,0.0,0.0,0.0,42.78114008467884,62.99952770522842,86.62562165673803,6.369620607950026,7.1292492357675314,25.087555321666514,8.431466879268129,33.27549508190643,23.649537785539337,39.94339726427157,5.453471318199746,0.0,14.694419434409696,9.363418519859323,3.3715660091936,25.35249420071392,81.20473956083815,65.72662782501021,0.0,0.0
Flt-3 Inhibitor III,36.70338468932175,62.80045319714452,33.39077050177258,0.0,7.568034305389347,5.191852950426508,2.9965550560368825,0.0,0.0,0.0,3.015892700810184,6.759663840730752,43.618787318629614,8.890156741875842,4.6702380900495655,24.195199221961673,5.148257715737941,2.904284655257541,7.9918524405029245,15.547972606235689,3.7195254576526935,19.15732311894169,2.427541528034311,20.743499620381073,0.0,79.66852781990634,12.165938706182402,10.255815921867395,24.65441712403606,13.733863890422043,0.22801418941966745,0.0,0.0,37.09564681793395,15.820116051478863,51.78325817948229,33.110988668293714,2.8357545826164454,43.38316927106177,10.605492482368817,4.8257366471786725,14.853667003877447,14.810044935023399,14.313207332452862,2.395358511208215,38.782469036496686,15.08746681567456,19.333942871219904,17.644257674734135,59.69941293603495,79.94223504334772,0.0,60.15748482205567,33.89075655450051,13.421489947753571,0.6268917379613157,13.312128397467518,4.190262750024118,18.818269961549703,5.337076735151896,0.0,8.185054035541953,9.250135540807918,7.883715758923486,10.625222249098044,0.0,5.749473484416228,2.078931740682293,2.81671061661352,10.10309059403744,5.718506509521859,4.867293868690069,9.742038874241985,12.434663275326614,13.422023125439921,0.0,33.81063660061872,5.753649232700724,4.573692569526003,5.008506649615626,0.0,0.5679571728334167,1.6518510443063263,14.69570678949799,0.0,1.2867091768312093,0.0,2.9693091413761294,0.0,1.9889606438457577,3.822680506140017,4.60927874214795,24.392020469329765,6.709121940615461,8.07715669752153,0.0,0.0,0.24282409009970252,16.647640412665183,1.6929555174869364,10.003164791135319,6.796216006537094,24.565074110753827,7.2881800259961835,1.829479197214141,4.388166880473861,34.303147944419734,25.48895126331263,96.89531688009662,35.59236144286382,61.555764796982224,16.981105260444963,18.921448805771064,0.0,4.1751985511616,0.0,1.6968446963175552,0.5926272689231808,3.8973905511287796,9.799829103058215,0.7595512728977951,0.0,0.0,1.365917619459566,64.49690775692022,8.666820830609879,2.469856075348787,35.23465583977341,1.501247601184673,0.0,6.717968881651032,1.8579953247141816,18.44243157337465,4.9685057239488515,0.0,13.909668349395005,0.4076778580110272,14.764352155637965,0.0,7.282154995915022,0.0,7.60116968412953,0.0,7.144462703718176,23.86040737599062,27.48883212530913,51.40582333957063,33.1496399275014,0.0,23.140524683386545,4.19236904761766,34.91091548731009,12.51192513099059,4.974596911801484,2.386875195417545,16.616480157506857,9.892326666954688,11.9826411141417,6.884297238621997,41.13638773816254,3.1172306422991625,9.845532025679603,0.0,0.8083809349173521,16.516738201462516,61.29857283412821,6.410004572094039,3.0787137598552334,71.27139026251272,5.659592047402157,4.256833892489922,15.610675566265428,35.314906566611356,81.42516594544772,8.966855356365585,3.314431115170862,0.0,3.9331466907136132,1.8426861949600095,0.0,0.0,0.3589459231097152,0.0,15.775931793956985,0.0,5.82846999258777,4.964879995149062,9.42454210824934,7.130639666677581,3.916956185396913,0.0,0.0,0.0,18.117104137641775,10.331344230952169,14.666981416067955,0.0,5.323705219877084,0.0,6.438085097964233,7.684109633995888,7.328382968796134,2.9884715718846735,5.239775512911763,0.9035851775785346,0.0,12.81530666842292,0.0,3.561023569772118,0.0,42.57154779829116,71.49009081787544,15.102736092520061,54.482612404989155,3.015821647138239,0.0,0.0,0.0,0.0,0.0,0.0,0.0,0.0,8.744214132670706,9.510092452486703,11.764373335528688,7.533200768210278,6.856001231353773,21.60618051929424,25.955717289175993,8.81889570044612,3.7342222105114757,17.817864322968262,0.028568934884873443,3.3160868492289524,0.0,5.165639616551658,2.957348426887691,0.0,0.0,2.002720874799337,0.0,22.751828912180216,1.0055702508066986,15.758225490093949,49.567173550666105,9.194705249512822,0.0,8.275569999368145,0.0,3.1234023586598596,22.003816682169656,7.76735642942603,14.968259534533445,5.492285319153865,16.445725536003508,0.0,0.0,54.41984705544791,3.3394728189805534,0.0,3.4726349313923492,0.12345715406803492,0.0,7.970636868098552,3.536533860598908,4.519312007500815,8.977144489163578,0.0,24.595003052041477,10.810540431874472,0.0,0.0,29.255300783345632,12.635950518630551,12.92924870661787,0.0,0.0,0.0,0.0,45.944850527515115,49.56305351858978,77.38940155500791,11.030031975939664,0.0,8.857826801693733,6.230403784620023,0.0,9.13431553581323,0.0,21.6907571020771,0.0,10.934192387763886,7.98294916032475,0.0,0.9509841566192563,57.898736239189674,74.10539972341554,0.0,0.0
cFMS Receptor Tyrosine Kinase Inhibitor,0.0,0.0,0.0,2.6119661935344283,0.0,3.4805769532983533,2.644286481191415,0.0,0.0,2.1811955074081766,2.965376103485781,3.4474701998384205,0.0,11.004152536999669,0.0,0.0,2.4529962510705445,3.550014653076346,1.388921819880892,6.576237002996791,1.0407724124670494,3.8719738696332513,4.412939316091482,3.2171146634969148,0.0,0.0,9.747053031784475,23.877360302263867,2.1492753973896868,0.0,1.563950261198869,6.979555985932393,1.7233146378235347,0.0,0.0,0.0,5.6354499380127265,5.337325203965165,0.0,0.0,1.3433758018650508,8.74306195669547,5.8737765347188144,4.123468063392863,17.076120468080347,2.5870861787139177,0.0,0.0,0.0,0.0,5.45232698239397,0.0,0.0,7.496612532745473,0.0,0.0,2.07200012757599,1.4841659985916067,2.9157457885978886,7.3002594613543295,0.0,0.0,0.0,2.6480489216777414,0.0,5.672359809137362,1.6566123477803103,13.504798383563212,1.6453852226062935,0.0,5.156661476307676,0.0,4.741517336589482,0.0,0.4295153040351636,0.0,0.0,11.877774982402428,0.0,0.0,0.0,0.0,3.1394358970270275,14.25016235826871,0.0,0.0,0.0,0.0,0.0,0.0,1.9539570933610264,0.0,12.600684158628809,8.159422071417225,9.478962434214282,0.0,0.0,0.8902906896727245,0.0,4.540807363643864,6.642568860135839,0.0,0.0,0.0,0.0,0.34007611001098326,7.700485728034735,0.33988141086106793,0.0,0.0,80.69553243873645,0.0,0.0,0.0,3.921839906503436,0.0,0.0,0.0,0.2445691630040443,0.0,0.0,2.23753165955722,2.2539932857347367,0.0,1.0309425161606214,0.0,0.0,0.0,2.3091144959293075,0.0,5.284698507476065,0.12963687628081288,3.2528119052983158,2.956884584372588,0.0,0.0,0.6289867710277122,1.858222600792402,0.0,10.814235879226402,4.074206222901438,8.088448067117412,0.0,15.584336971112634,0.0,2.5690639189939475,3.6905842940761886,5.5134455115019705,0.0,0.0,7.376439072471584,0.05542008539899257,1.920087304052089,0.0,4.030989162797027,12.480424164076965,0.0,0.0,0.0,10.25537705610489,1.362509073259048,0.0,0.0,2.2153876596335635,0.0,13.470606771391857,12.596093811856846,4.321792540985442,0.0,0.0,3.629643725073663,0.0,0.0,9.414404556610748,5.5535334360257025,3.0688454319613925,0.0,0.0,0.0,0.0,1.6192444774987536,6.45180101185889,4.4825594518922,0.0,0.0,4.389932175960695,0.0,0.8032596491729578,1.9303843219551737,7.7628754002003575,0.5824452191707223,0.0,6.668522707663456,18.226020777603765,0.0,0.0,0.0,1.3198402496080348,3.963296660385353,0.0,10.536518388390817,0.0,6.639052192731157,4.726939141419393,0.0,0.0,0.0,5.138116155933773,0.0,0.6095345864142985,0.5657261615985192,1.8049896859381533,10.561045185818202,4.712377564261885,0.0,0.0,0.0,4.142563637247619,0.0,0.0,4.0994861316899005,0.0,0.0,12.178626118827324,4.343653557853969,11.440470807284129,0.0,8.419050575357147,4.785085691794876,2.8874536923160434,2.026891918162363,6.628662912306268,0.5984567258568063,1.6706763467878432,8.29187024538075,0.0,0.0,9.099489121563153,2.8986918217743494,0.0,4.091341336902445,0.0,13.942043541697558,2.9690397570482077,0.0,18.054746648708118,5.035667812420428,0.0,15.870811161795459,0.0,0.14598062607524298,7.307257969034339,0.0,0.0,0.0,2.1165662384193666,2.4640679400311853,0.0,1.421849513306185,2.263705300596058,1.8840346405041828,4.064906907277702,9.62926226835522,12.557082507345939,0.0,4.780331621344843,3.0456119744158627,3.6324670390038136,0.0,12.417821268945374,11.013995261762574,2.0626916277122973,0.0,5.262552099643386,0.0,0.0,0.0,0.0,0.0,0.0,48.66627494738915,68.77267939063336,82.30375722311484,0.0,0.0,0.0,0.0,2.378098441073888,0.0,0.3220116552915613,0.0,0.0,8.606973279581709,9.668158112207294,5.403487780788765,0.0,5.201155120139717,2.5891371205445637,5.672949162421574,0.0
GSK-3b Inhibitor I,0.0,3.335682047016988,0.0,0.0,0.7884200782413302,3.4268201266666978,5.889743084654867,0.0,0.0,0.0,2.7813896625764727,5.387629548738417,0.0,8.532936468115793,0.0,0.0,1.1641093973039176,3.099642390714962,0.0,8.35614285720851,1.8557269496914728,3.329484296585264,0.0,0.5996220647200232,0.0,0.0,7.227651670233939,35.79685139533841,4.97464833604522,0.0,1.34902933735205,2.915385512670369,0.0,0.0,0.0,1.059601235614906,9.919602154220925,6.794151367083089,0.0,4.8344444066514995,0.0,4.330108677461993,0.033876663276629415,4.910159509277406,21.906434738623688,1.7782117685498235,0.0,0.0,9.86715474055805,0.0,0.0,3.153730816096868,2.833018342446735,5.755531231301262,0.0,0.0,0.5459562326024354,0.0,0.0,4.798651022455687,5.047297370423792,0.0,4.630354423494907,1.5391745133331654,0.0,1.513675762384267,16.95575818355053,0.9415101277388942,2.86256798542189,0.0,4.72668300818961,2.105488315795185,5.977447699516773,1.4763856100956332,0.0,0.0,0.0,7.417437841422355,0.0,0.0,0.0,0.7049145673355923,0.0,0.0,3.528996290933179,0.0,0.0,0.0,0.0,0.0,5.574730400245016,0.0,11.453860778016491,8.70206466088814,0.0,0.0,0.0,9.55764962445636,6.939247216117479,0.501204844298826,0.0,0.0,4.378344675055786,1.5316320138831259,0.0,2.7957336900259406,0.0,3.9288343022693084,0.9324438680910845,13.212548969863391,1.3701753184573988,0.0,0.0,0.0,3.3103052965958994,0.4271463029666762,0.0,6.382552697537378,0.0,0.0,5.455480457026852,0.0,1.032999568183925,0.0,2.985388032845833,7.687647411951517,0.3643083178488098,5.131003884724677,1.8054598349059603,2.9274147113316786,3.783154940416125,0.0,3.571182751534508,6.317834808152014,0.0,0.0,0.7063563603132792,6.8291777164021426,0.0,8.406963610046247,0.0,14.457891766210011,0.0,8.88751139850693,10.606673591980979,0.0,0.0,0.0,0.0,1.8915407329402854,8.08207069005718,9.236440672480768,1.1354605077707305,0.0,0.0,5.80058613145772,0.0,0.0,2.860172181172146,14.886734004107154,16.224806568168532,0.0,5.318364165897123,5.832885242445116,0.7289008912596415,11.250617664120398,5.0901547559702465,5.483367851306596,0.0,0.6229789919543691,0.48398753736520916,4.747023717845778,1.3547244780359051,7.913044050905427,6.010479054143275,3.6409992029979605,0.0,0.9751045933223565,2.723920915669609,0.0,6.818821929356403,0.0,1.9073942065993776,0.0,0.0,0.0,0.0,0.31972423042518017,10.676700450109948,2.015839109793518,0.0,0.0,1.8133322023674623,18.420049786849745,0.0,8.914148078393353,0.0,2.826959927315201,2.526101368507838,0.0,2.023372709144411,0.0,5.865022792078605,0.0,0.0,0.0,18.905988452787398,6.612278729245844,0.0,0.0,15.881603168279554,12.677538449393197,4.518681974088452,0.0,9.370425303790569,7.042946238332746,0.0,0.0,0.0,0.0,28.23872034887748,0.0,0.0,5.920167998242789,5.1551520780869,10.96415568065946,13.38811206803625,4.831350800309764,0.0,4.079040090330096,0.0,0.0,4.924673292223247,4.07980454633136,6.756730894476817,0.0,1.4651844281564337,2.832609225479075,2.824051925657983,0.0,0.9355750840531982,0.0,8.999467290117764,2.7655528012358275,0.0,14.632273018346751,7.108958457066507,5.354542363968534,11.222124935274152,0.0,0.0,2.3958586964727715,2.5078093062228106,0.0,0.0,5.9515096221398665,0.003657592899486417,0.0,1.3539601323154784,15.337192229707696,2.3491935241351882,3.7814389981289196,10.18346758714084,1.8926148035947818,0.0,5.589749251199876,3.7818077052040735,0.0,0.0,2.0909311854835124,7.814359148289313,0.0,11.052204863817423,9.025344359575428,0.0,0.0,0.0,0.0,9.066146483171494,0.0,0.661510094712682,17.75527009119952,0.0,0.0,0.0,0.23705869240120592,0.0,3.9576891197026214,0.052974202651853375,1.0845223387389638,0.0,0.0,5.775684141946954,7.7323183679096275,0.945775779583073,0.0,3.7150056583552384,0.0,0.0,0.0
GSK-3b Inhibitor II,0.0,0.0,0.0,1.4072524602212866,0.0,9.32164910705589,0.0,0.0,2.634944338620798,0.0,5.630220478016824,8.671653572156629,4.9382497245020005,8.261421274259817,4.188043774418304,0.9495265658490268,8.751631398279429,0.8036881529756243,0.0,13.435627940156024,0.0,0.0,0.0,0.7090174576751593,4.417632056682123,0.1790196859871287,3.555606810177636,11.270560151920677,0.0,0.0,0.0,0.0,4.081495959619119,7.723131729877224,4.593481998085281,3.190636708495674,3.1957121792711405,8.409174090752586,0.0,14.928940028164718,0.1611739710804585,8.00972282003147,0.0,0.0,12.615656463545278,3.6765508619939737,2.4691454141225364,9.545128680441678,0.0,2.458743629364207,0.0,3.3029675927983106,0.0,0.0,3.6628621654935216,0.0,3.029284467201819,0.0,5.696497588030837,8.304541953957823,0.8389969680220872,24.099603927519013,2.7490811303537868,19.022723819068744,0.24174066380047066,0.0,23.703883701447538,9.954586106242488,3.9091415079199976,0.0,5.693027342458294,9.665348793020542,0.0,0.0,0.0,0.0,4.229834422257369,3.5565018957470897,3.3313871461242996,3.21075462323941,0.0,1.5340171658716741,2.882363648345091,3.0060089569851556,0.0,0.0,0.0,0.033375511922230316,0.0,0.0,8.517818411151339,0.0,12.300109715095516,0.2661792049959786,0.0,0.38924945858255455,3.6209451238730708,4.165123695857645,0.0,0.0,0.0,2.038175765882869,7.628288551663914,0.0,0.0,2.8376903459029137,9.064741551321404,9.042533683318752,0.0,3.8058249063010834,0.0,14.491007483921337,0.0,0.0,0.05644497761676348,0.0,0.14977909340512952,0.0,0.0,0.0,57.316555109670944,40.245629548090434,4.145639204162251,0.0,2.6286764339461826,0.0,0.0,0.9146331149734124,1.210071906480593,0.9133956563537993,3.4981268295221923,10.667282966247996,0.0,16.478251041146564,0.0,0.0,1.9618635148798091,0.0,0.0,0.0,0.0,15.293215961324194,0.0,4.257403986139849,21.93928532076316,0.5086255541078373,1.470631756375667,14.194451916137893,0.0,6.151121169772239,8.104610430072853,0.0,0.36229150030141,6.474574113321822,0.0,16.417833578098367,0.0,0.0,0.0,13.210193407773716,4.602799115683666,0.0,0.0,10.400497072382592,2.2932453762801117,9.836378736481578,2.955694646447114,0.9434281936961781,0.0,0.0,0.0,0.4387370068763943,0.0,8.451145309025094,1.555999083617948,3.352183760495734,2.7607182086977105,7.8974517062430465,0.0,0.0,0.0,0.0,0.0,5.926725922563094,0.0,4.480858870768273,0.0,0.0,13.119767855370469,6.322591666011533,4.570067000446244,0.0,0.765584498026584,11.706527530429014,0.0,0.0,0.6634994604027042,3.1143081532700876,6.226642273766657,6.961338667472745,0.0,0.0,5.168159803708875,2.3704237811060693,7.099819463714226,16.350769942717434,0.743723696339984,26.014960810652667,0.0,37.34878061838747,9.924777590186238,2.307935381306919,1.6644630751345915,0.0,0.0,0.0,0.0,0.0,5.390975089973892,0.0,0.0,2.536843611672424,8.791398242160113,16.304588045883122,13.49153558162655,0.9302851194957782,1.3356338858050378,3.6058835981238815,2.3766683105788218,1.6010139923780855,0.0,3.928750475802346,2.931004049964315,7.854050650142582,4.454427169736164,0.0,1.4159045592823247,0.0,1.3573311197974078,0.0,3.8955186541822684,21.78677534033946,7.931949876125657,7.16707094740444,0.0,13.702043083262964,5.247359870328097,12.001829745412493,11.016091177958259,0.0,0.6882581082134323,1.4181327970841693,3.5715225311779193,0.0,0.0,0.9620713574223316,0.0,1.505547690616723,0.0,1.3642380043373237,1.054131223892199,6.626918819905811,0.0,2.6239241540274634,0.0,2.4179013428169185,3.7639214206723466,0.0,0.0,0.0,7.798688257924198,0.0,0.0,0.0,0.0,0.0,0.0,0.0,7.360415342195239,0.0,4.011763563246802,8.627612206554971,0.0,0.0,0.0,3.1851797850595602,0.0,0.0,0.0,2.9283142826653545,0.0,0.0,6.920491913789931,2.7765092533890936,0.4630676625245087,0.0,4.323747012742842,3.3198456430731937,0.0,0.0
GSK-3b Inhibitor VIII,3.181553103647474,2.142343749054902,3.18642304693347,0.0,0.0,4.079019601099702,0.0,0.0,0.5018159606856898,0.0,4.165383208182064,9.031377992932846,0.266715185152151,12.222583760549838,2.6131503900094515,2.8786689798785403,1.5942359843771214,8.017441741612402,2.364092017930062,9.173511759018183,6.596938477526095,0.43857444272308044,0.0,6.86678975615493,0.0,0.0,8.850337040915818,14.530783781248942,0.0,0.0,0.714064931974292,0.0,0.3748265294833857,1.246829284439002,0.0,1.6576193153446326,0.0,3.2827882321554114,0.0,7.347005666876726,6.621705039674708,14.881219717311438,6.71743957020206,2.3658079575282756,5.22363065175341,2.6709054651263955,5.607076394772577,2.307515633093331,3.6192899531259,1.4197028791824664,0.9334203050144367,5.247074078638548,17.20770591826181,11.860655138889513,2.0014805696926032,0.8033000344208858,7.61943363889128,0.5969029957841627,0.0,2.2000944870381147,0.0,9.615709934867539,5.786379108285672,7.132015672577211,0.0,2.5690259956502786,6.950977385444645,7.1535876414575625,3.7996586102516403,0.0,3.3538364221560357,0.0,6.7027992794458555,0.8204222927478213,0.0,0.0,8.422387271925174,4.444537721607105,0.553581902964055,0.0,0.0,2.2667987139508057,0.0,0.0,0.01385237850438159,0.0,0.0,0.0,0.0,3.3588872226004582,0.0,0.0,11.618778923682356,0.0,0.0,3.136906586387795,4.782594755141844,0.0,0.0,0.0,0.0,2.2955087096946727,1.0823959825365108,2.6382733906061304,0.0,1.083286893856453,7.6347348245003275,3.249440012367984,1.0620861979013512,8.781026728253678,0.7911152779578572,2.759229461044697,0.0,0.0,3.6403652712413646,0.0,7.8864046609754155,0.0,0.43803076824659115,0.0,86.52725556453193,59.84865720693004,9.976284764423298,3.255402833721149,1.1883999196195418,0.0,0.0,8.104388593560785,0.0,0.0,2.8524058628156297,5.1022987139153315,0.18283528203099308,6.704358324090805,0.0,0.0,0.7800409842002693,10.462208410287388,5.773361754359996,0.0,0.0,0.0,0.0,3.893734124588093,14.343058072859364,6.0743707560861395,0.0,3.972380221883924,0.0,5.7062031028219735,12.332752994373266,8.602626941989485,2.2505053398532766,0.0,0.0,9.895392842935394,0.0,0.0,0.0,7.818532013716265,0.0,26.52596289559162,5.9365366103832145,12.40505458153855,1.0051872104805568,9.480228629447808,14.086007814435305,5.8851766849929845,1.5487033602375107,0.0,2.0864788130606655,0.0,1.6133751943572179,4.343532165859386,6.308241117165338,6.509199940675828,0.5230605093077401,0.0,0.0,0.19513466101221866,7.3624091039442305,6.442768114436461,0.0,0.0,0.0,5.737061192893577,0.0,0.8863767616121265,21.43029801537935,9.049705504803157,0.0,0.6019843094808408,10.561005291575853,15.832397992915702,0.0,4.082864583286835,0.0,4.557498845511617,8.874918064648043,0.0,14.625036378872565,6.432091288818015,5.775469405180161,0.0,5.360955312623773,0.0,4.557858570165138,0.0,0.0,0.0,6.970408393679477,0.0,9.95017787272613,0.0,0.0,0.0,5.471157242478114,0.0,3.10408381213378,0.0,38.05883303714985,0.0,0.0,0.0,7.567998862017234,35.89780751577908,0.23906797781516786,5.613167042386806,0.0,6.55860179809271,3.1300354418647203,3.686994244420191,2.743308308335145,4.105874854982616,2.7355288024204754,0.013263751993790152,5.672454683883132,0.0,0.0,0.0,0.0,27.945038592940193,16.945043660567848,5.9721285225684255,2.1403360477089706,17.198521691191274,3.8467459431669937,0.0,0.1746346493294766,1.6090228006418101,0.0,3.6498642822193688,0.0,0.0,0.21838950060890738,0.0,0.5186459891270943,3.088403565865292,10.61353292357957,11.063155204105243,10.088165640042945,6.667239940820849,7.121767012948439,0.403008733148738,0.10407942448782137,0.0,1.4467720716148875,0.0,0.0,3.642302234651197,1.4127375965170756,0.6571115276430106,0.0,1.4640230598607644,1.5024478606920013,0.0,2.2900642403401434,0.0,5.956040339194004,0.0,1.2067170832663976,14.367150954760888,1.290541892005109,0.0,1.1493335393588637,3.074853826013168,0.0,0.0,0.0,2.3429895020836256,6.6279350374407215,0.0,5.027761567817862,4.821443959773205,0.0,0.0,3.8740628280131943,0.0,0.0,0.0
GSK-3 Inhibitor IX,80.86841924121433,91.61178709338279,63.10512892191493,2.287570081707514,0.0,10.601257242878262,11.478785727932248,0.0,0.0,0.0,0.2451695996435177,0.16068436700197708,84.30656969068556,8.385833892860887,82.862978296457,60.896477235936004,48.157682993480215,42.29608700719772,88.71681994446166,70.79916014878727,1.8114740793848512,10.67848608088309,85.37481848900173,80.60854761360044,86.94002379922878,57.73823488598043,20.64946799193052,29.99287175616311,92.36029004347239,3.9792919986692965,0.0,0.0,3.9593581869818166,86.0768220848824,34.23059207883206,76.9763040653977,71.66142228653594,3.733338612325582,49.48768300093621,29.935284178437257,40.29942044789375,49.523648224877405,92.33716072692546,84.63416576357861,74.78731771888415,6.564891930335875,24.05899185080844,79.55918933851402,87.58673555563236,64.10746629363727,74.5956398341616,20.9214413615298,62.51279344990397,31.799588470387647,42.894715926736424,51.656385406622974,4.887149160217945,14.633374877522343,16.33671352519704,12.434011926219881,0.0,21.72048787515601,17.761098056279508,36.85139969581977,6.930789721023132,8.135731619469482,28.828949510558814,3.0424119867467994,0.0,34.22569764831486,0.3541852555513003,10.011053947193773,8.977355983636116,0.9000514377875817,30.33297314098712,0.0,50.80177883001461,0.0,19.68225143894685,9.041611227650037,0.0,0.6025423243142711,11.02169874857114,1.5278029439798075,29.064217470815976,18.139975169238483,9.773909173542222,29.624673409197925,0.0,18.63083985115179,2.387457171144888,27.727751780495268,25.267204149200296,0.0,21.523114562520306,0.0,3.200408203088614,16.67814089467737,0.0,11.020186626440506,30.224686357524575,3.9594348422664467,54.899425320341244,40.763018020666195,45.36124171562703,20.389760404632227,97.00863682033462,24.941704510199628,95.97861324856044,49.21578864687805,25.55177159797927,76.8142609540861,94.94959394590576,38.52930508269078,2.6504821902917115,0.0,9.912663835794291,0.0,20.075146042805585,3.3248140915546003,96.4004338800057,96.23371185625216,4.061217891710356,86.70162606228926,71.3618039401248,0.0,3.787469901964897,35.15878551232761,0.0,0.0,0.0,14.592198793400684,33.73539799371848,7.507392083443577,0.0,9.888155355317323,19.04666584872635,53.35000675989096,23.760893387454274,6.236219282322637,46.67146389389413,1.3330033283999683,19.67328874065538,2.1093005027974385,35.83781600614722,63.457439908102074,61.01081787002971,48.31422382732919,57.86617100461102,47.233453687522235,4.726356140885784,94.02379311766498,85.3172779549732,13.13818756514388,3.871295969856149,17.335317248908467,35.817013087175994,38.15659012080722,32.96520533027132,0.0,0.0,7.575595077103259,9.681646612561394,0.0,56.52673449123297,52.20266581145131,1.7530179729633062,55.02888129944972,82.41232823961471,90.79423842900674,7.869111389130879,83.99177489365991,0.0,24.717287153363444,6.040632477489851,2.5223446624806627,17.42273846555065,43.89354685230476,3.6370406177050967,77.45635674329328,79.45728147552869,9.136593432512669,0.0,15.466985129423705,0.0,6.199531974158376,0.0,4.520968523115357,15.60360130750962,3.3445147500897576,0.14865503739632402,0.0,3.711122048847699,10.446333816718848,0.0,0.0,0.0,0.4379922870574262,12.540373957490317,6.178687108684429,20.363947813125904,0.0,10.244615440547605,9.070110835054095,0.3493415622317002,4.720014905414871,0.0,13.710578349030072,2.096388076454218,0.0,31.624850922034966,64.79617189974081,13.64298906739829,58.246419740054634,7.548447279352445,3.8641286847484366,4.481635966958066,26.84581616048419,0.0,0.0,0.0,1.4596021317047558,0.0,0.0,7.595750668472519,21.38738771506135,9.122046709008757,2.7401886186787863,6.414114111869992,12.246872132010111,0.0,0.0,5.924841479838406,10.957428128405581,6.418279903297105,30.855615372824985,17.839063540783172,14.382485970580007,0.0,1.087961429619014,4.675426721475475,7.8589263854602365,43.34338732779869,0.0,99.93979382964173,24.8299641719654,0.0,1.0186579596044112,7.879603141232849,1.2846345307422098,18.00278739802937,52.84549934111868,34.28151605535524,66.32988722580433,56.90615619887899,39.06654751455628,26.96398782047214,2.813802447870998,68.94001066859823,43.85778721634729,26.625659058371582,0.35990273591363575,5.099151083047303,36.08175781306667,35.98326853758326,16.971849647339297,3.681269590062726,30.645456248430406,0.0,0.0,54.32252858971042,20.725271885186345,1.52199148584981,7.88940547459336,43.12769155094524,37.88620109550992,0.0,0.0,3.2882066058764963,0.0,65.51186623843176,89.65385397975129,95.02019942958621,0.0,30.243295433501558,72.25791145582795,10.656887036908984,74.39981516008226,18.403784737788413,4.685967295895921,5.9592131691929495,0.0,1.9726944822895547,4.024375537106124,0.0,6.222017088220952,84.19276696538361,31.00918650381317,0.0,15.08390009416641
GSK-3 Inhibitor X,56.94255664014645,73.59887943963895,25.32919329577885,0.4353662943619554,0.0,4.914574859357771,13.31952731137271,0.0,0.0,1.8137536134588288,0.0,2.7918577866237797,50.57855930055514,4.237975962159723,44.583720774641264,19.006515199651176,13.955058816715649,12.031555175086282,74.41864558562852,32.77624312870017,2.0969370386183073,8.816519154115127,56.50370682467195,56.56483347574231,72.66651811130086,37.720341022121026,22.971286859241005,1.7890380938894452,73.815763678786,0.0,3.6522716915918068,20.894474690123758,0.0,10.786866256437804,8.467999204882489,46.20175934050077,29.386538401904218,13.900169842255139,27.259472613548127,0.0,22.50478284660896,20.676280024948028,77.67859828944866,75.30628827960028,63.67902339264066,26.65817522033703,13.846074490948126,48.604297660723105,75.28634779507688,46.75674670521784,59.06384036876082,8.867697268448168,35.688998310555974,8.470412643357065,0.0,24.23510430450081,31.47993619467843,7.663058211944644,44.22625710027937,6.104499516184703,10.279412544590713,0.0,18.151936476204753,0.0,16.700846155199258,3.163790773929861,24.8506954972234,5.9188437143452575,0.0,24.4583155099793,7.029029148767975,13.150652691497186,31.289592953738634,9.844001202495917,10.221004571912061,4.605615224013917,27.29562815584663,0.0,4.002201730357854,5.6252460062562335,8.705568056253867,3.295321505854389,8.860582317968166,16.795678245455207,4.1873448341051756,11.794804464928433,12.43351355157688,0.0,0.0,2.1444455452673594,3.7027328194438667,0.07124178733141662,18.618445874944854,5.841048136878456,7.8455300596574915,0.0,0.0,6.279512940971969,12.053926763679371,4.136353963801156,13.610330685213953,0.0,31.16271450785638,14.192015469059584,53.532104207351026,17.386309375205286,85.23421016230752,1.4446623026192782,78.44676385339594,6.305917495575443,15.95511032729415,48.82404573664434,79.12031530071864,56.0479665492041,0.0,4.344867929707561,2.409169815232559,0.0,11.520602074423095,0.46091693841864867,93.50902831484802,85.74761581646302,14.474843513403357,56.858613428975595,69.83967611577228,16.96098560816415,0.9102144590663954,23.332793242844502,4.496308211277636,0.0,1.711424627794429,7.551084902396553,18.551549927270457,5.2180813075787,32.56083194516165,5.893767385905164,3.326649939034695,23.201240635435624,0.0,0.0,0.0,11.10382481739309,9.52999886859186,17.01637704602146,25.787382539103703,75.86790854316023,46.498438225663236,30.316039977496445,26.446687584203218,0.6579656172085322,12.369487313931671,71.88285514238576,47.636127716061125,0.0,0.0,5.130770591329394,23.977283691451646,25.080104796838953,14.628747761511676,22.350865891319074,15.086696606406491,16.890021467344653,6.9047692795911075,2.5732258065191616,6.104450169826521,23.93886343566146,12.792738695242917,25.773532413679675,45.04358275621711,48.45625326512345,7.672363172030444,57.46223241520068,4.816025742371238,33.05516525307891,14.158611791105784,5.267848297089742,16.148096722931726,2.4420255495662957,6.088247552096476,45.84308218453931,60.5284647768484,29.088890641253116,21.333941682991764,31.466348054301847,0.0,5.290502478749346,0.0,26.086758450491388,0.0,14.442860570117844,0.0,8.149140306084092,13.299954555759584,24.309655555038916,0.0,0.0,0.7877569856578646,16.571709119575218,8.516646909551667,14.820578340594352,4.559685822103376,16.330606994340272,6.4189117718131286,0.0,0.8643503622864159,7.256709478581399,10.92535442708973,25.17642254248011,13.838251776721819,23.190276470359933,17.100462744013186,48.39943948215887,11.827288976138945,32.319147056459514,3.393873358611529,20.205068477142092,6.787633049011987,45.80872545357211,0.0,0.0,0.0,0.0,0.0,2.960908922857058,13.771585774904338,4.596870152082147,0.0,25.732209232160102,17.94806563152376,15.058344793143306,27.98023365496138,7.849779487545376,12.15069105810528,17.259431557996663,13.851292603606183,8.618350975147223,3.940944728827901,14.612781951204568,0.0,0.0,3.839401395949835,0.14369927260781878,14.083228764723032,0.0,93.41768324951148,0.0,18.868001779793445,5.379433763712399,8.256163123539835,7.240287944789316,0.0,30.98160225222243,8.126720507602286,49.02380059423692,30.03942482898971,18.22475473751868,7.18887078589313,0.0,45.40325277633424,19.82810767641533,14.826864974428958,2.0014739175851446,3.297125956860512,3.3903434209778,23.46965895578336,7.56119284986363,19.126428642863033,29.716538292100125,0.0,0.0,11.741122758686288,2.5579538141819,0.0,15.605247943399846,27.64370406913082,21.498171672351432,0.0,0.0,0.0,0.0,45.33188142455906,61.581278658734306,84.9449198763698,0.0,6.113709113495304,53.63344544082889,16.746717231825613,18.392603901315795,30.1924844615029,4.415594910742868,7.792408096932448,0.0,19.315049971816592,6.2528513098324225,1.421240812951936,7.0248514689376975,53.56815362364814,23.004589872407536,0.0,17.81708122415543
GSK-3b Inhibitor XI,1.124966852228141,16.266594342076218,9.30323973728062,1.387404105318268,0.0,0.0,0.0,0.0,3.0061099209650735,0.0,1.5089591340903326,6.448360730182799,40.57322761845056,11.091819339844733,0.0,0.0,0.0,0.0,12.864400660078871,2.2262447118628472,0.46426135240255917,0.0,10.830885607251119,9.644873696874967,6.343397927681522,6.990418473187077,21.26869001384742,0.0,21.14445380245138,0.0,5.1338122495623395,4.889972464174605,0.0,0.0,2.438924260475602,0.0,9.401226015030758,4.361258141265026,0.0,0.0,8.195820903768194,18.92530738121755,5.248481285363113,14.93020398346033,10.560201495008613,10.525775561147995,4.081990274949874,0.0,26.061546109136586,16.62762507785598,15.61509574481424,3.07941181700059,10.509554191663426,11.713627471157338,0.0,2.2960549912347687,33.01321810093597,0.6268091770002968,6.078163632470591,0.0,33.98868464489037,0.0,21.140140087055016,0.0,11.549963504314533,1.0817738379438993,32.18996251187022,0.02889256872316537,3.0393721599887726,13.075901499766147,4.4558630470999105,25.644605354358546,11.590848019595654,9.880503832896409,5.368018222035545,0.4182750080959039,6.379067510882649,0.0,6.753522750937208,18.33242926950247,20.36590012931076,1.5766609075261613,4.139969278983983,26.09703539870074,0.0,0.0,0.5022302567764996,0.6297256699732117,0.0,0.0,13.094854516644062,0.0,21.74367035392909,13.376989497730335,4.840165543265044,0.0,0.0,5.543700677417547,18.055483636176234,0.0,0.8042629724218671,0.0,18.820682561176625,0.0,21.285644678551307,8.476413370252914,0.0,10.604642378103279,12.16828045527184,7.699596982817269,1.5843108989585772,11.655087909339969,0.0,32.566121241315486,0.0,0.11426145885205585,9.867976820003804,0.0,0.0,0.0,91.43696294123882,74.81776131068072,8.064643525153542,36.553390346844054,63.56377444960815,15.847071654837094,3.4173003249745335,10.849171735986957,0.0,1.6281227125728464,0.0,12.711778206506779,9.973155022419746,7.073818206441118,23.43579852672414,0.0,6.786457208524155,15.347823932484005,0.0,2.1934183380528225,0.0,0.4459129381567095,0.0,12.028443512599182,17.938749134816334,62.458340332801484,4.150388974903251,3.632755723295773,16.931904715306786,0.0,9.986888955325782,0.0,0.0,9.029216813379861,0.0,1.3658611638735323,5.017915979024224,2.5052016294074093,12.161248009662742,6.137782034444399,0.0,9.685455131475067,3.0673924621212194,11.734485630401537,0.0,15.247350657062725,8.941661274176738,25.95582334057997,18.859350443577796,14.5074328301788,8.691750787254406,19.166685427418287,0.0,30.937889753890417,21.38154552868241,0.0,26.09498589734997,0.0,8.849192283687955,16.36708346432971,25.56613163220112,27.94738909959605,21.316665311513447,32.85034802154699,0.0,8.080473057116606,0.0,2.508893265500774,2.492097460163123,14.886875357084932,5.768627236638565,4.632042147049987,6.635165961185578,21.904201911413793,8.763983609708177,0.0,0.0,0.0,3.516859203582271,13.219746159252537,9.846987703949765,5.280732569232228,0.0,0.0,7.149826101694629,0.0,11.816342530874635,21.8242887227008,2.890697629657595,5.130836926843742,0.0,0.0,7.759285840416027,12.786497191159881,0.0,56.09643546687933,7.333050919989489,83.33770133499794,12.29544527356245,0.0,8.885121795205094,0.0,0.0,2.9849397544036833,0.0,18.396620648847417,6.9308817384184636,13.025449685315323,0.0,21.833289151598194,18.269207641362158,11.530488516863244,0.0,0.0,21.164540087468183,0.0,2.225470961188506,16.72566067431096,0.0,0.0,8.921610057618523,0.0,5.9905444329976945,0.0,45.46548828175258,9.062342116813085,21.959118233590758,9.75832101320384,4.029723730638992,3.8776989503809887,0.0,5.225336680789582,8.6648761185713,26.83638277426563,26.96243736518892,8.807100172388772,3.1139821938932926,0.0,0.0,0.0,7.725277597523473,4.071806015359897,2.0117967160316823,2.0693296682366054,9.726464936834958,5.097716192090758,21.08209046259779,17.166474962261034,0.0,0.0,40.00351318219418,4.460506341055094,0.0,11.886919699567315,11.834391063536401,1.2167018341473863,0.0,0.0,0.0,0.0,11.909042763007534,0.3001445278593451,20.336999300202578,0.0,5.472490509686224,24.681961760506482,9.140824126256902,3.1188164422581224,6.3198496076767015,0.0,3.3412994811841656,0.0,13.599019009657951,3.8050605002562747,0.0,8.71161877348338,19.853409027216145,3.6270801488867335,12.218173907912643,19.838778782107838
"GSK3b Inhibitor XII, TWS119 ",94.50120380187691,98.5977933691559,80.3894619080711,7.490249863846316,0.0,3.7875284290858815,19.105819375755914,29.712467685126,0.0,0.0,0.0,42.694702676067564,62.99930443147541,5.13164912838792,21.754252294447596,28.136818574389707,22.332983648197626,24.079658373103,61.87633743497043,75.72045121079698,46.75033698569507,88.88535082698579,16.921205384033982,13.07423424965208,66.38356562392465,64.91276758251433,36.228493359289295,0.0,97.92523079869909,0.0,1.7646226880256535,2.2878242282256167,1.0046588462859916,0.0,0.0,0.17446408831352755,0.0,5.095975287156136,0.0,4.136393230286956,0.745504562788696,1.0956447902640036,11.450931956769736,9.95419103521894,17.733427014256037,11.330951499619772,7.198908154702238,0.0,27.800645473287588,17.80334917285802,8.664368137383832,5.775613473387409,41.60213398985265,36.782729923984085,33.786307179042,24.15244127250324,38.22387890164826,3.1812278003195473,7.11202215588898,0.0,15.111059665043797,7.431605042002943,3.234038194384908,3.486197373371823,6.989607310550156,1.2388177713307016,26.0385360871103,0.0,0.3546575868004993,56.37114128868495,2.1875139911405483,10.92877594026362,0.0,10.963096385806011,70.74383063537918,4.8464303307209775,6.339068701246475,0.0,0.0,23.066857751057157,10.1942129145731,0.0,92.11336520252502,68.8128504198837,51.83911592901595,60.28314974361522,51.6977908157932,58.32664291686093,0.0,22.784015773742908,42.477212643093935,59.995843121902965,59.259970504418874,21.220702278758722,0.0,23.43327085092568,24.2073950224204,13.141765706682463,0.0,11.565509712177402,55.97434413158771,26.16760050963677,60.73756939639694,53.87593655806399,32.104210601284734,54.90906936213901,94.72131309990019,91.43723422406788,69.25861230458128,84.16854652760611,86.42188676039217,93.0457587045562,92.08367867411249,44.49801811146697,0.0,0.0,5.299579609643587,0.0,1.9874438020629839,0.0,58.40669453511641,51.87174551691303,6.705390818842147,93.34782827873231,87.53545715474455,17.289053552580725,0.010694015368216014,6.023597646645385,0.0,0.4895670613822176,0.0,9.209998991090458,11.876617019177488,6.285648635508522,8.576141328239999,11.794105539870884,3.664504463524338,0.0,0.0,14.568213222685841,0.0,5.602833548643645,0.0,10.588633084402232,93.30283950629989,81.58024828326076,75.75367938697576,77.86955661037346,87.63459835575422,54.16478741244153,6.634198054992083,88.93690144617896,78.64618647352124,0.0,2.4066049637769424,0.0,16.991185874806987,20.974513146430894,22.502486316764617,31.150738448532053,23.73438159470345,0.0,13.062700272809366,3.5722006253151335,6.603202702193869,65.3055468747319,9.872105093610259,18.273724047455275,70.05936269215684,83.76933733836788,20.768638385615958,47.58434351433657,12.370468596036602,32.54344768940493,12.318691685846971,6.5381258050691144,16.405813642596655,0.0,0.0,5.570384882743497,0.0,35.808958393244765,16.24722355770035,37.20108882802042,0.0,7.655507985386691,10.422879569919957,1.9515928532846374,42.52011630158236,8.611981001780734,9.819025404833695,0.5600919474830022,0.0,30.361573697960566,12.31207959908798,0.0,1.9190262910502582,0.0,0.0,11.443686510786506,4.740274637863166,5.278294092740623,12.039034613106367,11.06951334204713,20.169732593905422,0.17972150845375268,13.131202677644154,0.0,3.7837595254432017,6.136928976026468,26.38438755033296,60.14512196512075,13.151386889174177,18.475563895362924,0.0,14.105305504409841,0.0,0.0,7.674920863793687,0.0,4.385180827037658,0.0,2.5447900654222053,4.301216027131204,2.5903259650956016,9.982085024813841,11.858160947526756,15.350080239448914,5.555393386769879,8.984144581438699,35.45063490038038,6.036352993318914,18.324422104934115,0.0,0.0,0.0,0.0,27.98448544654717,0.0,0.0,4.325316721819917,0.0,34.443087419211764,14.097763202058118,100.0,69.4884365718207,16.59114489603121,5.935755904005504,5.452204452016758,0.0,60.30062409942037,0.0,3.0655054980013006,8.45215738400475,4.627445255078243,0.0,3.766324779864007,0.0,30.564916849942065,35.907670867324214,9.702760420812453,5.587471414182005,0.0,0.8851858051318118,29.636824787882006,8.876630133577635,8.421901566558603,19.717653580143406,0.0,0.0,63.86349903996306,36.99213287853714,0.0,18.574134242409244,6.490429695079172,7.107811079592523,0.0,57.44349129303444,39.30152980268317,0.0,9.45888858357415,4.525982110769405,36.6776745445502,4.379010305960463,0.0,75.51565584436342,83.23684654688654,63.107788148064486,47.939461281858385,0.0,2.541992082634124,0.0,18.380380792849422,14.549765535893641,0.0,11.498316699471701,93.9545637278368,86.1095052660855,2.496830941557846,6.0445456577987215
GSK-3 Inhibitor XIII,24.62670258391455,57.52014657050522,89.16493198127286,0.0,0.0,4.527782062795609,24.148645857396517,0.0,0.0,0.0,2.8894690640175043,10.316595012302557,96.12010338785664,0.5228685721953212,80.23170245466301,47.970248837136666,48.18758299191331,0.0,43.78369029179252,58.87005147853546,0.478947835799616,38.425615311766975,0.0,38.617141053099154,56.61492519747264,59.21215532311996,27.8424503118612,0.0,75.58441749768306,6.918233072874585,0.0,14.616604581917983,0.0,0.0,2.2508992543030644,2.650417081692268,4.076855838698151,5.8530302119479245,9.299767923275937,11.436679473925864,4.9597326407262585,23.986099197613044,3.0818668818645563,24.58344265985957,15.030068504458058,0.0,5.619829340983102,1.29167942522281,22.87567370064926,14.487344967721043,41.57799385548114,26.658547757304206,10.183406727573754,10.944528969041485,30.903151245903018,68.73667755535583,5.383211504454266,3.275231663401172,2.5728247634367847,24.282106358935863,30.74326603168153,24.991316994376717,73.0323430663484,85.00555114260887,26.013462428574286,8.280185797588416,66.23588536174387,65.6801034460319,0.0,1.602648167819126,3.9311861729720476,60.882595602651136,10.539934341933375,12.553456898399162,6.805771330669586,0.0,18.6545977695433,0.0,9.17802227395515,16.035059327751725,18.112618728919728,0.0,2.582065599019984,30.139632027859193,5.200828424872938,11.052906394165348,29.285253835440017,9.414939092318917,0.0,27.452679478827676,1.7660807030983392,6.9226505523072035,23.302933067637696,13.460206325882638,8.931160705241794,0.0,7.972783584093349,19.19441369981324,10.654895527424927,40.10751596733098,68.35031103417691,5.324846912389916,51.15175142829889,16.25073955846048,28.343172295650533,18.115474723966855,45.21529984027637,21.29932215215173,89.51047830947815,55.07026903405023,66.91407540082972,27.505066937221784,59.959274526452674,54.68377974936149,0.0,0.0,7.891664124773968,0.0,24.23400253715971,20.833681215919228,88.71537056303421,72.05893713709608,9.487776665846198,22.71825763237618,74.31790618057578,3.71674327621551,0.0,11.499813495976383,0.0,29.163904956863007,3.5084625734586012,30.19144153277712,32.85662744833152,68.44337948019174,20.67512180940402,6.82358563488377,79.29691908357992,54.60092930290349,16.331106104675612,47.41791632187211,3.303709508850318,7.951032657412782,7.553257697319992,11.270928210194441,63.47140405281277,79.80707981501854,24.41567376964693,40.424738938996825,30.95751301143575,43.77161271989932,11.732309263561689,20.137224105380824,11.295026876108722,0.0,18.95204713231098,6.848743825934974,6.349681670529208,10.393724473804298,11.034352530419753,16.524702375176034,8.359983469355257,0.0,21.553526060950674,17.089159089960674,30.8577444321145,64.41276559566253,6.847523556176768,39.806605362962294,37.22739036635413,85.22382324160739,24.626696140055174,81.91182197837372,6.503700874831935,28.22498023229832,0.0,12.8583390130227,29.51240998362664,0.0,38.53053388319262,41.99532051611394,41.461419496630924,33.97102510851565,8.798342215121863,48.98243426452974,0.0,6.997723710219077,0.0,0.7324221827355473,0.0,4.998548099557496,6.057407996759565,2.339638338611394,20.056124183677184,6.5317244828983405,5.33521540500783,1.892253961549983,0.0,3.216360069692371,0.0,13.216567178787045,39.61219443330539,0.30278545370967436,20.537343196858615,8.18725356261939,9.7879725067138,15.75561228342687,46.90354500403693,21.06729302648006,3.617661071483468,4.601959449957292,18.41789487323915,44.608744747422136,9.65351090336452,28.29362614937729,13.737473907036645,16.68633850551977,7.322243258215877,0.0,2.79458741970339,0.0,7.81144673961856,0.13294258087270805,12.665309546193242,8.68754445448829,12.85623618007881,10.38299982473896,1.4362365728382684,17.403395344402156,22.640206617633595,6.103310064304452,17.719886993329396,2.9484932486699904,24.09673920751419,2.655973325183794,5.1368539640477735,1.826202710643571,10.056504828578738,12.796308587762468,2.903588411803895,0.0,11.66279867705748,0.0,38.62853849180492,0.15852504183109772,91.23866176955993,29.62974933564547,13.99498144331747,1.2145206317013901,12.388722148235132,3.408733401956823,83.3170125509995,41.97896574164021,33.8581577721837,49.343415668012426,43.749808786426186,4.536600573030952,0.27491108376354134,0.0,0.43959773072970165,57.80417736444193,28.905007775602428,1.328643624746249,9.853554204546313,31.231008685387337,75.26050743240828,23.280502714070337,13.283137769941646,55.29901546689154,0.0,0.0,38.11924746034282,21.723831130292325,0.0,9.68634249304992,13.101717395161586,46.226922760476235,0.0,0.0,0.0,0.0,85.37071081618492,95.630526166474,97.98659861732163,0.0,0.0,54.69115044500563,36.38119374481337,65.72162868083414,5.774032240434053,18.891410463931322,4.902376681366519,0.0,19.00161767201375,11.99994763580412,17.36218705273076,25.098084877475287,79.57893980828632,12.917238029546326,0.0,42.52593032787671
Gö 6976 ,15.387963569722501,57.72326123894519,97.21985309203394,0.0,0.0,14.705610609187971,87.80175519380494,26.362766106173837,0.0,0.0,0.0,0.0,96.14250840420266,50.20702053692901,43.20205776041048,66.87186973709929,44.26819685534633,0.0,31.929640050446693,86.29448298262233,0.0,61.307162593056304,79.82995513583279,73.69633636726083,77.98434054955119,3.0612448227259677,40.081091806160416,0.0,25.167943220525956,5.804538755491819,0.0,17.590752948442884,0.0,80.92257615532003,48.74629843384019,79.70034407718681,78.12357231603939,11.896703647461024,80.74656670052056,96.12060643847359,44.45751175562516,61.305576501313396,79.16431973251605,72.17907708214436,34.80066357560085,72.45722340978546,55.4534496316263,78.72681645733425,91.47820791325967,60.63876984183702,47.91692278496754,15.448458621355229,44.82241018456632,53.2412259248259,92.04613068309462,49.799481141365234,24.550882326770804,2.4501577042770037,19.58898181857802,6.69190367112526,0.0,0.0,26.867923568969857,0.0,30.114285720452372,11.25629388796824,76.91897491372843,33.82407959682149,0.0,19.030886663579068,0.0,0.0,15.643482160178465,15.280480507977288,26.686829350542936,0.0,14.685218781384634,53.73003132588113,74.44787355334589,51.06162885537124,16.084214133285627,4.346789983142969,36.381795237873746,18.42106626601958,7.524321174823314,2.1278522429500697,9.583745097525707,11.7909337157798,0.0,37.421265074054105,8.288311672049971,5.0430991056127965,22.2559335277426,12.841033738845397,3.673878882728701,0.0,0.0,27.44996953180322,0.0,22.97172969744173,94.10101934056337,21.59325038910295,36.6923164813246,20.15569469308224,23.28142600820651,13.514788679323289,29.27670291983172,36.38658739632068,94.73380150673908,61.75824224805683,15.916428164677853,15.300526360460822,9.356580460002903,94.32036438967918,0.0,0.0,24.851714991494944,10.932656995592097,55.56058970216308,62.14463602738139,64.36659867681291,61.094332637032416,72.79337192294379,3.216266902963895,99.56660966813394,18.890321782291466,2.247258811986285,70.21799103334317,0.0,1.6811829204053197,0.0,9.616092406224695,30.611330131130558,10.684938744881066,93.5748889876995,36.48452086949351,17.502436671967644,95.6753325464347,79.84001617486936,94.42435205506861,97.5617614266618,21.339030224419048,13.972407324024573,5.492399459379811,43.01092463164896,95.82126299353249,15.729749515504267,54.66168813641934,68.17211934066736,79.90881864029959,69.47737672465453,5.645153506271583,9.748998753514343,0.0,16.30186971477886,0.0,79.22982366142182,88.2287264874254,86.12183914424843,89.24587765922597,9.845500395914584,7.540863127011761,97.03784813933834,94.1430741302596,78.91750375734344,97.52401020399437,78.93127151698724,75.43678737059847,40.40223075930254,98.50979490132985,74.23659745718007,97.80660651047346,24.82856406251284,82.04263779459909,10.063080292590769,7.896011858478076,76.25523044117028,70.0519829407507,7.245553093081895,96.27146826927189,96.92825705333932,37.20443008465213,10.23795577459127,65.24140826509161,0.0,37.109565927081526,0.0,10.070929569451394,0.0,50.859916344590694,0.0,2.9761319271338493,3.138794446498295,15.909993688342226,42.71514349482081,0.0,6.468192004488387,0.5075965911613451,0.0,14.1530253428852,93.28705799099768,78.41725089233805,16.72083551728329,8.339316013098596,0.0,56.007736066859664,62.93305601567266,79.63217262267744,15.693384094693528,15.841022066858386,16.492504917487366,39.3618830362991,36.76982231732558,98.23650910820295,91.6026996787377,63.92268236775546,0.0,82.68218187786667,16.335277380604253,0.0,92.41787702018041,81.29123943116517,90.27006509227031,58.07425114502668,41.49458154067418,64.69600195042953,27.852651967504485,8.395656607717058,82.67869680144418,92.69763923624552,23.703095682741377,12.954572000093577,81.2994347285182,19.776864754581084,15.68873446927023,71.835214309695,89.71734722000672,32.27493550659065,0.0,0.0,11.91900528184783,39.91997060322642,73.30619638477741,0.0,99.48434806755604,44.94280946924195,90.0912654550289,38.128880552547045,51.48019362211961,0.0,98.81582554012208,90.29776902221955,94.07228664986529,99.70063943201023,95.80373064479322,20.91569016893891,5.965374367609002,0.0,45.45259241844263,65.91022390658144,59.47580856414455,3.3714961717354868,1.699603805441484,5.002895141421746,18.923200811461015,89.87943562239995,16.140236264059453,73.46233117097445,0.0,3.2606715683430707,85.39158431001763,74.56628688115994,56.05475674098976,86.65283148562892,0.0,27.882725860843436,3.553875514428057,0.0,0.0,0.0,98.35616577420177,99.18503329643941,99.80151978262285,25.655120289255507,30.958459000072352,93.61025261307702,91.21140945135926,97.37853257315832,14.378352333348289,0.0,7.111559683665035,0.0,16.016741089198618,14.559876314671271,0.0,6.93428364310995,31.28371176009047,13.365158762894112,22.33684650915221,6.353925640275833
Gö 6983,0.0,22.319358947063776,22.0967587414045,1.016036981684664,0.0,36.29123973648467,3.978805832636098,12.18684099592727,2.032376688388382,0.0,0.0,4.4725429743404845,67.83646038539183,4.885460712495842,13.417933828694402,11.45396740114353,9.649573193861059,1.2977424786203073,21.19865040213088,3.6988546180560036,6.028980709458452,8.014542701207972,18.125000161613258,38.688585263940155,9.801693685482064,11.200962539027373,16.038939610700666,14.417540015902944,20.195957336192777,9.764233119373202,0.0,26.73201551500037,4.97871613233319,0.0,10.065174290957827,25.16457173153583,8.851395510993257,9.680998608371794,5.15336064297226,18.04062195405993,4.345174841361086,5.57768155170109,0.0,2.103077257749476,21.181771610189713,21.425332750272503,4.5356697579801875,0.0,18.602445080530714,36.03078283949364,15.037992483709715,11.97939308501455,45.42202544850165,30.259378729735204,11.22973571605425,61.23934114712182,37.713383659153116,7.977834688474573,13.624121963520821,15.905523119675166,17.75864604255814,22.199569986794017,4.064719415005129,0.7156183581185758,51.76373278551992,22.046905857300004,56.38365941464418,67.22709305570433,6.15287213607985,16.01109585608343,0.7359174852592218,0.0,18.87605560303294,15.239815057140333,0.0,2.274584689661282,16.048200815946558,15.296090850269593,20.037037462616595,7.6380533934058406,19.028703009603745,2.728618149430048,7.444683877769066,23.825374475498222,8.663574069899227,5.919158837594381,5.515744295295832,12.83131397302833,0.0,11.17114883935379,0.0,8.33699098796265,21.319100793448527,3.0257729893735217,5.814866805898063,0.0,6.595215078322269,7.0232275786778615,0.0,11.765786599401437,29.071367175530895,0.0,41.04901214648249,9.290840663907943,12.536737504355301,20.808037938909948,0.0,77.99663890375429,76.82805098850245,76.44158997992616,7.152870628985909,8.694703472341445,0.0,43.7353022333167,1.0015377049850258,3.669406094455198,7.221101703038926,0.0,3.844204644754967,0.0,85.95794170915636,68.0226783647003,6.511720838215183,0.0,62.247032464470536,22.25165781619569,3.7268559634217695,25.888084127818274,0.0,0.0,3.4963005830232845,0.3659658877980263,0.0,5.939542935185813,10.988396381889174,8.831384984483236,0.0,29.62415937547722,0.0,2.5277937981639695,0.0,20.044067383487942,13.857509827465194,11.215070688681706,59.280101584486886,72.32900207690768,6.418353270144451,18.232890595349772,0.0,68.34201802673425,13.020265234833943,0.0,5.826266566970389,0.3174792252454779,7.712710430460149,1.898174137047448,6.767584019393411,8.218405892267825,7.8467403295860265,4.054801042452425,14.983120489078544,0.0,19.422389586213853,17.15561208046074,29.29019002052881,21.41724887826163,8.397666589449415,33.081811526266534,4.0061370316177545,42.44416191752629,16.560391995663664,24.439393450171764,7.155326807898945,18.855926149338416,10.777900760401963,10.554961946351455,38.718985158013865,21.426448832832932,10.490600493904395,34.812992934609056,27.781667436691478,63.41240289449537,59.59886054688445,46.50879096570742,0.0,5.312843399662597,8.423631178109531,0.27781158663336214,1.7267945273644614,9.324345164024066,0.0,0.9300998096604189,9.730084160239016,20.809812601593336,12.128813668871814,2.303031813207852,0.0,3.320342130226976,0.0,15.200227758511502,80.28424475602633,34.605924672362136,12.594953676442856,0.0,0.0,5.2479160532460725,32.374144555052254,29.628184149063287,16.179500600202005,3.159313541055198,14.818726503221257,24.221884287522045,23.299601067384785,33.64064929203187,1.7028945704742853,88.36591705807048,9.490224765294528,94.98957890916938,22.135051531320897,0.0,96.85864698081348,80.71063509369867,85.7549701162874,98.32666615252154,85.3586192875656,93.1547997228917,45.979753416360474,32.375138435742016,31.150768636303354,8.068005254899305,95.49996174119327,21.771560776389748,7.706201247598585,0.49184842049061217,20.56808692086014,39.32679331930697,65.28225831229197,5.0213980263591225,0.0,0.0,6.990348610967658,0.0,0.0,0.7335208532525144,20.130461223583325,29.777265040145608,17.160813283784137,6.497784147500369,10.805070151936178,8.669046219959753,47.60690197894624,84.01294582273295,93.44993694284096,94.54271709850406,95.47521942335108,0.47844194600648393,7.409637023843118,0.0,0.0,30.578741992979417,19.036416445861576,4.1423924388366515,0.0,11.954832043582115,6.937922072548403,19.717958747479884,44.34674433454251,43.790020939407185,0.0,0.0,31.51500790573712,0.0,0.5350400084153222,19.219521178663285,21.788627246748035,9.293874180193285,2.119560527477745,0.0,0.0,0.0,16.85757307122327,11.913098461063925,45.10593088333639,14.549438996381014,10.111868028398078,17.245966733419692,18.065183218948505,0.0,9.292273357146314,0.9842148197539018,3.8737093791767165,0.0,23.29057042239235,14.898122485962901,3.506731488494651,7.987797772606285,9.6106440131786,4.113297006918572,9.72018998070267,24.52839291597212
GTP-14564,0.4366848526737499,13.348901155315929,14.211371862176748,13.117775212697978,0.0,15.569260309163042,4.140347038132873,0.0,0.5754340713986892,3.3997266778189186,5.053622096876197,6.180708371576969,3.7900066755571515,2.5712824426007614,0.0,49.15671266600864,3.332917717744806,0.0,11.055993785880673,0.0,3.1208174839047302,0.0,7.618052336368805,0.0,3.559498437568436,61.98752934691636,20.04563220615597,1.6021767485670182,18.655038154709843,14.819333759344332,1.418401694539341,7.121559244226049,0.0,0.0,0.0,5.5057106746833995,6.696636804501509,6.262755101099884,2.9865555536719484,12.477788558043017,5.906082987543115,12.306121344784216,11.879889582084829,4.443726988479142,9.957026373139769,12.119495040673556,0.0,0.9971463055193226,14.220240055302455,9.575683353483925,8.436016597019716,0.0,13.77739257824416,16.081957348677932,0.0,0.0,26.194506043893966,6.875109739289599,8.183587635135922,8.436743067590413,13.573012055028187,11.457784485446808,12.755966826528493,14.417775880007753,15.981091092412726,5.207851201900937,8.989586237415068,1.0910929576362776,0.0,7.403052422276218,6.008626856676074,29.022288650358377,28.788970240932855,9.755050230106235,3.9941200073280925,0.5133710055836218,15.627440410051008,0.0,0.0,4.578110978415154,6.961816420713802,0.2567751430620717,4.591181239807952,21.392129323193288,0.0,0.0,4.4800911091300435,7.919244678605992,0.0,0.0,0.0,0.0,16.918435375782906,15.272108042761872,0.0,0.0,10.270908431198777,12.685127423849863,0.0,5.349438433079655,0.0,0.0,14.13309964368375,2.969622388179104,2.5420369745992843,14.477868151266364,0.0,5.492959593368084,87.94554893696458,0.0,21.888759056409015,10.06735627920962,0.0,38.170311019373685,0.0,0.0,0.0,0.0,0.0,0.0,8.557618194459678,0.0,0.6846620331393751,0.0,63.90769165060945,0.0,0.448436819614642,19.294079143178664,0.0,1.8886533048426202,7.743309332991487,7.806129082828932,0.0,5.642848063387163,1.991880414744017,7.315121116954771,0.0,19.630048833900617,0.0,10.201967742226003,0.0,20.380682609626632,3.506767390680082,6.622970187282192,0.0,63.39426793883921,0.7410292866118198,28.773777497182195,0.0,0.0,8.59781490108297,0.0,0.0,0.9140594404102558,0.0,0.0,1.3540216888817156,7.077385738856023,3.460957469347221,1.7574141680230468,3.6036463754457486,14.181749818699686,14.063439914777703,5.274968577589533,22.951917020390283,18.62387837717354,7.1247438580422795,13.892973958417855,33.35625127466875,2.460881045617171,8.614844420406172,8.184000020513167,3.789426995280948,30.00889225632625,12.63814830945526,0.9789046951158014,5.08807529469027,9.843100398773174,5.489232068309434,0.1542955591039714,50.36409957405664,24.692111351604765,9.402695805176904,27.400036867630007,0.0,4.760416158860849,0.0,0.19304873286009183,1.1096041442183093,7.117596643318279,0.9872310358502432,0.0,0.9821723317290747,28.230918944476755,7.739187978807507,0.0,0.0,4.313091712290785,0.0,0.0,0.1044380846973354,0.24496852062529229,5.085178315780013,7.749080240263126,10.849074150380403,0.0,29.088481980175573,12.474439770485361,2.580405517030954,5.1530784370610405,26.260812735284347,55.13974564689477,5.338132897010709,8.46866903844628,0.0,16.723329909986887,0.0,0.0,2.4964223037466553,0.0,7.13438030944647,0.0,0.0,3.306122530338058,13.957110841658988,19.148489172329505,0.05405593005067999,14.102030553434915,20.768605562533395,0.4350729360653247,16.246875788970158,12.947526741134737,13.068632135810518,0.0,0.0,0.0,5.864320558191395,2.497977680853438,0.0,0.0,0.7817511825585086,20.236270370641805,3.233818761698444,5.072463350495269,21.82203720922348,21.224268808322776,17.058593707417955,0.8671315406199795,12.68726978564402,12.649802062572093,0.0,0.03559398528553004,0.0,22.52580782586992,0.0,0.0,6.977226457865328,0.0,1.7143451907325584,0.0,4.810320177461904,0.5406885002004458,0.0,4.95647139883242,10.91949302038266,2.836155785530593,10.36874529219915,3.4640819679032546,0.0,0.0,2.3151958195491886,0.0,0.0,19.30404092988175,5.178103987290513,0.0,4.426884797621824,5.888842628286994,3.153810825695217,0.0,14.405049672914586,36.02995362346648,57.308238660551154,2.4094599679643096,4.34151581678492,18.457848489775287,5.226969145565874,10.781120549611103,12.36364281390155,0.0,3.646321669093439,0.0,16.90678811931079,7.397819083561004,0.0,8.534421197877293,13.870543040399014,3.755908360381966,11.014700996475085,8.481175204625828
Isogranulatimide,14.376873985806611,20.055791337218523,58.69194765612901,0.0,0.0,5.687451793148355,15.378799773740255,0.0,0.0,0.0,3.7138383762865033,6.203296760883035,87.89985180602892,2.151701633394481,65.16238183200747,74.81658534488793,52.3992853669566,8.26255487221988,26.052155656188972,8.2855540824891,0.0,11.049891972024895,77.45470544310004,70.27791304984433,16.097475378284685,61.95144921641941,46.075182672808005,6.619849634057076,11.60164674965118,16.65950280467213,0.0,8.085011452627356,5.340249775283297,44.92143194985033,41.784136300144894,63.26813893907284,47.6785452700786,10.246479559993674,36.47350657223596,22.817175950144787,5.170193848020375,14.538305977941334,24.09765163391333,33.46532353644034,23.263452472711776,14.017749840587939,12.852017331613865,10.605231645947526,32.99200207947919,34.31618520289973,25.685355798465977,7.733456339100712,16.15183714050717,17.149396466150733,75.36233045104174,78.77321692172626,48.4109382439123,82.8074552837742,81.1240101822683,31.64110580425441,36.584035455643864,13.00184490215264,47.39160489588116,46.629358370248724,16.003694233991624,5.297632163068073,51.830767654584704,0.9944082639001408,0.0,16.70558945156222,0.1880755949506181,73.38703964617667,56.17069671233547,17.72297613886073,3.548544262790216,0.0,63.440707748478516,10.895572094462892,34.09889826581964,35.87602398304318,14.19863076849137,0.0,7.345534805566928,27.55486402282068,0.0,0.0,1.387545707712107,7.9561529335385615,0.0,21.188298618778987,2.4778999947825184,6.04294095761847,13.877063734675971,20.29015735778529,0.0,0.0,0.0,12.174110369076686,0.0,43.0860260259612,52.09673617240412,0.0,44.79702581862312,8.689642222831793,14.9692434718134,21.44584961077436,5.179984580879335,42.01297418355143,90.14022332690992,43.350064081229256,35.14070156430935,3.2023874947838635,2.2602958043373746,48.208321641745144,0.0,0.0,0.0,5.566321001205381,17.890820581590575,3.761260517223576,89.63010907142574,69.17204906998771,66.48774509492338,5.446829889987498,78.76577299790742,17.36839185142398,5.623483246215329,33.07045924048887,1.5071296935087304,23.24305944723281,0.0,4.149225415141444,0.0,82.14550026590169,16.874315296391956,15.156445254030942,79.29679047821011,28.64049829678474,0.0,0.0,0.0,16.071165729718615,34.69710228536911,3.9686465230581973,33.39857156261111,86.53002700567167,12.89415283962343,25.29148743750349,54.782298239431086,30.999855156069643,38.693126340331446,5.190169019956272,3.7637878838167467,1.0645516195269806,11.271092024910416,0.0,63.28456772919535,65.30536368383284,70.18232823329939,73.17517796092893,0.0,14.092439519950318,2.13275622299993,13.079396791874416,67.39547206845579,51.808181236635,34.28466575480972,84.46932780967799,66.28853962270318,27.502087568761795,17.53146344277232,42.519650481428656,43.744373554495866,64.96403594559116,7.302412689889337,5.2333850861980125,12.400240261415519,38.710799899138394,24.26697286989254,57.33586927269485,58.977073674395434,51.63307549241526,30.55909301929185,45.57415600623099,0.0,24.806572390314273,0.9785105992745855,12.511279309889645,10.715716884584083,11.5697422082075,11.2948251180309,19.681017962921985,22.595192829641846,16.99155060914876,12.07954193100609,2.827877140657563,0.0,5.473730221961773,0.0,14.072962348600882,29.395617054397505,25.291805177919116,6.083463464457083,0.9594199326378998,0.0,2.942225338673097,20.005523178947513,14.513839192673458,66.37008044768123,27.617906798957165,15.575026797005577,31.558175225437168,10.963046647268953,29.212609816402193,0.0,98.57150226259351,65.57270527511866,95.51744137330002,1.7992986266089588,0.0,33.45245231252892,4.9571772908736165,5.3448506774913085,35.030483915399486,15.103040217525944,25.18571423475369,0.0,17.71906887317583,38.57729232734569,52.3251895439644,11.055479533231022,15.24186007628552,30.62336545012849,6.177849857708168,14.139719531006392,35.87651884585479,23.56908881959029,4.533787492673241,49.208310887230496,36.23743575514841,51.78202306028439,12.23330283294598,29.856749680840323,0.0,58.03379807928441,32.484774906618554,0.0,4.127500402276951,6.8413250834825305,0.0,23.040365239096786,68.92266184105029,52.586034779435245,67.27409901114608,66.62576903311803,30.975399127740346,24.747817477864146,0.0,8.138102452742231,12.166220127007662,19.866617776598474,0.0,4.581759186285055,19.778617571217836,29.094223410372138,15.561288451732338,27.489275434722686,47.736881239788794,0.0,0.0,15.055820137783911,36.62361759798465,0.0,10.637050607597516,33.10205950614302,18.11425401506935,3.334287348985214,4.1535353114438465,21.05736497495137,0.0,10.216325204627765,50.965645369242836,73.88243415782902,0.8677855477770038,20.9554224698999,23.56451441929248,19.18880901913775,14.625117075641128,11.17034156629812,2.799769962096036,4.548047896929319,0.0,21.91559611326899,5.347873714485942,13.360863142061163,20.900581503855904,20.06456112119335,21.26693052975635,12.151842144888263,70.39339660271219
"H-89, Dihydrochloride",0.0,15.590446350151552,11.697417562545425,58.42794702213328,24.569133412271412,31.029849017945352,0.0,0.0,3.6275868955254396,0.0,3.014882158462683,4.15078335550794,67.18784448740813,6.831159396524754,0.0,2.218265811574639,10.967921746465109,0.0,17.636088897418063,0.0,0.1533214208170932,5.753116575515662,7.984668863603076,7.5882715771582525,2.5635766395377857,0.0,20.196374734404614,2.7920467574182055,9.850908234033966,0.0,0.0,14.50887328422624,0.8584468283842455,0.0,6.722395306875569,2.947584483095312,1.3030177850507982,4.761845074887674,0.9374629494832618,4.41461298101575,4.668656000681466,6.708018299583287,0.0,0.7011951045235776,22.743909491107928,6.1457255777534385,0.0,0.0,7.4269961752586795,22.094812864852116,3.42026098665751,17.203874942427348,14.470530736090339,12.22389668696502,9.217376148926107,17.216572875380237,42.139623295364785,6.328091012699673,0.0,2.7785375769818756,13.1799603367173,6.666890333599923,2.2317847593732267,13.436209264996776,0.0,0.0,12.388433912218119,0.0,0.5798973786505712,4.3941317719394135,3.856778222351849,18.53139108963566,27.899150875767262,9.91110178965701,6.21635456609053,3.377047781835685,0.0,1.4593235696920317,4.716460007950502,4.825841289957907,16.510311767986764,3.5601323450268296,1.0360137092883122,16.253451146219106,0.0,0.0,13.196613070230072,3.1378684623451534,0.0,0.0,0.0,0.0,18.305214469807936,7.515898128928171,0.0,0.0,5.823542261711395,15.227509677611195,0.0,35.90130107753498,2.4428116184109427,0.0,12.355991933389078,4.927393589781076,8.682425834214143,14.663657628741362,0.0,9.18471521392189,10.362245922350624,0.0,2.34532298976211,0.0,0.0,48.9288796211815,8.655683214244817,0.0,4.158941645940942,0.0,6.465641125860941,0.0,5.705094946125925,16.51463358703913,44.94298529591498,0.5824971210563774,56.15260420216441,8.609974180698714,0.8334986015889001,18.34662628689682,2.305901454906433,0.0,0.0,10.54258877158719,7.655286832824345,5.67812536253669,4.271402992548246,0.0,0.0,13.15599513253747,12.723951684387288,0.0,0.0,7.318981101529346,6.574691529068147,7.449063388250465,20.887261581513783,69.09798401081319,0.0,9.381322567997358,0.0,10.829036210612742,13.841637041668776,0.0,0.0,0.0,2.210145179703943,9.819961960808257,8.823836251259593,10.713739279323221,3.780167427033689,5.711368167098101,9.49087186466295,0.0,8.482338367278828,14.59727907550689,24.936787570674113,8.919032616115913,18.73595003301645,9.203667480948681,3.514187707345883,0.3618052303171453,14.46022219782401,4.400804185920919,6.609940532140044,21.277698524778657,2.478666311975118,0.5265871945153293,60.648276423793064,61.202436837422056,2.040463895297279,7.353227797788136,34.37255250282513,28.03034439795536,5.246363924153812,19.25749664955289,0.0,5.559807452252201,7.257180789282671,2.91450933433336,5.649683289332046,3.1015358220846565,0.0,3.1444155895049732,0.6882350253946186,16.379495160971416,5.094858016974456,4.0986230693561225,0.0,12.842398176066396,0.0,0.0,74.39160696602976,28.09425882229239,9.83686074771316,21.425648859912627,0.0,1.0674916225725326,8.5915060673385,14.537272409618282,5.460702432069411,0.0,1.1927907269761846,0.0,5.9028321589570965,8.403685307917058,11.155792293459726,9.933343124473083,0.0,1.659201695136602,89.49340764449518,0.0,14.348465359057627,11.676982999408693,9.8190542091682,61.90173346864789,13.640598836729751,46.840428509991575,16.234035115657065,11.608724025571874,1.2728228785898068,20.766061227726098,0.0,20.2242486965103,24.05815587092009,73.7453177092389,58.928266207470514,43.10216956003631,85.65639368442966,21.09568375413309,1.3238447594144844,0.0,1.7767235394268255,100.0,14.990664874110337,3.5758064399239515,0.0,22.239781433339274,8.401076473069807,62.165045296975556,84.55669261796633,2.553102885526684,0.40241934982475414,31.638136193742213,29.12309207541678,20.805347062158702,28.190615051072427,6.846549452562712,15.758780547379601,21.20463140153531,5.022550782716905,6.973879114854142,21.8631780489078,2.1778853524166664,0.0,11.68028244014286,5.626730514703411,6.477878204708304,0.0,20.465336788784896,0.0,0.0,22.298462547397918,0.0,0.0,9.263732005461634,4.596584411837853,0.0,0.0,7.88464020431681,0.18935853276732928,0.0,15.063043416773212,4.937763665238691,20.375797704925446,0.0,0.2818103454697649,13.168255842248882,5.27048079990287,0.0,6.123289406247395,0.0,1.1446574244998828,0.0,19.87581076468811,15.402952653374058,0.6495277638059349,6.854314388948566,8.429597468755773,0.0,2.1187657669367184,2.5577891698480357
"HA 1077, Dihydrochloride                              Fasudil",3.155706336278598,12.415115949834018,10.647084200888429,0.6518589246838076,0.0,5.89362051266437,0.0,0.0,3.48699723513883,0.0,1.6420473502222563,4.807005936930864,26.837267082392685,11.326735624714274,0.0,1.2143217306082477,2.5767928282952823,2.815454756763117,14.711223829138902,0.0,2.2818740794834866,3.8989417229348646,2.4972195128226815,8.309322817419172,3.5005638997114374,3.329414469958323,11.657266471713768,6.251789998741373,14.682912339271212,0.6056581221397721,8.386814628153104,8.54341039981658,0.0,0.10142620086264742,6.762455774058608,1.5397449446616776,6.913064391006543,7.063125489114356,0.0,4.063845519500859,1.4089905477523246,7.270254304967651,6.636442676431614,0.0,23.39028963752284,7.841247565318184,1.527544781630084,0.0,22.17425535105167,13.632685144632063,4.2355347614197,4.548390381440726,14.001436072940905,19.28184052695005,0.0,1.07484773693092,35.703970645680585,0.2986292363770957,0.7355210478536094,10.40214998517726,6.319241709888999,14.997271208894276,5.107100265735625,8.088133269963492,3.7400322862522017,4.94719694121639,16.329531201906235,2.9168270147553415,8.191162911137496,12.115336743840487,0.43169129835780495,21.005958624659996,16.4401871659511,16.05515614714136,7.821902669709289,4.950152845858611,1.8070843107383325,0.6006935810194136,3.6813644346994465,2.114844773427535,10.854217514757465,2.078387170846355,0.8898962442450511,20.053433625582272,0.0,0.0,1.5414361302737518,9.503474297392188,0.0,2.7478635421643673,0.0,0.0,16.82939824114561,4.567836494697886,0.0,0.0,0.0,3.9247259088460993,1.9325027752031474,6.087670062120139,0.0,0.0,5.445817073183633,2.4192389133274617,5.620096798701951,17.20971467266952,9.4606576670638,10.019087306363602,0.0,6.006702099274918,2.0764409569187023,21.91408528933188,0.0,54.261916590274176,0.0,0.0,0.0,0.0,4.553901630953732,0.0,0.0,0.0,13.433831151228631,4.067794572314597,55.88586132874064,3.199985635571295,0.0,0.0,0.0,0.0,0.0,9.600393779815036,0.0,4.985330721011749,13.760215166910143,0.0,0.26311334855432733,9.252919891198118,0.0,0.0,0.0,10.279806649745325,13.030308907127448,14.652601775844673,13.114152767998632,63.74629500789886,0.0,0.0,2.3674354856022433,0.0,5.8297450254825804,0.0,0.0,0.0,0.34275648885594023,27.395170858041013,1.395257015117096,0.0,3.9543806096878313,0.0,16.99539535284532,0.0,22.20507331854654,10.657167472459122,21.412017033519334,3.3938161764711765,4.373739718793374,2.575751694746515,0.44308383655614136,5.570547825645818,11.73268942254444,0.2636878177404469,8.224917297049785,27.95214540763402,0.0,1.236249421483464,37.92253781544507,18.229122250777237,3.641435559421012,5.210493731168256,9.998214200866101,29.814217866054207,9.981931420080812,2.358581465963951,0.0,9.705717634333155,0.0,7.667289566581246,7.975212594716325,9.2733416232589,2.4071959473464517,2.5153592463051666,4.0886021408530695,2.315098339304896,2.6502521234913843,5.121371648035506,0.0,8.112639945557149,1.2216641115032019,0.7229415677419695,23.371099991108736,18.13921208727203,5.4334397866423245,0.0,0.0,0.0,26.862386265342522,13.021492664622173,2.873389382958692,0.0,0.0,0.0,8.677079083168067,9.199481861564848,4.630164346702742,23.01578555487839,6.7671690867071845,8.592882119510577,19.92185052761711,0.0,5.173124493368633,5.358636475675297,0.0,15.300340540770321,23.5277345580283,15.992706331656393,0.0,12.757248819942475,34.882799665970296,34.15416564409384,10.064244195184813,5.296494041077224,15.01164284083599,20.378155141959695,12.337260712804124,1.1460970047040178,59.54348224356031,0.0,0.0,0.0,0.0,76.54335894703783,9.378293833200217,1.66338279425662,2.174739322372389,13.579492437717278,9.559351392398042,39.84969239368395,62.199280586126314,7.290099175723441,0.0,10.772520537246052,8.804601103138566,20.14650375386813,6.046796243985895,3.4233006802626136,8.086532919805961,8.415333332951661,2.2940076300777434,4.230137442856346,16.51320843784832,2.537418831064741,7.3641209833537005,16.0509947605035,8.332024442112925,6.527405443819902,15.249871877490236,9.719016474051443,0.0,0.0,15.672541089516926,0.0,0.0,12.742216412083138,2.734363857360819,2.6846804932754935,0.0,3.044984918913258,1.5874553000650593,0.0,10.351134519601501,0.0,14.542997657821473,19.773339280257943,0.8937923463688549,15.85045939119594,4.839274485238448,18.37028809585928,12.101945358265155,0.0,0.0,0.0,12.432652273670726,0.07301073453089657,0.6552343262138862,1.8916425891289208,3.5253792107645694,0.0,0.0,6.9932429493846655
"Herbimycin A, Streptomyces sp.",0.0,5.253066644712163,3.0343867394510653,6.713898589254143,5.631754750261706,5.850347564281861,10.277916894848914,0.0,0.0,0.49411076749190386,0.0,7.616726030375304,9.943981153169858,0.6240038061077087,9.000280030123292,6.3832941401535095,0.5133316052517074,4.683276508595526,0.0,0.0,4.3143505292202065,0.0,2.0749478842044766,4.758522367095253,0.0,0.0,4.6746656077958875,0.0,0.0,8.664832928113327,1.5311029819454518,7.18043642715196,0.0,1.6966292447787623,0.0,0.0,10.415181344710476,2.2864788131807217,0.0,2.6976028910125365,0.0,22.46127304492363,4.031825155470216,0.4692641463428231,5.49505581590131,0.0,0.0,0.266286148814288,4.070496790645251,0.0,11.468435677223695,0.0,9.888865482747036,0.0,4.558292376046666,0.0,0.0,2.8285610874103355,14.135388910393488,0.0,2.542351035168778,4.796864506007921,0.0,9.210826334748191,0.0,10.667757621075353,6.910311316253015,13.131423878343497,2.0206883213694624,2.0432513994701083,4.87219329215128,0.0,4.207037759974824,3.070931436821269,2.105949954544826,0.4822999475448455,7.07242791542869,0.0,0.0,6.622052497832101,0.0,5.977110595055478,4.866194575932909,0.0,0.0,1.981472739203582,0.0,0.0,0.0,0.0,5.615023610118456,0.0,13.094323998840736,8.734308251594058,3.061113625672448,0.0,0.0852808040004902,9.35815239732213,5.6241191246022595,0.0,11.802494503338181,4.033801976530128,6.869976200416261,0.0,6.125661944854457,0.0,9.704463850756468,0.0,3.176310601031645,0.2553291173671113,0.0,3.300098202531288,0.6573041622173008,0.0,4.286089583276521,0.0,0.0,0.0,0.0,0.0,0.0,1.252293893034107,8.098667505721664,0.0,7.952481958547011,0.0,0.0,0.0,0.0,0.0,0.09378061493050893,5.838802966049329,0.0,4.365234033755712,28.172460447456842,0.0,4.80327761042912,0.0,1.0143077850154327,5.848149678345166,4.550288271136665,0.0,2.9179921028433284,11.32712848657475,9.747586233933589,0.0,8.194139543052813,10.931457733427294,0.0,4.422613023579373,7.966668960607166,0.0,0.0,4.095217895675972,0.0,4.107680144620019,9.53689684499534,0.0,0.0,6.721375467002304,0.9844374659162156,0.0,0.0,0.0,2.0565471551282997,9.166755054737877,10.77304109048977,2.362071883193593,6.348101274047167,0.0,0.0,10.044827612168405,0.0,8.520048877592714,8.422931119674644,0.0,1.8350881110571038,3.3457469144381093,0.4480588756848647,4.348768170202291,4.954382960124633,20.392647802497464,14.723010624007088,4.753974610041936,0.0,0.0,0.0,0.0,0.0,4.609759316450436,0.0,0.0,0.0,32.06248720246697,0.0,0.0,6.0965133719527245,4.10628521558057,0.0,4.617508229521221,4.378495599381267,0.0,5.877523458505067,3.900711058136025,1.672468689679988,0.0,6.207415136226132,3.683649743406903,4.8899720714047845,0.0,7.889833271707403,0.0,0.0,0.0,0.0,1.152842289431078,13.021167240919368,1.7863463228475212,5.841509935375797,0.0,0.0,7.521307809464631,3.089708388303876,3.194338933029684,1.7466544792463026,4.677432775041183,9.595526471254175,4.570673248764535,2.6639750492731054,0.0,6.981092939415646,13.192277728449127,6.291124888049367,4.292532451780048,1.0916036722371416,1.8188140284903085,0.0,0.0,0.47915570865816903,0.0,0.0,2.8264442351007517,0.0,7.332816248537696,4.2572752652467045,0.0,0.0,0.0,4.644517420044025,0.0,8.10639353368461,23.237057745464597,1.01812074257613,5.811937259359581,0.0,8.415984709751115,3.9355126479022005,0.0,0.0,2.8643415765824187,0.0,4.234986076034431,11.25187032913584,4.198287507882725,0.0,6.958087196253047,1.04018833190608,2.9667779327991184,0.0,13.533670412294313,10.468406868121974,1.6930470532949613,0.7267305504593224,10.604792474341593,0.0,0.0,0.0,0.0,3.659718840665562,0.0,7.696508903054294,5.986735759248603,0.0,1.6645652488906535,0.0,1.8711117692050436,1.5098517616034286,0.0,3.0664970909255516,7.270445115479006,0.0,0.0,8.05635647032797,0.0,1.6864269562661889,0.6007421065054643,9.489951996522393,7.8227050384225265,0.0,1.0551458944393062
IC261,0.0,7.970704670438096,2.5691746463896266,5.118211828357488,6.853855631241544,1.862143069016554,4.714810540911117,0.0,0.0,0.0,0.0,3.2689694504395845,5.408466147191248,0.0,0.0,10.547436187364923,1.456962563553816,9.406387457312235,0.0,0.0,1.748524231736397,1.1789288289883189,4.8035640266247555,4.602089441591502,0.0,0.0,8.256538617711556,0.0,0.6598955823593826,7.353902675883759,3.533802455582901,5.468346058141606,0.0,2.963029609317104,0.0,4.283952132863931,13.176946882405304,2.701995807043403,0.0,1.2332366169824809,0.0,17.00703987524126,3.746205699654894,0.8437825360053068,4.661696245384661,0.0,0.0,0.0,4.813850778927332,6.601190391014171,9.49080755939977,0.0,5.476342706970456,0.0,0.0,1.9454204967020416,40.364007752124735,44.47989605461049,51.73601721365512,1.1285986707569151,4.804189657651747,0.0,0.0,0.9990823080799345,5.05492990932089,3.8385435666642422,5.653288383504744,7.477212418941875,1.6375641372742678,1.2258753273350749,1.591925356343907,0.6502502910859391,2.565721673181514,2.386297912575344,1.7318176667560436,0.0,2.620486754300572,0.0,0.9649453137554076,2.0236653859046925,0.0,3.6745373045623637,3.45425048861901,11.22041850152695,0.0,6.149772935776895,1.3670568988420086,0.0,0.0,0.0,3.225190053266104,0.0,13.824258215480427,10.220338864519817,4.510182548257774,5.373283287891724,0.0,0.0,18.97753999904222,0.0,8.532542427731698,2.853672607072582,16.49514891322447,0.0,7.595468379724949,0.0,8.22141066398953,0.0,4.340558472676861,0.0,0.7240556559198552,5.2165740518475445,0.0,0.0,2.4620057306203194,0.0,1.8394937405330438,0.0,0.0,0.7738915075848354,0.0,5.693731616145797,14.457664356837427,0.0,33.863054525014064,0.0,0.0,8.932970770902344,0.0,0.0,0.0,5.544513447888448,0.0,4.902388161793965,28.90339147099951,0.0,5.06967613741017,0.3157798070246116,0.0,0.0,6.385628855007738,0.1927443039800778,0.0,11.617939547811346,0.0,0.0,6.641335488672951,16.200648336556696,0.0,4.209924316405946,7.768987446885262,0.0,5.642722441716074,0.0,0.4797674699075287,0.0,5.745320287784892,1.1076187443093204,0.0,5.630700410253198,0.0,3.800709802713868,6.04900559594202,0.0,15.835797071290187,23.198417136414662,8.010535094090784,2.6730365780099703,4.665728555834221,0.0,0.0,10.374348516228054,0.0,9.203439200495396,11.282947752320098,0.0,7.9428863528830504,0.3099154807772777,7.118148952368202,5.568737691910414,0.0,21.30140253223955,18.258994537359598,3.95690352768095,0.0,0.0,0.0,0.0,0.0,6.865032944420847,0.7235978247161938,0.0,0.0,10.062526465249476,0.0,0.0,2.0154237172164784,1.641769189652038,0.9056720594279852,8.891367076995238,15.24335626745355,0.6855422271536327,5.948808590799658,1.196733010004479,0.0,10.988967710416944,4.2343698961975065,3.4137091254257257,7.083850382763956,0.0,4.754927765306519,14.195859615774992,3.8933633680702826,1.6049470071648813,5.822662585675147,4.880079746746702,0.0,1.3679534628367378,0.0,0.0,8.850685989876197,8.159919641308278,2.4720152931191848,12.1759277512256,4.5272814447749,17.849872209120875,4.556583670920617,2.2350814251082767,1.996881310939699,6.028106125360921,5.714784096474858,8.283094170974394,7.605252808837065,3.5688334796784886,8.705528519375505,0.0,0.0,16.241136385549794,0.04731598938987247,0.0,2.2618530491950395,0.0,0.0,4.594536675982397,0.0,11.024541494352704,2.2506146537389498,0.0,3.5374291239378124,1.2042764553431198,5.606982226747959,17.20361045195247,9.609771804243024,4.278849185270957,0.0,13.33915900268974,0.0,0.0,0.0,5.702651122054959,0.0,2.2672536718220613,0.0,2.394775427953306,3.373409056966125,1.7205925886665767,12.539231588947231,10.481513970449399,0.0,7.353405387248685,13.594989260039412,0.0,0.0,0.0,1.9435704262414646,1.8511742638428075,0.0,0.0,5.752208802071323,0.0,6.79313878822947,0.0,0.0,0.1603918950003873,0.0,0.80991477744044,4.671968595467021,0.0,9.468479444828603,8.570682112246061,0.0,0.0,16.814814295437785,5.775368571598946,1.4272692598576242,2.4306841016811234,8.317648264934974,6.330163861300662,0.0,1.9209140741373147
IKK-2 Inhibitor IV,11.604773934766754,33.85791243611047,94.375792563099,1.0402855452708764,6.3935675556266744,1.693135707793175,18.916793211366425,0.0,0.0,0.0,2.6758356480728196,7.127760778866474,82.78602763297134,24.368011222871303,60.29884317947935,77.3228902443276,50.14055745418505,7.118634604611799,18.247096586046723,38.82275925299694,12.839271975948805,27.36529960688071,24.34966130200199,30.213674796143394,43.43469001840437,36.13370004572411,18.188011879243078,0.0,41.286197034216755,13.250737906266323,0.0,10.134719048771629,1.7598145368716445,4.524425272234211,0.0,4.906277163718315,9.266479617178987,3.66314167632018,0.0,0.0,0.0,11.611383467614019,21.602857367049864,18.320921220077196,5.934090186956254,10.440366347614273,0.0,8.334838447962483,12.218286442064908,6.745900828082995,9.020443733299487,0.0,7.3816938706749795,0.7332639201768245,70.88196840763476,61.57091826494357,4.791270867536269,6.018099119326365,16.15838150896522,0.0,4.603316142398427,5.490786782566431,8.555222201077086,8.254003954114665,0.0,4.277517212298022,24.103429087669994,4.626328409207957,0.0,23.83267914468925,0.0,12.481150765348588,0.0,4.6581802182660965,0.0,0.0,22.171025950032586,0.0,3.0391377559790556,6.507137349311421,0.0,0.9662950301682827,5.978573586730974,43.397339855157824,62.490869352188014,13.047363487157384,20.653275010541307,11.77661142884358,0.0,12.537767573721084,3.285459236967341,71.05951068981622,13.06460279234625,12.3242298362088,33.38779642017002,0.0,7.707190538599008,9.947423017372898,5.8608298506368754,21.09199644024511,25.55588993060303,17.916462329486933,42.31197494392814,5.192972227792239,15.912661840031177,0.6471057763476722,51.157712529096926,20.898522619448542,86.13235092988067,42.11361460471909,44.355430176341734,16.153008395455814,35.6859962270604,27.197413541024957,6.05218674038494,0.0,0.9576759204094003,0.0,0.0,11.405883806542704,1.182230832244997,15.038832117107063,18.80728787819038,32.79566599153837,41.55569469338372,0.0,0.0,0.0,0.0,11.26544038027427,0.00420006282098484,91.01671631102106,9.216731391922877,23.19089533738999,41.20686304990492,0.0,37.47296153446922,22.549164940223093,94.55065888720777,92.80463650990826,39.50440945141608,0.0,4.363673639358581,7.979763154451405,17.974445820876895,29.137896168042417,26.20876545712109,56.19656410811806,13.702316604799563,36.77411024645265,10.187607518518291,22.562088050764487,13.47869165276876,0.0,0.0,1.8558554595645944,21.592661129662787,22.542675686266847,14.348989199537883,21.725364488728275,2.1825901479629266,2.6029743759041253,24.536394006386033,15.359723713122463,18.920254363735495,35.08146925265743,9.190994754577616,11.79779766219474,34.030505739722116,77.38740433236806,22.91014822384193,61.1417469581299,6.311197716770636,23.90005879018443,0.0,1.2876732893519431,7.359195937217606,9.18356356883649,9.293934318461865,46.254267036982554,37.87118918293236,45.924224885465065,23.84332346059699,15.641170635606528,0.0,7.402296790773448,17.92379232574848,0.0,2.8692109701391075,8.9054984854763,3.4951219585919944,0.0,8.857857710504234,22.8996921490118,2.366291755519768,3.033169169396757,0.0,4.950537994016656,0.0,0.0,4.894439388633629,0.0,10.872639327306672,10.562776841988438,9.821401127563576,0.0,6.807151809282672,7.467169565891936,9.204777306348717,10.282289228060307,16.72008435716272,27.15670532964714,14.304752229690976,17.754028570272368,2.6422821915247425,10.253762573360234,0.0,15.228855383741461,3.3911047165015304,0.0,2.1206399709420225,5.961922288951044,4.305689188101127,23.51889646770374,12.697828061450565,16.494859493101515,2.022169356900264,10.79712887302054,20.41854700468295,24.39037019612951,12.280369229634942,2.2150739155985804,39.407147412849255,3.7321243368290595,10.802278215586341,4.493306323752307,22.75507704401916,21.970718840265633,3.9768291579316326,0.0,6.628158951441037,3.3106824706401596,27.81642562502877,8.35458830557576,81.637388298092,23.635510656551162,0.15728710375361743,0.0,5.204555836787534,18.260694620384925,23.2159834317428,48.04900163487051,42.46433035367521,53.08990777048071,56.229972288843044,3.4261833169152993,0.239543975917897,0.0,23.75504952138182,21.654395878309202,17.1938476212801,2.1555797835071075,3.7440036153184053,1.6745133504992253,15.587263956177026,31.57487286596927,13.027795150446025,22.276663848079792,0.0,3.0408343707958068,37.541050578085134,31.857322589562273,10.067437631644196,24.6974567810976,22.462209165710362,25.06707458339298,0.0,0.0,0.0,0.0,30.939086259660684,57.53296844261096,76.81095335826345,6.5857072179692295,0.0,37.57502462679162,19.714381771210512,93.69619938212436,16.250821048009257,27.55769659670372,0.0,0.0,11.47705788248156,10.974684892517985,0.7023097423582811,8.89085817116242,55.461392132660166,18.017394130180946,1.5742193906713453,5.400380925448303
Indirubin Derivative E804,28.075865723088228,61.482876110717264,95.07018431771462,4.448882247703921,9.90332165553798,7.054992331905055,61.89749232115077,0.0,0.0,0.0,0.0,0.0,97.18612033513419,8.8448874108622,90.22382613102327,72.64160532233736,56.81112925624706,57.32378181827657,60.93739698510117,59.76574216313635,0.0,26.708583495992002,60.45981520472333,66.65253852896147,75.92454210325613,55.1557293130068,50.64455864618684,0.0,77.40954685749423,24.037888400556795,0.0,19.651781624196886,0.0,87.76326059755142,42.13794025026581,70.86523908547468,64.68465688755207,6.421962938492243,73.82208188741588,74.03782463998454,43.302981557509185,66.60834740680889,84.54406589825136,76.88466907661366,34.78881322483261,3.5919553625584797,33.912325934136405,83.58534089795513,85.67102904063238,72.26079424115137,89.7721334262077,22.13447967619379,66.8300352366256,47.49229834836024,32.97422929414071,73.04958121147601,15.168336586086639,47.06792847766167,56.84205061376829,10.776740582275664,14.806788506783562,9.310926190002917,42.40026225501953,71.74569289796602,63.35010250075757,7.994173462576171,83.91648459268453,93.80607906604038,0.0,13.73381951577079,0.0,19.102847746296533,0.0,13.640199466760777,13.904597439975902,0.526017706705673,77.52320322638481,17.243375587720607,34.87806175472828,38.595270565494445,0.0,0.0,11.8892796500771,17.754139837496552,34.69450690783674,30.989446073488423,22.056510725113583,32.03071710329445,0.0,28.55450096752749,8.07748334793959,34.11089284099867,25.019183764035617,0.0,27.826926020213364,4.74929631503295,2.5236093225766467,1.3448804235153915,10.223645894706749,65.04394987311375,71.21764285044574,18.3407463987931,72.11788278673626,24.030983043008803,54.17423731057909,34.33443633205289,88.36723477004483,48.96503164028134,98.92844365013299,77.74308917776732,78.86482794220757,50.31624813220994,87.03463132089709,48.2759865924661,0.0,0.015268869798092055,25.290245906935382,15.355141522386035,46.94492815613742,29.747426516720367,92.69124573283472,87.41908814111135,67.19119412192047,76.97685308894573,88.41540341688415,4.016211955179628,2.388159036759319,33.784076483301945,0.0,60.88312738891152,3.383659738416327,9.456184770965038,54.32760242336554,55.08268925605477,65.52113007103377,39.73553721314694,97.22973402346229,65.20070599496137,74.13965273732299,56.902297439062984,83.07250709414511,0.0,55.66280438208912,0.0,43.60289120336826,84.5356264605369,70.28878242110679,60.47334359430303,94.22736512054404,47.90970106561771,18.800077452672397,74.59019486424499,54.52522701834695,1.6292637903781326,1.1410625730706982,13.230059342698553,39.458926130197256,42.574063938268786,24.76802779206882,56.48494631407256,0.3444920466510837,13.469467637820387,39.35225663215859,12.210643392900835,86.88391089072984,79.0104595037502,20.344126473204682,67.73608118811413,72.68139178598669,92.94179101417565,13.117278089762294,89.52482754067869,4.6794262809174825,27.63196970548806,11.411308009658825,3.4196320760166827,62.54545564497903,78.29534873705877,40.493461557616385,91.71167239777614,95.18507967133004,48.13847265080025,26.904173507737738,41.9810407347931,0.0,7.14885837959207,7.749607179702068,0.0,0.0,16.059164177461696,3.7389382532803097,1.1192675766561422,26.386932172934365,11.019337213926164,0.0,1.422750290367759,0.0,4.776247555388608,5.197121749385133,10.125814894278037,52.175350497649816,0.0,28.69077646282429,17.9364175569262,26.16259222395773,15.52478308294144,18.995117422155943,6.499572804975202,10.213401687579534,19.421118726918266,23.333134413322043,57.1639392205046,16.67074429342172,91.94220147532165,65.11740792208579,40.27026100523756,0.5230292949094633,41.4972099179022,10.9395731175114,0.0,0.0,6.388515276566267,12.016805800435648,19.406500738123484,7.793534528688383,17.842056463084674,7.963455240086972,0.0,27.348414179527296,31.86332468216588,7.09996188888644,1.5051171092631819,25.73848878358413,54.85287270175576,47.022575383785295,71.92599712840953,50.10409746750702,9.938956614903105,0.0,0.0,0.0,15.82774960008065,69.49582064737429,0.0,98.78221113344702,37.2471081612093,0.0,0.0,9.03538761219383,0.0,73.0318298686994,91.14608451467222,81.7068584091101,87.86135830243406,83.5995084447408,48.963709397623354,24.15023090764106,0.0,24.935517382244683,40.137888077931756,44.88809617966715,0.0,28.667160358660567,13.453219652139893,87.28284955327854,23.38105316878024,26.021415919807367,77.69840981260754,0.0,20.749407093070744,61.440346296718715,49.50728301487129,1.8307644300879105,16.61590017074394,44.616898123403956,70.14973163760938,0.0,0.0,0.0,0.0,96.15957325504291,98.3780023787535,98.98578835680307,3.8361717031098124,53.885978347149354,74.43432544507817,65.2502128305621,90.58091548187986,28.476222776679123,1.6510340461710769,0.0,0.0,11.65277508841588,17.963070909871846,14.646794551730466,20.301639076224603,86.61606870565701,23.629118345545237,2.235498566441862,33.445115044210254
Indirubin-3′-monoxime,17.52964225732714,39.69082750726845,59.42809782957477,2.2015039578311075,8.046783000066284,1.2329360231168351,23.533325881528015,0.0,0.0,0.0,1.1457841466002492,0.0,91.11445828544545,15.732079514260619,78.7294967288222,50.395221972761064,43.62490745579137,17.68212128200564,24.92075297683229,19.929827266317687,0.0,2.8451512462968367,76.62682586070216,71.9569801087791,40.69376959581485,26.816031214306676,17.838297191614174,0.0,34.94776410246692,16.251922853824922,0.0,7.741584608191289,0.0,49.80232159530638,12.497425423531269,39.64458224170055,30.173666731475237,2.5635593653797173,46.384082055071644,33.17272608142426,11.571742783416227,31.315464794633783,70.41433654161972,68.66876100094791,47.71913902926869,29.117542337024332,1.1183313583415213,71.30263048781235,76.18436392791996,47.17128322439875,73.86044459062222,10.079565103724406,40.256721991024456,24.750787356550717,34.70902775038164,67.6752277817465,51.75242302122899,60.726726365980326,53.86344956827935,13.24109691967925,10.574543470108296,18.09031321015192,21.82732137509771,24.95638577562474,9.086677160294357,7.455535693394893,51.84949930490963,40.81027722614865,0.0,6.977380894810693,1.9961551444392,16.78424504629062,0.0,11.451255309238576,0.0,0.0,54.039265193636055,0.0,15.297591828151468,20.916883518352464,0.0,3.153833889861616,2.9369614343744104,0.6051904954887846,15.680827416928082,7.966484141287609,10.623351415211843,13.502471159215958,0.0,10.727399922560295,8.883143306057491,13.815747461995414,16.664894859557137,7.747139608603476,14.14129964942859,2.076329967414722,0.0,9.551887307885437,3.4421895784164462,34.16964449979872,32.20209257017288,7.586878397106176,47.780637141875104,7.930993800207702,29.56515489818564,8.148610013774828,64.29757075311802,26.408127414569876,97.84166660841288,47.02099262020032,16.81987158586432,26.703643458260856,56.710720335941886,42.664785412930215,10.458799492611917,0.0,1.7400979730950468,0.0,10.577303224007267,15.631858980087742,83.52131227624325,72.66957981410229,34.40659354936494,39.76878458722291,58.02531681451626,1.0888409156105752,0.0,10.798457194007852,0.0,19.842986585622327,2.3854084616262554,3.947231856187585,24.8763192012278,33.18052950974757,31.186429120827512,0.0,64.33525277490058,47.03973528236321,36.555419118265135,15.359686379866957,48.52987091517183,0.0,34.370060019793215,3.601479189675217,27.06924148375876,62.173820205368884,22.851381118954464,34.125058775070315,74.39600073405788,26.026741656991987,8.366548360709004,35.40052047641524,20.357555271698885,0.0,0.0,0.0,25.185670141110748,21.64404043162469,14.163084817687803,43.82205340576576,0.39853485804891875,0.029713013592498783,5.440130920504799,5.56276362474199,66.71578106481981,49.81249294973837,16.529652665170573,35.04621586008781,58.92469042442284,80.85532225807691,4.756092163538142,82.70668420458986,0.37819024610057284,17.9450790383477,6.296477380661074,0.4793728764504408,32.980559847035565,41.30208130167447,2.545693184565806,81.20787974576919,80.13389907857389,37.38363470136774,24.683205894732183,28.77807201671638,0.0,3.086340978262058,1.8190454112045416,0.0,0.0,4.9585076899929845,7.798765124199065,0.0,4.59631305211235,11.308358958517317,5.409884375391471,8.331917800983547,2.787049544705525,7.074512745381099,0.0,0.5131207198051726,24.103675429228417,0.0,13.886196310204497,3.3262654264640332,7.366466299649616,22.879673885290742,10.651231481405716,5.62467111138352,5.867939731169855,10.519108859936168,9.077729386118463,27.410388369517733,6.972577589412452,68.5192473639097,39.26595567711257,14.842757868685212,0.0,26.424545607768692,0.0,0.0,2.343067278233832,5.326280745324695,0.0,4.969811336504961,3.5319403201017963,25.61894297843203,3.2882032495959805,7.833635816289558,14.956110831648033,11.608681676274315,0.8864665200053139,4.772987901219949,11.006076548026726,14.014356212649346,9.88740178042518,32.701024728309264,12.503794733273182,2.1671560656059796,0.0,0.0,7.022257894965293,11.171274896835456,34.160596099941756,0.6932792379407147,91.95122612616001,27.716282773915793,0.0,0.0,1.516632237639982,0.0,34.383171194426666,60.37030480045918,38.644887656831315,57.406929048355025,47.773383390464744,30.94861311964192,8.150019614490645,0.0,10.219851321199783,21.31625911434746,27.458764782633224,0.0,10.695587478392724,8.728129487187346,45.19359070901336,13.973765283867152,12.48976310762366,55.898422020668676,0.0,9.557580729033404,41.521548883558914,0.0,0.0,3.6890582380565746,37.38140708221435,46.38878712478353,0.0,0.0,1.2737654289241505,0.0,87.55971503644903,95.92287187285625,97.83372603792233,2.2847794723379025,32.04808441866231,33.32578774992014,37.68570264989806,75.74459272349145,20.377772792977325,21.136829503001053,0.0,0.0,13.682770490094356,12.901480720868932,0.2179464639803399,10.602287837424612,54.861528875563145,10.384953273504408,4.381600253716442,5.6430716028141745
IGF-1R Inhibitor II,0.48511131305686206,8.805215884251453,0.0,4.2357499567588945,5.058429221082093,0.0,0.8297199999471303,1.3886673411341803,23.827149437359694,2.61192776822665,0.912722183708297,7.607184691471019,0.0,0.0,6.585020842114062,4.1431591029792685,0.11136164591459874,6.036735300314277,0.22751674588278092,0.0,1.05261522318645,0.0,7.162700762725478,4.78617120484023,0.0,0.0,6.7174485074079655,3.405138004031812,1.0202180854570173,8.337562120857072,1.2562161282495197,0.07746678363500337,0.0,0.0,0.0,1.7721080304039276,8.386442961569884,6.430959106406021,0.0,6.765516185112801,0.0,18.926038374887,1.388646826535961,5.397619573134506,6.371820956915641,1.2034506885466811,1.4689118461639623,0.0,0.0,10.19216935231529,1.033280439465969,0.0,4.102554135072893,1.7598865145434672,3.365597783159302,0.0,0.0,1.3040742333333952,13.588311142559121,2.094361398423473,1.4642541980122985,4.257423226114554,2.1001619291247664,3.966657031053458,2.3670555216583296,2.3017913842057567,2.5486267680409327,0.0,0.4883553939799299,0.05407557076387093,1.8408083899652183,6.6827197320333624,0.9375221771325926,3.523074055072442,2.257608280999108,0.0,1.8500578529591394,0.0,0.25264730596279605,0.0,0.0,1.1100578254208244,2.016118591452056,11.429138570460594,0.0,0.9193576891871373,0.0,0.0,0.0,0.320873337904942,2.224281056050998,0.0,6.8244667893604145,0.0,6.276589582731077,0.30072753499015903,2.171169206245608,5.414920541944326,9.597019500687423,2.733828248737666,7.631032659122283,0.0,13.890541529319918,3.1032404888802887,3.7109490682941697,0.0,7.9907959224601655,13.819481762364063,5.577293180269038,0.0,5.2164620986090995,1.5691553633358097,0.0,0.0,0.0,0.0,0.0,0.0,0.0,0.0,0.0,8.44868120115268,4.2632286403824935,0.0,15.284899169852906,2.784785727806508,0.0,0.8991388418005215,0.0,5.104418169215904,0.0,5.704459815853539,0.0,6.8412799805592215,8.795934277606904,0.06872000150741542,0.0,4.022549828770721,0.6765444318283329,0.4381379067305602,0.0,0.0,0.0,13.96615370440162,7.2399955159025495,0.0,1.8092286164527138,12.89333726234699,0.0,9.10979682598753,2.0162383914808686,0.0,0.8291229600019108,0.0,0.0,10.85974820769485,0.0,0.541980249250841,0.0,20.328470874629573,0.0,5.858960969191443,1.9995195101964924,0.0,0.0,11.327503105356087,10.07302139862125,4.326746625507624,0.6941848453266317,1.428656864576638,5.108249498641271,11.029512903626653,0.0,9.672116581669542,1.1895618956796739,5.570319533159818,11.630293023509594,6.034400250370609,0.0,1.3282217028625212,1.0596221491855715,18.37310312663081,22.411178878779083,6.729081844299998,0.0,3.7302342823723507,5.382895928424702,0.0,0.0,7.958426773586552,2.1506163167133394,0.0,0.0,15.092411612635033,5.496487542911325,0.0,1.508939416169767,7.957375487927862,0.0,0.0,3.9505265377065086,0.0,5.249674495586916,2.7679620220526573,1.1305097571574976,22.129571424909045,14.945971192135545,3.46039587644583,2.444570556146715,1.5050699673398498,11.468793252763064,0.0,16.11299388095952,0.0,1.3519084616610684,1.915472608012493,0.193492151626117,2.4325893600494624,0.0,0.0,0.0,0.0,0.0,3.7028284517739536,0.31369947928442343,11.376546729881596,0.0,0.6313142925061754,3.3712847309741534,2.949367310171823,3.3120201637090076,0.6373896754531501,0.15249005914245117,2.5312446009390044,0.0,0.0,0.0,10.300341777802217,3.1463535787233354,0.0,0.0,1.9944025898495568,11.126621659910967,5.1614759792276175,0.0,17.333637696687077,1.157273638356088,0.0,3.268515827843288,17.56820088392317,7.493104880849671,22.23807749200205,3.8047441532343385,0.20965221917842314,0.0,5.34621353626747,3.699914839571022,0.0,12.204434868169784,1.1767907175214418,0.0,2.41178344891685,17.478997549906182,5.065625873558531,0.0,5.3722703598801615,0.0,0.0,0.0,1.5211054590354536,11.809786940223717,0.0,0.0,1.8070846887156051,0.0,0.0,0.0,0.0,3.205766543103607,0.0,7.481850484658182,5.422514421264793,0.0,6.016036542929186,0.0,1.1435213464865654,12.70947327176009,0.31640166697971495,1.115523139048804,8.822546041513277,0.0,0.0,15.395853925789197,10.958894550784734,0.0,0.09100717214963083,9.8556946877451,0.2867567263996307,5.129905887027562,0.0
IRAK-1/4 Inhibitor,0.0,6.9478303638291266,0.0,5.114908377268691,3.041940077947146,3.063335980861723,3.7500629233254017,2.119952393116776,0.0,0.0,0.6630189846539167,6.374261772758814,21.92407959488297,0.4050682546778148,4.464722475658405,7.912439513310062,2.3177930418898143,11.997095899371061,0.0,2.694365981425051,1.5642171365419841,0.0,1.038762560724365,12.522612748233684,1.6013582848391081,24.236500077840333,9.918447084189921,2.3516060289642553,5.164094902027486,18.017451220215634,3.8953175362441215,4.938004145212034,1.7990977579017624,0.0,0.0,1.7804198061433283,6.796623634175887,5.444227019583636,1.0565518969131347,25.478982277814993,0.0,9.923522599572749,4.2029107838812365,4.557641038516152,5.949892243195336,9.119864323897275,0.0,2.3278604209915557,5.40452192047799,0.10357309095510914,5.280465328284791,0.0,44.2782954261727,20.608669728054977,1.3301859608532993,3.0461131336800094,22.712132140796655,40.4256459278361,37.15129775078168,40.75539237757384,37.305211627508896,41.33673239489451,1.100327438468895,6.560248041991002,49.90573672235274,0.0,75.90817229251763,73.60122795548409,0.2859690339314511,0.0,0.48858713239735607,0.0,6.668695861560337,1.5373777426504915,1.060855924725729,0.0,4.706509595079041,10.769899532656368,18.559158885121278,0.5137748172843715,0.0,0.0,4.899345457202131,6.898608114818444,0.0,12.225333670513209,1.2768030830116004,0.0,0.0,0.0,1.0445542541365,1.077197117398768,3.776123096554244,9.682426648369812,4.227371830440461,0.0,0.0,7.563306446242663,0.0,6.547354385197195,10.413334460129093,10.474920889918252,8.157656041045726,7.287091359623233,0.0,0.0,9.797263829353028,3.92902001081913,68.93849814437314,5.551900566063409,65.21315499255738,0.0,5.053634026130879,0.0,5.104910333940325,0.0,0.0,0.0,0.0,0.0,0.0,6.57879791137637,16.43275739013518,2.3527069006184433,44.03276968613986,0.0,2.2423734773844615,10.967794544431626,0.0,6.57950668632445,4.759151175104279,15.48587455448262,1.6797691525074328,6.299126911100217,84.96634738931544,77.16589215314785,0.0,28.450159255114443,1.1035736319985006,0.0,0.6623772424932213,0.5545610510978349,0.015949062897192334,10.670763749682777,6.11808350691399,11.229524182183525,6.757388310893688,7.061655947295591,0.0,15.264646067236384,7.086936547211792,0.0,1.3553580751301126,0.0,0.0,0.0,4.669382281307122,1.8294167838665771,1.7874456981428466,6.9408256373938855,3.7891138487549085,1.8778378281801196,0.0,0.0,19.586591536334623,29.070665297424426,16.775867417314345,5.295658324104778,1.0223547296973692,13.831842046488788,5.347925439853725,17.69818188269396,2.482793801034802,8.45114407835041,2.9871633349475246,4.537223654236072,7.371667704048008,5.551809349678052,3.6575540348418656,5.751088826528132,5.0772206309131604,9.767845261058909,18.267004421092537,41.112032502813626,0.0,2.093103765711902,0.0,0.0,0.0,14.975465912815991,3.6604034455253327,0.0,0.0,14.842176127416081,0.0,0.0,0.7486051019018447,7.513903547702768,0.0,0.0,2.62088309294883,0.0,5.3633366089565015,6.255809062229503,3.397263855389582,0.0,14.184706421314957,7.189061949855969,2.566852672232585,5.161400865709439,0.0,1.4627631836172412,1.0255082227155583,2.6210777095675155,6.117026234101985,1.9985986116894594,0.9115423375542662,18.094421530056707,0.0,0.0,1.1806521595508883,3.7162335967274203,0.0,3.050416762336056,3.145091367799594,5.093378533020683,0.0,8.186283203138743,2.531700126828895,1.9848964713073372,11.66876211042846,0.0,7.5921417991855265,4.743850030313638,5.796692788649992,0.0,0.0,0.0,0.0,0.0,0.0,6.5293553420101205,20.50846503729906,3.2598153098507368,13.380994931745903,29.141544350545814,0.0,0.0,4.453273145535945,3.2645781154683533,11.128492771311315,21.762162892507618,30.67470034694189,8.41213870190802,0.0,4.715561651454891,5.591293261241418,0.0,6.024797926525139,0.0,7.265943681327585,1.1571450876804334,2.9541962304588765,18.657035922319338,56.33478542329558,12.230664168497583,0.0,30.194248551893892,0.0,11.660897980404187,9.064404390945327,20.790240068301728,0.0,1.6879291723910796,0.0,0.0,0.0,0.0,8.464263092027139,0.0,3.6955490906007924,38.775532239707495,76.02183303700748,0.68076802610031,0.4045083031155343,7.132798329922906,9.86243151242121,6.479179464454461,0.42462444285652623,8.33645078704717,0.0,0.0,8.538148572092325,11.451915903944979,0.0,15.231889012192227,16.13162600424525,1.900141262875593,3.880589197728426,1.7178138112179084
JAK Inhibitor I,1.6312796777624499,9.723662582763694,95.640789621322,13.173426578262735,10.168486258273532,23.603055710146748,80.01719209975928,0.0,0.0,0.0,0.0,0.0,96.96216162028469,15.646702102343454,77.657155613944,88.80503662044208,70.7499599568087,18.126497222996846,6.47257092476454,28.126882482484604,0.0,11.953711998495578,84.6281336627759,78.64537860070912,19.53722513711091,3.8937093228705635,20.606584382230892,8.973367721225841,6.554902098330828,20.720052279241386,0.0,18.4155664459785,4.663201384827829,64.89856832815524,26.589168601143882,40.57148621661594,27.178157139390635,18.200247635975757,18.645340318657603,30.62934789843223,10.60687877126361,25.055162359540418,13.797393590591952,12.507336017133582,7.8867350906705695,14.43807794279499,4.792845042585796,9.492552802369488,14.98148180695999,12.325964303384566,12.153154129145236,7.22276028114905,7.732733616939456,0.0,77.1428491248584,99.28341292515135,5.373676784371327,10.86783374388861,14.388234821261563,3.484455680184709,0.0,0.0,17.091867405925456,8.50128160018042,18.424772415368977,6.096221746063065,49.51589769907121,29.292350077352836,0.0,0.0,0.0,96.97017568815076,81.96120348579879,34.2102405708401,0.0,0.0,93.58174869821245,0.0,11.784788352572548,37.45937730500922,0.0,0.0,5.162075620495102,19.495213029349642,1.5154302608283956,10.801842219385577,0.0,0.008067116529701934,0.0,3.95026225100753,0.0,5.088724748802321,7.160866416085611,12.943443037264387,11.77210208837586,0.0,0.09454506779917438,14.298920793557727,3.8856189826173306,64.68545086521598,65.964038496923,21.98510897728272,24.222666555338094,0.8860221008541913,6.976765401548278,3.5115517026657983,23.145427161801223,7.718601057374173,86.42157578767095,28.807878759323472,7.000954369674361,0.0,47.65804289707947,33.84700614573694,1.5238968183612371,0.0,25.839190890620145,27.058196356182606,51.84282507632697,39.53348322978913,0.0,4.879964468090222,32.84831751317492,15.207249304116374,61.59325932550876,11.277517996617178,1.3089623313132392,21.438532252482503,0.0,8.72527994542753,0.0,47.856336572532754,74.60002199624623,19.39622580459762,23.69001585949526,3.659050584922852,24.787778925523583,13.968636636475239,97.46018954635765,98.63132190673221,99.55535424034743,26.26851903151247,68.8939661710257,0.0,0.0,34.23383312452535,6.988981252791518,26.26643263506972,41.55800915085093,27.447093235853146,52.468249661621115,0.0,4.139813873195777,0.44398128400891324,5.620960421013663,11.899648965494379,59.84608870946621,58.495091136586495,44.137083523475425,55.53892586025658,5.061490025582685,17.87450313509143,66.11665551113995,38.87190181908031,94.76627074822393,48.00277311646576,11.003404643655102,90.97399339268966,32.80308867424819,79.62310586237736,10.25411279388841,43.0204276139071,0.0,38.027541816738164,4.290898080363519,3.1820728768206266,42.03260838895274,55.28606124745887,41.360560331324635,93.1644863300436,94.55411829607768,17.620721997303377,29.097828242976604,18.263045336241404,0.0,51.000325898888725,7.587759589034846,0.0,25.635461621172865,34.43921900743652,17.47711955664103,23.494020395529006,28.315044411368405,28.74318044688738,73.94513343810456,0.0,6.5215242375525975,16.573945549108714,0.0,2.122747070664147,25.913638082024107,0.0,17.945196169117793,11.192432231608336,9.931454926220027,0.0,9.45192639586692,9.1033579273724,16.846643235001167,60.939465535774715,7.862358571469713,25.174184007503754,73.00839198307703,65.47248983540052,42.657793900322844,61.40146676567231,9.1730458650959,66.0901448149784,2.05331810988757,0.0,34.375127130554915,8.502224937247533,9.427110617559094,56.36066445240066,48.61961628070026,18.53830858733886,20.06981380578584,4.01823535688672,91.81149876999032,89.18858749133481,33.19629415622532,6.842916931469759,93.86646681295427,59.844798673278284,47.711257944073765,85.730144546623,71.74236224126571,32.85977495544486,89.52339812627017,7.392456656499206,89.0094542835568,20.822197889649914,51.62339668315683,0.0,81.66552752125767,65.4021825188309,37.989134549721285,25.056654709313506,29.280842496105905,0.0,68.82546386490365,61.42588082328622,55.16932814990651,65.39534859301298,66.11127269769122,49.090098970566004,15.559797748557457,3.3555950244410724,39.80920323707719,8.61993547545734,33.98228100349267,1.3196519949270993,0.0,29.471679551897196,9.92001561755768,62.66831035749365,13.122408126763418,46.193992757891756,0.0,6.15061025576972,20.964451427643766,53.418763746585604,13.108423359159815,12.237942250350827,49.714467907857525,75.98365029554688,0.0,41.83280972278873,0.0,0.0,51.31878299930885,83.91462447997033,93.18624389086085,7.477904803154971,34.721442145458724,22.858636001277077,79.36226276097248,98.51757253180041,9.723806337735127,87.22003581535574,58.49604276150871,0.0,17.789051795787287,12.583036474655785,0.0,9.993083629114352,23.882231988028167,21.902769052619377,11.101567203432865,97.81684650834913
JAK3 Inhibitor II,20.57573469365309,41.62657159244788,89.46038660050782,6.008369934457704,1.3400877669680256,0.0,87.54872067269083,0.0,0.0,0.0,2.6105418309030597,10.065935432511537,31.83516536596788,1.384402122463996,16.892916226100226,36.49078497323585,16.295679135203955,10.631318342573195,16.21804164494924,4.743426774017479,1.6425320417302771,79.93105517528636,18.412136760054594,19.90510416562151,14.48309290224745,2.6755986774128218,12.284888478988165,3.605405262864764,22.488131474833082,0.0,0.0,1.362181179464386,0.0,1.9838427537804364,0.6794325883238059,4.337149703422099,4.766087818906584,4.374674646636976,4.188575447550136,7.574701095979549,0.0,18.73711325287438,11.34222406498256,4.339235927711911,6.538904262102534,0.0,0.0,1.5806887588151142,0.4078165754503402,4.570661551679507,0.0,3.013194635339886,8.90263849314232,8.605100905834561,7.233824837231111,49.019247712969886,10.410719360343961,10.255053141813079,14.876075369830772,7.61718226638294,3.5659816913887425,0.0,6.3022691850793535,10.782509501440643,22.80132411338161,3.2682760266622637,45.92861365255098,0.0,2.4128720580914944,8.367803175322024,1.9551038095488877,7.957464896307769,0.013890858696157693,0.0,0.0,0.0,27.74861614290252,2.2446981734040747,8.65879378194927,40.01912652922847,4.6869128857707665,0.0,97.78080935529456,19.627326918323405,19.40985888872322,4.559761906088028,16.306985316168735,27.67086033320379,0.0,53.918364889650746,11.68230472013363,18.557452951772063,33.931231892818204,11.941368102145788,47.80762579899417,66.90541937780655,70.92335777635961,2.9910759326396033,0.0,0.538379293621631,14.77759952181384,5.142424344542292,6.629230623035909,4.139345118696497,1.1964610251222894,0.0,42.23896693206602,16.63604777645118,93.66482735965307,51.47025274725752,4.749533873440797,25.268823435752765,19.63586980488813,0.0,0.9585945443601815,0.0,0.0,0.0,0.0,3.5879381289041135,0.0,8.034942052572603,15.231049116614258,47.84302447325827,40.661593545728934,0.0,0.0,32.32525879776088,0.0,0.0,0.0,11.94966662882419,5.400021078250603,7.640913396278279,24.542743701733144,8.863040546528197,3.1915105574123714,7.218381701103169,18.51328428783694,5.04486261069593,0.0,0.0,11.553135318010192,11.01414882779244,30.38655633532329,71.08935630347197,51.05497534792488,14.864589533679492,0.0,85.50868787200149,17.321038977958125,59.720417862530766,39.968494255347125,2.2907673532244672,3.8199780850067384,1.3131351965230351,5.217878811182999,5.528334195411645,1.2481416988682668,7.586684826658114,1.7974502549461704,13.792235679202633,7.559904372732433,18.039797023811175,16.60348124066239,35.64400677277874,15.13086315760188,15.380353619108632,12.690834499184547,19.890847694814624,1.7885899735430542,16.33097295847911,67.31627900418857,81.95271154500207,3.068115651675953,1.976140493882383,6.603915337405368,6.157317029636687,7.601123844825011,9.977220625680488,10.371918816017356,8.305368922325812,9.796236968027785,21.775701465168822,0.0,9.484726851558264,0.0,0.0,11.551261979319221,6.891963270951209,0.0,0.0,0.0,17.38188757512792,23.796494997327386,1.1921250277936792,12.706715251989024,9.924419110591316,0.0,7.15831509348908,17.914980094969735,0.0,5.942773368579125,9.414346927646307,5.832807834928474,4.274915366656444,2.33780547528967,7.178341518836618,42.10247324982994,0.0,11.140051133095568,6.25550149717418,3.3604858449818096,28.053094289377356,2.0381778228944256,24.46728062021306,5.928803755835048,26.682485756010465,2.326344073228995,0.0,0.0,3.426162289967465,1.3074317459425089,2.6857460253537226,6.842191783062191,13.748426635431628,5.932174549049819,6.049927192860835,29.867341244615915,27.18262230579718,7.152274516748037,6.950070347567944,30.331333196612533,12.8815537586418,11.096005016914816,15.868219157749309,4.4436916894590155,2.794890467953664,1.243722245921191,0.0,4.756139243652697,10.775378677775393,13.082411422157236,7.9318458640658065,78.59991966813075,63.26332301966062,0.0,3.9345104841393095,10.07085478727106,0.0,34.30235012662206,21.755791998164682,30.62637665386609,36.35718212419104,42.19443725944608,4.3088106573644325,4.874545906952761,5.502199197866659,7.754017960474641,49.71561558310219,11.722366924494764,9.633609451722037,8.236667845462307,37.02461861036454,0.0,15.271822858755314,0.3836944347522717,19.292960345748156,0.0,12.603048713414154,13.279299578403084,0.0,6.70081383563425,4.234724395842235,1.1586499970155728,15.326230185734602,0.0,0.0,6.231688322272333,0.0,3.623599715421875,5.210859194653423,16.627833043096388,1.3106475667343602,0.0,16.675026686568202,94.560832973521,3.4816221771118308,21.398607968071474,12.819433774224564,0.0,0.0,13.574803127429192,7.458815026986954,0.0,4.261654366556087,65.38289537307989,11.02903691804083,0.31491805253513405,0.9337263376063021
JNK Inhibitor II,5.7975056276104056,0.3719401298183129,33.720580477110104,0.0,4.047527747406718,3.003072153686958,8.334625906793747,0.0,0.0,0.0,0.7958568604736342,0.0,76.13782319994868,52.21353139842259,67.8477693125467,85.07382101677752,58.81141948018659,14.178539915158439,0.0,9.16273865811533,0.0,5.85549532652189,43.12931507847337,44.16939112324482,2.234920837329554,18.0747214706266,16.339288128902666,0.0,2.4433084979679904,3.153251523281952,0.0,8.11223328914005,0.0,17.408750534162934,13.687621324807779,16.63320184058516,8.903958882287384,7.148876275290036,15.669450748383369,34.544188789096154,14.35633958628506,36.61589976144748,23.86378249891959,20.471529820621242,5.705015425807829,3.657751752431409,0.0,21.930593221080983,22.206253822581118,11.394670874338885,11.384635975964414,5.291159214170875,3.9803856593073874,0.7342063611291678,27.814521948838177,65.86870678300119,52.12434884191723,86.92412584986647,74.80817266696275,14.408928270867847,12.21586443006035,0.0,24.970728615946513,10.775793077225018,17.35265886767195,4.614203634810934,61.39174725134892,24.550138220051053,0.0,4.426949296648189,0.0,18.507766378128053,0.0,11.374097773468606,0.0,0.96220771131118,70.92688833734977,28.40549225382199,34.29096824168846,85.79533869036298,0.0,0.0,0.6984486090280768,22.232666085090045,10.966515011577314,5.786210691040111,0.0,0.0,0.0,9.062311635458485,7.4924313592131,11.233244386562376,0.0,7.483873859992144,9.084398767235683,1.9508654266018084,1.7527289453668402,0.0,4.164033747212727,35.174902495051924,30.611279098274508,35.72842370111874,30.564736586596013,7.701939625745297,14.86214179969501,0.37326080317683363,11.166916299058627,12.723314380152061,87.53707107154626,36.41512094590721,13.29043228025462,4.917586663094767,6.805038553481822,57.20865199450867,0.5647434848654171,0.0,3.36858929660022,1.1951973568438916,9.935924585663798,8.06367360225488,0.0,13.207154711833596,64.73539695464426,12.668140314336071,35.97701665227528,6.136715898130177,2.3473676285502165,15.224523676641311,0.0,5.138833567533766,0.0,24.171502241447627,11.078298623503741,13.065303485441845,27.565152948740604,4.268371239383924,16.883018112772163,16.813932101346623,12.765186091009127,22.331829053622783,26.020201995645962,20.133046803668606,63.60088975753046,0.0,10.12264962837017,45.17809025454432,2.9203634611123164,21.916477326661976,46.140219605496014,25.32018693101429,37.78132414843146,3.0211077518617344,3.4189925975350093,1.3229136002618844,0.7463549010704469,8.748043674735243,39.92711879477858,40.13536982972218,27.750861127837794,46.04187657031986,3.622496859779943,6.0276319029348,0.0,0.0,78.42942216314458,32.299652232128494,12.850840166052691,52.00722502995057,77.80019675383292,66.44885708839772,13.315715802854243,43.05327084594906,2.9785934974589168,40.90961235959254,0.0,2.7959311416041004,20.48867379172529,12.567716843026275,7.47160330013233,37.694228888385496,32.799202088689185,22.49957743637448,16.580921765148247,37.828998662526075,0.0,29.273868775533813,0.0,0.0,15.672746938873445,10.197280988980452,2.4091594794486895,0.0,3.009310240162705,5.79565131212712,3.882109904973788,2.621019848716969,2.137849734312823,7.182039984670169,0.6340594576659839,6.4652608549255035,0.0,0.0,5.176347299502098,8.903996973305055,9.33672574138052,0.5697328631694631,10.92186317579143,5.516250624644442,7.830828717977781,10.855199110967519,0.0,14.853558790578631,0.9499167629940928,34.21247958489346,23.531465412318312,38.753966524798486,14.056243119848702,44.689368096499734,1.4259772161246929,0.0,23.91236734885794,0.0,0.6670887452589511,5.099939442759592,1.4648535738619444,12.437489739200842,1.71190127867942,4.975212915044722,71.36058637017169,68.77341477447561,12.921778200121082,1.7208059185807656,66.41589239304373,12.165081145123679,0.0,6.961895833021941,9.381665127916392,5.7516000769551,4.875825281865573,5.0147272692244655,0.39618454756598,10.497012110408278,17.776777640720837,11.758616411983326,65.84678445826931,24.749330429982294,0.48941385907237134,1.8084945807094925,10.557829632580763,0.0,24.023421001330178,31.600912639199606,24.719490419765663,19.682565158670585,11.841420624583918,40.52778472287784,14.887759903897802,5.438169281367067,16.929323917805135,8.356252710874216,19.343332956202758,0.8534312953605934,5.732083939399601,13.871747248482421,30.930593288797994,26.625094386593247,8.967133080098051,52.29687932814619,0.0,17.17394053025143,24.957004993550925,40.740575008072994,7.508241552919941,0.0,15.253463134599968,18.62109955330999,0.0,0.0,7.810950868774441,0.0,2.8761371481683256,51.83666098458059,72.72925511681134,1.1182682753088073,31.14538845096844,26.614933307983904,22.19494225873089,33.636904799347036,11.565396619704785,37.77271670018274,0.0,0.0,10.8306470483667,8.745305026637794,0.0,10.110633187687853,11.809591055509244,24.54295401928009,11.20293817036719,11.633898302735588
JAK3 Inhibitor IV,0.0,0.0,7.61713336930427,0.0,3.492550540904631,4.188404037299833,11.109902505931174,0.0,6.368321343788253,0.47631385541363613,7.539679704265524,0.0,2.8835900874465636,0.0,0.0,0.0,2.528961811214728,0.0,0.0,0.0,4.397461678507469,3.618413868545389,2.0290257336100126,0.0,12.482107468618864,13.519999999999996,0.0,0.0,6.832929188608119,0.0,0.0,0.0,4.934356858694002,0.0,3.3930046872593635,10.004114871577158,2.337012662839129,1.6920786758098814,0.0,14.810000000000002,7.082730310062274,0.0,0.0,10.760920220630993,8.607653664350849,0.0,7.6299999999999955,3.4784989522637204,0.0,3.174999999999997,0.0,2.0421808432484454,0.48352011302455367,3.6299999999999955,0.0,12.461774970934172,11.622006912891152,2.3505257331504623,3.9315207002881465,0.0,0.0,0.9858903565469745,1.9372552682690554,4.617375943716212,0.0,3.667673948225712,0.371743255017293,8.270857288914812,5.395210124942139,11.53506199253944,19.284999999999997,2.1215517216327555,0.3702428609489914,1.6545196833116762,7.470245299580483,0.0,0.0,0.0,0.0,0.0,0.0,11.512421584623866,0.6299999999999955,7.6367153691861915,0.0,14.960776462109223,5.540000000000006,0.0,6.7450000000000045,0.0,4.055000000000007,3.2450000000000045,0.0,11.549999999999997,0.0,1.2675250681820387,8.340900389881512,1.5244173431772765,12.57692648048382,3.678629789102871,0.0,7.343637597338827,0.4639184609247451,0.0,0.21930791686617113,0.0,5.840918625113659,13.989999999999995,2.5205939339955137,5.954999999999998,1.423191878445408,4.234999999999999,4.70864757962741,1.650184348283915,0.0,11.07693892973225,5.066571778352042,6.281664320775235,12.902488608962415,0.0,1.2349999999999994,5.094156229875608,4.441457883257556,5.109999999999999,3.319326927786193,0.0,0.0,0.0,0.0,0.0,3.6382711970208703,0.0,6.962496213218046,0.0,0.0,0.0,9.850802855625105,10.119390859388147,0.0,2.517549080491463,19.076832653579743,12.012599983259577,0.0,8.855595654465418,1.1002206854245458,9.791505528935545,1.105000000000004,0.0,5.825914313446248,6.444858471614026,1.7807523484668195,1.1749999999999972,10.689999999999998,0.9754386682928811,4.33104210980423,3.4091426499316526,2.254995010407896,2.061944518699164,0.0,10.654060831269248,17.484517638413422,7.5102597588729765,0.0,0.0,0.625,0.0,6.788712937891418,4.376546192250785,0.0,0.0,7.436548202456237,3.0287728004676637,0.0,0.029126500578527725,0.5540301593876507,4.958068841414871,0.0,0.0,3.4950000000000045,7.5043350085727525,0.0,3.4331202560108665,0.0,0.0,6.462921137168792,18.14862168879644,0.0,13.149245869749024,0.0,4.294091480997693,0.0,4.7742040761428655,3.6408902898509155,0.0,5.179317511438882,0.0,5.635793078928842,0.0,3.814004215069218,3.7968534642100167,2.7659890189766827,5.730000000000004,1.7018878808038664,0.0,1.3686730504451532,9.574321522834524,1.5384287341832135,0.0,2.6613467430084086,0.0,3.4650000000000034,0.0,0.0,8.395968756363786,0.12953465048595092,0.0,0.0,0.0,0.0,0.0,0.0,7.377764301696985,0.0,5.984999999999999,5.034999999999997,2.726237922777287,7.33175834580689,2.905000000000001,2.034348650117934,1.8885710270618716,0.0,0.0,1.5336545537248583,0.0,0.0,0.0,0.0,1.2612867406479324,2.2221460352965607,2.9626231332246675,0.0,0.4198666915464173,0.0,12.691782017690258,0.0,21.674798260740488,15.071773802832496,1.394718531610124,7.213043070871549,7.351113692976583,0.0,2.397126594476447,4.92629986153689,0.0,2.5970042647056744,0.0,0.0,0.0,0.0,0.0,14.636452842463527,0.0,0.0,0.8799999999999955,8.39741553462504,0.0,5.980099448549026,0.0,0.0,11.746427031650427,0.0,4.555504010424428,5.109999999999999,3.905000000000001,12.194999999999993,7.632877115053859,0.0,1.1500000000000057,3.7437551765174533,0.0,5.246427568641678,7.900000000000006,0.0,0.0,3.9650000000000034,2.9140260458094644,0.0,0.0,1.0649999999999977,0.0,0.0,4.175812495993739,4.166738883086168,7.8888803374912015,0.0,3.018855682626082,0.0,9.471899509997598,6.286948602777386,0.0
"JNK Inhibitor,                    Negative Control",0.9137206263196447,2.1713028472559586,16.67530075212659,0.9156996222128271,1.0783101689846575,0.0,12.556378530088566,0.0,0.0,0.0,6.3262151380047555,0.0,53.78895518731221,6.9486761692221535,10.604336944840782,16.450905205449942,10.698639494759917,0.0,0.0,0.0,3.9265260164098663,8.175459710680144,7.4895755066072525,3.605000000000004,10.511455386095577,13.564999999999998,4.1453299704181035,0.0,9.341962172888515,0.0,0.0,29.66133244336126,4.48145302341365,0.0,4.741862862476879,9.972976472889457,0.0,0.0,0.0,25.084999999999994,12.042038866947848,0.0,0.0,10.595144690880304,12.525755952385154,1.0900000000000034,7.590000000000003,7.838301506743861,0.0,12.019999999999996,0.0,1.185797758383984,3.4559759384782893,5.329999999999998,6.257451345825729,10.20946387904337,52.21579103143067,79.22418045012853,65.66415316033653,0.0,8.450290578719617,18.555455754438626,9.751014279367524,13.372399014965467,7.290403779147141,5.548160227477666,1.463473051391091,30.17640126680905,5.655330076474357,11.283645130014548,12.019999999999996,13.621573213950711,0.0,5.776422057401831,4.904215810862411,0.0,16.32132374045736,5.867413240780635,6.939426317930696,0.5503507118281163,0.0,8.795413280492042,0.0,5.20572322246197,0.0,6.522692960940304,0.0,0.0,12.394999999999996,0.0,0.6350000000000051,5.390000000000001,0.0,14.495000000000005,0.05135422210683771,3.1006978931615805,5.706478418471704,1.0703478389467875,8.253494479573405,7.249576400562347,0.751670767502759,5.6026076950998345,0.5204508063805662,0.0,4.0986591307663645,0.0,6.584650386384737,15.685000000000002,40.71874181105025,13.174999999999997,3.03894051525657,5.739999999999995,6.169410492129089,24.616455353155104,0.0,6.434832596323503,0.0,6.199972106625154,10.780017765275772,0.0,8.894999999999996,5.990829210505183,46.889383995840106,5.430000000000007,14.917303420784435,0.0,0.0,0.0,0.0,4.055613630880174,3.0213455494275934,0.0,7.660145598716937,0.5049999999999955,0.4270922775056647,2.7396947200633974,17.28637480518256,11.739488285671683,0.0,4.070272785091845,0.0,12.766699710749151,14.754354238600314,2.6877203717896236,0.0,13.970136138954018,0.7800000000000011,2.940093162651351,12.289197135293165,5.462928380636896,44.141623663156636,3.905000000000001,2.305000000000007,0.0,0.0,5.464214157094901,4.252996814881897,5.9398442412457655,3.435072898355372,8.922787472841804,13.712059109697265,0.0,0.0,5.6047924312035065,16.435000000000002,7.678661946760997,3.643595335808044,22.60650841319547,21.159452669538638,0.5924070675045954,8.586547020357614,2.772543449538972,0.0,5.927946011867164,0.0,2.0315817917646655,0.0,0.0,3.730000000000004,21.140679477912897,11.630871005332352,1.4192088772410614,0.0,11.645838443605669,2.2584804874901323,21.699013439459932,0.0,11.759795876559366,3.340888676569719,10.19612791382545,0.0,6.894545880706389,3.357549380032978,0.0,0.0,0.0,6.359343472418146,0.0,0.0,6.229048465409278,3.6838902754435026,5.295000000000002,1.4618005553196696,0.0,0.0,9.570751271295705,0.0,1.3728748626335658,5.423620544744139,0.0,2.424999999999997,0.0,5.464219303390081,13.562010076056708,4.575963484847335,19.656637859363173,0.0,23.224999999999994,0.0,0.0,3.916424293451371,5.3039196748626125,2.249726756621641,7.674999999999997,4.334999999999994,5.656266175765822,9.396434098455671,1.5100000000000051,30.736988232809352,34.51887906073679,0.0,2.0649999999999977,23.042578170311927,4.021609706960959,6.318648899276667,0.0,0.0,2.727528279505634,3.019818536000969,6.522994104026083,3.8383009711263156,0.0,0.0,12.973843383076357,16.16901238153649,24.25717293073859,0.0,1.569095509710806,7.665203753423867,3.270791912075964,0.0,6.288794029763622,2.691216761311594,6.489611444184149,9.57557035713684,5.151933181878576,1.0681447476297308,0.0,0.0,0.0,14.255116551224575,0.0,0.32500000000000284,2.7750000000000057,16.71860282346954,1.6228856708334831,3.511499064472474,18.735,1.4549999999999983,0.0,5.22246355041338,16.053011309305163,0.0,0.0,12.385000000000005,11.23561152573187,0.0,5.135000000000005,1.7836646850999216,0.0,4.953104288929566,15.980000000000004,28.424999999999997,4.609714634167034,22.310000000000002,8.016355281886547,13.306522380153297,10.63729092469353,0.24500000000000455,0.0,0.0,5.101681471825657,15.877739098170565,7.653476054911437,0.0,8.03380490988998,5.5486648886391094,16.903424097850092,4.888305981226054,0.0
JAK3 Inhibitor VI,38.03494843370127,32.765743778519735,20.557112252453265,0.0,0.0,8.835615429797073,23.983723443110023,0.0,0.0,0.0,0.0,0.0,94.72924954483382,8.767801059083553,60.78189853525534,91.50471914089592,51.457058435107086,19.24923586929306,46.369086156973694,10.655248711115917,0.0,13.703003202425208,80.2951089282324,84.075,11.306138947001443,13.915000000000006,33.595216120169255,0.0,41.137070441912996,5.336697071388741,1.1145589119525,16.530539181322453,5.1898019427563895,83.21241021319042,70.54733581696708,67.86859250810099,21.51744755827211,6.572475904681923,76.23,89.895,93.17678435460107,91.02659251308808,97.89623728195025,85.51930153039598,63.776107824359684,86.035,78.66499999999999,98.45755948053427,96.79988474859766,93.66,87.83500000000001,21.002265736194545,54.13197695394406,67.715,94.03293015942828,73.70128285156437,12.29319952580812,7.425724889981325,27.104801372879237,0.0,4.5426610780611725,12.122352777594813,26.018840246745697,0.0,95.92933551768564,99.67000832819551,36.032924561201824,91.0795562941604,0.0,19.498486438708568,3.444999999999993,17.726443916274576,0.0,12.154375927212755,1.5442633916905208,0.0,94.79904035389897,94.94167243451135,95.00244321287188,96.89482713051802,69.60077720732482,6.581420269344534,0.0,1.854023036515457,0.0,3.210840382394167,1.5799999999999983,0.0,22.950000000000003,4.394999999999996,0.5699999999999932,8.795000000000002,0.0,9.724999999999994,0.9509475048963765,0.0,6.955650787839062,28.194624826918087,19.327775234918263,6.210941381009775,22.877758383487077,12.247525167157704,30.4747370457886,29.089457590311753,35.39059887407811,1.0999999999999943,65.63085401466952,69.91,98.38797702723431,94.88,7.527158817432337,4.849999999999994,67.33182726048868,95.15631622650498,0.0,4.566508535782759,13.601029421803759,17.006599216373218,23.139007115374355,32.44159933459409,88.7,83.28003329505955,77.46416578290486,34.965,99.36632488192424,0.0,39.70414623570095,33.64588905361104,41.33990910893763,0.0,39.66068257238209,30.773553005262585,85.14388499217463,0.0,85.54678778963661,91.68400684414843,10.913845476584768,44.50274999898163,39.68,41.99344122643177,95.20660113434799,13.219156735558485,39.22931847716322,0.0,75.29225292101773,93.9675151197362,29.355000000000004,4.810348501755868,65.18892640812952,84.68285583922172,93.77241167359519,69.685,48.86,0.0,0.0,16.30957858442673,96.74420150583875,96.74880972780588,96.12893449638672,98.43592336594314,18.742736054114417,22.32164865924804,41.58668148899322,37.03767689308903,95.37,98.27721446313194,21.186682660928753,58.270093114554726,94.1506714298009,81.41396919569806,60.187271025674036,91.27043377743094,20.498773969692422,27.010805604788956,1.6355125451410686,9.765033622291895,45.7893544412224,51.020382076665626,5.915000000000006,95.75792975426779,97.2771630466515,76.49597055481055,72.70923566873418,93.91488861622483,49.10937180251075,28.02793087849392,0.0,17.411140034616025,0.0,73.88137696040558,0.0,8.74963733900752,33.736591961760425,0.0,5.3578621187478745,0.3053847328987018,2.4203893794023372,0.0,1.771905634173251,1.0422284504615789,73.35386355830303,7.474999999999994,21.324688305666385,13.696745381626272,17.058348898404518,9.168158257774024,2.176193862132692,7.366533355734447,67.96543484852407,8.744253122059916,43.98,67.745,53.119911007571204,90.44325241190694,53.028623877702664,58.21941141404577,12.614999999999995,92.39,16.778687415088186,0.0,13.283564748393658,16.435870621008903,27.11918665823481,63.955,33.015,16.099521951717918,21.922927444157523,7.969999999999999,97.92878298556953,98.14797177798378,0.0,0.0,97.80415621431057,39.42825213434472,41.275489389478004,97.7868515132205,85.6187609165825,29.13381218019414,2.6495011568595146,7.131605063236975,0.8930345736728214,56.47920627143411,10.043737660456742,0.0,81.95979135345172,47.134485277814804,15.14840667520491,61.93664520934937,82.71243024698805,19.99210854470377,13.759758520795941,99.09286576893244,75.14740504033065,92.79008687719721,89.23088993566661,74.04865466159664,71.87055122558141,36.36370878497905,33.380724284278756,48.03237256637472,56.27505935748064,0.0,5.674999999999997,2.700000000000003,55.71580196639442,60.38649462501793,52.80801325608275,85.03999999999999,40.0,4.110956790241858,27.54526110698737,90.30955676783182,77.41499999999999,27.590000000000003,78.87,95.55253493238601,0.0,13.519999999999996,5.357905395786943,49.17406368646368,91.03899382198293,92.355,97.365,2.509000925765264,45.605,24.267476280822933,32.42531634151209,79.62982950685367,28.345,88.465,51.89,58.310639753071825,13.215087234417837,30.57132384249121,0.0,17.366414221236482,64.9728558614933,42.852919767746656,3.498747753626006,0.4014709604822855
JNK Inhibitor V,3.6938684697854,1.2492380862419168,57.23401053159845,0.0,0.0,0.0,14.751086683578137,0.0,0.0,2.9390805014881494,2.1507329801029726,2.41867632895017,8.238390235511531,0.0,16.21179882987721,5.969712857187432,4.036669344442757,0.0,0.0,7.100826123451299,3.4421641220280463,53.476795926414496,7.267200744920672,11.89,11.210941195214772,6.400000000000006,11.147542448847503,0.0,13.190469993059565,0.0,0.0,0.0,7.680296847355777,0.0,2.672021448920731,10.725315461819036,0.0,0.9917950837901799,0.0,19.569999999999993,16.996349959852438,3.189612207036589,5.586292887832542,17.313965858044924,7.65369119616085,9.629999999999995,14.344999999999999,10.023641682389439,2.836977850740766,10.334999999999994,5.420000000000002,6.813571132444167,73.39048636259929,76.705,5.417568546565917,6.082986137182189,19.952039464578064,34.970517275679555,25.08984042996815,11.156190415904007,12.972364779314319,12.85124006227855,77.86386455839751,72.92761475948876,24.582039151860386,51.45154912748789,11.513062607986456,56.240059281155695,3.997053146864033,6.582913659952183,10.209999999999994,0.6815554733199889,0.0,3.981491052080017,5.534673125964915,0.0,6.010995209802701,47.26881298727552,46.76847802580957,77.84033700718234,0.0,35.02859467399554,0.0,4.500381274150584,0.0,24.857895052925514,0.0,0.0,12.909999999999997,0.644999999999996,1.4950000000000045,9.120000000000005,0.0,9.015,0.2685726172910279,0.0,16.87238258675569,0.6447062091065447,6.533681050087267,6.9980567981694435,8.95491562267327,7.190746585831732,0.9566582099747052,0.0,1.774347130237686,0.0,13.858458232681542,26.025000000000006,41.814457519938564,13.855000000000004,0.848408635839121,2.5400000000000063,6.883486251701839,23.100057256041453,0.0,0.9295406726217266,0.0,6.219444668541399,12.352566779017195,0.0,97.575,93.80479786246329,68.96729785497375,7.829999999999998,12.900660082817666,0.0,4.223511847220777,0.0,2.4038499409134744,0.0,11.385690310243632,0.0,9.651538809455275,0.0,8.225850663751515,16.292781592178642,7.776636458748584,1.2100130921050436,0.0,0.0,0.0,12.429132604002461,32.50878753536921,0.0,0.2689197687084288,12.511718545240257,1.6650000000000063,9.808107990397318,20.61112831648188,13.716059018912773,16.581423105806934,3.569999999999993,3.8499999999999943,2.183870353101156,0.0,1.693122926648016,2.4465816614242897,2.087021872785982,5.085764002499957,8.424976786618913,6.841578102709462,23.844081145628294,1.9065869099714803,5.28559602471249,8.349999999999994,6.6659522820475985,7.490022418312776,2.1447288432518405,7.165025875231734,0.0,20.36586360805387,27.829745793590078,9.757239724760183,48.962239894240994,0.42001627885333903,4.774319543636125,1.1159510631234468,0.0,10.454999999999998,7.762468987828612,1.1216853331307846,4.407411447500607,0.0,85.19648263112174,3.9460191489859398,29.98512184896721,0.0,12.150235973454357,12.070324156855094,10.896441667589272,0.0,11.798093369117424,5.593527335941616,0.0,5.112223197845651,0.9848347741126418,10.905874986674547,0.0,0.0,3.3128261877920977,1.7795512908659248,3.4650000000000034,3.5086593623812234,0.0,0.0,8.695127178622073,1.1260981031316248,2.4348397543865303,35.8617433553471,0.32292013816183385,1.0100000000000051,0.0,4.059170780880834,10.95105232032455,0.4807212570133004,88.4225300774803,8.765,96.26,0.0,0.0,5.695177120389843,9.19769001466149,0.0,7.819999999999993,7.905000000000001,1.3086319395929138,7.808119202029928,5.594999999999999,17.642643179373863,35.335249447041505,0.0,0.0,20.763466950713436,2.531645525873671,0.6056772743947363,1.8987725576955938,3.746568609097892,0.6753345510192617,8.63509265631734,4.169817925861068,5.332605669227917,3.637505155641122,1.2921941917267645,16.014748273010127,29.93640163563495,34.981314761883425,6.601875649331404,6.835952887223499,16.43168181478751,6.460527419549777,7.289383328660065,21.000221136344194,4.766721306550323,10.397954066894357,12.965362147948994,0.0,0.0,0.0,3.6108279202027234,12.305438098571273,27.48286382493403,0.0,3.0049999999999955,2.8900000000000006,20.810287981210166,0.9585543871195341,2.3375772046571797,44.555,0.0,3.131643810162956,7.6220114796673215,8.455734209831434,1.9699999999999989,13.569999999999993,12.534999999999997,0.0,0.0,0.0,2.515051004648001,0.0,0.0,6.810000000000002,19.769999999999996,0.0,19.144999999999996,50.682418752465225,16.915269422451345,16.793138324341527,1.7399999999999949,1.5450000000000017,0.0,0.8631474638125667,5.898430247198405,11.527014514604105,0.0,18.687797668561217,10.93388985854773,9.556620153621452,5.475186559464319,0.0
JNK Inhibitor VIII,0.0,0.0,7.807753249266199,0.0,0.0,0.0,7.104377563405123,0.0,4.750702622767577,1.5385144901589172,2.2157578798494058,0.0,3.878826128587775,7.231924579486389,0.0,0.0,2.6088757912525153,0.0,0.0,1.6314987099064808,0.9329383164021579,6.392005665331581,4.341207000893661,0.0,7.521032127457062,15.375,16.143861865020725,0.0,5.309875591260152,0.0,3.4571530807707376,0.0,0.0,0.0,1.9076378368978766,2.598926066495153,0.0,0.8626831571953062,0.0,14.969999999999999,7.804929926984215,0.0,0.0,11.099099391502506,2.3228379800993224,2.385000000000005,4.75,3.1610882076047915,0.0,4.765000000000001,1.3850000000000051,0.0,10.775106083675837,0.0,0.0,0.0,11.581951322668218,0.0,0.0,2.336622042763395,0.0,0.0,3.119602736583488,0.0,1.919237474721399,3.867665581323635,0.0,3.876263700680724,3.0828012650902537,4.931112728865045,11.415000000000006,0.9632855794448716,0.0,1.876781858852354,4.5660101565649995,0.46385103272822903,0.0,1.4757249530125307,0.8424158789732701,0.0,0.0,7.370961798533145,0.0,2.6176578066017555,0.0,5.254384182979123,0.9249999999999972,0.0,10.515,0.0,15.780000000000001,5.560000000000002,2.4099999999999966,4.105000000000004,1.7454234019478747,0.0,1.391691158239695,3.973266239858148,7.375844126873403,2.447495778824532,5.935728944059619,8.950200395955335,0.0,0.0,0.971405150051396,0.0,6.4092381040705675,14.504999999999995,0.0,7.694999999999993,0.7917498488695287,0.0,0.0,16.399291253009665,0.0,0.0,0.2503766174751547,4.590367833196069,1.146408746582054,0.0,1.1099999999999994,0.0,1.060339153739605,1.5349999999999966,5.448964240234801,0.0,0.0,0.0,0.0,0.0,3.8777292643839445,0.0,16.31407086631627,0.0,0.0,5.0699191883225865,0.0,0.0,0.0,0.0,0.8603683328946659,71.87960505405843,93.55122357120811,48.54360278222722,0.0,4.638681642092024,0.0,0.0,3.639729077109365,2.272002705735929,9.460792482895613,1.4699999999999989,6.659999999999997,0.0,0.0,13.465902243468946,1.020496594464447,0.24068097113739384,5.176162045361167,3.100646598701033,12.985540102702402,9.740293380755261,7.5454066270072815,2.8993457977975083,2.9350000000000023,2.5796572892226095,3.198565455663001,3.53175344576438,0.44747658408509494,0.0,8.658452129608818,1.2366734457449695,0.0,0.0,1.1253944819623598,0.0,0.0,0.0,7.730000000000004,4.588814897875551,0.0021219016773841304,0.4791504169855614,0.0,0.0,0.0,4.758974674279898,0.0,12.294742818951534,10.006619118372441,6.825977446613237,1.8997422821140617,6.5225342342350245,4.076393080909469,0.0,0.0,0.0,6.145658610831205,0.0,0.0,5.308580741385185,0.0,4.0,0.0,0.0,0.0,8.14961307840315,0.0,0.0,8.8587257271804,0.0,2.8900000000000006,0.0,5.399809682124442,5.8129867514106195,0.0,0.0,0.0,4.769999999999996,0.0,0.0,0.08200638212392164,2.451089609797947,0.0,3.094999999999999,1.1749999999999972,5.6761651479869215,4.598619026347933,0.0,11.589135486003343,16.270644396756765,0.0,0.0,8.558272967485436,0.0,3.493110670786905,0.0,0.0,0.2941397714726861,4.656938691172741,0.0,0.0,0.0,0.0,8.232218140361553,0.0,19.0181368199205,2.637990390390911,3.5829347500820603,6.875824955804802,4.967366002314293,2.5627787230980346,20.09300915938843,4.353475546498402,1.1679742350666231,5.681453909043881,0.0,0.0,0.0,2.1097170745306073,0.0,28.047007130696812,0.0,0.0,2.1500000000000057,5.949276743757537,4.024793859033721,5.501300094602215,2.2849999999999966,0.0,7.283873447302355,0.8235236757765563,3.379607339166455,0.0,0.5849999999999937,11.405000000000001,3.3565703621342777,0.8499999999999943,0.0,0.0,0.0,0.0,0.0,0.0,8.842527913960367,24.400000000000006,7.026545091923737,2.749290283246552,0.0,0.0,0.0,0.0,0.0,7.44796268830315,11.85360715056629,0.0,6.718308389188465,0.7502176114446542,9.554855911047753,9.396703808696572,0.0
JNK Inhibitor IX,0.0,1.1154087992939594,4.604018430422528,0.0,0.0,0.37265780408755234,3.6098545568455904,0.0,27.12511080997656,3.507957276131876,0.0,0.0,2.7457493969679376,0.9983366440054056,0.0,0.0,5.01402750660354,0.0,0.0,0.0,4.798910953042508,10.218235153818597,2.9831147307321544,0.0,5.033279362947454,15.780000000000001,2.06806600159139,0.0,6.534060215464152,0.0,0.0,0.0,2.2901301944092154,0.0,0.0,2.2653686211604622,0.44098147651064323,0.0,0.0,19.575000000000003,7.923568691191662,0.0,0.0,10.875991892327988,0.7920907532687522,1.3100000000000023,2.864999999999995,0.0,0.0,6.015000000000001,1.0300000000000011,0.0,9.51171133923333,0.0,0.0,1.5070035699644961,8.932454469737792,0.0,0.0,0.0,0.0,0.0,0.0,7.794637398162649,0.7557353187171998,0.0,0.6521652187632014,8.025174888529946,0.18404995517397538,8.526371602781538,7.325000000000003,0.0,0.0,3.5223335870523442,4.212926373915266,0.0,0.0,3.343540932523368,0.0,0.0,0.0,1.8702893837117358,7.314999999999998,0.0,0.0,0.0,0.9650000000000034,0.37000000000000455,6.640000000000001,0.0,0.0,4.069999999999993,2.549999999999997,4.1299999999999955,0.5381181744871952,2.4003957245300285,0.22004668817153572,2.8857379022852285,12.49531584606494,0.0,0.31207052489982345,0.0,0.0,0.0,0.0,0.0,1.928877823318416,15.614999999999995,0.0,10.194999999999993,2.8229567388376893,0.0,0.0,13.921615336041441,0.0,0.0,0.0,1.8050167216965463,0.0,0.0,2.7750000000000057,2.495262268693125,0.9783956642968121,3.4549999999999983,11.103204347551184,0.0,0.0,0.0,0.0,0.0,0.40578498013154274,2.9935815377617274,5.728866772406292,1.7849999999999966,0.0,7.104713526115603,5.700173402294553,0.0,0.0,0.0,0.0,12.676693053585893,66.09624080026711,0.0,0.0,6.218903725134453,0.0,0.0,3.911085210864826,2.324047908042729,0.034184773981792205,0.0,12.959999999999994,0.0,0.0,3.364740064013546,0.0,0.0,2.948245863157311,0.0,1.6217154770460667,0.0,16.014220032095878,0.16850637167866012,16.745000000000005,4.798216836398609,1.8630251481620803,1.32682146456807,0.0,0.5255240488771165,14.570913931716149,0.0,0.0,0.0,0.0,2.011796296590745,0.4162298085478966,0.0,4.314999999999998,6.919647359215418,0.0,9.709470745323515,0.0,5.166808354156188,0.0,6.594669557607887,0.0,11.904144963575305,6.828624374774662,5.407475858740156,0.0,10.788376548093254,3.968777118319693,0.0,0.5663701700446069,0.0,1.9157453965073614,0.0,0.0,4.443973813327418,0.0,0.0,2.64007136128086,0.0,0.0,4.780397755871576,0.0,0.0,1.6737848641566444,0.0,0.0,1.1099999999999994,7.935062033830448,6.1824355554139885,0.0,0.0,0.0,4.650000000000006,0.0,0.0,0.5327656472696845,9.071234407183084,0.0,5.8700000000000045,0.9000000000000057,2.1174444411339834,4.553148334627096,4.125,0.0,2.2952699846166524,0.0,0.0,0.0,0.0,5.418379656496995,0.0,0.0,0.0,3.5605703674601585,0.0,0.3614477752150549,0.0,0.0,7.085340844841696,0.0,18.722677909774006,0.0,3.674114788181498,2.038620738627145,7.536612692338508,3.222140311837947,13.935032587782729,0.9948982572162492,4.717368055180714,0.0,0.0,0.0,0.0,0.0,0.7616572206190995,23.34941532933945,0.0,0.0,0.7650000000000006,1.4741585204163385,5.068122790322121,4.2997894122864295,7.030000000000001,2.3100000000000023,5.448380481781186,2.3609869271384696,0.27042054973141205,0.0,0.16500000000000625,9.810000000000002,5.957659094242473,0.0,0.0,0.0,1.1391500592167745,0.0,0.0,0.0,0.0,14.495000000000005,2.975636830691542,0.0,0.0,0.0,0.21999999999999886,0.0,0.0,12.807642696240407,11.072251392933282,0.0,0.791478579439385,0.0,6.813537382835392,5.012018266652547,0.0
"K-252a, Nocardiopsis sp. ",7.125354251899552,10.519473611672566,98.9547032951737,13.83251919248238,15.800495145361054,72.65613879883101,89.29196929871313,11.667565071327374,0.0,0.0,0.0,0.0,98.95342772559421,96.44974513506631,95.38143984775175,96.49289707735407,92.74619635594719,59.02593196798629,72.5787404478202,92.12378332217527,0.0,76.79946500508711,98.44274551875567,90.2,91.07992171611733,42.665,96.42491721165305,46.80994034272119,70.03668063789823,73.53987886966488,44.33364389959146,75.61544863834182,57.4572210714654,99.16179174969203,95.19284514112762,97.4053010103297,96.8984315290477,0.0,80.99,93.445,80.20367882580138,81.33945280686082,95.79927072397804,82.79993336237845,52.526707345212216,97.105,96.65,91.80254411824542,93.36597844194381,94.245,92.82,22.236432081293856,74.58215138536953,73.63,97.40491339555267,97.13272337076076,6.328066343814726,0.0,0.0,0.0,1.2808038346428816,6.255580209034321,17.96527589262513,0.0,98.5531971346942,95.61889121624951,2.05034546888848,89.63198032425174,0.0,68.88020062088924,0.0,71.0030802455303,40.77426614263521,25.56540641371683,20.023655695237352,0.0,95.92740360445302,88.32552821147816,96.11503456166581,90.09704473188472,89.56395890639158,3.6593699662256256,13.409999999999997,37.4359489232894,36.965,18.705789232052922,29.629999999999995,29.989999999999995,40.49,58.71,3.7249999999999943,39.15,12.459999999999994,7.010000000000005,17.47599017244268,5.114151153541542,15.06423202919325,75.63462298558989,52.044438613253966,32.71986962172927,98.16906140925705,63.649281555877614,56.27972776455181,54.58890280302899,53.340240019795914,17.064999999999998,87.87306980062955,76.8,97.58957291420349,97.5,65.37565404959898,31.86,77.06191699926003,99.23093713265536,0.0,9.896072954733114,55.90891528549781,38.02916205160817,76.58980388728222,95.06187839596248,77.65,49.54675729388907,89.77665624120486,86.755,99.87873596261693,0.0,5.769503449336582,0.0,34.579712177414336,42.79386781924933,63.53351452852486,61.190621144573775,97.60546032533288,67.84,94.20691590845429,98.96804679255368,85.55629342191799,77.25990311163636,98.225,97.04789792943438,99.5007942497374,71.15544281993769,87.5805615512937,12.184466668640312,80.01407172510582,98.92565183629502,74.44,93.67325812202435,58.609471101742756,94.941707780216,99.66197438269835,75.215,56.32,86.8974769084826,45.313427180129835,52.10173919383192,98.7045029412483,98.44463567427977,98.22745874708538,99.06100419018067,76.3529245900433,83.82990719219065,97.08548505784204,93.06724713101318,98.8,99.6052881325073,90.42466833549497,93.64840097196816,93.76296461034462,99.63903101843736,97.51414084086002,99.30247187321928,87.25329221168285,95.77051344136292,15.920034163430358,21.095873603403447,87.68461011165684,97.54030676748927,73.245,97.25990804884678,97.13958917911887,74.20761789363891,0.0,93.949360482718,95.54712362570142,63.780443506831716,5.55535281986613,18.19208863906053,7.53902763494375,84.98620692742588,0.7379491913365115,9.547815031530462,85.29859501078069,53.44720313697691,41.984063656057145,0.0,7.910927975762846,1.509388239908958,0.48421336323562514,7.313976523351457,92.76253320845845,65.065,95.38571693927834,92.53949920624476,94.36027448589196,60.476296836178705,75.52136065510534,61.08602141768406,85.39217060123673,97.30687178299148,82.88,85.385,98.38534816359173,98.80945451830601,93.53160936962638,81.49973957307591,35.045,98.25,81.95667937183126,89.23144064818486,76.2697733904568,73.72269230189654,86.20285267811504,87.42,89.37,79.50482071613138,59.766340911224745,57.965,98.68233662919133,98.050686478358,77.47849872105826,29.875,98.57136185285738,86.63516066128676,80.91531820641164,100.0,98.66191484581806,97.55540204391,53.83900433992121,10.311460798684863,54.25913139145989,92.83249201534221,82.97490031288503,0.0,97.64478819452583,88.5842226482032,98.63962471109532,68.7565537773178,81.51533602993376,17.715921032687504,98.44978997688038,100.0,97.39444062319362,98.28122861842563,98.34194678432294,91.96634298104135,90.34702371130373,46.93212936887758,96.00351485104255,92.11131771685693,85.48258478884185,0.0,0.8400000000000034,2.7049999999999983,68.00211739703622,99.2145328691138,26.426976174921293,87.53999999999999,85.73,18.26349696396251,94.0105428701488,97.5469156771098,74.005,59.535,83.99,94.74616226661819,15.840000000000003,52.395,7.668248045452273,96.89044656764219,97.67880667399254,97.895,98.81,83.36332669936817,81.06,75.64851640723069,90.22064682958185,99.10373157190487,79.635,73.365,93.25,96.75306826617664,19.47954735130702,27.097743470007188,9.414959862733838,39.67078415726941,82.29730532030997,24.13225162711373,77.19900716546866,72.83245824518868
Kenpaullone,17.41234839363058,15.11310944252503,61.242354657824684,0.08496368419022815,0.0,0.0,9.17533039301378,0.9610536872017974,0.0,0.22946559667344957,2.3295542029269285,0.0,85.41248193324823,0.813540257065398,0.29239208572596453,15.746027358163843,9.093447749087673,0.0,7.261810420123737,0.37973878243326453,2.34311800595583,12.275961064009408,39.4896828109966,37.345,2.0463774274602997,9.689999999999998,10.538542305825189,0.0,28.649514598594294,0.0,0.3518590596084721,0.0,2.6189098835068023,0.0,2.186250198353264,8.928740884009969,0.0,1.9412094938571158,0.15500000000000114,22.185000000000002,11.544239427305754,19.429799803837653,62.61125694590457,48.08231665134484,18.316194832744955,15.969999999999999,11.045000000000002,35.228568758473045,29.241360895498474,16.564999999999998,5.579999999999998,4.857159960924719,68.52440330902485,68.73,10.994823255041979,40.9680528171769,4.853176184836229,0.0,0.0,0.0,0.0,0.0,20.934552410587628,25.424637018405747,3.2760948283027034,4.312297175957099,0.7283839301854869,8.874744613957432,1.373228881722838,11.961098629505244,6.435000000000002,0.0,0.0,5.39714799654584,1.593317477602369,0.0,0.0,1.1583868909106911,0.0,0.0,0.0,2.8418811975830067,0.0,0.0,1.6599999999999966,4.023924014946971,3.8799999999999955,3.394999999999996,6.344999999999999,0.0,0.0,6.450000000000003,4.454999999999998,7.694999999999993,0.0,0.0,0.0,0.0,9.518321433967174,5.722839299911982,10.252015183568972,12.17246693421123,0.6308696507752671,0.0,0.0,0.0,25.580271860145757,21.084999999999994,52.274442709945404,21.305000000000007,7.425520834638206,2.569999999999993,26.557581392242582,79.94389066358208,0.0,0.0,2.1237070417506914,3.041225534128131,0.0,0.0,94.135,80.33225298453559,10.947144014212867,14.545000000000002,93.38703291554563,0.0,0.0,0.0,0.0,0.0,1.4073818019627709,0.0,10.19117618567816,0.0,1.4031885720963544,11.749743298478464,4.187518837115292,0.0,0.0,0.0,0.0,12.548945497502785,6.153244806324437,10.42986502035211,1.901302178796044,69.94398600554959,18.069999999999993,0.816146874501726,4.3397274083655475,10.15112171644435,21.343015856150885,32.81999999999999,24.625,0.0,0.0,5.411378297991249,11.713804938702708,25.67955608170638,23.17566352382417,39.80687550680504,15.694873422947069,0.0,5.795911905852833,6.805187243520237,25.235,70.43250476232316,4.714932696297552,3.663555058727894,3.183297032351703,35.4446483698576,20.706347676142002,50.61861856829401,1.5632904170688988,0.0,1.0172972477481466,4.073081628977661,0.37333075834109763,0.0,0.0,18.208339570658808,16.79739405981806,15.219854517505354,0.0,12.350907873867556,2.6069582778061147,4.635358998027982,0.0,12.88867424151286,3.7952072572118425,1.082361338970486,0.0,5.7065152619312585,5.973071155556667,0.0,1.2999060447367867,0.0,7.023854222199333,0.0,0.0,0.0,0.0,0.605000000000004,14.963684820855775,4.460895447508392,3.3579837538032393,7.804960222569491,14.883679678958629,2.163411490053747,1.9750244773153582,0.7158528399006059,0.0,6.784999999999997,5.115796276799827,50.26944444636591,1.112668949427274,3.196543374147282,0.0,15.415000000000006,0.0,0.0,1.4319686574435764,6.892624125202275,0.0,7.260000000000005,3.1099999999999994,4.741435643394624,6.2137998881989915,10.930000000000007,0.0,4.46689079207782,0.0,1.7049999999999983,0.0,4.120832733076526,7.002057686994647,0.0,0.0,3.228894670306545,5.141249231781558,0.8645033030617242,4.016798630595304,0.0,0.0,8.474625672411435,0.0,24.06444558927251,1.3788559523355843,3.9065201680662653,15.39264546245353,6.411015767705791,16.414961678037315,9.211500980101562,5.7394656172995155,5.130394210013833,4.1073538328375605,0.0,1.0534870312372107,0.0,36.54476404925161,4.322109381906159,28.941452141567083,0.0,0.4350000000000023,1.0649999999999977,1.1320396765344327,19.559038514787417,1.201972508999006,0.0,1.394999999999996,9.918193361196415,18.48657532410469,15.844943835676105,0.6400000000000006,6.030000000000001,17.235,7.047974731222524,3.6299999999999955,25.75,0.0,0.6074124805191161,0.0,4.959999999999994,29.345,0.7004523504073177,19.129999999999995,17.372906686837638,8.176195159032517,18.305778585231025,2.260000000000005,6.170000000000002,9.944999999999993,16.823840070919005,12.733420435611109,12.305383270487155,0.0,4.488303985555149,40.886004948311495,11.509491129132883,6.383976645735757,0.0
KN-62,0.0,1.1154400023944788,5.181828101401919,0.0,0.0,0.0,3.4921191199647694,0.0,5.024673575210244,1.3473689217270248,0.0,0.0,2.528456781455702,0.8173953162919645,13.830991181908047,0.0,1.839933518836915,0.0,0.0,2.594794308107666,1.9932260335320393,10.32943562830107,3.62752197860317,0.0,2.9333021241650385,3.7150000000000034,0.0,0.0,8.701475619316767,0.0,0.3467433213786677,0.0,6.371404966325144,0.0,2.2381331604027395,7.15850854792572,0.0,0.0,0.0,15.75,0.0,0.0,0.162357004569202,5.100816560484901,0.0,4.694999999999993,2.155000000000001,6.470976508373312,0.4653271479738663,8.370000000000005,0.0,0.6182574258916702,10.60116882200559,0.0,0.4626080477655563,0.0,1.02300689363517,0.0,0.0,0.0,0.01540691588004961,0.0,0.0,0.0,2.667200916287811,7.048514262446986,0.0,2.8167527069379616,0.6830905770702458,3.8030565042775493,5.230000000000004,0.0,0.28023138329882613,5.896946741608318,3.1170153956337288,0.0,0.0,0.0,0.0,2.318633895116136,0.0,2.225185625487711,10.560000000000002,0.0,0.0,0.0,4.560000000000002,0.0,5.1299999999999955,0.0,0.35999999999999943,5.795000000000002,0.0,2.9549999999999983,0.0,4.0173742925457105,0.0,9.352180470729735,4.538742904436404,0.0,0.0,2.263312925248286,0.0,1.8550058424269622,1.2296640037597797,0.0,0.45461278092405166,13.489999999999995,0.0,9.450000000000003,4.876076316354016,0.0,0.0,10.484927258269494,2.547368097474333,0.0,3.5168001712729193,4.368623401867268,0.0,0.0,0.23499999999999943,3.4377954778891393,5.308543172231737,2.6400000000000006,5.24199445963049,0.0,0.0,0.0,0.0,0.0,6.584132209692626,3.3370743627954766,7.350105597161189,1.1550000000000011,4.608495435613477,7.916409576217092,5.0642112966255866,0.5817385783878564,0.0,3.4223582079577852,1.9765076358474971,5.4363028840127186,14.385139044771876,11.812062487930064,0.0,3.710413469216064,2.530000000000001,0.0,1.0441604104822204,3.6503722067487843,2.8739291099159914,0.0,7.930000000000007,0.0,0.0,3.047237571420453,3.25141897277274,0.0,6.347479351104994,1.2357072967734268,24.710369159734213,0.0,1.1102842481566313,3.6399561878174183,6.045000000000002,1.7885345852488683,0.0,1.7945713951978632,1.1906550178182442,0.0,7.354014372326958,0.0,0.0,0.0,1.0816831032871335,0.0,0.0,1.3496236922515124,2.030000000000001,3.2149530652347096,1.1745628864061928,0.0,0.0,7.327833129610497,11.50867174163676,0.0,0.0,12.595791524917885,0.24911219526993023,0.5030731003148077,0.0,6.73969617192617,2.4101567372493093,9.299340336741665,0.0,0.0,8.971912796847164,1.1452403317907596,0.0,7.834504622920619,0.0,3.375,4.32828801845892,0.9200608854893915,0.0,5.407044395243901,0.0,0.0,0.0,0.7606356753749424,0.42499999999999716,0.0,3.6081914132645068,6.599315206055422,0.0,0.0,1.5049999999999955,0.0,0.0,0.0,0.0,4.117027778369746,0.0,6.984999999999999,0.46999999999999886,10.177352559887396,4.586149862540012,6.174999999999997,0.0,0.7997419817287437,0.0,0.0,0.0,6.422840978741988,15.847317940567308,0.519940997546712,0.0,1.4395960759941602,3.3016141116838043,0.0,0.6730357768127391,0.0,0.0,3.054451856390898,0.0,10.595619991899355,2.6328467477912056,2.115799045123822,0.0,5.56409478755603,3.5183377658277806,0.0,1.418850577917695,0.0,0.0,0.0,0.0,0.0,0.0,0.0,11.344102600474727,0.0,0.0,0.625,0.0,4.638666336984954,1.2393384556673226,2.6899999999999977,2.7950000000000017,6.466220340329386,1.3442178278320256,6.558426360028051,1.3199999999999932,1.6749999999999972,10.125,0.0,1.0849999999999937,0.0,0.0,0.0,0.0,0.0,2.549999999999997,0.0,13.950000000000003,5.666575071331209,0.0,0.0,0.0,0.0,0.0,1.364399657263192,7.853684223221933,12.307140720332342,0.0,0.0,0.0,0.0,0.5278311017251269,0.0
KN-93,0.008277994186840942,2.5941300045237483,5.936512250102197,0.0,0.0,0.0,1.9020208920374984,1.5598612400146976,9.416973439552166,6.757560266834574,0.0,0.0,3.4667041816265964,6.259665665355357,2.5087992965368073,0.0,3.2326619888432617,0.0,0.0,0.0,2.2222228253308742,10.667122311078515,1.6274371054200145,0.0,3.574266494679634,0.0,2.981300280584719,1.781910841576405,7.311771409095755,0.0,0.20090914352987,0.0,0.0,0.0,0.0,8.24724928216392,1.4214957364588514,2.505029481435031,0.0,9.269999999999996,3.4815041015383486,0.0,0.33280588453257565,6.027991438696006,0.0,5.439999999999998,5.939999999999998,2.3271695573835274,0.12883138815870154,7.295000000000002,0.0,2.4482652988876765,0.8883409957153106,0.0,6.505469591106149,0.0,0.74309021413697,0.0,0.0,0.0,0.0,1.7186155075975762,0.46279681191477096,6.340851236343099,3.64421254748882,3.3192121830846872,0.0,4.019034861845256,3.668084811440991,4.394591014137092,0.0,0.0,0.0,0.918639691238937,3.2185041193320956,0.0,0.0,0.0,0.0,12.508805776827614,0.0,0.3742489957406292,0.0,0.0,0.0,0.0,0.7750000000000057,1.894999999999996,4.670000000000002,1.0900000000000034,0.0,6.670000000000002,2.260000000000005,7.155000000000001,0.0,2.1504441081107473,0.0,4.853465543817805,2.971331196199884,0.0,2.8836388460088074,3.7420516388980616,0.5144036159890675,1.361487515417707,29.900728606705314,1.6800000000000068,0.17246770511442833,5.310000000000002,1.6451426599503094,8.969999999999999,0.0,0.0,0.0,7.377176657151921,2.073237266343426,0.0,6.021195287944309,5.909374324338216,0.0,0.0,0.13500000000000512,0.0,4.7282266744846595,2.155000000000001,2.405573725217806,0.0,0.0,0.0,0.0,0.0,7.31382058058783,1.8694648604475788,6.318918190145553,0.0,1.9970465884810267,2.783029094977408,2.9873916620999807,2.868787383519077,0.0,1.6478034046100447,3.0398234442796195,0.0,14.479263725218203,4.464939795642948,0.0,0.34496114750885454,4.489999999999995,0.0,2.256690730007932,0.647163448714835,0.0,3.1599999999999966,7.704999999999998,0.0,0.0,0.0,1.555899237151948,4.536470806917521,0.0,0.0,5.655741135295187,0.0,4.690174917286399,0.2204507236094173,0.5699999999999932,1.9440804519053358,0.0,1.5924581038457006,2.179070073046489,0.0,7.570144935672857,0.7333606965599415,0.0,0.0,0.0,0.0,0.0,0.0,2.6899999999999977,5.819296138282908,0.0,0.0,0.0,5.326926894157822,9.760641242944274,0.0,0.0,13.36586099980677,3.8345603501477967,1.3025505911300428,0.0,6.61496399270834,8.095387728816547,9.233923268157994,0.0,0.0,4.878661948467197,0.0,0.0,1.0532949697403637,0.0,2.894999999999996,3.9790282719926466,0.0,0.0,0.0,0.0,0.0,0.0,4.684696790532513,0.0,0.0,6.327228957148876,4.61878714856212,0.0,0.0,0.3199999999999932,0.0,0.0,0.0,1.7503787958641936,2.2995859778666556,0.0,5.700000000000003,2.8400000000000034,4.068152959790211,4.931499718705936,2.530000000000001,0.0,2.9342150155546562,0.0,0.0,0.19004226576376482,5.283216963872917,6.7967399024559825,0.0,0.0,0.0,1.2387959739722305,0.0,0.552649743861835,0.0,0.0,6.280172445777254,0.0,12.989617253756649,6.526764763887655,0.26292590192855414,5.438530729727631,4.629480813213235,4.581503917208295,0.0,1.9576840791353618,0.8396312381166524,0.0,0.0,0.24901841435519145,0.0,2.587037993315505,0.0,0.0,0.0,0.0,1.4500000000000028,0.0,0.0,0.387419915836162,2.6700000000000017,1.7099999999999937,7.206494762929452,0.0,5.266492883358154,0.0,9.064999999999998,8.754999999999995,2.9487927743069804,0.0,2.7849999999999966,0.0,3.3960676828127134,0.0,0.0,4.674999999999997,0.0,16.745000000000005,4.366245321103818,2.052830354858216,0.0,2.905000000000001,0.3299999999999983,0.0,0.0,3.574761900270005,3.970921117320472,2.885138040320186,0.6254295316096972,0.0,3.022903050236323,15.301884555015477,0.0
Lck Inhibitor,32.55614537841893,15.180923636779937,97.30304089966721,0.0,0.34432081674873416,1.8382389157669792,19.398346356742508,4.063234426397685,4.567373976597366,6.115536783626695,3.878102759048346,47.03200396810047,12.962299916024477,0.8679168334319627,23.49180205867846,11.448513730531289,4.959733495780853,0.0,98.48491121324712,89.89280173837057,14.583845800139557,99.22518593329646,0.28253851181898426,1.6700000000000017,95.4407930860279,78.36,12.600826441061457,0.0,86.60015322594593,0.0,3.7541821483202398,49.735080674304456,4.1792644894350985,0.0,0.0,0.5140148201305266,4.972872964224081,0.0,0.8900000000000006,13.680000000000007,6.3050504819848925,0.0,0.0,8.725236340206834,7.390308161045084,0.0,0.0,7.368785193292993,0.0,1.7999999999999972,2.8149999999999977,3.248850889835694,0.0,0.0,0.0,23.35131895854721,15.093096015312653,14.906158308468008,77.72833077846227,9.184082342724082,6.276344811054685,0.45268518310984973,0.0,25.25097759342924,0.0,4.783611407233138,3.05864033737393,1.9676744351622801,16.696758748527543,96.59917310759265,10.034999999999997,20.857004250235917,12.435958141465306,0.48015261034602474,4.951291904772049,0.0,3.719164296045861,0.8758967918654292,7.774955085750307,3.4877750669562033,5.097358219963297,8.353069741811211,8.469999999999999,0.0,0.0,3.7498522985747798,12.530000000000001,0.0,36.44,1.6550000000000011,4.849999999999994,5.540000000000006,9.530000000000001,6.560000000000002,1.7109926891786813,0.0,88.07058110151134,0.0,19.293149984418477,6.119899179570254,11.87970957198877,5.14215138924132,22.621545872923463,22.01186598997262,22.521408974903494,2.049999999999997,97.06979706455587,23.095,95.51881343479897,49.18,38.684325253573334,93.75,96.49069635087747,10.554409947282664,2.222465926750459,7.787931336898794,0.0,0.0,7.423714869550892,0.0,0.0,0.786691286940453,5.447001610081415,97.82,1.2030952864118092,0.0,0.0,0.0,0.0,0.0,0.2886794829862396,0.0,2.569902469858988,0.0,0.0,1.4683943231233911,18.13454278473698,12.898998567716873,0.0,0.0,0.0,0.0,0.02356698902318044,12.61347257685452,24.98900405584007,19.82729071271234,98.88,4.274879201775164,0.0,26.920903326307254,13.844591230606568,96.51,94.87,0.0,0.0,1.3187545831870153,5.880484794032952,13.628849573469864,10.183547678522473,14.796744641941729,6.96591185903381,0.0,16.17772397014261,28.834252385451833,0.0,0.0,0.7469203237176458,1.6179312815057187,7.649096873322236,0.0,17.44305402793171,7.111315109802078,0.0,5.096728723631557,0.0,0.0,9.528955840636286,0.0,4.265000000000001,22.199175570597717,2.266688058121119,0.02713925683141838,4.820785153911203,0.0,0.0,20.6855643760818,12.913219685644734,11.509736284743951,1.5607179731502612,7.867506820789032,0.0,5.353439516775097,3.4171525354230994,0.0,3.1278021617953584,6.491327842040164,23.718148302369656,0.0,4.684198652810437,2.41648741756552,0.0,0.0,4.0074675276551375,0.0,1.6493824313236303,0.0,0.0,11.750423772607789,1.5001373215851004,0.0,34.985,26.620000000000005,0.0,8.850286620976789,3.058330053059848,7.640828134089929,0.0,1.3050000000000068,0.0,0.0,0.0,7.224715768419387,0.0,0.37000000000000455,3.9549999999999983,7.443130235076865,3.9453983889516167,0.0,3.7897423394367706,10.599629628417347,0.0,0.0,8.530853371432698,0.0,3.577927616899956,0.0,0.0,0.0,0.0,7.495064127164312,0.0,0.0,3.2674446869312135,28.691938842499283,90.02529243169863,71.37129315506591,0.0,0.0,9.498449197638877,5.9688024617689734,0.0,5.842979572881973,3.059035573823479,0.0,3.3500578628039364,0.0,4.605677628559803,0.0,0.0,3.510159677170833,3.1602265972910573,85.85,0.0,6.625,9.275828709138622,0.0,0.0,7.730000000000004,0.7199999999999989,15.189286477733319,0.0,7.70716361653254,15.430000000000007,0.0,7.135000000000005,7.279134286897801,91.67,0.0,5.6651511024211345,0.0,5.65523382365717,12.959999999999994,32.129999999999995,7.9143136919626755,0.0,82.68132511296017,13.658762990285965,1.5144382451356933,0.0,0.0,0.0,0.0,15.170651486803024,22.16139435984047,0.0,14.75376056284054,99.34346612087312,29.661183138636858,0.0,0.0
LY 294002,0.8156480152015604,1.8505103661033502,11.326618720543948,4.262691970476766,5.988877734588712,0.0,7.649859372824267,8.131121766211976,8.787889422952333,0.0,2.4564434909619877,0.0,7.524627684339038,3.764980326564725,1.0379311117020364,0.37952257247903276,2.9671237322363595,0.0,0.0,3.0517123480930763,4.117670008374432,4.000763531440413,0.0,3.819999999999993,5.543145909335678,7.109999999999999,4.825720442837508,0.0,3.676919949458977,3.3243102195361587,1.6412139261894652,52.09935673688996,6.199057497572198,8.86530326886313,0.0,0.0,9.524077192246551,0.0,0.0,16.745000000000005,8.047313759897193,0.0,0.0,6.9737247190766425,10.403903653069108,0.0,3.825000000000003,13.262955330330911,0.0,2.1200000000000045,0.0,4.645049949834274,4.1460596241539065,0.0,0.0,6.282390851062473,0.0,0.0,0.0,0.0,5.581028585864928,7.611445519357005,35.16258668328365,6.087609978173219,0.0,0.0,0.0,10.903208175519552,1.7580283564581407,11.891721645038132,15.39,9.918629997469282,0.0,2.395610407245499,8.654397053072557,0.6272640641030023,6.454752991802792,2.691977890256254,3.1780195237575697,9.16526965236524,0.0,8.065580814915833,8.370000000000005,0.0,0.0,1.261340677242714,0.7900000000000063,0.0,13.030000000000001,0.0,0.0,4.144999999999996,0.16500000000000625,5.420000000000002,0.5443989736263006,0.0,0.0,0.0,29.723790523836442,0.0,0.0949628361448589,3.3979407872380136,3.4253225125768836,4.17334224348275,4.148938501062688,0.0,2.454911830407653,14.594999999999999,4.3749310008753355,3.5999999999999943,1.7328779408644408,0.0,0.0,12.225118644108335,0.0,0.23399587210376183,3.510364642722976,8.444593581747057,6.980932542773218,0.0,6.465000000000003,3.0762035550058613,6.553277207496208,1.7399999999999949,6.49047557792872,0.0,0.0,0.0,0.0,0.0,0.0,0.0,0.0,0.0,0.0,4.0408835980644255,2.266287448640213,6.654888643802806,0.0,4.851866549099668,0.0,0.0,0.0,12.919298276274532,12.771637016215294,7.846769575715143,0.0,1.4209188004844293,0.0,2.8711752765703125,3.124804285826201,5.454999999999998,0.5849999999999937,0.0,0.0,5.905478105826063,0.0,20.824922517552523,4.597832716402976,8.571261371262636,11.188344897703047,3.209097238900739,0.0,6.616469687236204,8.674999999999997,5.445036299527203,2.494347863019712,2.2286630718077163,0.0,0.0,9.8847995488739,0.0,0.0,0.0,0.0,11.554391826678938,0.523757685438639,0.0,4.510000000000005,12.189320476675164,0.0,2.9342574313234593,2.8232566205877276,0.0,0.0,13.287940458661097,0.0,10.17841476565701,0.0,4.926774631426753,0.0,7.865372522287984,0.0,0.0,0.16461215456392608,0.0,12.346338417529552,3.8135109161807463,6.664197027089273,0.0,0.0,5.060000000000002,2.194423153149458,0.0,0.0,7.248601104326426,0.0,0.0,9.814267473046684,0.0,5.355000000000004,0.0,0.0,9.868173696976271,2.7818099113225543,33.18128074852362,0.0,11.459999999999994,1.7342232703825289,0.0,2.538176564858631,4.017392037990135,0.0,4.015000000000001,0.0,0.9507991283536796,5.7849499324498765,0.519999999999996,1.6703946970207255,7.525778401965937,0.0,0.0,6.234035762690738,0.0,0.0,0.0,0.0,1.3881549234197053,32.884578150138495,1.077789252186463,28.060471765959107,0.0,0.0,17.694144862757156,0.751156596002005,10.130470587924961,0.0,0.0,4.7892308746966705,0.0,1.5617545844241647,2.6514543514727222,1.9121047509912756,7.603430337411169,0.0,0.0,2.950073136664031,0.0,3.1784840153948153,0.0,4.882791785902754,0.0,0.0,1.8400000000000034,2.5183553724739625,0.0,0.0,7.8799999999999955,0.0,21.553470632358227,0.25460795121946944,14.61130634719332,13.575000000000003,0.0,11.814999999999998,5.9191981312183515,0.0,0.0,10.831953273891969,16.799019611531776,5.0009920310367875,0.0,4.114999999999995,8.61190646829445,0.0,6.404162563698918,12.195856260205531,0.0,0.0,0.0,0.0,0.0,14.585876639307116,23.55090987424913,0.0,10.786170621485354,0.0,5.799236131571249,0.0,3.5334220653133173
LY 303511- Negative control,0.0,0.49516431982506504,9.29144145966471,0.0,0.0,0.0,16.17438163863531,0.0,9.713083142926592,0.0,2.747930315593635,0.0,4.453456210908058,0.0,0.0,2.231884774761596,2.406212915511418,0.0,0.0,2.0202228224693357,4.575221906686821,0.8189928249241802,4.727502705846476,0.0,14.347058646670547,0.0,1.700980745777514,0.0,8.785463223367415,0.7887282631656092,0.22254214311288933,18.02152491273381,5.262546584999313,0.0,0.0,6.358820755588056,0.0,0.0,0.0,16.349999999999994,15.206951484609235,0.0,0.0,8.353375003107857,3.14583934124974,0.0,0.0,5.451547133874186,0.0,5.3700000000000045,6.155000000000001,0.7331892678642333,5.847666079169329,1.2099999999999937,0.0,3.4209426495799704,0.0,0.5051441885571251,0.0,0.0,0.0,0.0,10.08451207789048,0.0,0.0,0.0,0.0,11.103446829233619,4.8053375031370535,10.259032545527333,15.5,8.878694074780697,6.014813277453129,0.0,4.504070555708694,3.804147706394474,1.6425532674236933,3.1505974746491745,0.758904022695674,3.234968627515684,2.150679323642393,5.258039930532206,0.0,0.0,0.0,11.478688014199179,0.0,0.0,11.834999999999994,0.0,1.8799999999999955,5.215000000000003,2.6700000000000017,5.5049999999999955,0.0,4.4767784968388895,0.0,0.0,34.597246888313364,0.9874735443735005,0.7853729564267837,4.557320205764086,0.0,1.1393443214002303,3.695185009939337,0.0,0.08596790200711268,13.444999999999993,0.0,0.0,0.0,0.0,0.0,12.387902615873514,0.0,2.6061061292945737,0.0,0.0,10.409100337663261,0.0,0.26500000000000057,2.9880079725771225,5.734989561515889,6.280000000000001,7.2698034324012895,0.0,0.0,0.0,3.0702640692994407,0.0,0.0,0.0,11.947460806813552,0.0,0.0,3.17408411162549,10.834956694767726,11.915162601593323,0.0,0.0,3.143743499294743,10.661439874337105,9.640016404504848,15.046330175591521,0.15460255874987183,0.0,0.0,0.0,0.0,5.736232624332757,0.0,4.174999999999997,0.0,0.0,0.0,0.0,0.6766840000052667,0.0,11.231939415106964,7.2448925676442,0.0,5.976703517362182,0.0,0.0,5.474999999999994,3.041621784525688,3.785930095365245,0.0,2.7305218215064144,0.0,12.12153938691523,2.184179793054156,0.0,0.0,0.0,2.4788120938816576,0.8532564236922155,0.0,5.644999999999996,11.28656007789644,0.0,10.41013959484097,3.6585487311949976,0.0,2.463429877230169,17.15220498396218,2.0512653209620595,14.038264496183217,0.0,13.640471750034735,0.0,4.252712790562612,0.0,0.0,1.224939657413671,14.427534525089953,17.207267252306963,0.0,0.0,8.006128619286557,0.0,9.030000000000001,0.9527112290248851,0.221826242077384,0.20852020672646177,18.91372505328583,0.0,0.0,7.026606297017054,0.0,2.5900000000000034,0.0,0.0,9.343098485852238,3.05206131337593,7.590128029432236,0.0,6.459999999999994,0.0,16.82285494098099,0.9274228757858225,8.38738660752685,0.0,0.40500000000000114,0.0,2.9815440511131897,3.9097414242623074,0.0,8.143256237436702,11.363283823865245,0.0,0.0,13.25093258992051,0.0,0.0,0.0,0.3980286918248339,0.4664807224377938,3.4236723165404186,1.1005676971211926,0.0,1.0005838396649693,11.721755804698304,5.769512459423311,0.0,17.07950328984444,7.199934270993367,0.0,12.492179812514934,4.000879395789212,0.8024642333395491,0.0,0.0,0.0,0.9679281776234347,0.0,0.0,0.0,0.0,0.0,10.825451045220603,0.0,0.0,0.0,2.5865704213745886,10.453254600989723,0.0,13.879999999999995,5.659999999999997,11.48501067687053,0.0,5.819373688381106,9.159999999999997,1.6850000000000023,7.215000000000003,1.274458431104307,0.18500000000000227,11.569999999999993,4.954960834123426,5.1560496638317375,3.63194048906351,0.0,0.19499999999999318,0.0,8.64,4.612040316585748,3.081836172752759,1.5318880519138816,0.0,0.0,0.0,0.0,7.863817513109524,16.62745815769422,0.0,6.643470304101243,3.560569250167333,0.0,0.0,0.0
MEK Inhibitor I,0.0,0.0,7.410915928328819,0.0,0.0,0.0,3.6824465459039857,1.2918364671647566,6.936166998956878,0.0,2.725791648059271,0.0,0.0,0.0,0.0,0.0,0.0,0.0,0.0,18.798682491716704,11.89868524337163,0.0,3.5843789435116804,0.0,6.536261155617041,11.454999999999998,0.3033543289962779,0.0,6.851822789216982,0.0,2.457799868956741,7.950125301156959,6.250347961728735,0.0,5.080838431067292,0.0,0.0,0.0,0.0,17.189999999999998,9.245709740544967,0.0,0.0,19.385970106874424,4.424587067280072,0.0,0.0,16.214552595351776,9.028331518359295,4.099999999999994,0.0,0.14997453036468755,13.000426588311583,0.0,0.0,1.6724671078245876,2.903984771853942,0.0,1.6656703936259305,11.754907392586716,1.1712622077569108,0.4535378948479689,1.296620434237127,0.0,0.0,2.619725639526763,0.0,4.497156072029554,20.202963094082577,9.831197516425249,12.14,0.0,0.0,2.863005685935633,7.8470639691321935,0.0,7.391250063226522,6.220074363980203,0.050530654198070124,3.3364956295514787,1.5499187295282297,2.830939609115319,5.094999999999999,8.932529299912261,0.0,1.8535547394523917,0.9150000000000063,0.0,0.0,0.0,2.9849999999999994,4.950000000000003,0.0,4.564999999999998,0.0,3.4275897572700558,1.959881123932064,0.0,28.89477143354995,3.5152777150628935,5.826162976472318,4.83022442376415,0.0,0.3110068351014377,3.7041025342449245,0.0,3.8304080741897053,12.485,0.0,0.08499999999999375,0.0,0.0,0.0,21.032444786804703,0.0,1.047761575768007,2.301910578941232,12.77486245161758,15.681174219480937,0.0,0.0,4.344813585349698,5.284966879104189,2.4000000000000057,26.35176182132581,0.0,0.0,0.0,0.5622222503351679,0.0,0.0,0.0,2.931756412801519,0.0,0.0,0.0,4.715400044682184,7.651220081873845,0.0,0.34746450157727793,3.290061865394108,0.0,0.0,5.836410022705252,0.0,5.227780734656335,0.7950000000000017,0.9101674609415085,0.0,10.073001132657225,0.0,2.1400000000000006,2.135000000000005,0.0,0.0,15.139351035474675,1.7522548267837692,0.0,6.126798043014162,0.0,7.682622000434435,15.600114190886785,3.117204497612832,0.0,2.9950000000000045,5.1449132701843325,2.232036234437359,0.0,0.0,0.0,9.481001523951136,2.575965441827549,0.0,0.0,0.0,0.0,0.0,0.0,3.9350000000000023,12.84999251807372,2.409828940341086,5.202203514264113,0.0,0.0,0.0,15.024503512814249,0.0,12.280570871349454,0.0,1.4993158114572935,0.0,3.7979226689993197,0.9572139047363066,0.0,0.0,8.746227016701042,13.117171436763925,5.966628731806281,1.1766556815563263,2.8120178997771177,0.0,1.105000000000004,2.278449493567365,0.0,0.0,23.68121407762048,0.0,0.0,0.5135418701713803,0.0,0.0,0.0,0.0,8.344113976912624,0.0,3.299545074657459,0.0,0.0,2.8621722108404555,4.115819064161002,0.5225526100011848,6.791065908633271,0.0,1.3799999999999955,0.0,4.513643266466573,2.5893735736261476,6.405000000000001,1.464192547946638,3.711700698749496,0.0,0.0,10.007065083465193,0.0,0.0,0.0,0.0,19.238986223875145,3.8237868819259546,0.0,6.011195435298248,0.0,3.7836796388190805,0.8615625083196221,0.0,16.34235922954221,0.0,0.0,19.38732679231073,0.0,4.796867635632708,0.0,0.0,0.0,0.0,0.0,0.08467897078365638,0.0,0.0,0.0,20.758842878586563,0.0,0.0,0.0,0.36744776343741137,6.003107613725149,0.14937093501720256,4.525000000000006,1.6899999999999977,17.54809737212335,0.0,0.0,10.75,0.0,6.155000000000001,0.0,0.0,0.0,0.0,10.25214003646495,2.058960707167074,0.0,0.0,0.0,0.0,7.833939002292283,7.234656079387577,0.0,0.0,0.0,0.0,0.0,4.05761130091588,29.067575945898653,0.0,1.3648094731577487,2.783364433539589,2.935019241326188,0.0,0.0
MEK Inhibitor II,0.0,0.0,8.535093446237823,0.0,3.7078426546261056,0.0,11.528454690177355,0.0,3.0738263825520846,0.0,0.0,0.0,0.0,0.8641882905213265,0.0,0.0,2.1330174520400647,0.0,0.0,0.0,3.7443523983163516,5.227229418263647,3.072976571964716,0.0,0.0,15.265,9.712571836450138,0.0,4.9188879718433896,1.7470774993629732,0.0,0.0,1.814345856046657,10.352557318547156,0.0,0.0,0.0,0.0,0.0,13.885000000000005,0.24267462798333383,0.0,0.0,9.67580538490978,0.0,0.0,0.0,12.67706785674676,6.2512232670901255,0.0,0.8199999999999932,0.0,2.782686142501092,0.0,0.0,4.337069798958851,0.7532161925917649,0.5836781138966387,0.0,0.0,0.7057572377541561,6.549722766201739,0.7079514551889474,0.0,0.0,9.293348560185407,0.0,5.892944578400233,8.189815984890572,20.468587601341625,11.965000000000003,0.0,0.0,0.0,4.236096970679924,1.4974619307377566,0.0,0.9474035915655321,0.0,1.431197050235923,4.575369087037558,5.891706531203994,1.605000000000004,2.4137788046767668,0.0,0.0,0.0,0.0,10.545000000000002,0.0,0.0,2.8400000000000034,1.3100000000000023,2.9549999999999983,1.2886817837970739,4.5904507079052905,0.0,0.7169173232530852,26.356730574636344,1.57244845736804,0.0,2.5357644245314646,0.47399808707896796,0.0,0.0,0.0,0.0,12.194999999999993,0.0,0.0,0.0,0.0,0.0,10.424437650877962,0.0,0.0,2.362410250252779,8.456408741622852,1.5111529438379279,0.0,0.24500000000000455,0.027913643562143875,0.0,5.765000000000001,6.280137879020913,0.0,0.0,0.0,1.8350948370006819,0.0,0.0,0.0,0.4046317108490882,0.0,0.0,10.874993834717003,3.0611017759944446,12.507088080435807,0.0,0.0,0.0,0.0,6.374069387131158,6.443274003104662,11.705218626959635,9.608661422979907,0.0,7.510023522551791,0.24925102438368185,0.0,0.0,6.545000000000002,2.950000000000003,0.0,0.0,26.435738836572654,0.740701361228318,20.55566563542456,12.224682560258373,0.3766110068491173,23.499435295526496,0.0,0.0,4.543643983593512,3.575000000000003,4.3677998732768515,0.0,0.5843128480158555,1.915029344359283,0.0,7.2452302092583665,0.0,0.0,15.52445609802885,0.0,1.4209078649156055,0.0,0.0,6.385000000000005,10.945754707037253,1.8206055067462614,13.018027113110833,1.7474374673749509,0.0,0.0,10.013275421900971,0.0,11.381906501880366,0.0,0.4305718657074209,0.0,4.582671529301109,1.6560614336774506,0.0,0.0,0.0,11.886756336898088,0.0,0.0,0.0,0.0,0.0,3.6991262242713674,0.0,0.0,0.0,0.0,10.409398011943438,0.0,0.0,0.0,0.0,0.0,3.466302451814414,0.0,0.0,0.0,0.0,11.211455663165964,4.892339959727153,0.9472355380673321,7.9244073698639,0.0,2.239999999999995,0.0,6.868252747102247,2.452926716846008,3.3700000000000045,0.0,11.832576353065505,0.0,0.0,4.281277891797004,2.222302636912019,0.0,0.0,0.0,0.0,2.394144500693784,4.002592602417735,3.379016420696402,0.0,0.0,6.977810707688036,2.026528926992384,15.217213355582658,4.560422538262813,0.0,8.502484659261185,5.464980140813651,4.208904392964698,3.424760669863346,0.0,0.0,0.09560022381157296,0.0,0.5180463240114648,0.0,7.1877839300142625,0.0,13.301937705352032,0.0,0.0,0.0,0.0,0.0,0.0,8.495000000000005,0.0,2.706232696510824,4.055152352842697,0.5367368507626225,16.89,0.8349999999999937,4.650000000000006,2.124381047779792,0.0,0.0,3.303666356803973,0.0,3.012614521539689,0.0,1.355000000000004,0.0,0.0,4.45363029908394,0.0,0.0,0.0,0.0,0.0,0.0,7.628133836031864,6.989645656287863,0.0,3.5850423088126036,0.0,2.097099403083135,6.232830679420303,0.0
MEK1/2 Inhibitor,0.0,0.0,0.0,0.0,0.0,3.768282324556907,0.0,0.0,0.0,0.0,1.7491624470664533,1.1895682024279637,4.120084068055064,0.0,0.0,0.22653907335990198,2.4800457536245517,0.0,0.0,0.3288263517304273,5.038623066056147,2.4011798826059447,8.807234021930412,0.0,6.521835643087115,8.185000000000002,19.31232696591772,22.774527561620346,5.908568507568674,8.40933380331083,1.0982595353366236,0.0,3.3767612450701137,0.0,6.478300161828713,6.617858639316879,0.0,0.0,0.0,14.465000000000003,8.788197403779009,0.0,4.148773706156433,4.551392138407451,0.0,0.0,0.0,6.909631506468429,0.0,1.9500000000000028,0.0,0.0,1.992545294140541,2.2750000000000057,2.4692238412282848,2.264581993304418,17.107257444195042,0.0,4.149670975150983,11.006342902426681,3.576012896555241,0.0,2.07009250042816,14.042421736060959,0.0,0.0,0.0,6.600057526138485,3.4911220848602795,9.07039964610135,9.275000000000006,0.0,0.0,0.8781190957786862,0.0,0.0,17.355360457314262,6.083888998904953,0.4219163377764801,3.411267948657297,0.0,7.557560742420236,2.6700000000000017,0.0,0.0,0.0,0.6899999999999977,0.0,7.659999999999997,0.0,5.924999999999997,1.1800000000000068,0.0,3.3400000000000034,0.0,7.03070186522379,10.06453151034843,0.0,14.015062986696037,0.0,0.0,1.957148112567836,0.0,0.0,1.5000106603117729,0.0,0.0,14.579999999999998,0.0,0.23000000000000398,0.0,0.0,2.876107166904802,14.32179710109888,0.0,0.0,1.5878205322278802,0.0,0.0,0.0,0.0,0.0,0.12839586021271998,6.064999999999998,6.61951014436292,0.0,0.0,0.0,0.0,2.617528239157025,0.0,0.0,0.0,0.0,0.0,10.200942568115153,11.853687728368925,2.570178580998686,0.0,1.2568007161765138,0.0,0.0,0.0,5.323267200203276,5.570847873236218,6.024650826535037,0.0,1.3402992148027977,0.0,11.25596255047995,0.0,0.0,1.5150000000000006,0.0,0.0,10.140713699935958,0.07196587642933139,0.0,0.0,0.0,2.0967572473036,5.475047707314886,0.0,2.2535409912408113,3.944999999999993,0.0,2.4511231386549923,5.066115575068565,0.0,14.132110283358926,11.921554409774714,0.07743747826950198,0.0,0.0,0.0,0.0,2.056355122472013,0.0,3.7099999999999937,10.298836533841168,0.0,10.736936870947503,2.751176061215915,8.1217565262628,1.6537529112404883,0.9736312275962575,2.2818013760863494,5.091102678239579,0.39025869193773133,4.094529155521343,0.0,6.140456323638659,0.84240393887859,0.0,0.0,0.0,3.993739672605116,0.0,0.0,2.604807304862476,0.0,0.0,5.730135841650906,2.004242327366029,0.8212151479182239,0.5722448032660452,0.0,0.0,0.0,4.725535285241435,0.4749999999999943,0.0,0.0,4.231397893538173,3.9499964778061667,0.2596708681668076,0.0,0.0,0.0,0.0,0.0,6.916000719561154,0.0,2.4650000000000034,0.0,3.556699368551719,0.5469170359111786,0.0,0.0,3.174339061925778,0.0,0.0,6.590872136254859,1.1566875839727118,0.0,0.0,0.0,0.14919362309500173,7.374877338860216,1.8895334691562198,3.0858769312751804,1.1240361464103614,0.0,0.0,0.0,9.040965632401466,0.0,0.0,0.0,9.555664170000199,5.597655768514841,11.262763956169266,0.0,0.7868980252075772,16.144015188896688,0.0,0.9580716746859821,0.0,0.0,0.0,25.001050340318912,0.0,3.5150000000000006,0.4549999999999983,1.5585255914756146,0.0,0.0,7.780000000000001,6.920000000000002,5.379285492412777,0.7283591014627859,6.515175856763221,1.7249999999999943,0.0,1.4399999999999977,1.9042902088025073,0.0,0.0,0.0,7.519411328817554,0.0,0.0,0.0,5.750492749466332,6.435000000000002,1.2733628429185302,0.0,0.0,0.0,0.35999999999999943,0.0,0.0,0.0,26.188536045181564,0.0,5.064955051949767,0.0,0.0,0.0,0.0
Met Kinase Inhibitor,10.851884983543414,26.803357962992948,34.56521485788157,1.1954135063911622,0.0,0.0,22.341275029457876,0.0,3.1827184620633915,0.0,0.0,0.0,84.10340014327554,0.0,72.44615269515364,80.78285631407621,62.060387546560236,33.502497947397046,48.34441945676909,2.7057661458923405,8.12030039266071,8.745055413131581,0.0,10.965000000000003,6.924578719448988,48.735,78.63749149920562,98.81548282331273,46.65713013826776,4.215776566902576,0.0,0.0,7.518809966241548,26.194872701535786,10.224658616241754,31.646584333513104,0.0,3.8204800570084103,6.739999999999995,24.845,11.294663175600618,0.0,0.0,12.998134005402079,10.62715033898806,11.504999999999995,0.0,17.971388270253115,4.1540614345908295,15.194999999999993,27.155,40.259749852211925,9.814189622141157,8.995000000000005,10.29284292352554,14.919603419912647,20.84112508299293,16.496280676620685,23.863189572206153,0.0,0.30615062092735457,6.693407588986105,21.19864002571947,15.423101979550438,0.0,94.90347705131711,28.92533934267489,65.68660712410772,17.06418396454015,21.78650388002356,0.0,0.0,0.0,9.62740468355787,0.0,0.0,2.959915266678408,5.937196134431957,1.1253167786821336,0.0,0.0,3.943621541431696,2.9150000000000063,0.0,2.194999999999993,0.0,19.33,3.594999999999999,76.005,14.189999999999998,8.349999999999994,15.454999999999998,8.189999999999998,1.4050000000000011,4.619762957508101,8.501384761208826,0.0,0.0,14.90156634977403,3.196869363615889,18.96787350205787,4.006068614892541,20.039427376754276,25.87912596883001,25.8507930573044,0.0,60.76116259868764,25.349999999999994,73.54347922027551,44.945,35.11658644963717,4.609999999999999,32.92173041426321,46.46834987803761,0.0,0.0,0.0,1.0742102510380107,10.349873753606829,13.251429518848894,1.5600000000000023,3.9003360068918767,0.0,36.485,59.10210310582731,0.0,0.0,0.0,0.0,0.0,0.0,0.0,25.815265904819455,1.1650000000000063,42.30846339207358,34.46366995338093,6.954142588156415,12.646629287840625,31.965000000000003,59.40062071369559,52.98039209371352,13.063156506305518,22.02518447230247,0.9690042588174492,20.579352903277282,94.94229099391248,70.68,12.094081630082044,10.096355035829205,90.94985981345116,93.36687591002045,60.885,46.66,0.0,3.0581467477765756,22.396994234485675,37.478826346103475,55.85995700970795,58.096923224151226,63.7804140753213,10.740626822324074,0.4502548254393304,31.472685432696153,36.374268171211085,21.060000000000002,31.315323475299962,8.101386560540107,15.701899107378466,26.213772263780527,4.821256736027124,25.961625726580436,20.85301462087179,0.0,0.0,0.0,0.0,5.862065845032561,0.0,15.235,50.8691922979249,21.39405742030266,50.42573230649788,36.48201986068425,15.810511976830782,27.492775450195737,76.484060060703,0.0,49.20484302455455,1.3434595831622147,20.2570505513917,0.0,9.666860448371153,7.483959520766376,0.0,0.0,0.0,13.76323335083319,0.0,0.0,0.17715514562978285,16.297436319241825,1.6200000000000045,12.25529605735909,3.804251297398963,6.465610604315998,0.0,2.912581847753927,0.0,0.0,0.0,27.22,23.590000000000003,0.0,54.80929212429092,3.9976184539232236,0.0,0.0,0.0,0.0,0.0,8.091892705906474,6.045286721136208,0.8905045023539486,4.715000000000003,0.9350000000000023,11.339509974764269,5.230753959021058,1.2900000000000063,38.19907947658352,57.302030460555706,0.0,5.465000000000003,41.73682856523191,2.9156325486402466,6.754465192741691,0.0,13.612986260292587,14.605667032947238,3.1402372619483145,3.600024264470676,5.032515246292689,0.0,42.28622578767613,0.0,76.96239027595209,7.2799666523334,2.8135701279637146,16.00607766262732,41.77037663858771,0.0,30.439042600401336,45.63749352163099,23.212609866547567,24.62926390228519,32.20954580917493,0.0,0.0,0.0,13.990628010711589,86.38807758835499,38.058526492052565,0.0,22.685000000000002,39.45,4.593870489330456,78.26522533486818,9.001498987775875,32.120000000000005,0.0,15.252928772582692,3.274174909396379,20.232503069246206,58.115,78.15,38.45,39.56956285582095,13.284999999999997,0.0,9.159679528552033,4.173308081017041,92.19189556632207,64.275,94.07,3.720505486076547,9.305000000000007,0.0,54.48012751000455,24.85819223288857,65.295,94.835,83.16499999999999,44.7094713854861,12.719703035559348,18.153859939249983,0.0,0.0,73.02416693434431,2.6480580840007093,5.648860139968463,0.0
MNK1 Inhibitor,11.907537048103677,17.73084839175047,38.47017722432153,6.699421804910344,0.0,0.0,11.081520007785684,0.0,0.0,0.0,0.0,19.32369301698465,4.532747483528311,0.0,7.744987136319224,3.130883394884904,3.9919945619594586,54.60304823074457,0.0,10.445092254702843,8.308329249259941,31.747999136945026,36.95399258599387,39.425,17.71523783529949,6.459999999999994,9.27617936682745,0.0,10.40727571059736,0.0,1.6109543673471478,0.0,2.817865257691949,0.0,2.3202234349590185,7.545697373379738,0.0,0.0,0.0,16.379999999999995,6.998710221592233,9.345182828215556,11.312734312922728,9.746087912538371,0.0,9.719999999999999,0.0,17.519609446939853,1.4197887813262753,3.394999999999996,0.4399999999999977,1.6384090707388737,7.581348545063477,0.855000000000004,12.015474309296366,1.3851129976404337,9.748460210445927,32.33136049927214,19.546907778226227,16.73144447475096,4.257523677753355,2.1484433109128815,10.09187166715526,0.0,0.0,7.57903904067642,0.0,11.276230898560868,0.27014885487150764,19.787537001328232,4.375,0.0,14.491633491483896,0.4560973957856902,5.797819505589047,0.0,11.942296634443409,13.570581051246307,0.76472440685869,9.445164560015272,10.984989466857328,0.0,0.0,0.0,10.144999999999996,0.0,9.900000000000006,12.950000000000003,50.685,0.0,5.969999999999999,12.954999999999998,8.444999999999993,12.280000000000001,12.216874074964636,0.0,0.0,0.0,19.171235111986874,0.0,0.0,0.0,8.762355923263868,2.8403210785661486,0.0,0.0,10.541500456856923,12.700000000000003,21.650608661513445,7.090000000000003,0.0,9.974999999999994,6.991767221125087,11.061925802021236,1.3766877317968351,0.0,1.1996300101825739,2.9183444802221743,0.0,0.0,11.355000000000004,0.0,12.25524605529965,9.290000000000006,40.59376952825237,0.0,0.0,0.0,1.4533046208965743,0.0,0.5142898668857185,0.0,0.0,1.5,8.165058975101076,11.747573749144578,3.0703235092376246,6.090925653347739,1.0250000000000057,0.0,0.0,0.0,0.0,0.0,0.0,48.01850148243932,1.7049999999999983,4.752301404351186,2.929572129785356,29.48582398484821,10.369418163792204,10.275000000000006,9.694999999999993,0.0,5.995995910970436,19.06209285665389,6.2355090019981105,13.003061833421583,7.480973829728313,0.5525742650256831,0.0,10.041163399733207,4.447034996607357,12.438685500681203,2.3149999999999977,11.06694316006049,12.392573422135257,5.292213210434483,12.651809753314794,0.007917964684651224,14.057204097376328,6.13850285022292,24.769172629655827,27.6528759693594,0.0,0.0,3.333636538013806,0.0,8.545000000000002,9.647030138648347,9.196746339526698,18.39520805826021,8.983490545031927,6.142871156480481,12.08666510570282,6.027282095172353,0.0,10.714855417108225,0.0,7.193055341661903,0.0,2.9840019175402688,2.0777770471769657,0.0,4.598410382735324,0.0,20.49067602600114,0.0,0.0,5.816498012949069,5.740560028925927,3.2349999999999994,4.834178038724588,0.0,0.0,0.0,0.0,0.0,8.223921861341395,12.433631549148856,0.0,2.0250000000000057,0.0,12.527757397242283,0.0,4.494342917207291,10.730000000000004,4.9950000000000045,3.2358966522384662,3.764931952936422,1.9783998508548564,4.07882761203706,0.0,0.0,0.5150000000000006,15.333143391783864,4.029534566903735,8.724999999999994,1.110836827018403,13.34195484072788,0.0,0.0,18.69611327440046,4.281281955003067,3.085225037386536,2.970896481699995,0.0,18.015350396483683,0.06426265124761699,0.0,1.9832132122214716,9.632854458507737,0.0,3.2905746766042228,21.874361236684834,31.32749314301438,0.0,0.0,7.8803076443169005,6.262829502768653,0.1466050424076002,17.827063333655104,10.181661827395331,29.425560898177864,28.302799462073978,8.49453213878158,3.5292199221057956,0.0,21.29304104814426,0.5487452898394025,9.637386020597518,0.0,0.0,2.905000000000001,0.0,3.6491438077056557,0.0,5.730000000000004,0.0,11.496738030576239,2.595717918805633,0.049775188914878754,8.049999999999997,2.7099999999999937,7.590000000000003,0.3612630096095302,13.965000000000003,0.0,5.084770743617597,20.973170725197974,0.0,0.0,18.465000000000003,9.248049428127388,3.8799999999999955,32.44126513374613,7.537525474287932,7.722705373437009,0.0,4.405000000000001,0.0,7.173411984379769,17.07536177991787,6.07007637940778,0.0,0.0,7.1318799646809765,12.003677750458948,4.795156545233766,0.0
MK2a Inhibitor,0.0,4.66912272613115,0.7887335587720656,2.250408569704433,0.0,0.0,2.97781455406988,0.0,4.83856797573786,4.107179186066503,0.0,0.0,3.6089451187728088,5.711178566423939,0.0,0.0,4.552381513382926,8.559256204285845,0.0,0.4246838721368249,7.0172931957613685,0.0,0.0,0.7800000000000011,1.7597926497946332,3.7249999999999943,1.1506722208587519,0.0,6.31217960797531,0.0,0.0,0.0,3.245576245871021,0.0,0.08780899223904726,0.0,0.0,0.4069270285918094,0.0,13.394999999999996,6.307652344646783,0.0,7.290431145181387,8.131284248511534,7.3822477297009215,0.0,0.0,5.417615295286623,7.514984570208426,1.8050000000000068,0.0,0.0,3.3277638225708586,0.0,1.2133270443383708,0.0,0.0,0.0,0.6172416845294322,0.0,0.6000850594773226,0.0,10.609005972515263,21.298172754591207,0.0,0.0,0.0,0.0,0.0,11.979144815182934,7.810000000000002,0.0,0.0,3.8825441753672436,1.9102005158127042,0.0,0.0,0.0,0.0,8.249403369962238,5.5159604186357,2.601784220293524,12.094999999999999,0.0,0.0,0.0,0.8400000000000034,0.9849999999999994,10.430000000000007,0.0,0.0,3.5649999999999977,1.5499999999999972,3.4749999999999943,0.0,0.0,0.0,0.0,30.087321475364064,0.0,0.0,0.0,2.030940436932383,0.0,0.0,0.0,3.966492813473394,6.864999999999995,0.0,0.6700000000000017,0.0,8.120000000000005,5.258762660357107,0.0,0.0,0.0,3.175645312865143,1.6239023545409594,0.0,0.0,1.3799999999999955,0.6310791098620143,5.31195098793296,6.465000000000003,7.123192126350887,0.0,0.0,0.5777689892452003,0.0,0.0,2.6756305645598104,0.0,1.8384425559888342,0.0,0.03395556598755434,13.684092801339432,7.292074894832368,14.952993067046776,1.8199999999999932,1.4917260638327434,7.94414343040367,0.0,0.0,0.0,0.0,5.862159472928212,4.510000000000005,0.0,2.642295439212603,4.656952684830429,1.9999493220554427,0.0,12.334999999999994,0.0,8.972431348807945,8.626944891760559,3.3463082901977117,8.49161099005724,0.0,0.0,0.0,4.935799461873017,10.867782781143276,0.0,4.530000000000001,2.6678841298679856,2.4729235381254284,1.4287922253292749,2.2416637742864793,0.0,11.234445620734647,0.0,0.0,0.0,0.0,0.0,4.777004772760279,0.0,6.299999999999997,5.0481168496717,5.207578813326819,11.089217981328744,8.531930336495464,6.8686800002816994,3.6745595804072337,0.0,0.0,9.382847262199903,0.0,0.0,0.647444904249511,2.660879368795136,7.310256483311761,0.8135819303095957,0.0,0.0,11.041950204307483,20.26539518083615,0.0,0.0,0.0,0.0,4.567945542221139,0.0,0.0,4.582357898096944,9.651333186718418,0.0,0.0,9.152067796986373,3.5150000000000006,1.8449999999999989,0.0,10.885956416900683,0.0,2.1458429716991816,0.0,0.0,0.5068352449629288,6.508704572079608,0.031036637409442847,6.570242154497976,0.0,0.0,0.0,16.01756716682226,2.0465881149429777,4.5,1.646485434108797,3.0582017231445207,0.0,0.0,2.380378359974543,4.5483580399316,0.131364372811845,0.0,0.0,10.185493424118562,4.470706371410117,0.0,5.037338614862065,0.0,1.2352447817805228,0.0,0.0,15.503502495157505,0.0,0.0,9.450596032500926,0.0,1.6176140350328012,0.0,4.220140442746413,0.0,0.0,0.0,0.0,0.0,0.0,0.0,7.084416033138581,0.0,1.4150000000000063,5.734999999999999,0.0,0.0,0.0,3.030000000000001,0.0,4.591877737447319,0.0,0.0,8.61,1.605000000000004,8.594999999999999,1.7920829465527532,13.954999999999998,0.0,0.0,15.859447050265388,0.0,4.150000000000006,3.7349999999999994,0.0,10.474999999999994,2.31936517456154,0.0,3.503147276261231,1.7549999999999955,0.0,0.0,0.0,4.482376677316836,16.305602362580004,0.0,0.0,0.0,2.239805096645739,0.3456271149239143,0.0
NF-kB Activation Inhibitor,10.31657616984937,0.0,0.0,1.76805012383727,0.0,0.0,0.0,6.466419526298665,8.21436822106395,0.0,2.256493912750841,0.0,5.348449953203215,0.0,0.0,0.8592588598919519,4.007338243376921,3.9385807575417573,2.902655156149166,0.0,2.4407628842426305,6.694244977804374,0.0,0.0,3.1731107865387997,0.2950000000000017,0.0,0.05245680644284789,0.0,0.0,1.4842436274927167,0.0,0.0,28.717643181208715,4.925318354854596,1.0686791320406144,0.0,1.0802375739312993,0.0,7.424999999999997,1.0655340303644607,3.6720174911151275,4.203015154856985,5.002657464222381,5.232653171479555,0.0,0.0,9.423115560686838,0.0,0.0,0.0,0.7169148125302485,0.0,0.0,0.0,8.334686160216194,0.0,0.020670108766893236,0.0,2.39205439573837,0.0,3.2461786006623186,4.819278037867264,0.0,0.0,17.00408879494654,0.0,5.3646972454357496,2.8375185265329037,3.3194801658282813,10.420000000000002,0.0,19.628565839359226,0.9063804903029791,3.1840272286266043,5.773701359850136,3.055400579284793,0.0,0.0,10.398738079270984,10.381679002588754,6.2979419416494125,0.0,13.404805018195404,0.0,0.0,1.4699999999999989,0.0,7.239999999999995,0.0,0.0,2.075000000000003,2.2549999999999955,2.7450000000000045,0.0,0.0,29.81206749104804,0.0,9.896102783558078,1.364487860162825,0.5297579918019721,0.3909066991237182,13.663463817107043,4.477946771935734,0.0,0.0,0.0,4.0049999999999955,0.0,0.0,0.0,0.0,0.0,0.0,8.518349210991516,2.108210536749425,0.3575665891050619,2.0116595247285147,0.6656315250612153,0.0,0.0,0.0,3.0971293460496554,3.5649999999999977,0.7598100741416403,0.0,0.0,1.3879526389870591,2.5671781546412262,0.26012224098708714,0.0,0.0,4.379210385083368,0.0,0.0,7.639258066684405,1.3014487131652004,0.0,5.385000000000005,0.0,3.1180585672702676,0.0,15.00454578621003,0.0,8.323040454568599,5.170970177800484,1.7249999999999943,0.0,2.385656144699965,9.171882267725294,1.5344404446401256,0.0,0.0,0.0,0.0,0.0,0.0,15.06085837231015,13.636495717481395,0.0,0.0,5.076608239718681,1.5758588640566984,0.0,3.1700000000000017,4.6489219706075176,3.382009338384961,1.5003104079614076,2.4390959618957027,0.0,8.114828306428961,0.0,0.0,0.0,0.0,0.0,1.678817800643401,0.0,3.4399999999999977,4.24460022748795,0.0,0.0,5.606524575720499,0.0,3.3710894130838653,0.0,0.0,10.03776187357576,0.0,2.1866584036727374,0.0,4.039863175703914,4.24939201085688,0.0,0.0,0.0,4.25426590974476,1.9071070676660327,0.0,6.389743672086283,0.4713125231236006,0.8349999999999937,5.096726813700499,0.0,0.0,0.0,0.0,0.0,0.0,1.785447470520495,1.5100000000000051,0.0,0.0,3.6252086640675714,1.2551839181842297,0.0,0.0,0.0,11.422553972641111,0.0,0.0,3.7043741144367033,0.0,2.444999999999993,0.0,2.148069537199717,4.792528255988017,0.0,0.6539854812452432,1.8862417843968444,0.0,3.969999999999999,1.824358450804766,6.936796671481318,5.473822669367166,0.0,0.0,10.343306407186418,8.856383557867474,0.0,1.32532641178571,0.0,5.001882879464432,1.7580994150191458,0.0,5.380555223541023,0.0,5.6107474040155125,9.328420804481127,2.8087529003024656,2.229692212905178,0.0,0.0,0.04110374361485469,0.0,0.0,0.4139300125976604,0.0,2.5646631086372906,0.0,0.0,0.7999999999999972,0.17499999999999716,4.650000000000006,5.320476357636835,0.0,0.0,0.0,2.105000000000004,16.055276984562184,0.0,3.7747544123591865,15.784999999999997,0.0,0.0,0.0,11.724999999999994,0.0,0.9619391496054135,7.15722260288031,0.0,0.0,1.625,5.4966876379347696,2.394999999999996,0.0,0.0,0.08187913224256249,0.0,0.0,0.0,0.0,0.48086893451734625,13.817442684364693,3.342154686777434,0.0,0.0,0.0,6.783844207042222,0.0
p38 MAP Kinase Inhibitor III ,0.0,4.270569455436728,21.569953264488277,0.0,3.215354378659569,8.51748693975486,6.724144908637641,7.840773097732068,10.71472215952295,4.086975516009431,6.650170558154343,0.9960331833952125,5.700457471385889,0.0,0.07112515346886994,1.5922260964806725,0.0,0.0,0.0,0.0,8.226274343627253,3.21602293761903,15.434046984764507,5.234999999999999,23.407367313889083,7.575000000000003,6.9039035008659795,0.0,0.9538350616236926,3.8265621492393223,7.146799315812302,8.28472626140632,1.7110245081404258,3.4982574123516343,10.767057742789802,0.6578715647463724,0.0,0.0,0.0,15.954999999999998,22.04969610801625,0.0,3.173773418561751,11.961004568355179,14.719708118725805,0.0,0.0,23.850146336327185,0.0,9.120000000000005,1.6749999999999972,2.797220270640082,8.90368560238727,0.855000000000004,0.0,5.832295886661711,17.393397370775205,58.05126452873796,28.02870620409496,32.78316302786294,24.362504445575638,41.62146022514977,0.0,11.235299479386683,3.1549195644865193,0.0,14.590895659327018,20.828947057260194,11.417380853209067,17.57106497393505,12.980000000000004,0.0,0.0,7.2554421973944585,10.204346060787202,19.97753024669808,2.21296972226682,2.1404653071531783,15.4454660650878,3.877721523076488,5.822178243433868,8.573669762967057,12.900000000000006,10.216264674080662,1.1700000000000017,17.45506986610465,6.939999999999998,0.0,24.224999999999994,0.0,17.819999999999993,3.5649999999999977,14.599999999999994,6.040000000000006,0.12014824727476991,0.8314321101271105,1.612104923853451,32.02493364535894,0.0,0.9431532860318015,2.837491372817297,6.191524242835641,2.3706935614974327,4.778765292417404,16.283479239246844,0.0,11.945107533702412,28.495000000000005,7.171269006006398,8.670000000000002,0.0,0.0,1.2959332301212783,17.522627056950967,0.0,3.6429541470670586,9.395059026552786,0.0,20.1964671195567,0.0,5.900000000000006,2.0654218334826737,3.6771372381132608,16.540000000000006,8.440410532466018,0.0,0.13521708287647982,0.0,4.837910705108811,0.0,1.5694945892068688,0.0,16.048941583081984,0.0,0.0,17.374693544539838,1.1303771428918452,8.370611162237608,0.0,0.0,1.4550865022758757,13.68806417215464,68.86173654167985,0.0,16.49652967955805,14.395037846692702,0.0,0.0,4.62637582271995,13.189477378035946,0.0,1.519999999999996,10.620000000000005,0.0,0.0,0.0,4.730389775987916,9.323765657994016,0.0,25.425106220827445,6.05543411092529,21.444706471451198,0.0,20.049309540191572,5.829999999999998,10.421020172688031,19.5043794964175,0.0,0.0,0.0,9.411330570081702,0.0,2.9240654029659368,0.0,2.4888964257463897,1.1639838027941778,2.7431193062014643,3.5457223938131506,7.200000000000003,10.239286995792085,11.212637236927975,0.0,0.0,0.0,0.0,13.713868198543949,0.0,10.070732434874358,5.283204572499443,0.0,0.0,10.361773741031698,10.643009623708906,0.0,69.25912644559189,11.763875082068466,92.36248300645616,58.34974508206685,6.145358252318232,0.0,8.755007957473026,7.230000000000004,2.293539511724731,0.0,5.538266188302259,3.58195636626688,14.661682980043437,6.451977305180634,4.329875930950607,0.0,0.0,2.405000000000001,8.703166267407624,8.206016777962873,0.0,8.158226509807392,12.069999999999993,4.510000000000005,3.9615128561638357,0.0,0.0,7.789298464581634,0.0,10.89,12.439999999999998,5.488452805657857,0.0,8.120000000000005,9.909103057861216,17.957226439337518,0.0,0.0,13.578348893128322,0.0,0.0,0.0,0.0,23.88515248166533,0.9322993375703845,5.6600841261208075,0.314201047986316,8.492682248459232,0.0,11.131735822905853,0.0,14.93659606291422,0.0,8.335151696144749,4.657235187086997,18.69533607231969,0.8918754410931626,0.6105119787585238,8.969887844447754,5.704409535041805,6.948192489931472,2.7249476379861903,3.85834470273943,0.0,2.820360745220654,0.0,13.528468318249622,0.0,0.0,5.644999999999996,4.887155787551322,26.473085868666146,0.0,0.0,0.0,5.03797649583565,3.231785332234665,9.53527627133812,20.075000000000003,7.340000000000003,8.269999999999996,7.994337835354344,0.0,3.5250000000000057,9.462930985883588,0.0,8.821926899016972,11.469999999999999,6.375,21.766686909600196,0.0,6.927981071588135,16.39977712144534,3.5195914462196924,0.0,0.0,5.890000000000001,14.740111992132753,5.900866953285117,23.905458603446107,0.0,2.4305506469347904,8.175012069291,14.30143928345393,0.0,5.745874497393743
p38 MAP Kinase Inhibitor,1.8575832234259053,17.20390407359477,8.790633623983041,3.5602613060111707,2.2051668267798448,5.712656598259088,16.228566072617298,11.887434469650913,8.345794833385881,0.0,0.0,50.210262088143516,10.885773531980533,0.0,5.961452700770963,4.9207193472635,0.0,0.0,8.395602730120729,4.246931863474572,17.13072105855538,42.545641364065105,11.334210852843,9.239999999999995,16.408224277669788,5.109999999999999,17.275402006593055,0.0,8.36965129731476,5.556136880946497,7.953637316447015,27.768199848996858,0.0,13.104492063311525,6.314475039617008,4.358220774235704,0.0,0.0,1.4699999999999989,17.025000000000006,16.865116255765173,0.0,10.120430305226392,10.855935592963561,13.091305734950112,0.0,0.0,23.693365450824928,0.0,7.715000000000003,6.265000000000001,2.567811763681874,6.607286189988088,0.0,0.0,8.583625808017928,36.263580047313525,73.33420789357851,65.04602272891486,16.63633202272993,6.221326569342665,0.0,4.666298811265392,0.0,3.0026309544647916,1.0283031852287365,11.32302097086665,21.144756303151212,12.87229103537382,13.894642884959438,13.980000000000004,15.526627367627881,0.0,0.1456724979977082,9.433972426457501,12.410952062821593,0.0,10.236799372438696,7.807715880182798,13.098367090062766,17.280938318133167,18.496183583087017,42.295,6.931808255820641,0.0,15.61131390208294,6.454999999999998,0.0,42.995,1.4749999999999943,5.614999999999995,9.534999999999997,0.0,7.775000000000006,2.8399289888548935,0.0,26.806828982220367,0.0,22.67898475792518,4.922984879350679,5.740237230608045,7.720384988153512,6.282453654474438,5.95629603684074,11.942575465911773,7.609999999999999,12.608395910781212,18.680000000000007,7.1975951883567575,8.495000000000005,0.0,21.47,5.243127760516558,12.297220631862274,0.0,4.960182823608477,2.0860002126982806,9.7357889791449,9.913350801493522,0.0,6.655000000000001,8.365089853303019,3.511758257480352,8.864999999999995,6.479836032594676,0.0,10.960638173959893,0.0,5.4430242348726665,7.178463329147988,0.0,0.0,1.6839708823194428,0.0,0.0,18.08389080970852,4.608025992252237,20.32160659779069,0.0,4.914637174926526,0.0,9.824244619290738,93.92939381255324,2.8760116595327077,9.397538149745827,16.896883063178308,0.0,8.472377005347042,1.1700856960518706,18.099781950590057,0.0,2.549999999999997,0.2600000000000051,1.450644126611337,0.0,0.29320802871095,5.46977740038227,11.177973664041872,12.826741748002604,20.008950770463116,29.91596640915914,17.534630971203143,1.1490316207018907,3.8340247684206616,13.459999999999994,2.716464019780574,20.588323616956103,0.0,0.0,0.0,11.926223965410273,1.979798978270125,6.133265880675623,2.7904970651481733,2.0456252958311723,0.0,6.5343433878556425,0.0,7.784999999999997,10.019879100666913,11.660903085039038,0.0,5.866243587136793,0.0,9.270039374701142,21.330373216879906,0.0,14.564648480206444,0.0,6.076006249100672,0.0,9.937995618034279,0.0,0.0,83.96793403981151,16.711711076620688,88.82810153692071,44.140371083191496,0.0,14.844968849903012,10.059425961353469,4.480000000000004,7.649801115433206,0.0,1.7420636109324903,18.046560969138554,13.666732672069372,26.458541303796977,6.42742633273501,12.275523832947698,0.0,0.0,0.0,5.942359341290199,0.0,0.0,0.0,10.084999999999994,9.256614518323417,8.149515261538937,0.0,15.276057622521662,7.560649823935023,7.359999999999999,3.319999999999993,11.041129002232069,0.0,3.844999999999999,15.343545499992928,25.5409565050889,0.0,0.9899999999999949,26.615170036307603,4.419469001196461,0.0,0.0,7.57744214011089,3.595154941320999,1.6758549254630708,7.472345522279937,3.7130534400212696,2.9825604712928566,8.264662928847287,38.59028630152848,0.4299235491387776,49.823861282315,7.102678611759416,0.0,10.462381701065297,4.954927368818716,2.429702998257909,0.0,5.684120063817616,8.176670032418997,9.714361417128288,2.664798486742484,5.668535676651032,0.0,0.0,1.8492940408000607,11.343711737744343,0.0,2.0849999999999937,5.594999999999999,0.008016386871872783,23.797188500928314,0.0,0.0,6.280000000000001,0.0,1.1375782366590954,0.0,0.0,0.0,10.485,0.0,0.0,2.2650000000000006,5.585394544864755,0.0,4.468581488490287,11.549999999999997,0.7549999999999955,19.952217437835287,0.0,5.56123420002794,24.501011770271333,9.138476170689046,0.0,0.0,0.0,5.746185402363466,7.051474457114779,18.442546256112124,0.0,6.395907703612153,14.900928580264292,8.790265793009553,0.0,5.320582791462272
PD 98059,6.0997770420060675,3.1696986655533124,20.079635374067422,6.236951075503669,2.632282672790325,0.0,15.85130496977601,6.453878798239074,7.3358308761417845,7.533723941518502,5.283759081725748,1.0929935357640375,1.8916327807746711,0.0,0.0,0.0,4.664413174617465,0.0,0.0,0.0,6.431690582892372,7.411225155604967,15.108689067527436,2.049999999999997,16.316899809451044,7.819999999999993,1.9701859348055848,0.0,7.3614182302444675,1.4773071093894998,3.152660802447514,34.70481214435969,3.4988154068374513,6.395662096182562,0.0,8.465918882727465,3.367646158425913,0.0,1.1850000000000023,7.519999999999996,16.15938699320064,0.2431190160596941,0.0,4.747805417732053,0.0,0.04000000000000625,0.0,12.50630868372869,0.0,4.525000000000006,0.7150000000000034,0.08377957350379006,1.6792569659008052,6.359999999999999,0.0,1.214622922474149,4.40454496724351,0.9040289640543477,2.467250558245155,16.511971865481186,1.5819155830038198,2.2761604081767786,5.0882195761935805,2.289910782214605,2.334036676315691,0.0,4.584101415043563,13.668592555761649,14.303452415484088,16.30100075039485,11.435000000000002,9.08380746481106,0.0,11.74245390310955,7.973955289021788,2.8620172793600887,3.144076156820475,5.981053394145903,11.940037849177472,7.462129922070929,9.689351791468937,0.0,18.775000000000006,0.3329187974348997,0.0,3.650297650102999,2.019999999999996,2.0999999999999943,18.75,1.4300000000000068,3.6899999999999977,12.030000000000001,11.985,8.094999999999999,0.0,0.0,5.339399390143598,0.0,2.850167306101895,1.8075272483116862,2.448519567068118,5.676446377501122,3.161055339542685,2.1968581153911657,8.971148955144116,0.0,5.1661571325300315,12.305000000000007,3.682086687467603,9.185000000000002,0.0,10.519999999999996,2.747833059158694,18.327076626446313,0.4472556989159102,5.33281841729783,0.0,2.710126704991211,9.260244671109788,0.0,3.019999999999996,4.3004882877291095,4.251694458875676,8.379999999999995,2.8009530355938637,0.0,0.0,0.0,1.4003344925386045,8.70314587344977,0.0,7.5310105172530655,4.9222234420790585,0.0,1.1634490728025924,13.569033077571888,1.5864141194566486,3.541932121717551,1.0900000000000034,0.0,3.1182469090115035,4.7476836275122025,10.153753831664218,14.282395811499867,18.661145524024036,8.929722313073626,0.9650000000000034,3.876347159914502,0.0,9.634807569818435,0.0,5.415000000000006,1.2549999999999955,0.0,11.859012860983086,0.0,3.1354774632637827,15.109066009331855,13.339591389883267,22.194787431745254,30.938880025344275,30.81787912740147,0.0,17.01903590312355,6.049999999999997,3.7983707510209257,7.603219132670361,1.0993970787049534,0.0,6.773186017502425,9.993581159235887,4.054120281233452,4.615447617685021,0.0,1.5384767691195123,5.220669928787103,3.6004472950916693,0.0,8.954999999999998,7.863656720977758,2.8878301189968028,0.0,0.0,5.8204027947742105,2.242738243051946,18.80045535803987,7.0727950329978455,13.88468751836308,0.0,6.611169537124198,0.0,5.26029199553922,0.0,0.0,3.641545373149114,8.757795285181658,23.786358701811196,0.0,0.17044422052964592,4.451288626857291,1.9595255137662377,15.474999999999994,2.49219138136732,0.0,9.349116862989192,11.93878520362398,0.2803391122020855,4.461225289765707,13.92592545677877,2.380494236787598,0.0,0.5849999999999937,1.6817389495666646,7.101036136116903,0.0,6.089322778315392,0.6700000000000017,9.099999999999994,12.342770550697608,4.0238311960234086,0.0,1.4944189489369677,0.0,0.0,17.599999999999994,13.019051213296237,0.0,2.6650000000000063,0.0,5.662059382951298,0.0,0.8799999999999955,0.0,0.0,0.0,0.0,0.0,19.009663889233366,11.781499683063771,7.499700853153456,1.9663854575884727,0.0,8.774611465931073,8.451872013940942,0.0,12.541350323477317,2.882693442194366,4.41874209727996,8.522305280651125,6.630127573368128,2.5170968706292456,7.342235779330423,6.388252669418534,3.57435833023888,4.7928268396638884,0.0,4.122886626718781,0.0,0.0,0.0,17.137753379398816,0.0,6.599999999999994,8.325000000000003,4.59792277038548,17.56227595144911,0.0,1.8449999999999989,2.569999999999993,13.170540574022482,2.7859554586284503,1.2788612062887523,22.14,3.9849999999999994,22.985,5.6753334071756,0.7950000000000017,0.0,6.904332803114855,15.221971552920962,0.06645801117383598,34.64,0.7249999999999943,20.34741029457912,0.9650000000000034,5.366831221095254,24.5989419652999,7.315805153358241,3.055000000000007,0.0,0.0,5.396235088558399,10.55525896161302,17.033309087142726,0.0,3.6606229984388676,6.500313122102057,0.0,0.0,0.0
PD 169316,4.110530474294791,10.434586362660497,53.647767473318154,6.602488317303738,0.0,0.8892807429104153,11.192101669746364,3.867581432521959,0.0,0.0,0.0,60.88877404149315,9.652810703147708,0.0,0.0,4.725594334487141,3.9345720108866544,0.0,4.923082074301945,0.0,27.98674993146095,52.92456646096081,11.221645655425931,15.284999999999997,18.031160584332923,8.829999999999998,7.612560662287393,6.240883369752993,12.231988358260168,3.8928569630810728,2.6295580785042887,12.777810223829334,1.0763417020522752,15.027887546626232,0.0,0.0,0.0,0.0,1.9849999999999994,7.560000000000002,2.514452177964614,0.0,0.0,10.369791809785141,5.511772080510667,0.0,17.200000000000003,19.895847918115635,0.09306046304530469,6.265000000000001,0.5949999999999989,0.0,24.285350827596375,6.364999999999995,0.0,4.166237836642438,55.34872703183451,92.59915906185284,82.70386714210844,17.277471543755524,9.762049242465864,9.674482899681706,12.345196055272424,9.319244380393712,5.5698740879651325,0.0,0.6731623198460142,16.60151401464414,12.941262964345327,21.586641891657408,12.495000000000005,13.777129431185045,9.024264551648855,7.3623609011328455,9.91759651954203,0.0,0.0,9.193292541968901,9.541614798630263,2.5959838120710685,0.0,5.453010069451494,16.555000000000007,12.045936753952247,5.575000000000003,6.996864845814656,11.849999999999994,0.21999999999999886,35.3,5.224999999999994,4.795000000000002,7.310000000000002,7.454999999999998,13.060000000000002,0.0,0.0,12.435379447670073,3.3348083007173557,4.158562709463496,9.253505050110206,2.809426778906854,5.149846154539134,2.535309685295644,1.9793988344070357,12.12843151178862,0.0,5.097803104963987,17.680000000000007,3.498795507591808,2.7549999999999955,0.0,4.834999999999994,0.6669186660529363,18.396060072930425,0.0,0.0,0.0,5.690245174909478,9.031422024913383,1.2045192127022233,13.39,34.100147007672206,7.0746219880753785,14.754999999999995,55.06232700398573,0.0,0.0,0.0,22.185019009251747,2.3563398645432017,4.616861397369405,5.1883984435012,5.093066820981164,0.0,0.0,10.797599985159977,4.302924057213673,19.36870896595896,0.0,0.0,13.839169205385815,4.430081727958253,54.516859220905076,0.0,20.16812634043214,13.921386897639934,1.0349999999999966,11.487867388060593,0.4160334355528619,10.219235423886914,0.0,9.144999999999996,5.769999999999996,0.0,0.0,21.356078965443885,2.297378290869858,15.969816965747,14.498017539888309,16.034848584915835,25.71717788702395,28.325419019491235,22.621866445169843,10.489548987731041,3.635000000000005,18.18513806444605,0.15957807058148887,0.0,0.0,0.0,4.442122738768617,0.0,0.0,0.0,3.7676774259800254,0.0,7.598286224537873,0.0,11.019999999999996,2.460625303158679,7.488538971873481,0.0,0.0,0.0,6.475832015968479,18.0019796234823,0.0,11.476532734347472,0.9228155280256942,5.963643658370714,0.0,7.727180565886002,0.0,0.0,76.91721550171087,3.5422753391580954,92.24912034514911,72.42273298247503,0.0,5.800476382860296,7.077500634627299,22.260000000000005,2.7469624497814493,0.0,2.9291864826665517,11.534732777763196,0.0,5.936901580630916,8.459099499149403,0.0,0.0,0.0,5.934158421217404,5.863008566677095,0.0,2.8421743335880194,0.0,9.034999999999997,9.685296132443526,7.148777531287152,0.22822022564579925,46.89627519419848,23.72792972498064,7.284999999999997,11.965000000000003,8.934804754315394,0.0,0.3199999999999932,32.56844248596961,59.67027375315939,5.685525848126403,2.030000000000001,54.265639533796595,0.7104275767812283,0.0,0.0,2.7120453240671054,13.941087132926214,5.67408874057773,7.003528307668731,4.373300986842693,5.130599241623713,12.767613845687777,56.10163328913537,15.241741168529032,67.22339542359579,0.7383605115425951,0.0,11.175263862379666,23.20288342938082,6.67148335892648,15.716566103357906,7.018136629788941,14.225301063663835,5.47607074104954,0.6037357791367128,1.5372890001426072,1.6507499865747945,5.912759214300834,1.7140262891203122,8.3155358996855,2.739999999999995,1.5600000000000023,10.64,6.156877275087368,13.708473533811087,0.0,0.0,0.0,4.908499986145046,0.0,5.086530795871198,16.540000000000006,0.0,7.575000000000003,6.298158733267329,0.0,3.2450000000000045,12.251057569427346,6.29339099584476,8.089851458110928,0.060000000000002274,0.5550000000000068,18.80216498020451,4.415000000000006,57.85952746413801,15.903271158716393,10.778949426652133,7.025000000000006,0.0,0.0,0.0,8.149922459311739,15.763271204784417,0.0,0.0,8.829453391422604,23.525846471909574,0.0,22.8142062256439
PD 158780,10.209628167322819,15.215310907420701,69.743151035918,1.181701323938114,0.44148839823589014,0.0,17.952452640149886,9.363296609777962,0.0,2.32217805035269,2.346575079981392,16.603576175261267,2.47455519186866,5.358062562007575,14.948011999166567,23.748168036227213,14.099435799106715,1.3761715979552918,0.0,6.107386476628108,17.79827675455047,45.64421386844664,8.83108923620351,9.094999999999999,5.257424207995186,13.564999999999998,12.480283189837706,0.0,5.442650292669242,7.666682777071216,0.0,7.4687388089845115,2.1294582006917295,0.0,4.167178101844655,2.1137427940006432,0.0,0.0,7.3799999999999955,19.97,13.51087230867995,0.0,0.0,11.403403740304327,19.77853912869746,0.0,0.0,17.060901034664596,0.018556070066296115,17.790000000000006,9.180000000000007,0.0,0.0,0.0,0.0,14.30446524032493,0.0,1.2529824367292406,15.160636749387777,18.32211802949672,4.1810876856684445,13.72131121750732,5.742981476092922,0.0,0.0,11.670375672383742,12.437736961093094,39.06304774220689,9.816127009150222,17.957437249753298,12.034999999999997,19.528508882737412,0.0,9.56917592216189,0.0,0.0,1.596269725553725,4.3534549266225895,7.676510106018384,10.066265866187422,15.607079143520423,12.451126587980696,98.015,0.0,4.680000000000007,3.8526156370276112,5.775000000000006,0.0,29.980000000000004,5.364999999999995,12.064999999999998,9.75,8.834999999999994,7.284999999999997,0.400370293749603,71.06716251168895,41.36667688442847,2.66722426828494,11.436019640840911,9.826714892415666,2.870999638992288,3.104848777432281,3.4503663485011202,3.713174269184222,14.57478412659259,6.2549999999999955,11.74247390026865,16.525000000000006,28.776614271502922,3.0400000000000063,0.0,8.795000000000002,8.253762036513024,25.240332569229622,3.018126517672556,0.0,1.7779324566076724,0.0,8.857252153438992,16.153467357899956,4.069999999999993,10.427547901119937,8.152782515266807,15.545000000000002,13.07442325080794,3.5004410918005675,1.6131155853297372,5.884815475881851,17.161039222727638,0.0,0.9604809429644092,1.8280958402245773,12.909817995055903,0.04999999999999716,14.827078153457563,17.391104544931096,1.812281781861472,7.538188140974114,20.084999999999994,17.94142867343595,0.0,3.6211629165165107,3.5229767343963374,3.930874772800621,22.353386237829596,22.906980133038985,3.319999999999993,4.069352094689549,1.7267786003383492,68.24303573200507,32.95003375847429,36.12,18.125,0.370349134609242,0.8090779308434435,0.6937724391224407,3.9481665985607606,9.125971393313847,17.848018093875467,15.470330852438678,25.398343716990695,9.626933774560968,25.0830116460059,26.698322580390823,8.409999999999997,8.145153425767617,5.538588208457114,20.4803652390311,2.734652507948823,5.554848402277457,9.891178196535776,3.096927999479149,44.779581794706644,67.72743784202365,4.838427075780629,0.0,7.727492314136811,0.0,2.864999999999995,4.631805006018368,0.0921206593810382,0.0,0.0,18.73871892138166,8.909238686210642,29.720666336234018,0.0,11.749706923166087,0.0,5.074034720863892,10.219791026990663,9.560034645937748,0.6290679778148558,0.0,15.683545194059292,11.681053590722044,10.029953579357596,0.0,0.0,6.385824274128595,2.5815135536658147,0.1599999999999966,5.057972889908939,7.263264210380953,1.1616730982157861,7.034693579543529,9.181410963466519,3.397422781935987,13.144045141075523,0.0,0.980000000000004,13.564999999999998,2.26075933641485,8.579308770735338,0.0,33.81624527145196,0.0,44.82,0.0,0.0,0.0,4.746307761287255,0.0,5.340000000000003,0.21999999999999886,4.271060896118911,0.0,3.635000000000005,7.697363612852513,21.469220330346985,0.0,1.4000000000000057,13.608659353997894,7.291917308060931,0.0,0.0,0.0,0.0,6.455804433363852,2.517668829516566,3.633766217150992,2.929760194389246,5.458120030078163,12.15537482905036,21.470897983258368,30.828667416644436,5.928180309794172,1.1791294941485546,0.5262667134435333,26.06507867403087,10.912142952658655,9.1176770696012,13.381132069125186,16.533216583312637,18.15255193519127,5.60712883368231,3.416659854995288,3.211109793702178,1.6851421687097172,37.032129679082516,14.955656193754152,0.0,9.260000000000005,10.625,1.413231550076162,39.766306564750025,0.0,4.819999999999993,1.4699999999999989,6.041721780854573,4.6888991691511706,5.100910434815702,7.614999999999995,4.709999999999994,5.959999999999994,5.512160120619569,0.0,0.0,12.065672502479472,0.0,4.080286839707611,5.734999999999999,27.345,12.764654492616913,0.010000000000005116,20.104510738379247,23.782431036305184,19.24579203092088,1.1599999999999966,1.1650000000000063,0.0,4.204840774126609,9.806025246172851,24.07688685807176,0.0,2.5632458014634665,25.283263102149846,17.656761707798594,0.9122749293686638,9.133752916366433
PD 174265,1.1131653375913118,3.4296945250781192,6.502912094651549,4.1568647031861445,0.0,5.631807626969504,16.912152809783606,2.6093924132061943,6.254836132865819,3.48333701922607,0.0,6.579314608951421,12.664967946224493,0.0,2.5706851275297993,4.573706267140736,0.0,0.0,9.317206497421893,1.3182425279822496,6.988306876266819,42.779682784386324,16.66572558427376,5.655000000000001,10.55120104477065,9.560000000000002,16.078755077310774,0.0,6.372896077422354,11.135848354195304,4.002174672615311,0.0,7.940923498257291,14.299416522632583,0.0,0.0,0.0,0.0,0.20999999999999375,15.730000000000004,12.120350699143145,10.532612416768899,4.879507751255176,15.081853389500765,13.46184897469439,0.0,9.614999999999995,21.61497629630304,0.0,7.4950000000000045,5.185000000000002,0.0,5.89179252873987,6.349999999999994,0.0,12.872877725351202,3.017314248417634,3.0824784015441367,1.8327354092876078,1.4071539078444886,1.8747715953088289,8.359389297876518,0.9740291415852624,38.55892810607549,15.47219389053788,0.0,0.6720562378340702,0.6261854374332927,6.955957180481661,10.492681555298233,6.6200000000000045,0.644913039404102,0.0,10.957226799878526,0.0,7.997093861505846,11.28134026400474,10.822481262983587,4.839212451413573,9.427004224888506,7.679162010575624,0.0,97.83,10.484960802677307,0.0,0.0,5.655000000000001,0.0,20.459999999999994,0.0,3.355000000000004,6.734999999999999,4.864999999999995,10.569999999999993,6.5573876835322835,65.99082457385724,17.656876824790686,0.0,22.25695583857876,0.5635251813968694,4.396928498591791,0.0,0.0,0.22723681830561304,6.830434489754282,4.805000000000007,6.75686368875688,13.125,5.920821192914943,8.515,1.130140820906064,33.150000000000006,0.0,9.501529966982332,0.0,0.7632780747954087,3.8272312305404057,0.0,2.3538191490296185,0.0,1.8149999999999977,8.762107275361075,4.773004877967253,6.989999999999995,8.884652658270056,0.0,3.023200634302299,7.886933765116382,12.157410412252887,12.449816869050991,0.7323514122520862,5.132906344878961,5.093878978383827,0.0,7.329710132214757,20.17956188064909,1.5580201303663728,10.345924957313258,3.405000000000001,0.0,1.7129497324283705,26.301234061047538,21.698524819011254,3.46171256041913,3.5299441708642405,11.017919156421925,6.855000000000004,11.294399325809934,0.0,31.277338883224047,7.643494103139346,17.394999999999996,12.254999999999995,12.898647216108259,9.777906243952117,0.0,1.537896375461358,26.46246480529382,13.873723685304753,19.804569196591927,0.0,14.890893764155663,23.929566576625035,10.232850671382835,6.6200000000000045,4.184665653151711,5.480137838234512,4.547858676399414,3.6370235994308757,7.317086261934918,8.788685467718352,2.9483060083023105,17.243909784129897,44.356660841951076,0.0,0.0,9.950801353021717,0.0,2.969999999999999,2.8996585199926557,11.95236105795638,0.0,2.377662473829332,12.15855158485391,0.0,23.09097920824628,0.0,12.489771957123537,0.35617644915457447,5.285093627715895,0.0,7.251710313421881,0.0,0.0,4.061769512624977,0.0,17.216315251447185,7.053147382211549,0.0,0.0,8.750978471404437,5.140000000000001,3.7043277239546626,0.0,0.0,0.0,8.369177749540668,0.0,11.334261869356183,3.812097519736625,0.0,2.030000000000001,0.0,7.630582312167007,0.0,14.720869883103234,9.655000000000001,23.375,5.432692254353668,4.484421380338688,3.470484972863062,0.7574083460415011,0.0,6.185000000000002,0.33499999999999375,10.708355733360165,0.0,0.0,2.1451911391113185,14.084788407742437,3.7382938281977687,4.2549999999999955,14.89935156538371,0.0,0.0,0.0,0.0,0.0,4.678686616554273,0.0,6.7842708020880025,4.280781233051044,0.998301453995623,1.5775011882349048,0.0,28.59210000352664,8.681045983893881,0.5143094462423221,13.922270126178674,2.7563713477023413,2.5256526554528307,11.255074721910859,5.02372488805446,12.765419729477884,9.356476114613884,15.444576892883276,3.7809353358758386,7.227041465046796,1.3125653934629895,9.972395684193259,22.55489997803724,0.6299999999999955,2.9599999999999937,11.435000000000002,0.41175715641809063,26.772641429527766,0.0,5.944999999999993,0.0,3.948752744923823,5.715997034711336,6.002081200010309,20.944999999999993,8.579999999999998,10.769999999999996,4.381551214636616,0.0,0.0,8.773209788128142,0.0,4.241718547652411,22.909999999999997,4.194999999999993,17.151665135220426,0.0,9.520705373048969,19.034818975517865,9.766828978803574,0.0,0.0,0.0,2.494351294860593,5.564931213409466,19.7630961397234,0.0,0.6506142014166016,13.014604392040596,4.017408619394672,0.0,0.0
PDGF Receptor Tyrosine Kinase Inhibitor II,0.0,3.7256884175044576,22.251144086643507,0.0,0.0,0.0,16.319394881980912,9.125386141015753,0.0,1.1392198647313023,0.0,0.0963009853667387,5.960314089253615,0.0,5.444448199450193,2.9242854805923884,5.075730352609881,0.0,0.0,2.6387590079899326,5.915276989292124,14.62366521832763,0.49691363479607276,1.2399999999999949,11.770252904881204,17.625,3.2506171690438634,0.0,2.9514907058270268,1.1531251525683786,0.5824555781873926,0.0,0.0,13.027707080944992,10.039701255770638,0.0,0.6094138731053818,0.0,0.0,15.439999999999998,12.715066850759484,0.0,11.100189934286163,7.905415312608994,11.833983637857656,0.0,0.0,9.911449350134802,2.473813641071402,7.280000000000001,7.480000000000004,1.3424476737952773,0.0,0.0,10.348236317033297,1.0049971961788913,5.96731406372858,3.5709128545547912,2.5801140477790625,23.924650711880247,4.458059847037816,17.33145595075871,0.15685458766958504,0.0,0.7191354327538022,5.747314172649425,3.07371099662231,9.794515842131915,2.4148788740859715,16.495256009872833,6.609999999999999,14.206810712940552,11.637535962174155,10.814491489662103,10.101336633053933,5.632406593090735,9.053406135241602,0.0,0.0,8.2431346477629,7.395119191445673,13.98123136020719,4.840000000000003,11.22098819221219,0.9699999999999989,3.1739135656203246,0.7450000000000045,2.2849999999999966,11.985,2.760000000000005,1.9650000000000034,7.909999999999997,1.5999999999999943,5.834999999999994,0.0,14.102996742239611,0.2016544018289892,12.120831760064547,0.0,5.902006664235103,0.0,2.1733965945234104,4.014568964615464,0.0,4.8029277979000256,9.11,11.563841967123693,10.290000000000006,20.05033171870076,1.7549999999999955,0.0,1.8299999999999983,0.0,4.688173853480208,0.0,0.0,6.34742318838002,0.0,4.209633305146497,0.0,5.939999999999998,5.954332413412175,0.8352858535328096,4.894999999999996,2.6550728124943817,0.0,7.854132508882259,5.273891214154901,13.699984372881204,11.696053437638653,5.537725807221818,1.348612517854889,8.609674992640208,0.0,9.537404985116126,17.336064211087688,2.0522592986644668,17.953543360928734,0.0,0.0,4.355847717024034,15.957426863695076,23.975638158556023,0.010105868108837512,9.606236621587044,11.95906616569954,6.0049999999999955,6.142164240122128,0.0,5.711388080373354,0.0,1.3449999999999989,0.0,7.575393943231546,5.657426757559577,0.0,3.5802839147244327,16.93810936367015,7.8995909581717,15.912156029616398,0.14805880069624777,1.2934739244462463,18.255859423136968,8.148951777322722,3.5999999999999943,6.226189196363919,2.6691539973820113,0.0,1.7787174055764297,2.283865833753964,12.295213276158677,1.2630351913163054,0.0,0.0,2.021260381123227,0.47926332253481974,4.7382434742889075,0.8701572101814179,6.834999999999994,3.1547022185530693,12.961521788983589,4.501144391895906,5.238994254009327,20.16203904950811,1.3863862628120671,5.677326329587402,0.0,13.237512795214059,4.518868813916541,3.649959068024174,0.0,4.4753286437580755,0.0,0.0,0.0,7.62324342317072,0.0,12.296714009547713,0.0,6.347258708249399,5.53534985061458,0.0,4.191293349942811,0.0,0.0,12.594162720320014,9.010492447350856,5.48839674241772,11.344457430146605,0.0,3.4000000000000057,8.769999999999996,0.0,6.3316300717411025,0.0,0.0,0.0,15.489999999999995,3.43148548186997,0.20943559203031725,0.0,2.6814895230473894,0.0,11.170000000000002,9.049999999999997,6.368771880516448,1.030277941115628,0.7650000000000006,11.315250116941911,0.0,0.0,1.7099999999999937,8.253291614509891,4.864898606518494,0.0,2.4134704578136876,5.363741450295009,0.0,0.0,0.0,1.5626946490217364,3.8741720314326358,12.398225530288414,1.272247466290807,0.0,10.031410284760284,5.144824983875068,0.0,0.0,0.0,2.9755326145563004,8.653319269767252,2.4667808482388693,14.996801957496842,4.618731306717564,2.961612979410006,0.5837303343078872,0.0,2.435777840596529,1.1336694965102936,26.644995170025908,0.0,0.0,10.579999999999998,0.0,21.926467759112114,5.483300551675001,7.075000000000003,3.125,0.0,6.061940921453527,7.9074294017734275,17.22,0.0,13.275000000000006,0.0,2.1599999999999966,0.0,0.0,2.937193617232211,1.4231611891603109,10.174999999999997,4.055000000000007,21.95088440818715,14.295000000000002,0.8894654007079055,12.523629766259461,9.318314817864447,0.0,0.0,1.6599999999999966,10.53046541701022,14.130718202267502,14.238374895638572,0.0,0.0,15.556563874097208,0.0,0.0,11.479125614137317
PDGF Receptor Tyrosine Kinase Inhibitor III,2.5723283096728835,7.071722312699137,22.900209691304312,6.340672454016726,12.445183459779315,2.4703006854127523,0.0,6.950919984286571,0.025526677095044192,5.319834485678101,0.5220087807686582,0.0,11.1606591765009,0.0,20.354811953806717,23.87560679504446,9.694175211109453,8.33779720356776,0.0,9.079908981371261,7.380579475268092,4.786576448007011,13.588767509746447,5.935000000000002,12.16072355927632,51.83,40.0363969139887,0.0,0.0,3.1265624957077307,5.745586213447851,0.0,0.0,10.078848028274535,3.7093069783812496,29.0642703821447,0.0,0.0,7.140000000000001,18.435000000000002,7.68095098753777,0.0,6.877862540019777,7.942740129803269,17.988648000902273,0.0,9.724999999999994,22.863357630431636,0.19567348163917586,4.855000000000004,0.0,0.0,16.37110783106064,2.6850000000000023,0.5527541694370797,0.0,0.0,0.0,5.381511736701071,18.407067164588398,5.416280915978916,17.315219167853897,3.8340185853123216,38.148480764603704,10.621781425833234,18.711681681010447,11.118867747496068,34.39118991288686,4.938392205302534,18.716299290718723,3.230000000000004,2.510016125104812,4.952976873479258,9.386825153885638,4.928474202522466,4.413953067516786,14.450097233371906,2.143421786594544,6.516662162465167,4.562739448926024,13.706750747399553,20.194682320342224,20.909999999999997,0.0,4.349999999999994,6.322322758794897,6.799999999999997,1.6800000000000068,10.385000000000005,3.155000000000001,7.5,5.734999999999999,1.7650000000000006,10.385000000000005,0.6889607694007225,0.0,0.0,0.0,16.105440589961887,10.582552686524593,0.21104752786482095,1.6646581540798877,10.40807824696833,7.5569471208573304,0.06380821205286225,0.3050000000000068,1.2169774807649532,20.989999999999995,56.76710504727905,0.0,32.83168762316558,9.825000000000003,0.0,5.261899549778036,3.287002431367938,0.0,5.288186791666206,17.80385873168933,3.6298793082502243,4.349074284605791,4.189999999999998,1.0081610748866865,6.777266362486245,8.265,11.627657263615816,3.126282636088277,17.24562113205633,12.618819446004466,24.584116497127383,0.0,4.004285003600444,0.0,1.0806011063164647,1.8100000000000023,0.0,16.501945340266616,3.2254670059128756,11.928033164475835,3.5400000000000063,0.6567735405259896,0.0,9.529273117694629,11.61623664000453,1.7595054909387216,17.338688751163403,18.44169680409749,7.715000000000003,30.1847319994297,0.0,2.140843828443593,1.7187249999858238,2.180000000000007,0.0,0.0,5.3899193071591895,0.0,0.920182895959357,2.560696889632311,19.609810272358033,23.46619532860427,8.796050268629642,0.7430641704837484,18.837416957532497,16.319333648895963,5.125,0.4138520288202443,3.9891091873913354,0.0,5.375074258367164,0.0,8.02814203378594,2.9523642354760966,5.0903274841061545,5.791419584277321,4.578205980411838,1.7322680528965009,3.6332219539833375,3.825880043107972,2.7150000000000034,2.945301868030924,6.691358857693672,0.3731280191045414,4.565182436946969,12.576910875871107,4.596353465113594,7.358068003607855,0.0,18.668260123302844,0.0,5.591820878860062,0.0,0.0,0.0,0.0,0.11646512800706432,0.0,18.99317160142249,0.3764283272194575,0.0,5.280942885834719,10.648516052683831,7.579999999999998,8.203900763930477,0.0,1.868126297922828,0.0,3.2190602709237055,4.809252698088983,2.345863334582873,14.16804308706196,83.58,71.13,7.74451385512927,10.493403433482825,0.0,0.0,0.0,5.609999999999999,4.043063854563471,0.0,2.016383999532934,5.5023802552424,0.0,15.680000000000007,0.0,13.89956966223211,0.0,0.0,0.0,2.468816679677232,2.706242678587145,4.0049999999999955,8.14220825770495,14.428846929716173,1.3301865326668292,2.5152575690190844,0.0,0.8951973580812194,3.447970670426969,0.0,8.236357933583292,0.7357120114976539,8.809450664761243,11.953462485836326,0.0,6.272823585513493,0.0,14.042668598597714,0.0,9.69189123981613,10.338920719175292,17.965942749723425,0.0,13.887642736514167,8.024834567504058,0.2225915041539963,3.2896831861114038,2.383804902826782,3.961810146603824,2.0830999797691874,22.565631458998624,6.364999999999995,2.4599999999999937,10.885000000000005,5.776769219649736,34.8113408389774,0.0,5.260000000000005,3.114999999999995,16.814916785052475,6.768021501650793,1.747505901517286,18.439999999999998,3.655000000000001,4.659999999999997,3.7002244650733758,0.0,0.0,7.411340295479022,5.275900937576239,9.384546579563931,0.0,11.010000000000005,20.886386897463467,1.6599999999999966,0.7387224278408269,10.170500861415334,16.943724251000972,0.355000000000004,0.0,0.0,0.0,22.56333370568126,2.4824390922051407,0.0,0.0,0.0,3.847435326593711,0.0,0.0
PDGF Receptor Tyrosine Kinase Inhibitor IV,55.982110138147576,78.55700515509159,84.93114295900095,6.702562513149559,4.72303410750051,3.9003361857023435,0.0,0.0,0.0,7.1488136654675,0.0,1.0960706505054247,11.497038301832703,0.13061145267982965,5.395690777922937,20.823126085369267,5.536236233886456,3.896253831952407,25.798666954179268,25.195921625982976,6.232381399699079,19.029528807098544,10.722594004907506,7.924999999999997,59.203608981128085,72.1,21.306907789509467,2.204569830094883,36.631160365691954,1.5915244269406799,2.01000784803891,10.162709301532573,0.0,4.354508903636429,0.0,0.0,0.0,0.0,18.504999999999995,13.155000000000001,7.373531375381447,0.0,12.476057271587422,11.428384828500157,4.619910562884371,6.140000000000001,4.640000000000001,11.027466197747287,0.0,7.084999999999994,0.49500000000000455,0.0,8.06632278158861,2.4350000000000023,7.6017608038919775,3.4822427379849614,3.943054211794731,0.05870160792655099,5.665579443547955,22.22033967557317,10.276436307897853,5.041722713248504,3.386213156554092,0.0,0.0,15.714930094375276,3.450708650541003,22.286487082962665,0.12575000186734542,55.07512958719893,7.944999999999993,9.26160182568816,13.304504332977146,11.797843474649383,0.0,0.0,13.020625628775619,9.695962620922614,0.0,4.663245293139084,15.624909065072046,7.370708369213801,16.724999999999994,0.0,6.25,5.5328364742951806,6.665000000000006,6.599999999999994,17.260000000000005,1.9749999999999943,5.760000000000005,0.0,5.155000000000001,2.7900000000000063,4.693284301088937,0.0,3.4934678835676607,6.338774906631286,14.918719681260015,11.751252402625681,6.003701183514366,4.394915353782764,0.8150086444074276,0.0,0.35535783793810083,8.364999999999995,52.75133686673039,17.415000000000006,75.00195094508388,17.444999999999993,80.01969788068453,32.05500000000001,26.599811223908347,0.0,7.041199756802513,1.613695121916635,2.8930552560923672,4.155167441735458,10.627269179544697,0.0,0.0,3.397217494061209,15.209408536554633,38.095,44.50985384158975,3.614553952564961,0.0,0.031327073052338505,9.984577568098047,6.1191483089543794,8.571100554830224,1.8106193374475197,6.690493379175194,0.0,2.18600205332541,29.998891832516506,0.828330449058754,14.49020702997288,2.405000000000001,0.0,1.4048029064554015,14.814752442229235,24.103361936895936,0.0,1.2645055386328465,10.971596500350998,58.71,76.70837325386421,0.0,10.990194098694644,17.693429569748517,39.75,22.534999999999997,2.78038099420084,9.150104706431108,17.690381950722553,3.9255438733679284,22.799138007564807,30.06684036534709,29.37533725172905,9.943238868353177,0.19949510600027054,15.5386279292684,0.0,27.89,16.367972010780164,12.975476900678188,0.0,13.643740470966975,9.990260749056759,12.911321139904857,6.055610070937689,10.234166698793615,8.474788102744341,0.0,0.7519067883619073,3.979941029132661,0.2109528892123791,0.29999999999999716,8.500327913316042,7.0260315582556245,0.13131914305205328,2.9971210508043953,17.32274790532665,0.0,6.990623033510246,1.1413232836100633,7.046919180072749,2.864722846132395,0.0,0.0,0.0,0.0,0.0,25.891674062176747,0.0,5.667375899392994,17.003066828173033,0.2540261320851158,0.0,0.8695459184068852,0.0,3.0857695822570577,0.3657610729824654,6.9339681131338295,10.07308791276148,6.787359984192392,15.183426531307589,6.705605146392671,13.191250117668275,66.60499999999999,54.68,4.054879922828746,11.035730511919425,0.0,2.749770562477039,0.0,4.655000000000001,7.160534441647073,0.0,0.81021407438989,4.004003929291258,0.0,0.0,12.069999999999993,7.860194216138069,0.0,4.5049999999999955,6.364598690860305,6.934364618668951,0.0,0.3050000000000068,3.685436821817092,4.79851259205563,0.0,7.532822958784408,0.0,7.996326875127352,0.0,2.910507278034231,5.101347068791995,0.0,1.9911780867421953,0.0,16.430348383201675,23.664419104115865,6.676961784035939,12.542962871331753,4.762660052172379,0.8689454031138126,2.5292932135961053,15.902917126294,5.273513117712014,8.60688304157128,6.352904256780263,0.15438525028199024,1.4208630368732145,7.3230468952158105,61.38606547897947,4.598581021890169,5.418844730357861,0.09999999999999432,0.0,12.159999999999997,3.1760190758235183,28.264874798013096,0.0,0.5450000000000017,0.0,0.0,0.0,5.982846875047073,23.680000000000007,2.855000000000004,8.504999999999995,0.0,5.034999999999997,0.0,7.543688663243444,0.0,1.2066310484781013,0.0,27.400000000000006,24.85206642463376,15.864999999999995,39.40650035913926,6.657592997051751,18.6728434171537,2.8149999999999977,0.0,2.7450000000000045,3.4820653372907486,10.137042497001033,7.00358726711913,0.0,0.0,38.70139407300788,55.3485638602904,4.719857376225903,0.0
PDGF RTK Inhibitor,49.423198258247034,25.94584649305179,73.13149944291071,4.3003860542566485,0.0,4.08008346190185,19.188032616139353,8.256002684940057,6.4891325431393625,7.9484554251144885,1.9729887131078385,21.25806164850863,17.53741245824901,0.0,81.11727328260662,95.6910927857871,69.84279513242288,19.642981861833874,91.41099750528096,69.37963210755663,2.452163932830416,66.07879868769243,13.047139339524477,6.969999999999999,71.55520773698478,65.525,67.6509320381705,39.56058530663089,28.320106718938973,0.0,6.799118874429325,27.458073016383295,0.5490060602974012,14.430794398063952,0.0,0.0,0.0,0.0,8.790000000000006,25.015,8.378107021756165,9.268536226914875,5.835194394509898,3.3462665961277764,13.35973352296719,4.935000000000002,6.594999999999999,6.827322344057819,0.0,12.905000000000001,2.719999999999999,2.315607095612421,0.0,0.0,4.874119481018937,32.96990692999326,3.739446886706645,0.0,4.852589056296509,19.945071741817927,0.0,6.688185846052491,1.111731240545808,3.3566774225849088,10.052673709688847,0.0,6.809682182918692,12.1717817038178,5.8810172530383795,24.746173734099756,7.025000000000006,0.0,21.34224883573924,8.461414875306986,45.932990751456856,0.0,17.70387973358214,4.585902441398844,0.0,12.535750044123276,9.20678239735689,7.331807365037761,10.290000000000006,17.025012057454035,13.094999999999999,0.0,18.569999999999993,9.034999999999997,67.015,9.64,15.900000000000006,1.4699999999999989,6.480000000000004,4.280000000000001,0.0,0.0,0.0,0.0,10.732678717275121,9.340095507263513,41.83998583249663,3.251438413233501,24.319107316429466,10.992958992387969,11.243303963049385,7.055000000000007,78.7568517309427,10.159999999999997,53.38179916978348,26.185000000000002,89.52056219529118,72.485,22.583560059475616,7.0617479496947055,4.421502698877944,5.104114818791757,4.082915527557816,1.2069496850722317,9.034109237865977,4.3597247334288625,8.635000000000005,2.3150989540297644,4.063197260765833,95.065,12.223583003031393,0.0,0.841143476383678,4.772776501594933,14.006828763415484,7.869040327542592,1.651999281841654,0.6042170478149558,3.849351898134586,0.0,0.4266085237155579,17.577146910803876,1.8380317271818,19.378531365734034,3.344999999999999,2.29074180919406,3.426466280118092,18.70678976953613,17.323709944664017,1.3304642228593764,25.888426072993312,88.91286719756042,98.38,17.25388826967321,0.0,88.05241344236836,5.556920907957135,83.105,68.235,1.9719612701080393,0.0,0.9720453891345073,8.638368129178673,17.70661617293767,20.849278371146028,26.709673602176053,11.677025674946691,20.554453897284432,16.905010650859055,0.0,1.4849999999999994,9.894286046286396,5.054562293666621,0.0,73.23834119825032,0.7353157638150094,9.02482299459541,4.531489494765978,6.781599928037167,5.728208706672291,6.053956964637564,9.454314665159984,4.6853262138911305,0.28343458708985736,4.064999999999998,4.394081630588758,13.959476796769238,0.0,0.0,4.093494703492652,16.55003955073923,3.3276686597512253,3.2624383066714415,10.952592033669944,0.4212366178245759,2.3576658373889643,7.557277683116467,0.0,0.0,0.0,0.0,0.0,19.834244073395553,10.715450292076298,0.0,3.2287936219755693,2.0480600005533347,2.700000000000003,0.0,8.822589645181381,0.31217767956096054,0.0,0.0,4.1652234292481864,6.401585996258348,18.6541435386751,87.5,73.295,0.0,10.780792096686483,0.0,2.3690182839965814,0.0,1.7800000000000011,8.239078967048513,0.0,8.708284874011554,8.069655133682403,0.0,9.555000000000007,0.2849999999999966,4.920724788537228,0.0,0.14499999999999602,0.0,2.2363434618633136,0.0,3.144999999999996,13.237314652946125,8.366401793882659,0.0,9.502642332188032,0.8192265358659938,0.0,2.1373630670632338,0.5128773447602697,7.876698796294562,0.0,6.594254288819499,2.959205771651085,13.28464237357386,10.750998168052433,0.0,9.522482293218957,7.528226140008741,11.225970939794422,73.33238046176615,2.6844750637115737,13.124562822266427,8.875364532312773,7.032044088767549,0.0,2.689953591271262,1.682876477868632,2.2423812525265987,93.80049192693313,0.0,0.0,1.9549999999999983,6.609999999999999,0.0,16.423234581510485,0.0,5.420000000000002,0.0,8.54836081813653,4.518468001329978,4.361973656958753,28.655,8.125,12.084999999999994,0.0,9.185000000000002,3.2549999999999955,9.903009934721737,14.71349601048172,17.481961554601895,0.0,13.924999999999997,13.271097802376943,0.0,33.063092112099184,13.87072407293843,11.490159978270256,7.769999999999996,4.980000000000004,11.155000000000001,13.236212452636039,3.690841231334389,10.385487055380963,5.9282501094610325,0.0,76.15014539900955,28.252003800812474,3.047985267851203,24.55175292020877
PDK1/Akt/Flt Dual Pathway Inhibitor,10.250508785203763,10.278882541180934,55.05969645720258,20.278096940635322,44.23887128213521,18.77460789335437,16.537874583635755,0.0,6.926648759014029,0.0,0.0,0.0,10.18600172223617,0.0,28.631225145303205,15.270458400880003,4.582623154258968,89.68642255576621,0.0,20.970023479858654,15.098368457143067,0.0,15.234815260547435,33.260000000000005,9.449228538501231,77.845,6.87277686469794,16.71725963903748,19.596410930886762,31.276410842800942,16.624164661297968,6.055275634800864,71.50860178624748,15.286974750764642,14.850333874439912,6.997812057391172,8.869950109581993,14.61772340444466,25.060000000000002,23.144999999999996,51.12763363058738,52.034084889905,29.6705421621474,19.37547178449374,26.646290841074716,40.095,31.894999999999996,53.58234630733433,20.896460144803612,40.365,90.07,5.932368393414407,25.56124859446132,3.0450000000000017,0.0,45.27730756093584,14.20041783725793,13.161814647186205,19.44013833948614,14.847361808904168,17.811712373463862,19.66101889915258,0.0,23.80195099594684,20.57488563196975,7.8894917006026475,18.79023597237105,21.74251955890503,24.105448938308683,15.240203465471552,0.32500000000000284,7.82909281715277,16.60554752126795,13.516253256753672,41.29301228760228,15.194363871343512,16.239418658086294,4.95450706786707,18.955180662743857,0.0,11.379855722652962,11.475464741469096,63.01,26.945113166156005,0.0,18.357056739929305,38.94,18.459999999999994,0.0,18.055000000000007,7.430000000000007,10.534999999999997,13.905000000000001,9.829999999999998,2.9102690069184973,77.75843700375412,49.79612669832437,13.037313190236347,12.491833852891943,12.973664704138514,10.905744649312169,12.449853810362171,75.78101148204843,40.63524357733693,73.29535007866832,42.03,20.239505125233507,96.94,0.0,94.21,88.3663607862791,66.12,23.77053724747782,20.598865143846865,0.0,0.0,31.59266768537276,25.721157940929885,42.02996319401227,21.90771107396216,11.284999999999997,16.507190256896934,20.795044016407843,16.045,10.99005320651142,0.7063266168353834,0.0,0.0,2.097272894692054,8.864613421839607,28.013534866035954,26.64651126538314,10.822613916092678,67.745,22.438437445547166,3.104863397982996,13.297547990398783,28.52105127045887,0.0,17.447432587462174,9.616005125740244,21.668127397361502,48.06238370654442,45.00428290657349,98.05384170966526,21.311408430504343,29.519999999999996,35.008394475933045,0.905945059382887,15.674737090374052,14.44802530020604,14.829999999999998,59.86,0.0,23.970893425852026,33.142916459471806,1.837834067983806,5.777422061897909,21.93840660275052,11.911024018665444,11.323368131217592,5.312582863365591,17.036888697021993,0.0,44.27,8.780073004854927,14.337859112069609,5.882615252771615,11.862413660798708,36.66511958926119,5.3516303107824115,31.0096283194258,20.660811892640027,21.749802521636582,8.400166895277863,17.364749153067294,31.323382192684846,27.779113827116277,10.614999999999995,12.173842175151577,2.5461789196485256,0.0,8.249419566602242,0.0,11.622331704745335,53.69855689733093,12.030106806371123,22.2864966799944,0.0,3.9219899093848483,3.724781252128466,16.440447342894572,0.0,0.0,1.8415539282920577,16.993498670057875,11.388680689456791,0.0,4.431866813622705,7.469958259774103,14.22762203361242,13.689999999999998,3.870906045060508,3.752351476829247,2.8842425867085524,8.619581256629857,6.600964180156069,0.0,26.607829962715357,35.52740726437406,55.895,88.65,20.993800848641797,7.538353710170668,3.883195193505898,5.920182255309413,7.224999999999994,6.665000000000006,23.38473229699956,11.452197506066597,8.595297045242063,16.902032728675465,70.71006841256792,0.0,0.9599999999999937,50.774673021620686,40.68079953226204,14.305000000000007,13.498072671892317,16.560524770205546,16.97444941138768,0.8700000000000045,8.309229286981122,0.0,0.0,0.0,2.4681858272366526,22.937549493176675,71.39600825639647,62.73287701867385,71.4713621624881,5.698632497844187,47.93991766140181,23.929566909984317,0.0,0.0,18.469333450447095,5.478469619484429,18.296913774430124,6.366089607153739,8.878430500717613,46.92780796227042,24.946203461726995,10.895321731010597,37.664197574299614,32.81067288964701,24.91915219769966,9.579647874132007,0.0,7.577215385165729,7.461833068953496,93.665,0.0,4.234999999999999,19.458176973492698,11.255293960951036,0.0,0.0,53.365,10.804497395014323,5.237682594281978,10.149717613750653,9.780000000000001,8.075000000000003,9.150000000000006,12.997426002293793,97.565,6.635000000000005,95.73189691544097,0.0,23.352705954777832,70.59,12.799999999999997,25.006823172064983,0.0,9.178200560339008,0.0,22.791412115687905,66.715,0.0,0.0,0.0,9.468064497552888,29.13871199971649,0.0,0.0,10.850378515064932,30.216694557629523,31.773817136936742,3.8029775448559917
PKR Inhibitor,28.367305205362342,30.181205656218367,28.762020104390245,20.77322985339734,10.29441238685709,9.768203583187272,27.558182832948035,0.0,0.0,0.0,0.0,0.0,99.24742567606735,38.45258991003243,79.987572775113,88.92106609157555,68.60562881858104,0.0,18.73038324491094,18.100556844823686,0.0,35.52519646755567,89.97173841313474,89.755,14.817926680361651,53.21,24.9140744234669,25.581792897978744,21.900676869121952,18.085329070775146,0.4350150302976914,0.0,0.0,57.74307245555599,59.23641872296683,46.94345808700416,0.0,0.0,41.865,45.56,92.37924508260346,92.19702858889066,99.0960507326124,95.8659303119436,100.0,93.77,91.7,99.87411020380203,99.14444384270422,97.75,96.015,39.73529450264442,76.17295117675422,83.995,72.91159867980969,50.16218530871592,32.35327213972005,57.16358490335318,64.33047215416485,13.074112303709015,20.854257561628586,34.222495980532244,51.80193737383891,78.02504402135517,80.08190910165655,90.03709979429348,34.457126203409715,90.06783103596604,0.0,12.799881166835164,0.0,5.648391768715555,0.0,30.2362083690401,0.0,4.212228632064097,93.18426930123503,84.63869331633967,88.66316243415521,87.91228481915141,60.790934630278116,6.444436734755072,25.584999999999994,16.06180402150342,21.17,22.871946303441348,14.435000000000002,7.650000000000006,51.355,28.735,6.575000000000003,37.775,5.7549999999999955,13.954999999999998,9.435984353795561,0.2384009032781904,5.226287474823607,88.43502721945757,71.21032604974165,28.61051814306299,22.13158312873523,26.49617807069785,58.692544722887035,62.3954364125252,65.24608823977911,9.334999999999994,37.19096958115398,59.915,97.18462648916572,87.89,41.48725624805947,15.045000000000002,24.867433457279702,90.00392667876307,0.0,2.687423136056225,13.112693446500145,18.665136950900518,32.27648763205195,18.732615107623474,97.96,93.65503651138688,94.3217683342052,26.11,94.63897259948968,0.0,18.762374981166317,21.32036482777434,12.201478906086194,2.500281881893443,46.798382624431675,29.75560172837109,72.35560817001597,6.734999999999999,47.493388318420585,40.521451362949634,0.0,19.108241193704146,46.055,30.10271716438703,79.36947524519377,13.407600078494468,54.163999933920806,0.0,65.4892462116283,93.59293498519483,15.165000000000006,38.731979216359136,86.48050681568364,62.04271412961373,91.49752650733359,26.784999999999997,15.459999999999994,2.411582286166265,8.982212445923949,25.55466078213533,80.04388238529049,83.27607229469989,78.73659809981623,87.15489518697399,12.833207634575473,4.9660996173685135,22.680014805124216,17.48566510928012,95.265,75.56906651531656,43.18558411825678,59.93389498308189,87.9572418595317,53.91707991625276,34.63841542806367,71.13746050041931,90.11383513035159,82.35840680299918,5.83820972340979,12.190207593501555,65.34107803027794,71.9968093602445,9.805000000000007,94.49225090184704,96.62599593588936,88.38753959696788,89.22685545198046,78.38939171763931,69.0503416282789,65.68920480385367,0.0,22.776702996674075,19.797607183963635,60.512693565540104,6.839051882244732,20.435203225307475,68.03704914837601,0.0,64.46766281963924,20.237041413721755,6.103137825610062,3.878122369390212,9.574957225333293,7.769739949585187,42.89022659867079,4.864999999999995,18.878940001908077,17.173775749243305,14.552248503986846,23.535666280519635,12.166788609770919,7.236524628597877,59.14910170691658,32.63628018170465,42.27,59.035,23.270591825031445,62.82162691125527,31.918743706363642,71.7571797226873,16.950000000000003,65.13499999999999,59.92197250367856,12.423338551103527,8.64263868468143,12.660048937539486,12.422406801270938,70.85,80.55,58.84079211203728,1.3212936518701497,19.724999999999994,95.85981512956467,96.41840860763295,0.0,16.825000000000003,95.83311003078768,82.5395130598015,79.66645328640253,96.9999539351169,77.98292272681391,55.94619213224823,11.006895134518729,21.268295095198823,13.31685548227486,71.78838565071186,11.986066626453734,0.0,89.43538017907156,15.035243964332906,2.971566182426983,73.99209873413007,88.32276308028548,29.82331329333499,26.35310760981875,79.55767653688878,71.97660986619584,92.15926237529473,91.32014218020028,75.33240025743046,75.04167540594774,18.75001739894269,25.992660452147277,37.1045221163435,58.7889583606982,3.069999999999993,0.0,2.230000000000004,72.04627078615263,39.91094368852764,69.33792470650505,64.3,48.97,6.330569938692349,25.59145150605002,88.02739969715404,62.48,43.09,81.44,81.20719850809799,0.0,24.89,9.426509396497579,83.62674882933007,46.25997070862708,82.635,93.45,5.115011972016248,68.855,29.86265253138933,17.013159255814514,87.65129452282811,15.875,79.03999999999999,48.485,42.1265353193601,30.928725075388897,24.568158935692196,0.0,15.055877205680389,45.687200066759274,47.15838008905533,0.9697748932443062,10.895862204022492
"PKR Inhibitor, Negative Control",16.049716887796208,19.634566798786594,67.55763318573864,2.082572555950833,6.126436018618293,3.0911824661679077,34.22794975400862,3.5895811918817344,0.0,0.0,0.0,60.18116151989638,27.549390238680715,0.0,35.77676731091587,90.80746662236629,21.428676193308092,0.0,0.0,5.234732207464816,89.81122487491575,26.16220248924452,18.728514917095097,22.775000000000006,7.907712306258162,64.96000000000001,11.619142649196561,3.582429612662594,3.766835682935607,5.136777654233185,5.847822193782292,0.0,3.423544672751447,7.133212313010233,8.020858484296525,19.794413545258536,0.0,3.152223424528131,47.55,48.485,8.06436025657571,3.6700248537604523,0.45441082309726255,9.999197064341203,14.55094009823695,5.340000000000003,5.25,17.380863944334067,5.543529195208578,3.019999999999996,5.890000000000001,3.323276836121636,20.585368383867504,4.840000000000003,13.631508021380128,29.779176925994335,7.420376987804019,10.389441761341828,33.44056182080199,11.025251030831924,16.4695692619552,6.977570636881779,73.51299601223982,66.7084769490608,15.019470491884107,4.544695656594712,9.103771673603063,39.32294000022901,6.8785301719521215,15.000092449151794,17.760000000000005,9.978542953852454,0.0,1.9992612898382447,14.234912314070485,0.0,21.11357878166362,4.3588710510229305,9.116728857472225,6.005519344000049,8.234679662436506,4.292839370676603,6.480000000000004,11.11980736903925,4.980000000000004,17.491557592745153,6.855000000000004,0.5600000000000023,27.189999999999998,2.5450000000000017,8.450000000000003,9.019999999999996,9.064999999999998,9.025000000000006,0.0,0.0,5.813403101051975,11.768577516036657,15.721300893446141,8.534433988966981,7.896892614619517,6.284707235483637,9.219498763026564,7.983015291644762,5.9879866894136455,1.9500000000000028,15.15959779930887,15.025000000000006,73.53495313869553,12.735,22.058245403234395,29.674999999999997,26.97285203831818,37.41962374124879,6.583685577500972,0.0,0.0,4.222972770402805,10.408626690291229,2.7054876631653286,23.900000000000006,19.1946363754478,91.34664260845051,16.760000000000005,95.52420494166375,0.0,0.0,8.487910867332616,11.58028060800055,1.6657725045785554,2.9707677098435568,6.447307805215829,5.259930391898962,0.8499999999999943,4.6124287399995865,0.0,0.023365097985504235,8.234027788942527,0.0,8.93670835235082,0.0,17.243927607866112,0.0,1.2478338388538504,13.889623195328909,24.11828916810984,11.825000000000003,16.3461534561916,6.920526279970119,22.927478917333417,89.02757965674824,18.439999999999998,12.545000000000002,0.0,11.564869203747051,7.55207773389651,10.504316356009468,20.29558655525716,18.851424207600786,21.59008953967836,3.1814215860688932,18.039144908778013,4.322333016638197,0.0,16.364999999999995,77.61937036285276,3.598591335046194,37.68735411314691,28.54582643560113,0.0,13.157048770528206,39.55276244915675,0.0,11.25994480711607,3.9495036986786545,8.600859787157418,13.92464250369872,1.9715537412461686,11.715000000000003,67.51249278275412,68.35363634273861,0.0,0.0,34.506869646369665,82.63158605241836,18.5248563708289,0.0,14.028879099735605,6.041484807873175,11.76001597615209,0.0,0.0,0.0,0.0,61.06016834930183,8.357151279911491,25.4415330071363,0.8364140763902981,2.156843172823315,9.474995103244822,9.030651151259917,1.7600000000000051,2.8221872180411367,3.2461686242938868,5.665245278070984,11.28216144740189,8.530125515264018,3.027623217269479,30.006859009047673,13.861630660301785,29.735,23.095,0.0,13.63504991694407,1.629436011929073,80.55064756436977,51.365,85.535,0.0,0.767103450056311,0.0,2.659664273172581,2.5435374777110553,13.305000000000007,0.045000000000001705,9.163328862449049,0.0,5.864999999999995,8.543882462982609,19.281818677913122,0.0,4.665000000000006,4.4961055449334,3.1855164462040193,0.0,3.013145071771632,6.952634857489727,0.0,0.24545203926359704,4.6027168197365995,1.8348084497001906,7.894843485406199,3.281857464294319,93.07454504442197,19.612183952958645,49.75372693081144,10.448470186977147,6.8392278947569025,9.367734011126146,5.171798138041609,10.34014122582073,51.57728315225805,3.9581383666940866,28.111445012631805,21.453252819604756,8.661340891752587,10.82280204609097,1.3859302560000515,4.952820300475636,4.686368933147008,21.269723775903884,13.685000000000002,0.0,4.814999999999998,9.784634954588341,11.838385467577808,6.011963860651292,14.864999999999995,14.569999999999993,2.9749763208815807,6.722503022557277,13.190348570727338,28.379999999999995,18.659999999999997,49.38,13.160884067010713,0.0,5.109999999999999,6.966974570994012,0.0,12.605779923769262,38.855,55.195,5.581537578945671,15.560000000000002,13.355869741130348,63.05590173821787,73.0574771727307,5.1299999999999955,5.045000000000002,0.0,7.762276554735138,19.436287624396087,20.863016000060483,0.0,9.278055519440642,21.707768848728136,22.62677895460834,5.040227221873067,17.6769653593619
PI-103,5.636697667331745,5.085935690065284,10.441894007972422,4.736514201134753,0.8654975615683611,0.9671190476775848,9.545368135753051,0.0,0.0,1.96779466811941,5.0351495309788845,7.956427383581726,13.366286561096928,0.0,8.06319945483125,0.6188278002746017,1.8689349251081353,0.0,0.0,0.0,5.996391171866378,19.191446774207662,8.924631404072755,2.885000000000005,4.7794385228034315,11.084999999999994,12.241847351301573,2.2061714808846347,2.768150900828431,0.0,3.334475421731611,0.0,0.7617806855228935,6.258063546746229,1.7598809414569416,3.8244830968980494,0.0,0.0,15.375,20.235,15.62499509423391,0.0,0.0,14.489016554938843,6.059338126211628,0.0,7.530000000000001,22.130748119941842,0.0,4.364999999999995,10.280000000000001,0.06320223356220822,4.029483012461441,0.0,6.041275023447383,9.580623266788919,12.120029247581627,8.671382494639658,12.911165729272838,10.588663797870467,11.868728833514638,0.05834552810071614,5.338251208582193,43.78442065035462,14.824680976519716,12.042921953609294,6.896932432963752,18.492589848325366,0.8089469702433831,11.677714194368875,13.329999999999998,22.037127604286752,0.0,0.0,5.363870784812079,0.4882967982565276,6.213357884012694,5.691148777482397,1.0897883248634628,2.3568147607100656,5.141353737969581,3.372332992409781,16.180000000000007,12.192407871315211,0.09499999999999886,6.31340199746073,3.644999999999996,0.0,21.015,6.144999999999996,6.1200000000000045,10.424999999999997,11.39,7.045000000000002,0.0,0.0,2.353099461681751,5.883659100967577,11.019631578893453,6.531644573315219,2.2231882921205397,1.1845836094755242,8.27898019216093,4.2528738357445945,0.0,0.0,5.157813572663173,16.409999999999997,12.89885912297413,0.0,0.0,8.659999999999997,8.317673577066742,6.993092117481069,0.0,0.0,0.0,0.0,1.8453551828330887,0.02189355603317722,9.795000000000002,5.197669623184225,9.72480211397783,8.135000000000005,8.62832109439448,0.0,0.0,6.180161680814592,0.0,2.8677748776570695,5.176541756733144,1.6559995025499745,1.2253132264329452,1.4099999999999966,15.80208249045728,0.0,0.0,6.899447092947142,0.0,7.4020794057584,0.999092531911927,10.174817145546058,10.574483216828355,0.0,14.109022036561953,17.592086349872602,2.010000000000005,6.304748401719678,13.622711844086012,7.86616309439755,0.0,0.0,1.7399999999999949,2.193940273897681,6.078361639471439,14.338291384292944,2.3731899915009507,7.055220502038338,2.5918705797709123,6.6436895028368355,2.341505238843098,14.968495826327569,0.0,3.9576634189416353,24.510000000000005,4.003447638853416,13.433961807454153,22.854912164142178,1.0209686195478866,0.0,8.039715361770646,3.472667884603169,0.0,7.398328596352968,5.497460630791295,0.6418898043834105,13.534119238276176,0.0,4.965000000000003,6.658263728068562,0.0,0.0,1.350630352002213,12.191997604249849,18.725655739081958,22.16599010064749,0.0,11.4215172762201,7.108052235087868,9.567030760933903,0.0,2.710005232307495,0.7012991750215889,0.0,2.625104530051999,6.765480824725515,0.0,0.0,2.5871589416480845,6.595468443948278,0.0,4.209999999999994,2.411025977386444,2.507652469241961,2.48577001182872,9.30983729485311,7.16831332911309,0.0,16.18010874094074,11.349737996445072,0.6099999999999994,0.7600000000000051,0.0,6.66132663933405,0.8962463912815366,8.766522143029775,3.069999999999993,0.0,0.4731164694319716,0.0,0.0,2.166172820723162,0.0,4.049999999999997,0.0,10.24673705478962,0.0,5.105000000000004,1.6669609718555591,7.07211298873105,0.0,0.9350000000000023,6.170382551735855,3.7029238233854755,0.0,10.759768669692548,0.0,12.444124744056253,2.124753419071183,5.275189838246263,5.376677701501265,3.8478256317679893,0.0,20.89567039375882,0.20775625207738813,12.590851167314696,3.8552196402510504,5.098053947135895,5.502638115604157,5.688362258422956,6.866783477322741,20.520279169837778,0.0,11.906750718103837,1.798470922569635,0.0,3.3246536062277983,4.207524352236035,1.0537666831255876,0.0,24.714251833902352,3.8100000000000023,0.0,2.694999999999993,8.279282226621888,6.613755951414618,6.6138484736650724,0.0,1.0100000000000051,0.0,5.847278342641118,2.6404228951421373,8.435000000000002,7.790000000000006,13.25,6.973985418472012,0.0,0.0,12.296571128798277,0.0,5.053562682808106,9.844999999999999,8.900000000000006,0.0,6.715000000000003,5.216454871663657,2.3634333990158325,26.372899642153413,0.0,0.0,0.0,0.3170694920633821,1.6488239944121688,18.384412234795718,0.0,6.062518553896211,5.684717732135454,3.8187991466726885,8.567904747721471,6.8699095002118895
PI 3-Kg Inhibitor ,4.337684897888451,3.213503821502769,8.583676688866262,1.66917711268556,0.0,0.0,6.743224771245565,0.0,0.0,0.0,1.496008459136263,0.0,7.190541430425725,0.0,2.812926747802578,0.0,4.426614599684626,0.0,0.5929474905451997,1.4227151459047604,4.858753380176665,4.874646144295099,7.593439996576592,9.14,0.0,12.454999999999998,7.850007419412492,8.806044043925596,0.0,4.2761167496870485,0.0,0.0,0.0,7.690844831563425,10.686361527421724,6.344463246381991,0.0,0.0,18.209999999999994,27.055000000000007,9.283607199784058,6.21137931672105,0.2931649433151904,8.217147405037537,8.336037902027769,5.6200000000000045,6.060000000000002,16.75299996729902,2.0650560290003455,2.5349999999999966,4.219999999999999,14.81166215900052,14.026848369911988,12.344999999999999,0.5765769780495305,9.679537230899115,10.788269321238445,3.663119940850649,7.651942729453623,0.0,16.601101692086445,20.094718967245356,96.9235765767982,96.91529699547416,19.889333297952476,25.967269954112155,19.19012852183954,52.47120669129818,0.3598748332254047,13.653094686135361,9.519999999999996,0.0,0.0,5.65506042911592,6.6356222708367625,0.0,5.429392275173271,78.23477913814838,68.71043988187047,60.185357077199114,28.54265183393423,3.4854027996376544,18.439999999999998,8.184906332784436,0.060000000000002274,2.8661785363856893,3.9749999999999943,0.5150000000000006,17.614999999999995,3.3100000000000023,5.814999999999998,6.599999999999994,5.349999999999994,5.469999999999999,0.0,0.0,0.6124536537264191,12.208614446255154,14.811209832888636,3.4557609588544977,3.776879148481868,3.579790266543341,11.497978892961385,4.97340631670167,2.6594422220562706,1.9650000000000034,3.1719819668287954,12.450000000000003,4.811081709957321,0.0,0.0,8.260000000000005,4.673877219553759,13.89030874793741,6.727733447622043,0.0,0.0,0.0,2.9983755479089496,0.2370903234819366,11.170000000000002,6.619200264960639,61.225632122994426,7.805000000000007,19.092762335226723,0.0,0.0,7.60489773988084,4.952431715343863,8.018634345101205,13.30246681257583,3.926907796652131,0.5211989415326457,0.0,14.481117446525985,0.08058061288551244,0.0,8.762960678048472,0.0,2.6125541230570803,2.813018446494226,8.500400284949507,3.9918120044281835,3.962335037672659,7.391187216038645,14.610293966635851,1.3649999999999949,12.647643453739505,3.389379185449954,9.474510633636854,4.0447574555203545,0.41500000000000625,0.8499999999999943,2.3011204134137557,0.0,0.0,3.750541566303511,6.964930430361932,5.747693811475941,10.077720083524653,10.53445573455295,6.498757872129772,0.0,0.0,9.254999999999995,11.681887841814898,8.759053866449406,2.8951509225422143,2.8082057527063,0.0,5.818710247878968,2.501474760503271,3.5255280844248915,1.7660845098926927,6.9371442327629325,8.731086317455336,12.203442724460189,0.0,8.635000000000005,4.980175127541784,0.0,6.75281793147353,8.990720072364923,83.80799667564071,16.1629841537395,26.396840250607283,0.0,7.836962019549645,2.7459880584069083,6.858050229560064,0.0,0.0,0.0,0.0,7.624400897999749,1.5651609238188087,7.06999324462484,0.7607610132488958,0.8570680827413213,3.364786296504576,8.811746706522058,5.290000000000006,4.022258477065179,1.5799525548196414,2.5576429538676706,11.46312929983543,2.594447875608907,0.0,12.285197996551176,7.018999706413439,0.0,0.5400000000000063,0.0,8.670058899973696,2.6092799939846856,38.34089703471872,0.0,32.739999999999995,2.750542320502504,0.44821260902995164,0.0,3.0589041186542545,0.0,5.560000000000002,0.0,10.34401935506473,0.0,1.4099999999999966,5.233595838711068,5.257962994352127,7.168953627930932,0.0,0.0,1.7318783262310404,0.0,0.0,0.0,0.0,0.0,4.287312045334346,2.270547234161967,10.833613602047748,0.0,7.695212392538679,2.2790520409636486,23.20430996973988,10.105153988847789,6.04187908644343,8.738886663227248,2.1880364387164946,7.743550745852744,19.280386689778894,0.0,14.584223408501629,12.400714577587877,4.964232147875634,0.665736742803233,5.69038820868181,0.0,3.718636331419347,23.977009934533868,3.424999999999997,0.0,1.8199999999999932,8.12245844122927,21.397841808682358,0.7378325418010547,33.72,0.37999999999999545,0.0,2.0219385819119964,1.251784762659156,17.17,10.090000000000003,6.935000000000002,9.43521248455039,0.0,0.0,10.517888473848842,4.816658724001286,5.775568309819647,9.260000000000005,4.715000000000003,11.309042680574748,0.0,3.228171365281213,5.303537110554913,14.809765096810466,0.9200000000000017,0.0,0.0,0.0,5.08541919534116,16.934708612997454,0.0,14.186763632562219,10.663978583785791,6.359826572340808,7.579497604493582,6.6922482239845635
PI 3-Kg Inhibitor II ,1.451628694485123,4.018484183489605,6.749682375584854,1.803659472205311,3.7856716883459853,0.0,16.612608009603093,2.8771009808896792,2.6410155149486485,0.5812487681603216,0.0,0.0,8.174655645677632,0.0,7.585016712348136,0.0,1.880285702866118,0.0,0.7981090204326051,0.3967074603317826,3.707566198827209,5.167158818434999,12.026113993253261,9.120000000000005,5.719964106660143,6.584999999999994,5.5115828013780686,3.7992216918200086,1.5844896658088317,10.136414782300562,4.020908968385783,16.849083244455883,0.0,3.189226359624257,0.1598509344880057,2.905468580101811,0.0,0.0,14.049999999999997,17.055000000000007,2.78966697150463,0.439083000127539,0.0,10.081591338362756,0.5753693191274465,2.8799999999999955,1.8050000000000068,10.27474733201015,0.0,4.644999999999996,7.420000000000002,1.6512615336660588,6.45912730372163,1.3199999999999932,0.0,2.1469686837073283,11.630734421712589,1.0712473250076044,3.1224730578060473,24.513501237567823,15.469429138524532,8.58181411384669,77.36177512867232,70.05891135912475,0.0,3.4260818075434685,3.203180530851668,11.214652434671024,7.003218908039514,12.026928680680072,6.775000000000006,0.0,0.0,0.3423211815763807,9.882054848020303,2.4703078693668346,9.56164307965608,15.361941564756592,0.0,1.4232567886023588,0.0,2.2677142404075568,14.89,9.75026420593585,3.719999999999999,2.382727206358979,4.055000000000007,0.0,16.875,1.2750000000000057,6.155000000000001,4.430000000000007,4.239999999999995,6.875,0.0364455223486857,0.0,0.5000241121333033,8.371675598125464,14.330365234237178,5.1253317818877235,2.8412594002243168,1.6640332123060375,5.739998461271227,2.3630885294272304,3.5723717851928853,8.965000000000003,4.196025832760483,18.465000000000003,7.143913321059358,0.0,0.0,6.575000000000003,3.9970966370419205,9.260102114210582,0.0,0.0,0.0,0.0,4.596145765006682,0.0,11.935000000000002,7.65981756519335,3.2964105916978212,10.245000000000005,4.730659603429686,4.098298328719949,0.0,9.932603657860994,0.587596705927524,0.0,11.598486839768668,3.887845544251718,0.0,0.0,15.810556682204208,0.8236735462854625,0.0,7.108401339370232,0.0,7.1092120236341145,1.4051298505938234,4.851101681581554,9.13691358692175,0.0,5.419488318944531,11.885521381287191,1.7199999999999989,3.556930809132112,3.0519738804211585,1.3541946338581,0.0,0.0799999999999983,1.8900000000000006,5.592485770290693,5.7535584768527315,1.806288277947317,2.7937254008114536,3.181767415917534,7.691119515515325,2.199354099743971,4.4323955128728585,0.0,6.005338419700067,0.0,5.635000000000005,9.890503862755168,7.717926772694483,0.573662534455508,3.431604855498904,0.0,8.840001825457037,2.173855017578944,6.862402468227074,1.7092987479014994,1.5130045200417896,3.5511396199771355,8.886945353707702,0.0,4.640000000000001,6.739906200762533,0.0,8.067982063492622,13.222082557525482,29.135203053890862,12.08084204685349,20.40328164771553,0.0,1.0753291434376138,7.449527240333694,2.209929975565842,0.0,0.0,0.0,0.0,6.2251842234961146,2.8827397142564593,13.295756382369404,4.311524817770717,0.0,7.2329966738356575,14.89763380003248,0.0,6.65109911089975,0.0997473125074464,6.858160867426989,10.042189863220784,6.955184735009425,0.0,21.847563674066805,8.177434425576877,0.0,2.594999999999999,0.0,5.8015146436023315,4.797204163926949,64.12012994136997,8.079999999999998,60.2,0.0,0.0,0.0,2.279519141320719,2.445600200223012,6.814999999999998,0.0,7.310995827840969,0.0,4.140000000000001,5.158532581615006,8.617755176275551,0.0,0.0,8.497144656236216,4.365793010790966,0.0,0.0,1.5049250429234178,0.0,7.064341952646259,0.2533748654949193,7.558152846509202,0.0,0.0,4.5169465545641,0.0,11.828387325511912,10.699508958519772,6.331241214266242,7.649083996424864,0.0,11.539515628525919,28.943768699896964,0.0,2.7015875352824423,3.4965811910190325,0.0,17.770171917726202,5.268239775963551,0.0,1.6996960731446507,25.19931983637983,0.0,0.0,0.0,9.043591585815605,6.701730857199124,4.339090414961632,9.209999999999994,0.0,0.0,4.678083330058968,4.68769056930455,9.980000000000004,3.0649999999999977,15.280000000000001,6.684784888889908,0.0,0.0,8.14735738953442,0.0,7.534091981358273,8.090000000000003,2.0250000000000057,0.0,0.0,4.57244683828948,4.549124068795862,11.56620800429431,0.394999999999996,0.045000000000001705,0.0,0.0,14.401594155463897,11.221042702765146,0.0,8.538039777498952,12.094839239083157,2.375242803206234,0.8168511400920977,0.0
PP3,0.6248652589572856,6.9890928082582064,9.742835374381599,0.0,0.0,0.0,9.089115089285627,0.0,0.0,0.6479126011830232,0.35558969059692913,0.6856735394170244,6.8078695132251426,0.0,8.093340925375031,0.8387144685603687,1.8056707003452175,0.0,0.0,3.2244964458510594,6.410829740820446,8.008773560467745,9.76722578794697,4.739999999999995,1.2720580750170143,10.510000000000005,5.687045882421458,2.9000174189454384,3.0737822698802972,2.5107066079143436,2.4915902415885682,4.373198429228282,0.0,0.0,2.233238124863604,5.333836837656207,0.0,0.0,15.155000000000001,13.209999999999994,0.0,0.0,0.0,6.129034207366203,3.7660658274470933,0.0,5.969999999999999,0.0,0.7647603156334242,5.284999999999997,7.829999999999998,0.0,7.149404492366784,0.0,7.541045793395597,4.490989545274701,20.204200694361987,20.52947981724347,18.472761386081828,5.166699886308805,4.917840129394904,6.564438296145823,5.599178911270684,0.0,8.185392728326747,8.566928296901281,3.8927480737007443,23.258640861939128,1.4289165189434812,13.24172080763158,10.079999999999998,1.547587823712675,3.2931861335543147,0.0,7.6880645212264085,0.0,0.0,3.183186281889064,6.972591171835006,4.42861892902377,3.2175726314947894,1.6361344604616619,26.97,7.607007611770541,4.025000000000006,5.025570956818029,3.780000000000001,4.420000000000002,16.83,0.769999999999996,9.489999999999995,2.5250000000000057,3.7849999999999966,6.480000000000004,0.0,0.0,0.0,9.925806922286455,14.62880237006209,5.105354619713893,1.0457977980029227,0.34570422626521236,6.995763934277861,0.0,2.093229190216789,5.239999999999995,6.165798009555957,11.530000000000001,11.09389189641223,0.0,0.0,0.0,2.2490126598890186,5.111342312287661,0.6412854517562039,0.0,0.0,0.0,7.6515480402875795,0.0,9.730000000000004,8.438976526224451,5.23523934001156,7.599999999999994,5.571115337002254,1.5911936137695761,0.0,2.385227929677157,13.669607615794575,3.5760497387291963,7.362076648994602,2.6895057310666743,0.0,0.0,14.19565728963181,10.56449431147577,0.0,7.2912394015613415,1.8799999999999955,8.385047105845615,2.6171514173992847,12.94755605071758,11.811552514007076,0.0,1.1675203527200892,12.819302874378621,4.519999999999996,10.934938726250763,6.124975477920316,4.61967319482892,0.7348960372685838,0.0,0.3499999999999943,1.4179576109396521,3.3779381806534303,12.902248766042362,5.195248785383853,4.683590860995764,13.937816682440257,10.296546581489878,6.139440891870777,3.0566835453929,10.490524682367408,4.46773964473843,7.390000000000001,11.092228359918622,9.171301377221795,0.27267342856842447,0.12319213778209814,0.0,11.37152598297672,4.019333924980103,18.574368024963974,27.319810454596393,9.847880245713213,3.250534493647791,11.026901827344972,0.0,3.644999999999996,3.203593666169752,7.697455207959393,3.6799850550833213,17.77253094284319,12.042765529891497,6.556926169683777,37.63442850625658,0.0,1.1838976009649826,6.480746966515511,1.2506291486908623,0.0,0.0,0.0,0.0,7.45838894387154,7.3613797410615405,10.812361102672341,0.06922859033014106,0.0,9.444273644254096,0.0,12.459999999999994,5.764835321482337,1.9057201177927254,1.2336386614828285,13.486985240703632,3.0225911822348195,0.0,3.199681049508854,7.573911812864992,0.0,5.299999999999997,0.0,5.781236683456697,5.916594210872489,0.565070815586509,1.7849999999999966,8.590000000000003,4.616513637778809,0.0,0.0,4.827816063928239,3.5115021855815485,7.0,1.7150000000000034,5.195651322025952,0.0,2.7450000000000045,1.8931795940786458,12.724257876048597,0.0,3.655000000000001,0.0,8.708513466099248,0.0,0.769842039858446,1.4107377530828842,0.0,1.0985408050307228,0.820177523281231,5.408868942252781,4.712559909531734,0.0,4.569699245199189,1.7522765699414578,6.9175110524196555,5.471803335239471,6.220008502453922,16.76604892403398,0.0,5.7824783257987065,20.500488318125804,5.043720937722611,7.541470208757332,5.93229347437115,9.084647578446038,1.5901039165817963,7.660393522049247,0.15873919126663338,1.955668494421559,24.784762328943543,0.0,1.9449999999999932,0.0,5.707593921684378,15.93796918643423,6.759543611220693,3.8799999999999955,1.4350000000000023,0.0,3.9863043566993355,1.1394082236559768,10.519999999999996,7.010000000000005,10.909999999999997,18.7347712427557,0.0,0.0,7.800502242796227,0.0,3.8538114377497834,11.284999999999997,6.3799999999999955,0.0,9.355000000000004,5.169100982710191,3.154086380732025,13.333140117544588,0.0,0.5499999999999972,4.864999999999995,1.0786347246105237,15.605917259129484,10.0226528308215,0.0,2.8468799912500344,6.258873249587467,7.509661410162408,8.453088735688254,0.0
"PP1 Analog II, 1NM-PP1",8.863846400240249,21.030438983768164,97.63791290992943,5.783288724926834,0.0,3.13205308331365,8.124410241705192,0.0,0.0,0.0,0.0,6.385740241696709,1.2307748170647415,4.775532950042731,1.380229776328136,5.248898343914021,6.792067086418143,0.0,4.4907224441562335,74.79051208103604,8.649705538832265,80.78955356416135,9.61562265757587,8.045000000000002,58.24963758444326,15.424999999999997,5.496047888698627,6.90278733761042,32.71125540710142,7.424766495466656,3.4577233273061267,0.0,0.0,0.0,1.0554426289465084,5.861554012131876,4.588831033625084,0.0,15.405000000000001,17.629999999999995,5.2359334017511685,0.0,0.6491816995604154,10.427953289674036,12.216701907153634,3.2849999999999966,4.159999999999997,0.0,4.389142706029062,1.3599999999999994,2.7049999999999983,0.0,18.616903781288187,0.0,0.0,7.965527691008447,16.371541724220094,46.32798348131193,98.47377350486177,7.085585617199754,0.0,0.0,0.8522781548198566,0.0,2.28136834414434,9.756211892291873,3.750161498390227,23.476820070729957,5.763475820129031,53.93116796944997,7.040000000000006,12.718746707676544,0.0,7.007987630691332,0.0,6.849563849350119,6.6974779663518405,7.503987865534427,1.3969246909608302,1.1046177418480738,5.985861374763033,1.5075500151075545,32.245000000000005,70.17161421340512,57.965,19.489660988113457,51.15,56.495,90.62,9.599999999999994,33.230000000000004,52.27,55.445,54.84,69.3455476511082,0.0,19.74332855518321,8.032614357562807,14.090710605799089,3.670878332067133,23.6161397978062,3.173857904161821,26.225590603777647,11.682717399444869,5.395752067204654,11.564999999999998,39.63623996072971,14.745000000000005,9.589158649698447,20.165000000000006,0.06401788610645553,42.265,55.29461051783416,8.70624394602578,0.0,0.0,0.0,1.3498096181417338,0.0,0.0,7.920000000000002,0.2223726380381379,42.86382656977233,31.569999999999993,56.54352398463196,4.755129062146537,0.0,3.407552444868827,7.618548499902545,1.491570659587552,6.035448577998437,2.6657552293593483,1.6909101171441705,0.0,12.984176255838307,9.580300442578519,0.0,13.531704164403322,9.569999999999993,5.665262721436804,0.6863059462460512,8.11836164043406,19.678380937600167,0.0,5.107635467409722,46.11380619960782,19.625,5.455231790435192,46.61998400945184,18.85601525937855,9.10187540044582,47.405,25.165000000000006,0.0,0.0,4.2537871442939945,4.2377880433043345,8.557726029655896,18.468604355132157,12.81690383302032,0.0,0.0,12.185501623380446,1.2276266736350863,9.299999999999997,21.646150695861905,8.942397099158654,1.768323581582365,3.996170116208475,0.0,9.631033039912595,5.248521350416496,10.155011087483189,6.641783208207329,7.4507164815754265,3.6718904590374137,11.076168706048662,0.0,7.060000000000002,14.33602490729831,18.007008149581523,8.743295938957857,19.302049545373762,12.365194036147116,11.843846777347935,16.40560541986504,0.6826720998200244,1.6243714154163058,4.484102316930489,0.0,0.0,0.0,0.0,0.0,34.326293728907345,5.316808448260318,36.712579538673054,4.850005580936127,0.0,13.423692182859753,1.2990240307028245,7.284999999999997,13.962632475310372,5.269716738160724,7.636183135635434,5.59184919077741,7.118876747235021,0.0,0.0,9.829170830135922,5.275000000000006,16.685000000000002,0.0,8.688359658369734,4.177839971278431,0.0,5.905000000000001,0.5849999999999937,45.709195054787514,44.752783692484044,0.0,10.164926937743957,0.0,1.2600000000000051,0.0,7.91166301601632,0.0,1.0799999999999983,73.77203225954278,79.09009248115295,0.0,9.694999999999993,69.32595394238609,4.912598899938146,0.0,9.029452282449569,0.4295964615205321,0.0,1.866915633101442,2.3541801246657315,4.955539195877691,0.0,0.0,9.362818717416658,74.54755301727315,37.430600375049686,8.567402070316305,6.564301945203965,4.436824646533395,1.8938388234955141,12.148619967341972,12.203067233215194,4.677025168702059,11.750529668243189,5.833784465873748,0.0,1.3412042638052242,2.2458550991908197,6.957716626561634,5.1213541101779185,18.02166701691887,0.0,0.0,7.599999999999994,2.4378172330897883,8.332836440312576,6.95828787877619,0.3149999999999977,3.5649999999999977,0.0,4.294378704256559,0.9713859452147204,13.555000000000007,10.685000000000002,14.019999999999996,0.5697726348701337,0.0,0.0,0.34470287418670864,5.690307200944005,2.1518507508864104,12.775000000000006,7.25,12.431581973805265,15.469999999999999,71.36151936454965,1.8122973527551665,0.4675677381895298,2.325000000000003,0.8400000000000034,3.9350000000000023,2.683143355762283,14.515667754369701,15.394519988929446,0.0,8.83823486290396,81.35590535913465,9.13058851981036,15.400626031646993,0.0
"Staurosporine, N-benzoyl-",17.312754952238976,23.741296927371053,99.50548434205508,18.719899693202564,22.792455602167166,44.86647081450283,50.838210823800424,5.655917094468862,4.544571325543714,0.0,1.2723122107503144,0.0,97.29156457083059,0.0,95.52439294611689,97.03985159069893,87.9787374895266,0.0,51.245059101937954,68.00804329664801,0.0,3.7732527227652497,78.87703626372556,83.605,39.47442749217818,62.58,21.344775575454534,10.603161988645539,60.42158029159551,6.995966744995997,7.140744071083546,19.178950431631918,3.3522523687458374,63.24582117550514,42.641237232047324,82.70367391017119,56.084136288048896,0.0,79.615,96.105,2.9416141201297705,6.031859070236322,33.40012713882355,18.804258128848943,18.089660807636704,2.549999999999997,1.5400000000000063,26.740662156577798,25.902002494700326,3.4849999999999994,8.844999999999999,0.8510760908989567,28.978881892009014,35.75,46.99946974269537,14.946540302038713,3.7525930391570057,0.0,3.4317427246159298,0.0,1.6964272020559008,4.656529345632421,0.0,12.152534186215092,44.2001208838648,63.95736364462428,10.419379846180718,77.40963795056564,0.37517912854522706,44.9491506113815,0.0,15.965802603794145,0.0,0.0,0.0,0.0,37.132778802444506,67.76274604519456,64.40445526830995,0.0,1.4957623013257546,3.5854087059241806,21.465000000000003,6.490907499804592,7.715000000000003,5.939784305026734,3.075000000000003,4.185000000000002,20.485,12.775000000000006,5.920000000000002,3.644999999999996,5.980000000000004,9.485,0.0,13.343315183009594,1.8256396681441203,11.647374404889007,11.154545241665275,12.55080487197337,77.64404112566446,51.6982974531595,63.924713072803506,50.49509434254928,42.46814424711299,15.849999999999994,82.6320705969363,62.99,97.58780760050651,89.145,93.35190633171686,34.16,66.03648448947354,94.82786774424349,0.0,2.5374580284068315,5.601776347611008,6.68275517498904,39.18286974546329,84.45067256754423,72.61,50.21295328741261,29.83367453098694,85.105,92.74505086508663,0.0,0.0,6.672072235350271,9.457322980552078,2.889755820478257,10.394178363450749,2.1485967732590154,90.14636385082665,0.0,13.691631848419007,28.548096381350703,3.826935795635549,29.390005445238984,83.745,91.06134756664724,99.21884215191261,11.712901436594137,17.328623158407595,1.0648486412788571,69.41372269539337,92.99144633431895,80.25,80.39859259760831,5.180409762207631,80.74538693996429,91.53517071875272,71.12,36.785,2.2153086889798743,8.476384645422243,8.03950078655069,95.90779461133745,96.4694811821528,95.24140358047812,96.83832573087048,0.0,18.497252523983178,69.83834207693153,68.95834415467571,95.135,70.78952987776646,8.565998190748246,72.66336862789171,16.46915238850937,99.55369995914941,96.85357984433095,98.62453373970936,7.264621397690078,41.94087601110149,4.017521520954773,4.109477146873175,86.77754438633569,83.22653367033293,6.730000000000004,94.41722602771021,98.06653627303477,60.89978571533452,76.18168227523897,55.38871892430059,46.25895107060935,33.802639830715364,2.0067358282094574,0.0,0.0,2.4061379246777506,0.0,0.0,35.639254888151925,0.0,3.066185999201167,1.8303968388768652,6.291808676551199,2.368170463706889,0.0,4.155210898315914,80.63591737707921,44.09,64.90068904027581,33.377133272450465,45.258610608689956,7.110193100250953,9.6011020738693,3.6009358098860957,9.139171725878441,0.0,70.03,85.205,78.24853626183554,97.65744219822179,20.289811589527233,58.81634222476383,1.2049999999999983,39.25,65.99834280410755,41.91677985086563,72.28343540493928,77.56020566730763,90.45851878125342,89.075,89.325,79.57005666370995,64.40517107561715,3.575000000000003,28.448449866021093,55.12161755714538,23.126755287753525,1.4000000000000057,37.13014779763835,91.63294146628044,81.24127634869933,100.0,98.63250378421752,88.56545065984977,4.594319993676777,2.5251316354888615,4.743990447732273,44.64328362568993,41.837687400831385,0.0,84.4010651678305,17.239853859905537,3.557281216616687,14.678166442193003,19.12394255103655,0.0,93.46520586410993,99.56759950808886,96.81059458248497,96.93592216458681,98.84570605115384,18.13443149850829,0.9890154451940134,6.531353094937742,88.30412719266347,69.50888224420763,73.80661241630754,2.3599999999999994,2.875,16.855000000000004,52.10737521545404,91.76092922242285,45.02681546788995,53.57,16.215000000000003,3.9532411110340604,83.18411169887617,80.99534144278304,39.235,13.780000000000001,61.925,96.7835721519787,0.0,0.9399999999999977,4.172633082764435,24.980387608855267,94.14717512444676,87.18,96.245,10.911703869078593,44.985,28.276056156082873,49.93529847478585,91.73853826422717,1.2450000000000045,0.7900000000000063,4.2549999999999955,63.003180311260124,9.183743898765329,10.65630157219249,0.0,8.62778192314579,79.4026310165917,5.812136627961152,34.59613311375526,17.39699824614563
PKCbII/EGFR Inhibitor,4.3273443931260545,10.390681454985469,6.814586733447797,5.171262786667043,4.913772629514355,0.0,7.418699625395973,4.070908344922287,7.669211026965513,5.82349331313543,1.9191779635297337,9.259951398377922,6.0361063475988885,3.371183966490861,7.261139119139301,0.34985675672780303,9.15353238759036,0.0,5.654984732657439,4.685395768213084,5.789953871406837,4.866816681580019,5.731785866343671,3.230000000000004,5.689264331730357,2.8100000000000023,2.6477531668285366,3.3049967863569094,0.0,0.0,2.653248578759687,21.919411552664457,0.0,0.0,1.2784794304627525,2.094314497386833,0.0,1.2614668679073873,9.829999999999998,11.680000000000007,3.9242173269948353,0.0,4.665940843081842,5.729060914539929,1.1264887649248863,0.0,1.019999999999996,14.057372441777659,1.4967563866398734,1.0450000000000017,10.129999999999995,0.0,9.230278618054655,4.625,0.0,5.653687825849346,11.993544289120223,0.0,2.0153340137373306,3.681212478915313,2.5332811962049107,9.265525079516522,4.313376769903385,0.0,0.0,11.877364256895774,6.275431219620515,11.37855870999556,3.6550488066499156,8.030393411723452,6.519999999999996,18.70898759235675,3.310596709179407,0.0,0.4089846503769934,0.0,0.0,4.431280628422243,0.0,10.94447419089937,2.928246542175117,1.4431228853353133,29.325000000000003,2.6346756812776846,5.709999999999994,3.384550527150566,6.045000000000002,4.635000000000005,33.22,15.420000000000002,4.5049999999999955,0.0,10.739999999999995,5.325000000000003,0.0,0.0,0.6301648686622343,13.894150601457085,0.0,3.9912336139944955,3.6235722513159203,0.5152080752084771,7.897606438248545,0.0,0.2918020196059956,4.5049999999999955,3.6688471706584096,18.534999999999997,8.462091280363836,0.0,0.0,2.8400000000000034,0.6228611467409451,1.8229856141069547,0.0,0.0,0.0,0.0,1.2846879913584388,0.0,11.769999999999996,10.82754056747791,4.856697421295323,11.670000000000002,8.849040414568222,0.0,3.394964879990596,4.71849878379318,17.473416057951525,0.0,0.8471754979616435,4.3695643459479925,0.0,1.6500000000000057,11.489433474197313,1.9065377307602773,0.0,12.714463588210364,8.510000000000005,5.388268932829945,6.148385222956676,8.56669182292319,38.63018811268148,2.7366866599575133,2.077918668982022,10.450928657119448,1.5900000000000034,4.142552820350005,1.8330921636631672,20.830589999083855,0.1519899230078181,1.2950000000000017,2.174999999999997,4.306130589352591,4.0616099929541605,6.646830944223126,1.0977134718563377,1.7628992850669505,9.225063512059904,1.7806013444423172,0.0,10.501920689805601,5.1833253500872445,0.0,8.049999999999997,1.022969758901695,0.0,0.0,1.2667940510218045,0.0,9.398579497703963,1.6263730771733833,0.0,0.0,7.728825682277886,0.0,6.435808490154301,0.0,1.9849999999999994,0.0,9.26141593152748,6.299311758844993,1.018959724496625,9.82150823288859,1.8139090108745535,12.043656392132732,0.0,3.659693208974616,0.9384881985639026,0.0,0.0,0.0,0.0,0.0,0.0,0.0,11.66058231945749,5.392895790295569,0.5864486293520059,6.384977844524002,4.498182468661383,6.069999999999993,4.452787878137485,1.5066900282623124,0.5772898474246375,4.920284292684769,3.6279360554514426,0.0,8.72880857067642,11.647365376436696,0.0,6.1299999999999955,0.0,5.2337865167395705,2.931356566933843,18.216202357129447,1.3850000000000051,0.0,5.464084366160719,0.0,0.6632884193351742,71.81217410601496,84.51515312582133,1.8050000000000068,2.1650000000000063,16.710526229338328,0.0,10.950000000000003,7.771880378816164,3.294736173265761,1.2599200236086006,0.0,13.193457829490583,5.7130387775641935,0.0,16.7469180477094,2.287680362271942,0.0,0.07149943631887368,0.426793079882259,2.0184242181475156,0.0,0.0,18.12264468162826,0.0,4.975833771073724,4.368034624901412,3.3062142444773883,7.162011934601509,0.0,8.04297063633851,2.3255969772608296,0.0,1.3145658734766812,2.5589946896595848,0.0,0.32148648294148074,0.0,0.0,34.50025560891606,0.0,4.5049999999999955,0.0,7.680000000000007,14.194194939379884,9.786646760152848,0.0,0.7150000000000034,14.534999999999997,10.84013239252414,1.1913501668664424,1.2352542738672412,9.724999999999994,5.290000000000006,10.084999999999994,0.0,0.0,14.825000000000003,2.365499308656723,6.4968425997086,6.368076689651872,8.055000000000007,4.400000000000006,2.7600480079536283,4.605000000000004,15.853745100547343,0.30611922543452863,19.382938874599745,5.159999999999997,0.0,15.310000000000002,3.7306990035801277,6.952091209388357,0.4372509274321743,0.0,7.309765043141411,13.425910575785906,5.477834945663062,21.21998691970626,0.0
PKCb Inhibitor,3.882437971659556,8.198802870750256,34.14640431129885,0.0,7.6929007008275505,28.987578944893187,2.3019522457993844,4.102346113822762,5.567488858673613,3.766187613710059,0.0,0.0,29.432423140260425,0.0,21.157072488156643,4.592838049241337,10.169487961334113,1.2171999138560352,9.07910289566405,9.996784542689568,6.220914875954961,11.119500933440065,4.66564915719411,6.4195374926570565,0.0,9.779729062217172,13.881854192803829,0.0,0.0,0.0,9.382051133207227,2.629196291500378,15.363532365558939,4.483328366155192,6.173936652471696,14.632559387599429,9.144642639268682,0.0,3.679743549797479,48.6919547449471,11.131277915784068,15.080342084862963,16.63306394133457,18.190612998174288,9.08477838325912,0.9434386123989214,8.97273037669639,13.985748370247578,8.597661079538199,16.85145733043896,0.0,3.716928674809651,35.398639271178354,48.7151610353791,23.385938168203424,11.653916309850956,0.0,0.0,3.27603424958005,5.001269073151974,4.610134264949352,0.0,0.0,12.434912703719931,56.72327639397609,85.33779648289898,6.1312148100859645,61.075348192395,0.0,0.0,10.160494659102156,0.815338845469725,0.0,3.66778645580996,4.440173520823976,0.0,6.878685302619743,69.1586921121129,43.65251468929883,2.6832945130561257,0.0,11.041611789693718,4.947183416553628,0.0,0.0,0.0,0.0,3.9052164786529318,0.0,10.491610563307745,0.0,0.0,1.5697323070725986,0.2611485177035462,12.112029111986217,6.448967802067045,40.36577898577471,0.0,5.160672578310482,0.0,43.92207456608398,0.0,21.472835493279263,0.0,0.0,25.363681936257237,13.662343428111143,14.270256239164468,91.79459461431625,4.227190426948496,2.4706544180447594,0.0,0.0,14.33515407760703,2.868313300415565,2.1380422005684636,8.385082843891823,9.078037122847547,1.582268626130599,13.745536394443803,89.44812302177183,85.82823178091667,4.209833281777591,2.061497149964879,35.98396339457557,0.0,12.445397981707458,0.0,9.300082693564235,4.664484862643803,0.0,0.0,12.972725648557088,15.566952664610625,0.0,10.529829134418009,0.0,6.125627356167257,17.94754391988286,15.695678716787526,92.03148957363203,0.36817222379332293,0.0,0.0,9.755466089566085,33.49336117216883,0.5966814629671546,16.187751540076505,10.094598032890929,88.48053419737312,56.369355639565796,3.6257740568431416,0.0,0.0,7.591965835490896,3.640062976025135,6.412479235823952,2.92392443559676,7.903514245537224,7.433203544379495,9.362611376155144,0.0,16.653041103378,4.225060375790008,0.0,9.871574684234957,0.0,18.362651390139746,4.309525645859367,69.41260780064513,65.46461407167425,86.70080432126996,0.7071403196943038,12.828040963345472,4.76935384472408,0.0,63.13731040422418,55.5782575282066,7.458361505268954,59.14834350080019,47.98712434113885,48.27794536314754,77.84444641999562,48.41749273568008,64.04442334249836,0.0,24.396784911268526,0.0,0.4604235632928919,5.130278677728654,6.381983170080218,0.0,10.881473287282063,3.9148968519659206,3.0144575017320108,2.801483928912347,11.663615763792137,0.0,0.0,0.0,57.26426109836191,13.92658481131528,7.124042359216148,11.483870611782038,0.0,2.2417011513116876,5.791295192680636,0.0,1.9785566802972738,0.0,5.930779944880115,23.482091727475762,19.736548030311354,35.36862933164015,0.0,20.946277736087822,0.0,2.482756357418367,6.025624514910177,0.0,68.0356747144663,90.22339934658262,95.7065947309523,80.73607597094097,87.24054707731015,70.25356798588064,48.431033753143275,9.30928723877713,5.604408874368772,20.015568816439483,62.80791689615768,0.42007675137972456,5.73923636936054,10.685520173049213,11.162994891421974,19.665146358754527,77.28002991437951,23.08458413443492,0.5156590751327883,0.0,0.22218980758557905,4.519553044826125,6.6911473332532125,0.0,4.422291882023657,15.722449606043881,0.0,0.7669431321904483,0.0,6.490840979866277,21.313033820594455,92.45998814650417,96.153746795102,96.82854865348267,97.99709648891819,25.079929726303988,17.581540583095858,10.121025488919386,9.664067692765684,60.904994907653574,0.0,0.0,0.4700080923354051,3.782547203614911,0.0,0.0,36.89301685589865,17.08696170432073,0.8871126106504903,0.791531570535625,0.08075775505629679,6.238162471821283,0.0,7.696767345197458,23.545868825329308,52.03827259723589,0.0,0.0,7.730125111332427,25.901700724764453,0.0,14.220858605865857,60.042208209348644,2.135170329128343,0.0,4.6609202278992825,6.552672939828682,16.60735998836151,0.39805350530926376,9.870167421837067,8.332446649491231,15.292976578265353,1.2629212803484933,4.244804467710054,0.24696408798790515,0.0,10.685004633207441,0.0,0.0,0.0
Purvalanol A,24.43940873177266,67.84110440935333,44.381529209125674,0.0,9.976675678677452,0.0,0.0,3.325533878523487,7.366318340262467,0.17476652510075041,0.0,3.5240578412091423,28.932072739736114,0.0,19.393897318646765,3.0223627877712715,6.809592085257933,5.252208278869745,31.168229577818295,15.707899042421246,7.3201443100441,10.77201737561991,0.0,2.222064011550799,24.400234297616322,8.979026265375893,15.334764216235769,3.8046866721046655,75.42957876827218,0.0,2.2218201327579834,0.0,5.137307644520476,0.0,5.678406269952333,0.0,3.148656737946496,4.677682511778443,0.0,29.087057035973146,68.28502780309122,65.07381522777703,93.09116617069792,90.1199958902802,65.47164738923783,16.56279344151568,11.651250075518249,96.12936183190689,97.39345552635787,32.507451734727226,28.980936030283814,40.463787648551296,36.44397593431932,35.02157187485621,2.102951385579729,11.933272954684554,8.244331336037988,7.84603488264645,12.65550615932392,71.9843266012929,67.63310548248432,82.66761528302642,0.0,6.795299000925894,32.462352320906746,78.11033907277937,10.252464296947181,49.11474296298154,0.0,1.8924468992203742,6.883676004987848,0.2516895317243666,0.0,0.0,0.9431610985807026,0.0,5.0069622761896255,34.63757786571344,50.08331311493437,1.6248554326142965,0.0,8.797634746380908,5.846101005397628,1.7027011356680646,10.463204367894548,0.0,0.0,12.098138897333229,6.198118059542537,13.213890035671895,0.0,16.45552606106807,0.7292724662728602,0.0,28.330720127769013,2.9054852665732085,21.619520908948374,0.0,13.264338837822777,14.12628268486688,37.07264286222274,4.06250782222196,19.376915844974576,0.0,0.8493259467929306,21.040695817887766,55.665970011942576,0.0,83.60724882058406,0.0,3.146115470587233,9.815783576830285,51.14795356777179,2.405123244608731,0.0,0.881820056798233,8.86457731001775,0.0,1.7286510397658503,11.19875778631922,0.0,0.0,6.405837933856603,44.350800166939194,15.141317939884743,0.0,13.708804791373467,0.0,11.311197491520957,0.0,0.0,0.0,0.7577344972433337,16.98197334358909,0.0,11.439827788532554,11.767879460134225,13.1139376465118,0.0,2.271183450794922,7.5120448717407555,1.0272722924154323,0.0,3.316118984841637,5.003928432911152,2.4869548110077346,13.107322466430617,13.725237598544894,15.556630374794508,18.24761564339991,22.347393358656987,39.83521076528684,17.510979311225014,0.0,14.599110439692453,2.4351875311209596,5.521170382123643,4.253623482819847,3.4478147195908235,10.185454376943056,4.044750757834109,0.0,2.2281995419576788,0.0,30.547082687916117,1.35713735222771,0.0,4.9431038615337,2.94524960387929,62.24364102237041,1.9866556134926299,59.81140352573186,20.176206054479323,12.475616936676062,7.679570870243069,0.0,0.0,9.938807353434967,29.604402304107538,12.311472255179439,9.22754153995885,19.213275055581306,0.0,43.23726895813262,5.795314299670622,0.0,32.879656607824174,0.0,5.761680379756285,5.647516261024833,8.745015319691902,0.0,6.931991885741127,0.0,0.7721319009446432,5.5535607129923505,0.5550563612393091,0.0,0.0,0.0,9.15591017204109,0.0,7.230878406185539,0.0,5.831173761332934,0.5103077378677767,23.195722955246993,0.0,6.942962064165755,0.0,3.0895980556770155,0.0,8.396357659314575,10.132042297010315,0.0,0.0,0.0,15.136537181528297,0.0,0.0,0.0,0.0,11.352543207830621,0.0,0.0,7.252014850775879,1.7985536901752823,3.4328209843528725,3.078768636586176,4.517234712937949,0.0,0.0,0.32743704409912766,28.59795686429632,9.8416179238056,10.699886791350508,0.0,0.0,10.792558023453012,0.0,13.610828162737306,2.643503710575885,33.52426434531267,1.1380713859900595,18.64025418987788,11.911627203063176,0.0,0.01996315970092155,0.0,9.357798193526293,11.888871100730142,22.67714037264878,13.727109184949569,30.614431276667233,3.211129837842151,0.8948590743835041,0.0,2.3836632921246093,7.788931901598403,26.9039006309944,0.0,0.0,22.98334073862287,46.44169209843567,0.0,0.0,0.0,25.634184342602836,9.4896178685091,0.7857239669011022,11.097436287744799,28.938066099790348,4.5566725084514985,8.710942814973151,8.883218226395996,6.973454805225401,0.0,1.9311705037631555,6.170192230911681,5.336771161032942,32.68793687513531,66.60309349712776,84.96383250389069,2.487445472953027,0.0,45.85810924261153,0.0,4.811101607459435,1.06129060563876,32.53604237154097,2.3222601682308266,40.38452809017792,0.5231873546629231,17.438395977632098,7.61554463394225,10.867582350706968,78.81162604409067,0.0,0.2581531226600049,0.0
Rapamycin,0.0,5.783801619465052,1.5345850129907888,0.0,3.91069921216895,2.1836472566721454,0.0,2.116135215367734,5.415402449474158,2.419695273896707,0.5476939151482583,1.5848034774835753,0.0,0.0,18.4739767130131,4.785172858169034,4.406339147560971,0.4929951470655851,5.214551139410418,3.4370373399452347,6.755498731353171,11.975215063243382,0.0810983612856262,0.0,0.0,4.323010147438708,9.132473789661333,1.8886710623476262,3.9883925356595427,0.0,4.6348732516967175,0.0,6.996769391496372,0.0,0.7734497066581696,3.861294240731951,0.0,0.9112979407251061,0.0,0.0,8.148913366451268,0.0,0.0,8.721303099487727,0.0,0.0,0.0,3.7342348360269284,0.5241745984291981,0.19005087159348477,0.0,1.7993740675226775,0.0,12.99473226094861,0.0,1.0034908047207978,0.7220968610808995,0.0,0.0,3.9691339121799416,5.191519987533212,0.0,5.269377630417765,5.787297060985708,0.0,0.0,5.604883073451504,0.0,0.16130639057860208,0.0,8.044269449355511,11.473750990353253,0.0,0.7660869009181681,4.4140015259067695,0.0,4.116685966378753,5.65537248021819,0.0,0.0,0.0,0.1875646876830217,6.7021925876468345,0.48524705621827025,0.0,0.0,0.0,5.341310412776181,0.9933943497885025,10.3390428562966,7.313357397692556,0.0,0.0,0.0,10.496404230897397,2.680492626434031,11.279299094124909,0.0,0.0,0.0,7.9987306312197575,0.0,10.555015912687153,0.0,0.0,23.409657789130108,5.506194253313566,2.2642591135680163,4.421797905898387,0.0,0.0,0.0,0.0,0.0,0.0,1.9873452471880313,3.890537111460148,1.2787374521653874,0.0,1.959833572498951,0.0,0.0,0.0,0.0,12.344192699400793,0.8784563170696629,11.980727686093132,0.0,7.064872911185191,0.0,0.0,0.0,0.5581129810042142,9.669313036065702,0.0,0.0,0.0,7.482267238502359,0.0,2.53002805300099,7.6032991314502,0.0,1.5939932612239147,4.139356033964162,1.897726315255909,0.0,0.5965166100957333,10.179859678857795,8.895204714760183,2.262935522870748,1.3191565536207293,0.0,0.0,0.0,9.065511393806972,2.028072958504083,1.1565552369640528,0.0,1.0234003144644532,0.9230323226608732,7.945021988549712,0.0,5.169449705538,0.0,2.2418891268376058,0.0,0.0,0.0,0.0,12.722077946739404,0.0,1.4707240673928084,0.0,11.85783533745574,4.4410458203212215,0.0,0.0,8.217726927045447,2.754175369069543,0.0,0.0,6.460756922343819,0.0,12.272773251999467,0.0,0.0,26.44056567649605,0.0,1.0478374535930186,2.762617216220164,2.306202940393959,0.0,1.7688513811094566,0.0,2.73929295160616,3.386230242625061,0.9369907774426167,0.0,0.0,0.0,7.449467531189555,4.602860870162658,4.357505794487835,0.0,0.0,2.9292287784035835,0.0,0.0,0.0,0.0,4.90823581464619,0.0,7.392012688636214,7.000161284653132,0.0,0.0,0.0,0.0,0.20284678722907756,0.0,0.0,0.0,10.876646980590237,0.0,0.0,0.0,0.0,0.9202392182994288,1.8284084535241618,4.3501165793285566,0.0,0.0,0.9696309633755504,0.0,9.032636562634423,8.096164575564643,3.750575099408195,10.222801291843467,2.1568176955667298,0.0,3.806262415776118,4.436972893714824,5.7778491629601945,2.8384589280190653,1.2608936110158027,9.546028963635905,0.0,0.0,0.0,3.026073750496735,14.99204344151346,0.0,0.0,10.523144161898927,0.0,0.0,0.0,1.9047399940697005,5.651716020134813,1.3392462285230238,0.0,0.0,0.0,0.0,0.0,0.0,0.0,0.0,7.165986924465898,2.1323220669013097,2.9285231624320716,4.819833985896992,0.0,2.415002603118211,0.0,5.326221391968829,0.0,0.0,2.4279602528919497,5.630403918991846,1.6490903726158024,0.0,0.0,0.24503234539911034,0.0,0.0,0.0,0.0,1.5316665142256625,12.085897262547846,0.0,14.436601751492091,0.0,6.705160110305627,0.0,0.0,0.0,0.0,0.773366128718294,0.0
"Rho Kinase Inhibitor III, Rockout",1.1982295170276274,8.13618587702885,3.8510555134493245,0.0,3.637615416575926,0.0,0.0,0.0,5.3252555921704925,1.2013991091091611,0.0,2.2755691314747963,5.188967604817577,0.0,21.96601016810112,4.063859225746185,6.920871309046021,0.18821819169220078,0.41087748733693275,4.213908367892046,5.970954675710118,14.494434560790978,9.74262304280046,1.4481891522228239,0.0,6.768257764196633,7.012880304676017,8.61126988463775,0.03362611793603776,0.0,1.5462636718347085,0.0,1.038714641622306,0.0,9.505888047300587,0.0,7.35915684630055,0.0,0.0,0.0,9.355156007671525,4.031048567683996,0.29130487848254916,8.290890449199154,1.8119072420886368,0.0,0.0,8.01443761269286,3.9622122548701526,2.4492052008112637,0.0,3.032074911994556,8.791496013711992,24.81575637293554,0.0,0.7289858128675917,0.0,0.0,0.0,20.813385037254534,4.963312785118248,0.0,4.991193766942203,5.054576943977395,0.0,0.0,7.439901645025884,0.0,1.0033292332580572,0.0,6.081913554781153,2.310476370040533,0.0,1.9175814932044943,7.4322726157649015,0.0,6.986089930411751,22.37884864356778,9.508751603922477,22.547444320653653,0.0,1.2990031355926277,2.6605297467801563,0.0,0.0,0.0,0.0,0.5994420963080813,0.0,1.7859850006535112,0.0,0.0,0.0,0.01748149701171542,10.284574116278094,4.359193355478482,16.319195131859544,1.0622305770435077,0.0,2.3425943913756697,8.407611425428897,0.0,7.280032206760126,0.0,1.0937571415062735,15.419415571749198,5.467497911989881,2.1123340635243153,8.487138090327505,0.0,0.0,0.0,1.3102164270846401,0.0,2.2692654860531434,4.6294606122799,5.1037739540070675,0.7637445442595521,0.0,1.6275573296751134,0.0,0.0,37.66312957330072,0.47244711815957885,45.64772601859109,2.6337143358505557,5.93552880169625,0.0,6.195428731115982,0.0,0.0,0.0,3.5527192420546356,9.495968557956544,0.0,0.0,0.0,5.215006587112896,0.0,6.158201637967295,4.727152286693297,0.0,0.0,0.0,5.830528965794684,0.0,0.0,7.964293488379894,9.289054464651741,6.286713152187389,7.233722188957415,0.0,0.0,0.0,2.239465091130768,3.8608567061915835,5.480366915171402,0.0,1.9941958086196223,5.280313631956858,3.5416254789110155,0.0,5.137448803369068,0.0,0.0,15.443005676468559,0.0,3.245259885339607,3.8003076205223607,16.68823055066528,0.0,4.802748447499056,24.499733421190484,60.821214200571404,0.12384463014086577,0.0,3.273506951610159,9.01493603878211,3.97407454982212,0.0,0.0,6.458328716236011,0.0,21.094816434309507,3.5676192338823967,0.0,23.08592173479832,0.0,8.39084041582666,4.587037260396386,6.590478372119222,0.0,0.0,0.0,4.917696360024706,2.8019831775565933,0.0,0.0,0.0,0.0,20.062301110708432,2.185954446455156,0.8825878532220202,16.009301090366392,0.0,3.2906874869033373,6.2042789861056775,0.0,0.0,2.8689462361043354,5.039203618894049,0.0,3.4348019168763813,9.693404488867827,0.0,6.489742471989075,0.0,0.0,8.389183416062039,0.0,2.6026678005041504,4.939941342919553,10.506923541008717,16.784940219008746,18.49812629075933,15.114110388253593,0.6275674928978816,17.62118731421731,4.495193003955649,9.324181077346893,0.0,1.7415939151756277,4.251096444399224,35.18904218041223,22.342244407033505,61.72906803351647,33.60032222999759,19.185116805905807,0.0,0.104177429564146,4.712497414067585,45.74592015568648,4.653005982405375,6.815607524020734,2.716059229712812,10.08778670391257,4.054894000920299,15.837208490454799,28.14115353449982,1.0537955306872107,18.445475354525627,6.179022576613576,2.648753223237776,11.037011346533063,0.0,6.225379967539766,8.976773977215117,7.18318803617511,9.54947522853314,0.0,0.0,0.0,0.0,0.0,0.0,0.0,0.0,2.720090670060401,0.0,0.1655121361710883,1.3955608731303926,4.548586751027585,11.57656518711687,7.92512174740142,0.0,6.577728913562538,0.0,0.0,0.0,4.162762141139112,3.0463133695635065,0.0,0.0,3.103002594868485,0.0,0.0,0.0,0.0,1.8585742289652813,16.242554049961683,0.0,17.0222964482938,0.0,10.689698128157318,3.1229025454844503,0.0,2.935463049042852,0.0,0.0,0.0
Rho Kinase Inhibitor IV,0.6685753469982103,1.0530484402464566,15.468244321395957,0.0,2.8118748047886015,1.1542230537817488,0.0,0.7972683332609449,4.237234701981791,0.012777339448248881,0.0,2.457802437896788,8.948009335245843,0.0,35.28561165021547,65.14472815553094,28.10153050084969,1.1615968144526647,2.2837322425253603,6.027281620408274,5.4056342483007995,12.192989052633536,5.836456145217284,14.58258432366489,0.0,7.12392420333569,4.564759609164398,0.0,6.3569791411351275,0.0,0.0,0.0,5.416403386309014,6.77345759636755,7.574856055329832,0.0,6.023248064238075,9.381175834760455,0.0,0.0,10.788393056387548,3.1461940765625513,1.5959373793359504,7.742182946481591,2.0392411884423893,0.0,0.0,5.933754300737149,2.611905899083226,0.2333489589133393,0.0,2.041332068246504,0.0,13.305821095976427,0.0,3.837602559378695,1.1332219905997647,0.0,0.0,7.6435261812690385,4.898095326147313,0.0,4.971809495525633,0.6519113579014686,0.0,0.0,4.078016807961546,0.0,0.07652427840537257,0.0,5.625176903751566,2.103251682754575,0.0,11.017924569272509,0.0,0.0,6.545223214080181,6.886861072686486,0.0,0.0,0.0,9.654928019614658,1.301500245293738,10.812512002798286,7.996908182570621,1.2858991848800798,0.11073576016725895,4.9289323211796585,7.782597421100903,9.254146793242612,4.971958123832366,11.273759315391715,0.0,0.43501442803874113,14.903378621633266,0.2575719821900577,21.63442184651936,0.0,0.0,21.982639357819664,33.97000409961109,0.0,14.319328075979456,1.6338889526715548,2.274996257756513,20.518568740884376,5.944136861139697,3.0737608242252037,9.908251311965373,0.0,4.365345582538993,0.0,5.775257396894418,0.0,0.0,4.983154117764229,6.042206368866388,2.897205645342382,14.49303148501059,11.20789693714022,0.4130841114722159,0.0,0.6095927508336842,3.6407405079834803,12.447351663116251,0.909442836607866,9.800984361465936,0.0,8.850940025958181,0.0,0.0,0.0,4.975080332309361,11.13592178908857,0.0,0.0,0.0,2.751146915091283,0.0,6.124576944223605,6.946962645816313,1.193969252384818,0.0,0.0,0.9793445774586758,0.0,2.9756404319977037,8.088884027453332,13.513603544128046,58.00416956304623,45.373962859075505,0.0,0.0,0.0,1.196735340983139,5.814480536964652,10.282232480285387,10.892396539318895,1.1121469954765217,4.305093959506763,5.057192999070537,0.0,7.906815200135583,0.9199905709625966,16.964463070003703,2.8350315078755273,0.0,0.0,0.0,5.566037833149039,0.0,1.5823641474991348,9.4587305036341,16.21785552439927,4.927706694085472,0.0,0.0,17.665316035793637,0.12618150362035863,4.585172129355556,0.0,7.614602939051821,0.0,11.339604913428786,0.0,0.0,15.772909038804784,0.0,8.904548392975144,4.749191433723908,6.655256052793902,0.0,1.438951262428219,0.0,0.42314666325736994,0.6161207675930314,0.0,0.0,0.0,0.0,6.749386499503942,0.7483910799414701,1.8769145843246235,0.271421631482724,0.0,0.5265271830171372,0.0,0.0,0.0,1.3928981780937306,6.501932882493989,0.0,2.220964880545722,34.65473577312116,9.544338470553043,0.0,0.0,0.0,0.5280685025611547,0.0,0.0,0.5647949533798027,8.725831666529956,77.59094269591691,47.6301904963849,65.57191910765816,0.0,12.557027884683208,3.3054050087884264,14.576213895098718,0.0,8.751157788105047,3.956522918200875,21.309450145080305,14.96305240783461,11.942687817284167,74.65333274479822,25.296549069883525,0.0,0.0,1.6104304622495533,45.79703773623247,7.506536655968958,4.8576623972823825,5.562640278837193,5.628802932009435,0.0,96.55799670891382,96.77547636575223,0.716075241225326,39.66841744683764,9.555743702616752,8.181570670872702,10.825251712359119,0.0,0.0,0.0,3.9625597398770225,10.609010190946691,9.575345154985257,0.0,0.0,0.0,2.8772650008200316,2.103034464731664,0.0,0.0,0.0,2.8977159452753796,4.6998022058004665,0.0,5.125626891421803,15.845697713958572,6.0340744122094065,3.812395564890778,4.336880490449204,0.0,0.0,1.4151935660782584,2.32084428718062,0.0,0.0,12.521741223140268,0.40226801439054327,0.0,0.0,6.97919174484241,13.352667553581355,1.137469735192127,48.230047959440384,1.248780892768167,16.794492123567778,0.0,3.724143644342689,1.9735926550255982,2.748353019920444,8.02736367494461,0.0,0.0,9.576361805373224
Ro-32-0432,2.0344718733270923,3.708686595646455,3.6942859824653738,1.3103389581173985,7.366416194393565,43.70601125004626,0.44614999550611856,1.516293639805312,6.678901640295464,1.7607465953391852,0.1808593809512331,0.0,9.08728114025675,0.0,12.261139775440071,3.6772983152587244,6.941615506691647,0.6972937244410673,0.0,8.32987081495233,4.778439591464377,9.560178063203182,0.0,0.0,0.0,7.329888853607997,4.58989655114442,3.787453012783118,0.0,0.0,4.7800793830590464,0.0,4.153175591911349,0.0,3.075046274664089,17.628516931428436,0.015101693449139475,4.463323947500356,0.0,0.0,32.194156500296856,46.31312642822833,23.77862001245346,35.58790454837491,37.632013830429095,13.110435461915458,0.3485650419237629,15.299517537176285,14.640972911001768,29.532034248820352,4.987846778903659,16.981271931597476,56.54413476664649,60.40002939421534,30.18429814475047,5.008345620761531,1.4739044553064673,0.0,0.3263256099546652,3.0497290459052806,2.9690946334313537,0.0,1.0616875846508265,7.571810326895218,0.0,14.130062491208363,5.31233050452478,0.0,5.026141008582755,0.0,5.014614248237763,5.910637302382213,9.591918924688315,2.194973538761019,4.010676398501872,0.0,12.372284452427238,11.349781548939063,7.779887283098219,0.0,0.0,1.1427596578364216,4.183115064797164,0.0,0.0,0.7514571261575327,0.0,4.931269748554044,0.02202904983693088,3.0948741584668937,0.0,0.0,0.0,0.0,9.11573896786308,4.059962737398024,15.73214879719302,0.0,0.0,4.078501392540275,30.845217384480435,0.0,12.165720379681815,0.0,3.6662017444265302,10.35846158382904,2.8067809362663922,8.688516297354312,62.85478762453581,0.0,1.9176948271928609,0.0,7.22022077757758,1.0224950777946162,0.0,0.0,23.58812957236225,43.83271150625498,33.62790930338953,60.01664275500822,85.78720337209349,88.75713553176267,0.0,4.683625183142283,17.479981048459024,0.0,5.868584412578954,0.0,4.290168107838184,0.0,0.0,0.0,21.159496848760398,11.963070058868112,0.0,0.0,1.2638908757157594,5.057707203631935,0.0,1.4437653310545073,10.551294050397146,0.0,0.0,0.0,0.0,0.06147303487554723,3.512537224855663,10.628851087921646,8.138512589507286,73.39249798230227,6.8852450812757695,0.0,1.7219284695741237,0.0,2.0679151701684475,4.55571628312272,7.2298265175782035,5.125434761879717,7.649958295757514,6.1298235751524714,1.190133606959634,0.0,5.37946313544289,13.882126027893605,3.6159155404717325,2.1545365736625968,0.0,16.011195003256006,25.79826127043998,9.200587931277923,0.0,4.820002935448343,0.025006992944796025,14.19996410988108,1.89631066186476,0.0,75.2085147352987,66.6588659706952,0.0,19.875573955799112,0.0,33.491865835791884,21.95521449134405,14.426327362134828,12.0559155105162,0.0,25.862507481289555,0.0,0.6093278841974694,3.266361458996954,5.372959351082642,0.0,2.3512177437397526,0.0,0.0,1.600607285842088,0.0,0.0,0.0,0.0,79.96638604151924,32.44271286466696,0.16985607932518576,14.946855548461627,0.0,0.0,0.0,0.0,7.012209179684817,0.0,6.925154310253021,0.0,3.0485738290275037,21.594288786940837,0.0,36.76362170301647,0.0,16.909331667858595,12.842753973897445,0.0,97.42267105494639,96.29045771804444,97.7077850657033,91.89442623191374,97.27439982126603,92.1572390480808,93.0704353469808,63.81219311953248,0.0,6.3665875956902624,87.29471551706862,68.9724459367044,2.3545706025912096,18.9932696842081,11.202467525191565,9.307304457718828,92.9386624927013,13.025527808625839,0.0,0.06851533640246998,0.0,2.1571022205501436,4.484294987719096,3.4172004093889115,0.2594702224195089,5.62583725497791,10.557629263626154,0.0,1.1485148181795068,1.711066660059572,12.894701515246325,94.096000723839,98.18688795124484,96.42703255958737,97.0614451705442,27.118348774586423,28.257933597973278,4.993445633791566,11.167483595603215,16.879764200561766,0.0,0.0,0.0,8.519268105887761,0.0,0.0,3.9837126632421587,5.16971841067911,3.321068415935997,0.0,0.3507878225300658,4.658860521098347,6.9968382873643975,12.306516806895303,3.5547567495108154,8.60610363162229,0.0,1.5375514008271693,1.579512089129608,11.573186690039051,0.0,0.0,25.00153247055512,2.872539120729215,0.0,0.0,0.0,0.0,0.6793335717083693,1.0787508113549507,0.0,11.089122301038259,0.0,0.0,0.0,0.0,4.6811866915667935,12.656045197668476,0.0,4.7551173258425905
SB 202474 ,0.0,1.7335579618372776,0.0,0.0,0.0,0.0,0.0,0.0,4.242974684493305,13.495318907999774,1.8247172434408583,0.384053221404983,7.180353305727422,0.0,6.287034664651799,0.0,2.6247736658628185,0.07576495786886994,0.0,6.602478572071149,0.0,11.46585330179775,0.0,0.0,0.0,7.294646897311679,7.883035741363955,2.2635485411539378,4.7087209058135215,0.0,0.0,0.0,1.9830180711431353,0.0,2.9153146909044665,3.6109004379654124,0.0,2.5159141049281004,0.0,0.0,8.218992732383953,0.0,0.4522051231452622,6.280612621690011,2.0699232993168266,0.0,0.0,4.105649607499544,0.0,0.0,0.0,2.734151854960402,2.050654045873941,11.530406203008198,1.368386222603874,0.0,0.585626239139927,4.913919893405449,5.033115617281879,0.0,2.312068004778382,0.0,4.725389754775051,4.747375742004863,0.0,0.0,4.439385006171165,0.7346823351261094,5.01628368948235,0.0,5.895731777072058,2.646192823533198,0.0,0.0,3.8801942458315466,0.0,3.915656640947475,2.314459051113431,0.0,14.22675792295638,4.526259411254031,0.0,0.0,0.0,0.0,0.0,0.0,0.0,0.0,8.44222152056662,6.491351508577765,0.0,0.0,0.0,9.692792924766735,1.1087390308070155,13.202620276939484,0.10181591372227672,2.8256208896531234,0.0,3.6329635578212276,0.0,11.861015523939614,0.0,0.20937931207009797,4.08249523132163,2.8436854447571136,9.812931119660377,8.611984826530744,0.0,0.0,0.0,4.94522183039939,0.0,0.0,1.6283289435147736,0.6535200662119109,0.0,0.0,0.0,0.9125324159320485,0.0,44.10234975120591,4.861346917586076,8.085476955030202,2.271059791806138,6.421659472871212,0.0,10.01443641612454,0.506069205021646,0.0,0.0,0.21846764355083792,15.015298641460191,0.0,0.0,0.0,2.573288670074291,0.0,3.3473390722803913,3.903384074516694,1.1414506634708346,0.0,0.0,0.0,0.0,0.7418278976967656,5.084530800747999,10.540453068926098,3.2324504718202576,3.2785988234654866,0.0,0.0,0.0,0.0,4.832097471581903,0.8182224808327021,0.6378827936922562,0.0,3.564372843962218,2.2301766793280677,0.0,1.8313446486656346,0.9789195431337703,0.0,0.0,0.0,0.0,0.0,11.915315887389838,0.0,3.3207661010467575,0.0,11.8489516507193,3.7262124927821105,0.0,0.0,1.3606533948834993,0.0,0.0,0.0,6.781254979379355,0.0,14.141200301460941,0.0,1.0844785883599712,22.590828769744263,0.0,7.586473318877552,4.759526014518414,4.693869921433219,0.1656301998165759,0.0,0.0,0.0,2.3313907647839187,0.0,0.0,0.0,0.0,1.589248568718915,4.431455177078604,0.7238939328446747,9.348788717926965,0.0,0.0,0.0,0.0,3.6938077637736626,0.0,3.6890383003825775,0.0,4.038916582147124,3.003752391151437,0.0,0.0,0.0,0.0,0.0,0.0,0.0,0.0,0.0,1.5214457189196366,0.0,6.98238321788449,4.515502208077606,0.0,0.0,2.911540195640953,0.0,0.0,0.0,18.961607041589957,8.832245757260978,8.055041768629707,2.998177325812236,4.325892516306794,0.0,0.0,3.0853398414022735,6.707506371654233,5.37982426477312,6.616875697621708,0.8150320744908868,5.045422190034614,0.37119751108855326,0.0,0.0,0.0,8.199481881534268,0.0,1.3324889101753996,0.8565370057079633,0.0,0.0,0.0,0.7350570101641409,11.737013121862248,0.30732632777495894,0.0,0.0,0.0,0.0,0.0,0.0,0.0,0.0,0.0,5.812710234689092,1.279632270236803,3.3546245846067677,0.0,1.8355449573273006,0.0,0.3068701328785153,0.0,0.0,0.9168190971689114,0.0,0.0,0.0,0.0,1.271191002958858,0.0,0.0,0.0,0.0,2.087983267098849,15.534926002858498,2.0446032605577216,16.63999566832672,0.0,10.937569637049265,0.0,2.6783417963374347,4.938398026258639,0.0,0.0,4.1940417052941825
SB 202190,4.794667084552756,8.948337679787102,16.842065536740662,0.0,0.9727213957594074,1.574748532286094,0.0,4.602483688685126,0.0,0.0,0.0,68.8784519325169,2.6981400154251673,0.0,3.9412454872494322,0.0,5.75742474824122,0.23950809120779581,0.0,6.071807050584795,39.54348057714441,49.654500213281096,0.0,0.0,0.0,2.296174466959087,14.82364587074693,5.624269770110374,14.064789493846092,0.0,0.30075198454669305,0.0,1.4750770942284532,0.0,3.643806608085356,11.864677995121127,0.0,0.0,0.0,0.0,9.066071931489873,1.0468964509738043,0.0,9.385323854111064,3.290776306959714,0.0,0.0,3.98019901913716,2.68886030111679,2.4300324977284617,0.0,0.5791016531930779,0.0,16.63442639617213,1.0909783971348759,1.124544620414568,37.664272490220846,83.24219411881629,67.2753222148302,2.6993489183853967,8.08786584940637,0.0,7.577844588499005,4.109906279640512,0.0,0.0,0.0,0.0,3.400907885786239,6.335589178601083,9.709071673881908,4.966493299848963,3.2332645323872384,0.0,13.675941221987145,0.0,0.0,0.44178339818122936,0.0,0.7488993518911684,0.0,0.0,29.88536242748029,5.5929301075510125,8.652664797258282,0.9848148875467189,3.8216046263086696,9.326632137573014,42.655159279517925,13.920684496971887,6.390532878734788,3.214311374328588,0.0,2.296993463827178,10.978339221521281,4.462588081006743,16.887414924744405,0.0,2.8116097253521843,3.087136920447719,5.461539310791778,0.0,13.209275196311992,0.0,0.7686576834278185,7.129209124202518,6.977205392533023,9.393164618154614,4.8600556680174805,0.0,3.087978850168412,9.578660906241964,12.523915071028384,0.0,0.0,0.6634498480760271,1.4602194110287883,0.0,0.33816592871981754,0.0,8.936869415502741,23.39141681710248,13.147045456420685,2.4478098445505623,13.485231106326722,1.7693833772467826,0.0,1.7343599711867626,10.256202013972185,0.0,0.0,0.0,0.0,8.52927328093591,0.0,0.0,1.9958559999733438,9.074688642669727,0.0,3.7745377598622554,4.2462081536862115,2.0070893981828988,6.612631630655727,0.0,0.10005299887771457,3.373250934111951,7.446482257239623,8.619390929489128,6.85991953450133,15.022085366009492,4.193699875828116,5.19214048562921,1.6266936868378252,0.7819745352805683,0.0,0.0,0.0,1.0376524458319238,0.0,0.0,7.040608008310841,0.0,4.9660630224626345,0.0,0.0,0.0,0.0,0.0,6.5214949696901385,46.91450006226266,67.1600713673056,74.79808136874527,0.0,10.630298208733706,6.046384479745882,0.0,0.0,4.10636831416511,4.117787026148989,0.0,0.0,4.814090391618123,0.0,13.239762593358108,0.0,1.1327328056444514,19.41649198329992,0.0,0.7391467394400024,5.9711618264347095,0.6010675613782723,0.0,0.6180966581236191,0.0,53.88183316006668,2.3605001007647104,92.58039307831241,67.23714726962314,0.0,0.0,12.235392974425409,8.623314751665774,2.6967431200253884,5.933393230168434,1.2917605500809373,1.3812245999994985,0.0,0.0,20.727224363675305,0.0,1.2004341848773095,0.0,1.7795140066025965,5.807537730761823,5.69842650376188,0.0,0.0,1.3014175124158953,15.705502349238841,21.62819931096226,0.0,36.291814579180794,24.989448494998896,0.7380783247756852,3.9619258119538188,4.960522617802894,12.140312731890134,6.583484012083943,9.311692721831577,30.22576801035966,0.0,0.0,20.067391459155502,9.614182891971609,13.035840071909561,5.848199164598952,21.119604618174037,0.0,0.0,1.3058289718191247,3.8160536748731033,15.97534167479796,3.8345301936043086,74.23433323833012,10.73180285686422,53.16318337121183,0.0,0.0,6.400274985514798,0.0,10.24004897928613,1.8677342453070196,3.8634613806583786,0.0,0.0,0.0,0.3983255011382596,1.628393936801217,16.623998056216692,8.83420461064182,0.0,0.0,0.0,0.0,0.0,0.0,0.0,0.0,0.15940363975025207,5.241838671441471,0.0,2.338640116728044,1.4666383934971776,5.254166074680867,0.0,4.82985325549123,0.0,0.0,0.43903557316951947,2.587978015748263,0.0,0.0,0.0,6.885402276493153,0.0,21.546799418707778,2.8818373410177287,0.0,2.5417951074006737,11.012908808489186,2.6832150683337943,14.533579495005199,1.3174917702286564,5.140211806123375,0.0,0.0,15.314533477675695,1.2283828222436455,0.0,0.0
SB 203580,3.0296609707712605,8.482440444778646,17.88738747962985,0.0,3.218857258384915,0.0,0.0,2.3300583226748586,2.5639596282094033,0.0,0.0,57.344776882761465,5.584242276340959,0.0,0.463944485930341,12.322133014896451,1.5196565774434134,0.0,0.0,5.62352587875904,21.21415177215522,45.785154636469684,2.1419583172819756,0.0,2.769281713499396,8.682896724218978,6.133684699424919,0.0,7.405723728168596,0.0,0.0,0.0,0.7484131825131755,0.0,2.4171464607402697,0.0,17.842486924763648,0.0,0.0,0.0,8.827734008031143,0.9034694492283961,0.0,6.913159345983075,5.382849962052717,0.0,0.0,9.449912379164488,2.685289079575938,0.0,5.413224886053328,3.166552039649872,1.4257001108074974,16.170135611307273,2.668102656941045,0.445449524477624,36.10396624374691,86.06559318824957,69.02734795416931,4.2889158782360255,4.345813997540574,0.0,13.760532116688921,0.0,0.0,0.0,0.864500185291547,1.284173943969705,7.875876528469064,12.341193518440235,4.41320741370825,9.650810753257446,0.0,0.15790587277905388,0.0,0.0,1.0537094620378724,4.436087723551907,0.0,1.2560389071411322,1.0193293358092035,0.8045626223995015,13.485416451373254,2.9890549567590625,5.237847547612944,3.920267876616407,4.449435955206027,10.470022707238627,42.8487525340383,16.937849829654823,0.0,6.983144814205019,0.0,3.3493247650929447,8.899715678068702,5.438529753616365,33.16927413266782,0.0,5.296711415900049,4.482661673379042,4.953711442353338,2.713048722539753,9.280348382013699,0.0,3.030398130728443,26.208505549929583,7.3213605214961035,4.844923624109541,8.492011078325447,0.0,4.480908064818209,12.752295978241378,10.18982976892741,0.0,0.0,1.7823265028987976,4.538536527319195,0.0,0.0,0.0,5.867404687224791,19.76341805716514,11.749573544013828,3.926816009323204,4.240960411622723,0.0,0.0,0.0,6.514775859354813,5.678383453173183,0.0,0.0,1.9635002026939503,11.100584898794352,0.0,0.0,0.0,2.9831698351782876,0.0,0.5043136911513386,6.147328939228601,3.9119290297303166,0.0,0.0,0.7656157014421012,0.5090573880592615,5.0232402222442545,8.684355024304267,18.442188353719914,10.853125892787872,0.0,8.191907752985955,0.8721099498255569,1.7202479223278146,0.0,7.459996587610576,0.0,0.9157543345489785,0.0,1.5382157221574744,5.244854983972971,0.13387769358280366,4.7423667640942995,0.0,0.0,0.0,0.0,0.0,0.10569465644842069,4.962438080779549,0.0,3.603262187394435,1.4677882126724455,5.578235989294967,5.742631433000383,0.0,0.0,0.4064367348250073,0.6021466962672832,0.0,0.0,1.048376410627128,3.24615096706043,9.672797940849264,0.0,5.310059191873393,18.719366237213478,0.0,7.773297866139643,1.7725976967394104,0.0,1.1467661440238857,0.9321830897905841,0.0,46.2116224654651,0.0,77.17781085916809,31.08241222225081,0.0,0.0,2.6052144086835085,2.842437791832353,0.8256582788351636,22.047509235321,0.0,8.011307853938263,0.0,23.315418298781395,0.9273789414017841,0.0,1.1750196596413218,0.0,3.67565100344612,5.910298266253733,0.0,0.0,0.0,1.9061003378457428,1.117780185583797,0.0,7.665865728369241,26.01664530349069,2.106960959735332,0.0,0.0,4.24625281461951,10.017941838751085,4.841693750890627,4.2298557027022525,15.866134115970127,0.0,0.0,4.198508239789248,5.677019149040007,11.243774661830116,7.326041060294756,3.4967747262663806,4.191226378775241,0.0,4.36650384601748,2.740009419281506,0.675504620100071,7.470919038718904,58.92298808627126,14.946826671676007,50.92370249776785,0.0,0.0,1.6032102889047337,0.0,5.589087602428606,0.11671048313857568,4.305769128189212,0.0,0.0,2.670553928850211,0.0,0.0,17.862262960782203,5.926792058736126,0.0,0.0,0.470735380157862,0.0,0.0,0.0,0.0,1.8828621523215503,0.0,6.06461328610402,2.000324204666242,5.963006606942315,2.0871884025872305,6.017098266644865,0.0,0.3288601300271523,0.0,0.0,5.466618077905807,3.548775299962756,0.0,0.0,2.032081968519364,4.292475474358255,0.14152597733797734,36.06216698043691,0.0,0.0,3.012194560212805,10.716406664588135,16.450543291367055,16.814597691719328,4.1712562570681655,7.920764250270921,0.0,1.0372083883965786,7.354523764290093,0.0,5.575507044406137,4.544532228991017
SB220025,0.0,4.868458517230181,2.049319808941874,0.11861371358550343,5.205336594953053,7.427481123141362,0.0,4.378981582385052,13.510493108843207,0.0,0.0,6.89247628810574,1.6449292818075492,0.0,0.0,0.0,2.229471765794358,0.0,0.0,7.14928563201299,0.0,26.584282839820503,0.2893085166431604,3.37395214180043,0.0,1.612021797136876,1.98763682726306,0.0,5.754907181211337,0.0,5.686466082671259,0.0,0.6733066431905854,0.0,2.287914312222938,0.0,6.99754405051857,0.0,0.0,0.0,7.2901724553371565,3.2417548015279323,0.0,7.859624280622086,4.459945570644379,0.0810255990469102,0.0,4.59581114704423,0.0,0.0,4.452098166187625,1.1195727051989763,0.988878072092092,12.89196377639098,0.2384469755356804,0.0,97.18396933126,98.75469662460723,97.61379935423555,16.921781318910604,0.0,16.133889675174345,5.262181951087314,7.79703116087606,1.7753224150590654,0.3275823432762337,0.0,3.0575702506098423,0.0,9.223831986870351,0.5130147604647561,11.761990671557783,5.910569516312023,0.08910132114270652,0.0,0.7290054684960978,2.249225666365902,3.7310631708851503,0.0,4.097243485451685,3.9537851902235133,0.6639064119709133,5.588208880481034,1.8486005836104482,0.0,2.6486027661607636,0.1882189349555432,2.170991853101782,21.968901689542164,6.043684740637502,0.0,0.1422915472623174,0.0,0.0,8.453333628451077,6.314094916610671,13.191621957458622,0.0,3.3780476336310983,5.939642563848366,1.7299731754253145,0.0,8.801846209030401,0.0,0.0,14.326107180416898,4.091773366282439,10.726082004443612,9.667162809515986,0.0,0.0,4.576929134896147,8.902636073304265,0.0,0.2598063798975545,2.4407555497992917,3.0772369237821238,0.0,1.7738889462423089,0.0,2.4579749791709276,0.0,8.626963547467483,4.458950183029998,23.743602463006653,0.0,0.0,2.373695290084953,3.4343315558207337,0.0,0.0,0.0,0.48541654058251993,5.85358152852416,0.0,0.0,0.0,9.450793707281946,0.0,0.4326196176916568,3.074927142246068,5.161100739084006,0.0,0.0,0.0,31.862066161675273,19.880186841530787,10.436162431305121,10.863609239878784,9.658597519171167,0.09014202679971106,12.510863600523848,2.537706743681838,2.371850243871492,0.5769843338988778,5.995780505298342,2.06563392952458,2.958978257104519,0.0,2.633134525069778,1.7532434826905217,0.0,6.041930192857961,0.0,0.0,3.874729208977115,0.0,0.21343714094138022,0.0,5.486947816322001,0.21362981412636373,3.744142244859887,1.0059357107134446,7.85957075859983,0.0,0.0,2.0972825204521257,1.3317205101729002,0.7126144613835805,0.0,0.0,1.249553804007121,1.5938743303901504,13.12689386430489,2.1483854189871607,0.0,0.0,0.0,0.998349782515163,0.5457007474855544,0.0,1.1486199794897232,0.0,0.0,87.89796259106271,0.0,86.91940984222644,0.0,0.0,0.0,1.7844751863991348,9.127850905741298,2.6304394584468866,23.11206984958028,0.0,4.86555083571497,0.0,0.0,1.5199414570456327,5.058390381067923,4.209338706414201,1.3265557888397268,0.0,1.7490617793993124,0.0,3.0082420558946126,0.0,3.97378299401349,17.019335751370548,0.0,10.922753106195756,8.967248777454017,20.621019908123984,0.2441636542040726,0.0,8.05893914340136,12.186637218280694,1.5317028607774574,45.37940433826573,62.113114786706205,0.0,0.0,49.633015678700346,2.3107545239760725,11.753408039924551,2.8091909043453427,3.6504256315794237,2.8579834515304725,0.0,6.996184797279284,2.16768092823591,3.247849497636139,5.430117290510168,9.1484236287302,10.56220521957249,22.825054404238628,0.0,0.0,0.0,0.0,5.905273358975506,3.2506699197832347,7.754383278976306,0.7213224474704845,0.0,2.586194499383083,3.0714703620139403,2.523695502040354,35.30832949611094,0.06299383413960413,0.0,2.5112467519063273,0.0,3.6099034012117386,0.0,0.0,0.23403310460986404,1.4118624322083804,0.17050957848923076,6.549402169008971,2.001891742707542,3.1398727174975534,7.341252880170757,1.950760688660921,4.6781878977400595,0.0,0.0,0.0,0.0,4.879495573588002,0.0,0.0,2.863087279078343,0.0,0.0,0.9315416582442992,2.7152429364163027,0.23126302572045176,3.063828720517222,4.740125316125926,0.0,4.471299983983414,16.572820055198306,0.0,6.9378598293583025,4.6608401291602775,14.745894195055087,2.002331966131237,7.658575855356588,3.4905114928943703
SB 218078,27.33832333884962,31.95012753538083,97.6102919511323,36.10044503711329,51.48428429187341,72.85706286798612,63.08537956961659,21.419189270154135,14.177620748975059,0.0,0.0,0.0,97.9052688321903,43.79875522368002,77.72391763634161,90.48016568227425,63.522477282442516,61.874025546961775,62.31784248423476,72.52051657312632,0.0,16.078871556018115,85.19021482047494,86.43621532078153,56.73978195990422,39.16471496613654,86.36789403866081,23.112789298412437,30.494023661428997,30.259883626130645,49.51206028077849,66.42965407898325,43.47485964681239,97.15903469007505,90.14667062948833,92.97160501180188,91.64140629972658,1.2941202665837466,72.79095117407475,92.07224032901783,38.34654053755198,70.1378587025407,84.35744174459656,71.45097498369105,28.52090891818817,88.82364935266993,77.76757887945107,72.02955581225362,76.68337149438327,93.93549328985765,80.08698239968199,19.60057072180659,84.23693146028103,91.484168370221,96.37387014036207,87.00354603284113,0.0,6.22571379948576,52.674616437611085,3.9039044327361125,18.168120500785108,0.0,83.25591334133598,95.53291034334515,56.917225712595105,47.88075964705117,2.977992132852691,79.67545070940147,5.374125244731843,20.303314570563913,8.252432950540367,67.34031921268638,60.64645349518709,10.378540418729159,19.865525112870102,1.1516273440000333,91.35096284958051,91.26132775779082,96.85221892980357,94.06241309907216,83.4198646400071,12.233042606828079,21.661828276185844,9.880346423961925,8.744178989796922,3.474402441851055,8.563638248173277,21.318453869753284,36.07035687265463,30.78722597857572,10.127641951894901,19.793149304951314,1.6204596846448567,6.771919795443665,24.576033356179664,1.622464485628626,27.536882340312616,0.0,11.318008125822956,76.52453516341544,94.61409120731304,57.92225583131254,70.86584449242594,65.8852945261668,63.683649072123785,29.595943647721256,69.13653147995974,86.69073115977199,99.80625375397439,95.03422341119607,70.65711342113275,0.0,40.091853183088986,96.25223585189343,2.0811600547804403,0.0,22.995534481591804,11.266305774387092,44.419830960086394,46.585318814290545,97.80640350505325,95.39778923661466,81.5381797662325,75.20733054782892,99.0053151723027,6.388049797884918,67.43134113973282,50.10729272949426,70.85159166576295,36.20928705596026,0.0,2.163244091699596,76.13558897066956,82.80917589737307,62.47893790440101,85.95529366272571,92.83978894989309,91.70638698109073,77.77921541729086,85.81378584310721,98.12877629381178,1.4676276838893045,3.8524545207214516,0.0,95.45385518222047,97.3126238777651,63.794962703296136,50.65700231600662,49.53592443197295,90.74719383834106,98.08853622130715,64.6236667870383,26.41052826009232,0.7629987575132304,6.938178689096787,19.572620930756585,89.57498739599251,95.12283366129228,91.47011606560386,94.68540077549555,70.51783971084927,12.062134362218785,86.0296755461909,81.6265783028783,92.86510083806243,99.09859352838562,80.72826327050967,95.98549033689518,92.23747483429182,91.28075012283851,97.33643073074238,98.62898106349031,51.35851953343503,90.28923399704146,15.970588440195229,0.0,90.11684616224503,87.64044577090147,36.370831969760644,96.43563576843717,96.77831168363664,85.74735501591037,79.4794435114043,74.16845646094237,80.93317868638987,49.13788788560697,39.36575588406708,6.24362879023947,0.0,77.9707326933454,6.918247953296401,0.8764744800118507,76.58620330915106,0.0,25.866032667806508,7.589267454674683,0.0,0.0,0.0,0.0,97.61873061872464,64.99051247462228,76.39383305834664,56.10307769915825,58.330976950153826,24.709634991335406,35.34053246585685,14.60109902628605,56.73010160581299,60.149622020562006,67.16686397344782,80.91925487806486,89.38114522676497,97.25060280583673,24.428935755198154,99.56495713525365,98.1377236645658,99.76224099557105,55.26100694284133,60.190333378620906,86.06331242588115,77.52961312122214,93.57624302543942,80.95095947064448,71.558764854406,52.38031019063787,67.15340879198945,13.580764132304694,98.10864920003722,100.0,56.82571044090581,12.592077892292536,97.97611593879014,64.34540598614402,58.712936067122044,93.98873018966091,97.32062937149676,84.10485863043776,49.7835826314939,37.60745056580292,47.51322673870016,82.5365649950201,58.493068135363,0.0,96.7932059054635,20.34526147549701,54.45805751835825,11.299154518009786,26.330099121801638,12.253913611479959,98.398654535655,98.41572705987748,97.65030753055578,98.66511059798955,98.92158715968128,76.15193338520689,81.42678794543342,28.300410836683767,66.08026021799539,74.02654822786823,48.000912934864864,0.0,11.91913226417077,0.0,41.94511294889528,82.29605046658315,65.64399259660331,87.26947555348556,53.812739073685364,11.667026520082885,84.2075250928486,93.94231747666352,33.078139513610054,42.59419716204688,75.52694659808995,92.59806464044607,0.0,29.65736626879064,5.869019628122132,85.8942312922352,95.01785060329588,93.12507103291544,98.59309850621277,12.850463205816766,23.568421031298058,77.30715052981441,78.18642840393228,95.68294944723971,44.72276330435827,26.87199564291268,10.901586001340348,66.99764279036177,9.835474052665461,83.14013550697115,6.425908286467632,14.017115754849016,68.13938795382288,10.304980042590358,11.556945738498342,75.41872931727342
SC-68376,0.0,7.191292295864116,2.2862155519492404,0.0,3.343861060367459,0.0,0.0,4.061035098264938,0.0,0.6619904533511942,0.0,10.771102835960022,0.0,0.0,8.8284500405165,2.681529433796726,4.310669384461249,8.93849427142618,4.648010214350506,0.0,14.69111285441474,13.97755501403573,0.20512962802794732,4.994269397214936,1.7336567003627295,6.337158080449626,14.40137244252432,0.0,3.792418887013582,0.0,3.4089791063809827,6.08972864257089,7.244869125235738,0.0,4.100685288324897,5.801844549331548,8.32388683611822,2.775603229931477,0.0,0.0,5.34235448645623,9.22006723197741,0.0,6.628043503708966,1.8658656500994368,0.0,0.0,2.9749935384090804,0.0,0.0,0.0,0.0,0.0,15.435419796065148,0.0,3.4221388371911132,13.615828320581329,56.015037277657264,30.072383146192834,8.91011519209107,7.783885263319064,0.0,0.0,10.174164335772119,0.0,1.825610200166068,9.370373315801046,0.0,10.081128826719095,0.0,9.72954476984711,0.0,0.0,3.0300697563564682,2.6002297799533096,0.0,0.5466273084907698,1.5849998676461752,1.0826789893135071,1.3605294513699562,0.0,8.761742733221865,10.590377948927056,6.190470789181745,0.0,0.0,0.0,8.616079118433788,4.149463990676281,8.515069474236071,21.179220506540986,0.0,0.208626185859913,0.8321003433775331,15.157678172684669,0.0,7.814273644534325,0.0,9.68488333859841,0.0,15.067910452133205,0.0,9.058778978462854,0.0,4.44038851718922,23.48916822122912,10.331621093242987,20.614837440793252,4.757842661576575,0.0,0.0,0.0,0.1685026396465048,0.0,0.0,0.0,5.693070283584916,0.0,0.0,1.6530547022294684,0.0,0.0,12.395436999594097,1.1216716179803399,14.938129774615675,0.0,4.482131922500571,0.0,0.0,0.11531673552758548,0.0,0.0,0.0,14.369163069789082,0.0,0.0,0.0,2.872365368226667,0.0,1.5668359656181394,9.324869138623143,0.4756564387666913,1.7764773147484334,0.0,14.78908409066591,3.823381170996811,0.29471932421343183,4.511186333049778,1.5623234097337502,3.1315155765372253,3.1748397818438434,2.570230494614947,0.0,0.0,5.339752526772315,0.8330440931713952,7.544413477961484,5.676025685998368,0.0,0.0,9.266895506994075,0.0,0.0,0.0,0.0,2.0921705035532625,0.690326065656393,0.0,0.0,20.589425390040233,0.0,1.3494079803134014,0.0,9.5310254355865,8.070400569704645,0.0,0.0,6.2956469241495085,0.0,0.0,0.0,3.3361281142701102,0.0,4.065851047926515,0.0,0.0,23.329413583620948,0.0,6.334748305652738,0.0,5.59587470093625,0.0,2.8453194907221757,3.799083775317513,20.551810211640458,0.0,23.677281003426387,0.0,0.0,0.0,7.21714657655545,3.9650202590472077,1.3336311571094939,17.748393332975837,0.0,0.0,3.8785590310644125,0.0,1.9078320215044045,0.0,3.723230715931237,0.0,3.0860063431154856,3.900867905395927,2.3546740482528037,0.0,0.0,0.0,1.1042116427086341,0.0,1.741776749897923,4.834327649523502,11.591471970255924,3.8415839225576747,0.0,11.866204916613412,0.0,0.0,4.436484547692572,5.7113572027219845,0.0,0.0,2.33887968483333,9.530883351623487,3.9186015126107634,14.964314695774021,0.0,6.642627064130323,0.0,0.0,4.604631957226644,0.0,0.0,7.435338432758925,2.5320897318888456,12.624506918574355,9.039972929879369,0.15468230639783087,2.3749859489068683,4.050837360677917,4.045751029068654,0.0,0.0,7.042157560236518,0.0,0.7442370737669961,0.0,3.6394491100648168,13.76155039377926,0.0,0.0,0.0,0.0,7.67898534608652,0.0,0.0,0.0,0.749870453069974,2.6978475915237397,2.8538064850162783,0.9153103635293292,6.435761479087063,1.5210313581209647,0.0,0.9764745182122283,11.951532427769564,0.0,0.0,0.0,0.0,5.725101345089769,0.0,0.0,9.871772237985539,0.025995671944855303,0.6334381559695998,0.0,0.0,0.0,15.376497323427003,0.0,5.714301370505581,1.5405885016282639,8.128347774626633,0.0,0.0,0.0,10.997171544863193,1.1749352294487494,0.0
SKF-86002,0.0,8.976930596483172,1.9861620916912983,0.0,4.052231665708632,0.0,0.0,2.1058018804396283,5.834422163533105,0.0,0.0,20.79838281373685,1.3919753314698369,0.0,7.877030302051011,1.5181556076069285,0.0,4.192458343227571,2.1901791161127164,0.0,5.943747561147262,15.161008819058395,6.05023067242837,0.0,0.0,7.165262567318891,11.27083807939536,7.252560013197581,1.8185215372884045,0.0,9.687549255127834,0.0,4.795096910584007,0.0,10.046543092168761,2.8927625529383363,9.518628261060101,0.1997880582221967,0.0,0.13956735509319174,5.304038340473909,8.619311379495286,0.0,12.089695017986969,3.0167723848319667,0.0,5.076415770703932,1.8281213089428832,2.2085680543883086,3.0305175848456543,0.0,5.039410242796606,0.0,5.078046104361732,4.055322991847035,2.268484558146895,41.23684299392379,93.00974820240376,80.02373476787255,13.427056731549499,23.623294531549675,2.1320622881117686,0.0,0.0,0.0,0.0,5.592319373503926,0.0,11.878259742422244,0.0,10.567315148771101,0.0,0.0,2.5938497582254882,5.060145534800256,0.0,0.5991932596068494,2.5498771830047247,0.0,0.0,0.0,0.0,9.323095435084554,1.8015558057015113,0.0,0.0,0.0,10.307322878112018,5.282981252984058,23.745715888181692,11.756786991456735,0.0,0.7292676453618583,3.909065984476001,12.001657779036478,0.0,17.0406206588585,0.0,0.0,0.0,13.555473811759498,0.0,6.578173036339976,0.0,8.186549847815996,17.157514642608277,7.371886124267348,15.873505259218888,5.322795905518902,0.0,0.0,0.0,0.0,0.0,0.0,5.016179283072631,4.3184153966489305,0.0,0.0,0.0,0.0,0.0,0.0,0.0,27.67225021949207,0.0,0.8312258408836897,0.0,10.256677724439953,0.0,0.0,0.0,0.0,8.807006937917208,0.0,0.0,0.0,2.4643889468188576,0.0,6.350744380970951,5.692350873023543,0.9554064714166515,9.352777984488455,0.0,4.311409174886336,1.3085085848049403,3.849018254644278,10.663777661257257,6.221745632920076,5.134286317589186,3.284865737523319,2.6002162309418964,0.0,0.0,4.530175346640078,2.768325460999762,0.0,3.5742123108472015,11.054772987706514,0.0,6.415695854657713,0.0,0.2464138867734249,0.0,0.0,2.3052798436101227,0.0,0.0,0.0,16.40682662047928,0.0,4.308117286474811,0.0,15.103053807246823,11.32268704399408,0.0,0.0,11.198119880328349,1.51178737033149,0.0,0.0,5.754935903413951,0.0,8.851063027314439,0.0,0.0,28.62784583165525,0.0,3.122686615034354,6.479655123792043,1.3147239407014268,0.0,0.0,0.0,58.864820340208766,7.480766324065939,56.916104397726585,2.8161121087507865,0.0,0.0,0.0,14.383814256871858,3.8567015707046437,15.329303727721665,0.0,0.8898075279295199,2.3782632200970824,0.0,0.0,0.0,2.023822266581874,0.0,0.0,5.443190889128729,0.0,0.0,0.0,0.0,0.0,0.0,0.0,5.755088169173703,12.790971399404185,0.8565327807472158,2.32895922472936,12.639417878823735,0.0,9.117136805275237,9.816292182476104,11.828279523858981,0.0,9.407781498482308,5.28461977642047,0.0,4.060628711150599,6.1114756322772195,0.0,3.7376148529835973,0.0,0.0,2.193371549999455,2.387933469677307,0.0,8.923136251628137,0.45316958113207306,15.343087309327416,0.0,0.0,0.889599738308533,2.6808627305149173,4.221041554709998,0.0,0.0,2.9150907318025077,0.0,0.0,0.0,4.19429491670158,0.0,0.0,0.0,0.0,0.0,0.0,0.0,0.0,0.0,3.523594448301239,11.96929356057548,0.0,1.7005430905538503,7.7686063847720135,2.3326544097327115,4.309750190081175,1.1229582689549318,9.439080959118186,0.0,0.0,4.431066916796624,5.25208506539596,0.5311315827471788,0.0,0.0,6.82929761762108,0.0,1.0892398703461197,0.0,0.0,0.0,17.43281610311837,0.0,20.83094150418016,13.175103703563323,7.7530242218279,0.0,0.0,0.6455610667767644,0.0,0.0,0.03156231101431217
Sphingosine Kinase Inhibitor,0.2548318092962063,6.583564185211927,0.0,0.0,3.6041164302021684,0.0,0.0,0.0,5.0792736859212795,10.470127963132882,0.13493091106857946,0.0,9.290890700053609,0.0,10.560544512168832,0.0,3.048964963791036,1.5404045301569909,0.0,0.0,9.352033236159969,12.63426878589442,0.0,0.0,0.0,7.99244891455848,2.878185121370265,0.6103882821880688,4.937224406242123,0.0,0.0,0.0,0.0,0.0,14.208106062315693,1.2391432950654746,9.38386469781824,0.2601498251421219,0.0,0.0,8.821904889894768,0.0,1.3601100646152844,8.132955646533688,0.9522098517785196,0.0,0.0,14.087487519581856,0.0,0.0,0.0,3.6573542223529785,0.0,12.184176006010986,0.6063514891869488,2.0626278607027615,3.5663664917661606,0.0,0.0,5.4602784578273855,8.190280986504973,0.0,0.0,3.1199276922668844,0.0,0.0,7.353811609506508,1.1659809939350652,5.082993106359908,0.0,4.44997227475676,0.0,0.0,1.5491157158743079,5.878047306631146,0.0,1.2629552775001684,3.3893058142408563,0.0,8.774703267153342,0.0,4.067689492962984,4.675354485381604,7.4224713630610495,0.0,0.0,0.0,7.3649296085856975,0.0,2.2866559776392705,6.554458632703927,0.0,0.0,0.0,10.430202342902561,3.0958898617665227,16.73633762866629,0.0,0.0,0.5506458926481201,9.65189370341858,0.0,17.453966362335436,0.0,3.45587778370205,28.35721196763538,3.597099050280832,17.716667908703727,1.0009208768743179,0.0,0.0,0.0,0.0,0.0,0.0,2.3913844773374393,9.464890992872796,7.99470637849376,0.0,0.0,2.5606838980010735,0.0,0.0,3.940066247818436,11.110904800288338,0.001951290078025636,9.131764141773402,0.0,0.0,0.0,0.0,0.0,4.0673989493832465,11.143452581480858,0.0,0.0,1.2449541831288826,4.630349773182758,2.945789042414418,0.0,7.7924095502989985,0.009644824471109814,1.6928887388639566,0.0,0.0,0.0,0.16219152092116929,9.549593181704125,8.911578208159597,3.4386885626458366,1.2612913928554406,0.0,0.0,0.0,5.9045533410227335,3.180279722185574,6.266878089061478,0.0,4.716453159242889,0.0,9.346211102429521,0.0,7.86970894419926,0.0,0.0,0.0,6.0086223378477825,0.0,2.9469501766768076,19.053349326221678,0.0,4.719597927095521,1.0651168687305415,15.452224532039338,12.947399119056243,0.0,0.0,8.518946699545126,1.8606180666371017,0.0,0.0,5.931833585983199,0.0,0.4945276906584155,1.2874388928824487,0.0,22.947273036571517,0.0,1.6039120881579976,0.0,4.784795447987662,0.0,9.428236469324972,0.0,0.0,11.169521893486063,1.4251229984150626,0.0,0.0,0.0,0.0,0.24383956903409398,0.6242949697122526,13.034544837782875,0.0,0.0,0.0,0.0,0.0,0.0,0.0,0.0,0.0,3.54987639017439,0.07394759773697501,0.0,0.0,0.0,0.0,0.0,0.0,0.0,5.271974937044604,13.123788385455327,0.37436828875513584,3.668145522896623,12.70749130356046,0.5393699837171653,3.2243197935798946,2.3352349385038167,0.0,0.0,0.0,1.4721410961150667,5.932242446815678,7.051612475448991,0.49735089729043125,6.177166363233226,0.0,0.0,2.5601456235834235,0.3813855175533263,0.0,4.2972109688121805,0.9921442403023377,3.600024062001836,0.0,0.0,0.6296783302718438,7.487610784194004,3.094277993046447,2.3443685159463,0.0,0.0,0.0,0.0,0.0,2.0082891236955334,9.329395699024616,0.0,0.0,0.0,0.0,0.0,0.0,0.0,0.0,2.4689247927559563,1.7922641531431083,5.771658414559681,6.159995376999177,4.7047735367972905,2.946153652181252,0.0,0.0,4.757381405443965,0.0,0.0,0.0,0.0,0.0,0.0,0.0,0.0,12.431859001397967,0.0,0.0,0.0,0.0,15.792237166296218,0.0,5.5594988427063186,0.1733526751826986,6.811617545858454,0.0,1.2926395858016377,0.8447557020113123,7.262162406295346,5.332890224126345,0.0
Src Kinase Inhibitor I,18.213355713399466,3.6477758851584383,51.04490015341375,0.0,0.5567085485009926,0.0,0.0,0.0,6.278758309295597,2.5155647453475467,2.9080787169482676,26.671214321563596,0.0,0.0,20.75860821745826,49.11308688792502,6.126976821666631,1.8371847089869107,90.05284360715824,23.923538530803086,20.405486182593023,100.0,1.3332788224410024,0.0,61.171122684995375,24.442101911411257,48.800970640369755,9.191563393626595,17.22676563602954,0.0,2.2831280861120575,0.3086242946213247,0.0,0.0,1.7832536768391662,2.8131329987880918,5.97018868499751,2.1749579445295097,6.8548588859054576,0.0,7.846612702420799,18.81172987811459,0.0,12.229797809680804,1.4945574864291444,0.0,1.6118018438605475,11.15458497960401,0.0,4.926238948214305,0.0,0.0,3.2797877466901753,13.317442728622353,2.5869457768114046,70.3904408170658,1.7994918344271298,0.0,0.0,9.969138069128292,0.11481885424679206,0.574279525340387,0.0,1.762499790212246,0.0,0.0,0.0,0.0,31.056014278931997,81.18261213275031,5.713312031682051,0.0,0.0,0.5268191161521685,2.0680613196923474,0.0,3.6615105232897918,15.42419176403908,3.022567075526439,0.0,0.0,2.7001573532474055,68.3731477189129,4.429423146425123,0.0,0.0,0.0,14.71334114904738,35.16603681083086,0.030595874542783008,2.5709541148951587,0.0,0.3149676758759483,0.0,14.488698301616338,70.4940403309167,91.20576273432893,0.0,0.18441694453871094,1.9482849062211187,24.34234577898907,0.4331871244504413,15.003155240501286,6.2582710044827365,12.943784705279413,22.23720887059696,91.08882138292734,20.183414652328466,96.76960105201682,37.496925662375844,0.007145830675113984,27.83267000241301,73.10375800595523,0.0,0.0,8.151101049222518,2.9493377145199133,2.632527002314845,0.3552875988385864,0.0,3.0326819024977283,0.0,7.957711158058174,86.45508468253072,9.454426106377312,0.0,5.1735781292301795,0.0,8.241247908416739,0.0,0.0,0.0,0.0,11.174786548937135,0.0,0.0,0.0,6.449242838700371,0.0,4.35372361527223,6.945352881253427,8.199199067998691,0.9541722739270995,0.0,7.923605810855619,29.35548348277598,95.28334008056541,10.982820690164232,6.40593022804822,26.02848613295464,34.706724872622374,78.40141345395821,57.428955017965436,0.0,1.050413138142062,2.04392533887912,6.730608389992099,4.706020553333417,0.0,0.0,14.075970820429802,0.0,0.0,5.540951544216242,0.0,0.0,0.0,0.0,0.0,42.276288030157374,3.308643184341406,31.543780016042035,1.0588641091149213,52.06792747216652,4.5608325116062645,0.0,0.0,5.5847104956433355,5.173783067620207,0.0,0.0,8.44497960324361,0.0,10.23353885072217,0.0,0.0,25.177200336051015,0.0,1.649436081648389,3.1659653928833222,7.001175146372304,0.0,2.2189971748923227,6.960529557484392,0.0,2.474098348133225,0.0,0.0,0.0,0.0,0.0,2.595894111338822,1.7918035790134468,21.263298111292684,1.8800670617835067,1.706651452080763,0.0,0.0,0.0,7.445776372372535,11.15376460665074,4.370362215965741,0.0,8.15202169454119,0.0,0.0,0.0,3.0666518276917145,0.0,0.0,0.0,0.0,7.198156255238288,3.1522350708623605,5.411211553302266,12.71204524477298,15.442490779275516,0.0,4.407998071035081,4.183701844249725,0.0,0.0,0.0,7.4764269822534,6.42440946890261,1.6639063267021186,2.6950788289787226,6.360913079711054,3.592421968308088,0.0,2.89509997094828,4.845998851578656,10.957742174385302,11.078834852710571,59.35388971760766,44.50850387039793,8.3628968053211,0.0,0.7023649055109047,4.297819328735912,4.654385831841836,2.386848915345766,2.2251307745479636,2.0320131566348607,0.0,0.0,0.0,0.0,2.277294416782212,11.265957698726567,0.0,68.36504905484935,0.0,0.0,0.0,0.0,0.0,3.7286812293581875,0.0,0.0,1.3654794168780597,0.0,0.0,2.2350075305590735,0.0,6.2758670676874715,56.7336278094084,0.0,0.33381433435747,0.0,0.0,0.0,0.34294059262282417,0.0,10.014877599053918,22.034130321369418,1.6914112544607178,0.0,16.61119885808148,10.477767336620815,2.1996986577322275,5.261923478886018,1.7539642947402285,0.9405233468704921,11.853424687607543,12.174732932244893,92.03915014845778,4.815498607450067,2.9547085892244525,3.079279452566851
"Staurosporine, Streptomyces sp.",76.98953916875715,94.74904095687322,97.82630530381088,92.51012476523658,94.48950728037751,97.02672689735283,99.14145880639026,16.264325501963413,8.133507692178483,0.0,0.0,0.0,98.41099501994366,95.27530641979156,97.56502742835741,95.70113530342259,94.79300161792213,86.73045053260498,98.43214714160965,93.78082092670621,0.0,67.39670594618671,99.47993197122129,96.46586469598303,92.17532170297987,91.32523467063982,97.36652737203381,67.2576875046243,98.53988845447056,97.78228457348749,95.17808666695349,99.11400936402264,95.28983840007639,99.53019096015137,98.36145771069985,96.94892439408936,99.29642903092342,65.18049301954125,100.0,99.76144153817043,97.29614281635614,89.77905138309696,99.74609875809548,91.49727448086665,91.7554967004168,94.95264006470973,84.0205614934587,97.22447354359166,98.07557097944272,98.9818631164962,88.2924752034862,56.224711019048485,90.75607091127664,98.62262532804169,98.37009491876147,98.66980062529738,20.29031403045046,8.77483600674266,21.785231162137592,8.554957081774859,24.2626954015344,3.9491012693057996,12.099149050323831,33.380167194375375,88.1228414508975,96.2937195937115,14.005204325955418,93.37853474029552,0.0,91.99238541200761,24.999684038844336,96.44761358390419,95.92924073502336,88.96669708623028,96.1670910870798,95.17351732253977,96.87990345022746,95.40398897267006,99.1500072545163,30.128769693001658,68.67111525430141,3.843231851622022,67.54743674891313,68.97199464722028,78.6652663344417,86.00713898370412,93.30253353711669,90.722397046191,94.4346202064399,88.4778487602841,74.32745212885371,88.02796645662923,72.39769732954983,24.841089025358173,62.42874864574965,64.12711518156856,51.20367391752482,2.7908034856358768,2.5543928252463957,95.65897730218195,99.18384824630088,95.89030178997147,98.29074296915618,96.75111139060546,96.31190794858043,52.795474102539984,99.73439720109515,92.11704641031879,98.88262865995628,95.70598730179648,98.23504300093401,94.50050774089632,96.4081202162024,99.47312028094551,43.17698812609489,49.6884487655479,79.47804980830344,79.2089876460768,92.63678196381879,99.26285687319067,94.21582219511508,95.60262100761535,93.05973372092501,96.74155867102945,98.08628293257865,3.5230355311468315,15.315588005354158,0.0,44.66294368474696,85.22300786731185,59.66512870569864,46.5699987076415,99.69683876183312,96.86013020452208,92.52821624262674,96.54305887018317,98.2912747445478,97.11173468962936,97.93342083099334,98.14849825858755,99.26197465313565,0.0,0.000752766546327166,0.0,95.53796763681711,99.54004235511611,98.16146452918866,94.4904671756101,81.3468668350974,99.72433763684397,98.99325186957238,98.81543684108226,94.27829453276765,59.602069546720315,14.858672428503056,54.029403183166295,99.78925445266799,99.98376833548076,99.28406990624293,100.0,96.16896332230493,91.56626921704056,98.75201278915544,94.58893060630173,99.02714490601154,98.43273871126057,84.78320201255812,97.81826243943026,92.41398309263197,92.90335471225008,96.74103675016114,98.9075672925261,79.67026271447055,94.99559874166447,98.25499691384286,98.00682884694527,98.76348656113704,93.25774118881561,20.368641488839245,100.0,98.89475878800097,98.40273578597375,95.57377143467151,87.79172701156418,97.22955145202162,96.01324115297152,62.97615022355667,20.097048865833557,8.083918361373819,53.199012335564994,11.369470857648267,4.2169332829809605,72.82033589694625,0.0,79.47048428760462,85.79592799809106,0.0,1.1720397909191433,13.357918758449841,0.0,99.86273002042977,95.30331835630493,98.40894363312113,99.32440824504582,97.62996318324883,95.05358862300315,97.66043195396593,95.26199985121227,96.25510028449854,72.23203921256749,97.8941612877897,97.72098617281486,95.59187947614619,98.56591643312075,96.57743981421281,98.52622979804771,89.59648568758628,99.36822116679832,98.06881034924952,96.95366878922688,98.77387834926708,95.86742218390917,96.97344712098253,94.3903163587283,99.20041593348253,99.59244423666537,100.0,95.41457372478366,98.58482377584257,99.0218009800773,97.1875958538812,78.0167834888152,98.99751813962622,94.98695764933846,96.69094718299952,92.8805507138492,99.8518977661611,97.04067754636964,63.122870559827774,5.245008156826259,62.209269718448105,96.50033563356908,97.28583113127807,0.0,99.35926200387512,53.044132191096296,81.28491018650482,99.38870478988677,99.27855219673619,55.253833944505445,99.14120934618535,96.48396740882556,100.0,98.39020914424428,98.33143732893224,91.41440643043155,92.23357224316477,76.53001114639994,99.8552663518402,98.16633726558399,79.64532493587535,0.0,82.16042836358024,59.05330198800425,51.59963981135834,98.99665144024588,96.77503808321966,89.33057995127845,89.98036894018364,91.99682428240193,95.34206749228832,92.03517365459257,99.07379437711396,98.97765574254173,97.89430739933891,100.0,8.869509431631371,0.0,78.00023294844615,97.17360399021443,99.22857262920402,99.63293734478317,99.00899149310914,98.81988610825567,63.70729065958781,92.67480394624016,99.45736668157755,98.14529039742418,92.72987815428462,96.73190040547028,97.30276469748172,98.18352326070335,15.87820522433256,26.895368639486733,6.86436917634947,26.38315495513126,95.51527782137012,1.6804229181309722,94.64188340325352,98.08618032581245
STO-609,0.7086706448328925,0.013213855828496435,0.0,0.0,0.0,0.0,7.290076167007044,0.0,8.855499878952259,6.511123066350322,0.6286841743845883,0.0,58.70828994710891,0.0,21.448903055903614,17.533509487133045,11.998128030996497,5.687540052825767,0.0,3.574094118310285,4.926016094867649,8.935114586729128,11.007767767733213,9.615665211042284,0.0,6.459894638402176,22.280542130269453,0.0,3.7257556115685873,0.0,0.0,0.0,1.0153594744444234,14.820120408534592,7.440353149536065,6.443763333595285,3.531393200900908,0.0,54.15387349353861,92.12178272749483,21.94177231272772,34.968724310682774,17.268906292034814,9.114548771397324,2.123277165994196,0.0,0.0,19.375412581477434,12.013920353094875,9.443241413208142,0.0,7.922408738986647,23.59359755790905,21.65557998876858,0.0,24.754155637096957,2.3712215250292843,0.0,4.010704515356338,0.5091794896077317,6.476286768065847,3.138498708568534,71.71804928840822,86.65109308553185,6.227333456340773,8.97549143006728,4.574119629115643,17.241337511249412,11.684106996412652,0.0,6.028444178707261,59.0632912883115,8.145882105251559,3.277669399825939,3.2196212571834053,1.050845025294521,26.609378039191043,44.52546859811872,59.9020708148052,49.25747325852811,7.715473691064744,4.149869246105766,3.472992065939735,4.687334025106594,0.0,0.0,0.0,5.761075714258595,0.0,0.0,10.621772834606773,2.4817717572654487,0.0,5.513916549539829,9.436991492598708,0.31537618354991537,0.0,0.0,0.0,2.48406225255863,3.5052602773211277,1.8332565455575889,15.32480062868774,0.0,7.064398655373026,11.38858401234367,1.06478792232474,13.485308069997714,31.12095794537504,17.54930862085439,0.0,2.4292581597116367,5.995070224461415,62.0119981111692,0.689553995548323,0.0,4.525449705805514,2.893272492046691,8.629500964141101,0.0,12.69622971533775,0.027671311355547346,9.05525353912293,3.2888616103966655,56.59035058472526,0.0,0.0,0.0,13.071059784230656,0.0,0.0,0.0,42.65343667156989,8.53979944953197,38.85627986235562,0.0,0.0,2.314596955883758,1.5602367913697037,13.25147736631996,53.122921773230885,2.041878459994777,2.5498223378347262,0.0,0.0,52.95074906881011,0.0,7.27534345443361,3.4428341768406767,11.424456440260187,29.919505820373956,0.0,0.6347670810452826,0.0,0.0,3.959484777918675,20.52946421850075,12.308610945854454,17.391925000505466,11.616968068600642,6.281362687214653,0.0,9.326650137613143,18.998674580038852,2.9750900234850093,20.196692203895324,0.0,10.242772801736123,0.401828524085289,35.6412116129772,0.6928630108720455,76.25310780626549,39.72346788049124,42.758123154164984,3.9438719116065073,0.0,0.0,0.0,17.243535464284506,6.702366298998612,2.9432642556556488,12.387299264170451,2.20561298853697,52.88106521203758,3.3366566459852294,12.241436025125381,17.01116464706726,0.0,8.22594106490584,39.618104956334875,0.0,0.0,5.930095488821792,5.248705567661602,3.8796074863742547,0.0,0.9731007938585066,0.0,0.0,0.0,4.090722867551449,2.044103475646466,4.351706156349934,2.9810860604833636,2.386268334703999,0.0,1.2658921370876612,0.0,0.0,2.5114075319694678,5.619348817657226,0.0,0.0,8.522922528090248,5.331801496373714,40.501813184396056,58.30441061258371,95.03584678554026,0.600313814369656,0.0,0.0,10.206722778909707,2.993232948038809,0.0,0.0,0.0,0.8763437052256222,5.430943500702654,13.777399937471841,17.845904923337685,0.0,5.691694830636919,13.16221353186397,6.047936967063123,4.90846612355341,5.192169710607345,0.5391251864547257,2.059687337557193,0.0,2.993950220647349,6.070253711063316,6.254583549914571,30.750202463009174,2.502622341209076,3.1586238180752275,21.62329049567768,0.0,0.0,0.9887485345315525,0.0,4.828983847177653,0.0,4.453595232550953,9.474361599264029,0.0,0.0,0.0,0.0,7.1770925706968995,5.890759000263927,0.0,0.0,3.889579256480829,10.712229554826024,0.0,0.0,0.0,21.213356979580908,2.533450190176012,0.0,3.9637084040387975,25.601378248557992,6.682123928770267,4.780051795115696,6.853013721521847,79.82468434837234,0.0,0.0,0.0,8.787948084844203,0.0,1.6399025351150414,32.900587950518045,0.0,19.02925605269199,0.0,27.29181177693235,77.16973052171883,0.0,16.453376108339768,6.080679205247975,20.16071115135557,0.0,15.427547010296735,0.0,4.198878054886507,3.442311408392385,0.0,0.0,48.684885653208106
SU6656,42.73479578013941,43.183962006920886,87.37987059155988,0.0,0.0,3.3068196594152255,56.40171588011194,0.0,1.3537011725825039,0.0,4.14430464087792,0.0,89.10258102281587,0.0,83.88626295535208,88.97246586073426,66.21541294547526,60.270801917061576,86.12417856798528,0.0,10.843145593738797,43.709449510314855,67.6492805245671,51.30073691999749,2.5607580213935677,39.339725096353185,79.1154602564101,7.845578699253821,76.4252152703117,0.0,4.268468817680514,0.22508306829510616,2.8595733063337008,38.57283459311514,29.95948749205799,26.761327643852212,1.0780637159199102,3.4330745192204972,34.64417497128619,72.73246807545647,29.390647523201366,24.553979185469274,9.413437251200548,14.533608927070276,3.13900328442449,0.0,0.8566601462227368,27.143207556515307,23.096246294245006,7.481826704407069,15.800996578239378,23.637665598741208,3.1056494732284534,4.09666403363201,23.743687355707124,53.861532812481045,8.307321151915659,0.33871883822713755,0.0,0.0,6.237112316747712,0.0,0.0,7.861813646399156,17.36910836756327,67.91421656631562,7.080758638661095,49.29412268688958,5.3620150574439265,6.857089044774568,0.0,0.0,6.475268537313994,27.974101095126954,0.0,0.0,0.0,18.92707731964316,6.423876987031463,0.0,0.9049978433824037,1.795765584815058,6.614519784889836,5.494860946459752,3.527572813728142,1.3771569857645858,8.696927555606507,14.90230836455764,38.085520084311426,8.917070476135052,0.0,17.240250186296294,1.5509198381119802,0.0,14.198496867034848,0.0,0.0,0.0,0.0,66.92214961038836,48.19143368593185,23.141429373906703,28.64332949405562,50.74682629186824,42.89383725114229,7.054265341179686,81.79586383835831,15.083733483085439,89.76091538110596,21.9345165852302,62.777839281955636,13.953547873442062,66.86571713825221,79.16371494190375,4.956194682780961,2.999395646645951,20.1535038304863,4.703561810528328,17.406213505976666,17.737757877610107,0.5591221490607978,4.385375447222913,0.0,68.41752283092285,53.85110124293861,0.0,1.8053954845030376,0.0,1.194786176575704,10.463829484927373,0.0,0.0,12.144484266066073,8.41290009450563,94.40606227322277,42.28139993888423,6.686539516669683,38.79416446420858,33.202724489520676,53.90638125341251,35.156205215315936,8.895839505099772,0.0,0.0,3.0864940102838716,96.91705369547364,65.28275224266852,39.312845366327885,9.571024615501628,90.47394272098649,98.21538604721106,83.81931840159268,58.721315300368005,0.0,0.0,0.24528507988884485,45.37445345793813,38.277369659018945,31.101686928975425,48.515672161267574,11.294248532598743,0.0,63.03886183169084,51.33003757866581,10.895019014906339,16.1869628323025,5.379147640492079,2.754356597294489,2.0712000604720515,25.43925885076598,0.8836694454594465,42.625809118829025,0.0,15.890506295101801,7.735737667840283,0.0,0.0,0.0,32.82871331314884,86.91083668757605,75.7138759265292,52.282206801962545,54.38610524312964,17.187704032970373,1.0873125477644692,6.920083040216923,17.511700564997,2.023038753121554,1.8390665052773159,0.07920588863458988,9.268099825023114,0.0,6.763677934430021,5.398226029247269,0.2514904864804066,10.914131485573904,1.1809090008695335,0.0,0.0,0.0,3.537475773502024,7.432227955291921,3.898928015947291,7.49464946433271,2.4359790998109787,2.4469590781194768,0.0,1.0925551938475166,4.405848530786713,0.278110188716596,6.2639792944269175,3.470132674718286,0.0,27.60961629373145,21.222085540128475,0.0,0.0,0.0,0.0,0.0,5.076941665898232,0.0,8.005585071608792,4.545944500635443,5.351905427509848,21.5190006707939,13.224862420055501,4.115094328583083,0.0,9.636565322127609,0.0,1.1340889282231927,0.0,17.544272240827013,11.357116103709089,4.054915034323841,8.828927115637214,15.665247045536631,0.0,5.563096711940744,5.456964854293034,1.9027369445266515,47.4423592346017,2.2649313255046195,93.71245741233622,11.140354318576144,3.9628787141622865,4.780607543282244,11.772979737325329,0.0,16.711067099863925,31.934380959814945,29.909936178315007,47.23289975241181,32.64926144902081,0.0,0.0,1.8920937517827099,13.550685085134404,76.63583281064554,4.925337693660879,0.0,36.22552005266569,49.65113185272877,0.0,25.447718809772283,20.351441863694873,22.835649108830566,5.438564164835512,0.4631203164659894,22.261149934603353,10.968878148296199,14.168652427071194,10.413965745846099,44.64802967382927,19.435678274569298,0.0,0.0,4.627571376455052,0.0,75.3321293532297,84.36821686788996,97.11682206413758,8.225260155503236,10.268088791903878,4.012440228583529,47.28468012951597,88.64665907784224,42.80343634690843,93.86988798893968,73.72455087303112,73.65054083723507,0.0,5.515177266312904,0.0,3.53669901117253,86.51451750511585,0.6376810396264716,10.026979200468276,5.646380801125304
SU9516,7.036131886374733,9.362148650990662,7.388204623599648,0.0,0.0,0.0,0.0,1.3217082847503434,0.0,0.0,1.8664236636261364,0.0,91.13016490146387,0.0,31.0289188446219,59.99242643184354,32.16430792367173,5.709924128920534,9.69057485204192,0.0,1.5863901623492325,12.301332717142756,52.85155972821579,38.329093876404755,0.0,15.911104743241523,15.288764165757073,0.0,7.918517822065212,0.0,13.727373954877692,1.6975229168090777,4.41752670910995,13.407419966062761,4.626350436681747,21.205869389108997,5.361932276976319,2.621628252337601,8.708704326918195,10.506586906597164,56.27308597015886,64.09015566557422,91.78224705277094,77.93906865986077,64.8010108604256,66.30308745994432,50.42037650310125,95.48450564063394,100.0,86.70136641141801,72.01298157259322,15.797684549486135,40.618378740083905,32.55934535317759,23.955811876873184,22.137024399791528,13.63186771313562,6.384422002007113,20.006785995844382,0.0,4.6628846757160005,0.0,32.21906190196991,22.49559466318297,12.65361825295767,19.396806356149014,0.0,27.37184179729178,8.886841568877443,3.898589955174174,7.742316208337158,0.0,2.7170764516723693,4.044445413123327,4.53880996837276,0.0,57.710074444916174,29.581275275415805,46.88116701237072,23.123505579844547,1.3695538601231192,1.5283032816503521,0.5866907304895932,2.701866136034539,1.5882720470323193,6.660210808080123,1.8242981468659707,13.834435869953737,8.69999655174216,9.637889045014418,0.0,7.818209917244758,0.0,1.228345241844238,8.87687347065831,0.0,0.0,12.813534664503408,6.9103186101398535,12.133748458665622,11.59581013585563,3.0009272362224664,26.78213222881945,15.965822297877295,34.96785836530523,14.16171840918993,19.638879229424703,26.073997648117086,90.70801656634156,33.62406580718002,11.251658524391189,3.646046332051526,18.82622579885927,57.40922776536053,0.0,0.0,6.367032189010601,2.9809287511098574,14.771508338735842,0.2981827109563966,73.78720618296529,64.58373156976077,27.78622889663913,3.8890870409393017,80.63641341142085,1.1491431192819164,0.0,0.0,9.186149977575127,5.6220012426936705,0.0,5.078874155696155,7.508986256564313,7.067494885575826,0.0,7.833501505581552,2.2428142925263046,6.004623683242087,16.171133566730333,11.119287087739139,50.37949122122622,4.062461426968866,0.0,0.0,21.329929966900636,71.57303705250493,7.962528897484589,10.361989641729252,48.33370994911123,32.96644590078006,72.1315565675288,11.663855491457923,1.7044009651422698,0.626136296673522,0.0,4.762953257403069,49.60192894478148,49.96938937564071,43.81004588686997,62.565239360144304,5.170578445333831,0.0,10.351214909230322,15.812847958698839,63.52198046073188,42.122976641925305,9.861274087585002,19.11220789992298,79.02182691116522,42.02928538905101,7.073599078368801,38.42383214909417,11.602022350172149,15.066066164650024,1.548654976478744,0.0,10.793012917051684,23.098058501462987,3.8005385313387876,94.32987536258753,87.78298828076217,46.9063216379827,11.53058332089617,21.74741727317783,11.965615096779459,15.559196581173168,15.248794909037144,0.0,12.225388573150127,4.0264945420811955,1.8035178193913737,0.0,16.830250636650334,3.142019393868452,30.325880710869072,2.711470631243543,2.2845981090659393,0.0,0.0,4.528874292743254,1.7549734262968286,1.321820921585271,2.233939552309778,2.319621543157467,0.7554901531199789,0.0,3.106014164513198,0.0,6.635641586259936,0.0,5.093516064377695,9.606714987015238,2.1677864570774545,46.18384060266731,11.727709392495257,9.194806297775045,2.8215565291218496,0.9884947616170052,0.14167841345594923,0.0,8.678823901010873,0.0,0.0,4.522783349287295,0.9826089224369383,0.0,4.7686000187464685,3.1271467405094597,52.0806515597957,62.02373668088846,0.0,0.0,39.78197658488433,0.9997544102579923,8.321012336198862,0.2835703660146578,12.636852007544277,9.166178096576687,0.0,4.815563592469019,7.040117087852678,12.137054061965245,0.0,1.7085836564785382,50.75283051131966,10.001640983089203,0.0,4.031069052631622,12.61737538005869,0.0,8.897816676679355,30.436156119293088,30.395351228682188,55.6760260774882,51.23464573105261,28.486456121502982,28.604692644587303,0.0,0.0,18.11507733581027,0.0,0.0,2.0462428019774563,0.0,23.770391986639112,0.0,13.811149532202393,25.311395002173356,13.83981104402838,13.884886356512155,6.126581398363072,36.298442212728446,17.66554418313548,18.198065532849142,56.04296505010501,29.32198868691222,8.416061693088054,0.0,1.5539667263488468,57.22601554623131,38.63010031901156,69.89860602218211,90.6529157096839,2.6656676643690105,40.06409484547008,6.534687961459227,6.416789768769775,55.029542155346206,0.842716069666281,46.62073581326278,2.3165736364157397,32.062734728661496,8.818432760828046,5.756892565226536,0.0,11.51144304524928,17.910316446628514,8.62011016432848,7.238117016891877,0.0
SU11652,75.3494552835123,53.21437674245569,77.38287607772575,0.0,13.149018398023998,15.81786123274965,96.54837036523647,11.008996198689104,0.0,0.0,4.494779992002009,0.0,97.94180544881534,1.8878149034757143,19.670779331448074,68.10044531807391,25.326264585134425,74.82524795503386,84.18598302283625,0.7235514054952432,0.0,48.71891799007149,63.52188399968426,46.33941808348478,41.74230481337607,71.25588622365555,88.49976389750759,23.003241948811166,73.9777309939681,24.099523330254613,29.53497093876976,39.77509645533138,50.53489568675879,96.40046804306766,72.74150407759126,92.75264375929086,91.87059032813649,5.013726239965848,52.256559838103584,51.9971132510006,12.486665711091376,0.0,7.184877485071837,9.995846578539144,11.74633699912502,25.915907703919004,13.67069357924099,4.85187519864553,13.782332907176993,72.19660423258085,58.4020081082675,27.218766107306422,59.933826640390365,41.18494462907162,84.85365157505294,93.58463384491714,24.307666819246293,50.34188217930326,53.32967545535706,30.766363328936507,54.75436153114045,52.327267870051905,8.596411235370653,35.736492415229506,65.75826748135222,84.22710397811252,0.0,83.17954818684865,0.0,13.669366180691412,3.2275771219359797,52.28694118195684,13.328652303593032,17.159895179146247,0.0,0.0,83.90822541186913,52.7693495101059,52.527931857826715,17.328406377005635,18.23548744502483,2.0946094237745,3.0240493193194595,10.586872373175169,6.507630494539711,7.545504230305042,12.02576797382342,9.632735767081869,54.29870119682792,32.85850965676417,0.5164487298139591,39.23395559338775,12.50437921352517,0.0,23.075467061718086,0.0,13.916718907968175,1.2037503388805533,2.8707219810018785,74.15629910885889,82.27954134247682,77.88872396818239,79.72482301400571,70.71852805655887,87.66389271550058,29.461525503490662,88.5220766434781,65.62637066283729,99.21792793910744,87.89784826564068,92.58709962920734,40.695134800934,71.61335521366148,91.92946030906343,0.0,2.1728624088157886,19.188512316318153,17.31359594496648,53.73592772992937,37.76092093191289,11.719928352013227,6.919430317360991,17.11025503793816,65.70001693488203,95.66516495439677,3.120093937298549,79.97142881039653,49.18420472739596,38.264107168501084,64.77971482957076,0.0,0.0,70.58449051826432,69.88187467368851,85.93803572514133,77.2741627055314,95.67459862058033,69.97651884101805,34.23947806879724,45.95166988052001,60.66340081031384,2.7652435089941605,0.0,0.0,86.24404363994209,99.16718625250259,88.19758138086631,1.6210758419762783,19.32552230861404,92.89289895862184,98.56350630331511,93.65599879186152,78.05278541495738,0.0,0.0,8.354215803618246,81.93299928255502,90.26419470568561,92.14108680408988,92.80517079886579,66.9159924569479,58.60429271722321,79.92114770816997,69.36795687654603,83.30547621422404,95.60194153637457,13.81362835757615,82.38405873172573,89.99856452522909,50.42743995324034,17.23434990705472,79.00670667909834,24.60794621636265,11.199917031980362,40.0035706401464,3.893672583500063,40.95566179371508,41.0401921356938,7.179181484714817,97.02024299845037,83.141650616855,77.82228402993252,26.785994928468682,36.51063664411895,58.749565969012586,5.268414334608494,16.621801310685896,22.812203490923423,6.015943863904681,2.9627577935200407,2.1708837545491946,0.6777834157858109,4.0806138872077895,0.0,0.0,19.91890087084414,0.0,0.0,0.0,3.4178362876427855,58.25215290904305,8.386000042941447,6.5557769099590075,7.304472983454161,6.205694947592747,23.285835377033266,41.10864009007244,0.0,10.35245896911114,0.0,74.13817664144386,90.72001355619005,0.0,96.81053200427681,83.39159098334086,8.325339515038792,0.0,25.96189969192723,10.032978420218143,0.0,6.866877765877732,1.9162948819734993,0.0,9.584771900472504,0.0,13.88546836505779,0.0,8.104812018739722,88.74942094049263,91.96416166341481,0.0,0.0,88.05073795899669,35.75314318174182,23.602543820545947,17.39859541018498,63.50955155234479,15.644603879652252,0.0,8.755334190962529,10.232157661863852,16.068090443285627,69.53729706997227,0.0,97.52916521529434,15.936708447622124,0.0,10.267398754566813,26.460194014757292,3.3307737091471807,56.10835735374849,86.93629521292304,84.89622906151914,89.97888102880567,89.53188474027715,50.393333884857746,37.23213298684084,0.0,57.324480036536904,61.950838579114986,29.339416635786222,0.0,4.0850666607652215,6.343357691447949,27.139933024233628,91.55236549111349,43.87353904964928,79.39141756234076,4.2186427841377565,18.09856672392695,40.77910145225341,96.49412397467918,34.154704805838435,27.409568423872713,54.50381373643331,83.73368012024014,0.0,0.0,1.815891082831257,20.355569047923623,91.2714554810838,91.57352790832036,98.12590150380657,33.080376307755344,40.21744837240983,20.476682589332185,88.42526657771327,69.1537612056363,76.79195499604161,86.42141106771703,56.99940319638819,78.43498990408321,9.260183742524177,5.209560923576646,0.0,13.73688074808365,94.70538412816961,4.182035420864025,8.77003808444934,45.69977341645581
Syk Inhibitor,47.51537941869506,45.75968474251491,27.679714395932052,0.0,11.372403422067862,2.60493186703539,27.900708424783403,0.8863420412039602,0.0,1.6174675016661553,2.2232518362421843,0.0,94.11767140522383,46.76691125424643,79.98662721416633,89.50852392346012,62.858521352198494,50.80506871936946,57.14678962400819,22.970119547253404,3.1871358650476367,19.83731574584482,52.18329704116119,34.4791849868644,69.59801907479724,31.76392830524651,54.07328871715569,15.822276889132823,54.94324611532528,24.269970871064203,41.86328455865403,30.444830753421428,10.753894221522287,42.389089643435796,13.547586622273457,33.187600525600885,8.074080403950632,3.603710625570443,55.09089050240868,65.62610876215723,43.08138877119245,50.38922309667761,33.79396014378018,22.065150757843355,9.675497233359692,0.0,6.004628384408733,42.037520180883845,44.19747294802361,17.558695781570563,18.60555836150192,26.345843609568163,13.151677234543513,34.98439844305628,80.5235879742316,98.70066421764342,0.0,0.0,10.976354915656657,11.683406023434728,0.0,0.0,15.336247636800294,33.962596060458125,11.737036509199271,61.8716489866222,18.61165700344138,57.42883911338064,3.188690045633251,10.707419863676023,0.0,1.1492528209926718,5.999249617386724,6.805540170699189,0.0,0.0,42.5084070578977,7.830569056966553,0.0,14.518889977340478,10.293523170347186,26.313386177296437,22.460424919131682,0.0,6.980975179699769,19.10600013065182,19.525098683247734,30.724619102038517,69.7820550303869,58.70593802476809,16.565809339296152,31.276993079852105,15.191427482916197,6.7567150143087105,42.64391702728179,0.0,18.709549930777513,0.0,1.8057626390496182,5.913242736161067,79.99064330639773,42.603787860431375,49.839418846884286,49.473104332692664,66.16812799325884,25.896602157458105,71.63383408336315,29.864834865833103,98.43597052708766,34.8679442792461,17.470418595435675,2.9347690156472055,54.337974968964375,82.61053953151693,0.0,0.0,59.62752048735629,13.70073093198559,52.755737079236326,79.14104917889236,0.0,1.5546671062463133,6.918961682276006,50.018468119018415,77.49330258350265,2.8372667812360817,17.39998305808507,0.0,13.794053977610531,12.051206533343816,0.0,0.0,78.09698708697077,12.560698596204077,85.8266008820332,97.02298154848978,13.087534907263304,78.62467076902084,16.13198889043761,41.629992188917626,56.30176394781378,0.0,6.160262733218929,6.8595515418999184,25.714894306150043,86.57311845074803,42.3978948427912,25.929728710837466,31.821038493568437,83.00542310017926,90.24031438965628,56.20618989140134,24.96758840544115,0.0,8.546583797226504,11.6712975666089,59.616178468628576,54.50771879675523,42.772780843537404,59.4134286768915,36.41710005503602,5.326299767095406,7.946819558665439,19.33283578165043,36.99227914789403,46.25118001261624,0.0,4.9910568100620765,46.44034796450289,71.8839458811404,4.113468558229826,90.11474119895072,25.89298421712718,28.887938951413417,29.265536674218026,0.0,19.143334197428985,28.815409299217123,11.53472625698673,89.33899241508182,76.58658862269255,19.802304772306996,0.0,0.0,25.410845177876055,31.48532918329596,3.939854869634459,10.855630795466112,33.79378392523466,18.95178380560867,1.4290077190348285,0.0,32.675704719361235,0.0,9.588396778695483,6.2509551370645795,0.0,6.185811751690096,0.0,0.0,55.70171631994428,5.426249444383785,9.168254314891072,20.811735181107878,6.187209635330618,13.809311049015179,24.662724871562716,9.882158518502365,15.227078892348715,0.43573775677580784,18.952190545160477,34.04969515877235,5.0349057562619635,79.40165814304355,48.03911010316763,3.46513047317913,0.0,8.446572137240935,0.0,0.0,0.0,0.0,13.296092909135723,8.748381672709272,22.722851927630174,0.0,0.0,0.4326861775452926,20.022087502517877,23.56311811590149,0.0,0.0,12.783366658976576,18.87311557843539,12.765962229895933,14.977102671707542,31.090167650781765,18.171676743250316,7.936337405759048,0.0,0.992296857193594,18.979202692049313,56.85892811021597,0.0,98.06850477490148,25.74950232861181,7.509710049111106,36.15464136205557,59.018665716259136,0.0,17.785034091336016,87.28052021181654,87.57443256505906,90.7388047198171,93.44688139952454,28.175209419295,19.274001856866533,5.278142803133818,18.5817642651094,71.36713109414454,0.0,0.23713930587624077,30.965725702725678,48.6146487375609,21.28853630465764,82.96430579057585,16.469271520936957,53.73106515825089,46.85468155664448,20.743751835489917,83.54909460386713,51.094770218077855,1.7245217356521891,13.553766507809584,39.815804551511604,78.36050811592229,0.0,0.0,4.170902608754972,36.82740067090395,93.85395890526493,95.16944651419881,98.81793071153108,16.019899545840957,2.744904530308048,48.73149575330086,45.51071362547325,65.0254015950745,9.546122432456173,72.52225889826582,27.716761627885774,84.16513173887057,0.0,17.71371786296359,2.2927282820398887,0.9954418660213804,75.84320813490703,5.038501818943459,0.0,5.874674730773435
Syk Inhibitor II,3.95194716030376,11.322279678499456,25.464180039938583,3.5809583880947287,9.11479328737795,11.141082357355913,19.85657255725974,0.642250348479223,1.0651089466601036,1.8226855030045215,0.0,1.5147217044993937,77.37370291342475,0.0,7.242485341306775,6.563099024517385,17.813475493794,1.5848301191434473,18.799838755096175,6.986943776996128,6.1894122731611105,31.02174596430831,0.0,3.0825850636786924,17.715205597319027,5.29224235891796,11.624591506275351,0.0,28.15271571882583,39.05362786465852,42.665702854779155,38.94920758572819,25.973528693410287,17.505065442373365,10.24552203165311,7.533863298749225,14.27142547364464,5.778769472361091,4.7948579222724135,3.795841324395454,11.714173438734264,18.275808971460265,2.445985651538649,11.04389217249333,4.6935078917321675,0.0,5.1616116962657514,7.581380116905677,15.822074101137005,5.409114039399455,0.0,1.543518063509424,4.413977361513815,18.029007216476543,31.348177761713856,88.49262417163149,25.161450068989808,14.888018044404276,8.59271397193659,9.439986776680826,23.400700559508124,6.06077854173418,8.774201513651036,10.161408369456296,0.0,5.577889827916778,0.0,0.0,5.162580074053793,7.216976462388004,5.470694767743154,2.8528434338308557,0.0,7.170742288239026,3.338123604995758,0.0,0.0,0.0,14.068833528305532,8.769578682211801,9.088250026245063,1.7794969785641968,12.113746693914564,0.0,0.4512828880412769,7.058256497987813,0.0,15.351218633566958,3.056225434061048,18.020992978199985,14.129605091553486,13.123118870725165,1.5489642580395895,4.56500171071761,14.548987923615357,8.875547389241632,11.530288664689976,0.03480454739923289,5.689193718391252,56.01813808276124,62.47445100751539,48.489544643939624,9.978538206387071,0.0,2.5067478624239357,23.794310264548585,51.3296783925516,12.476822418009704,67.66555612798828,17.2893585025229,21.368979308605873,10.610297082280042,8.354229352351055,70.23191115381647,0.0,9.690465193669368,14.078308631991533,7.864641594207683,4.910353503871164,22.43649987565425,17.04982856569086,3.2100877275929918,42.17845525021054,10.350141081377501,51.59297307438706,4.085571979569238,23.587917438564617,0.0,3.6091391025059494,15.94121227222277,0.0,0.0,4.178078866304929,20.003862030026582,0.0,8.77644235013608,13.639119449537162,6.97798890297841,3.138354338348364,3.335486394772687,6.578666332980788,0.0,5.9002110908895276,7.79745025364457,0.0,34.92866549892001,12.397884401918361,22.52532790084757,50.650906621749286,25.067423024820812,57.92494341544614,25.545891500614346,18.118349511557057,0.8351854609583995,11.051823908927801,15.988120792794845,13.58512282103203,21.116223407447364,13.274035768001085,12.493732812917926,13.497004021020786,0.0,12.971565060505554,0.0,4.232270894348332,30.023904316345124,0.0,3.3026928738492813,9.886287872373543,55.31698232145313,0.0,38.15736396286527,1.8112102114391178,22.375938769845646,1.1113445809984626,0.0,0.0,11.934211722993453,12.914986258336015,34.825124589278616,2.0220650542066636,4.9643502018102765,0.0,11.405082866594654,9.71715770321893,5.493395980466943,0.0,0.0,6.690408082199497,2.4496202937973806,0.0,0.0,4.623046148259192,0.0,8.074631675481953,0.0,0.0,0.0,0.0,1.8429258001522157,12.509080947804037,13.326793745441975,13.166268910903995,41.149480906194896,6.346583145594991,30.726910375945067,42.73063145292312,5.976013637258092,24.858973895601338,33.62586609454402,4.554468227073002,21.810456167804787,17.559255265109215,24.36228284681249,21.72953218825097,23.933878319909127,1.5587883522064203,47.31847626592251,1.410291617570465,2.114014337830554,39.10037526461657,0.0,13.930453147279849,30.350487864070345,23.45956160771601,13.156780243808527,0.0,1.2969703878636665,69.73407888985585,86.50244519465947,0.0,14.451483358670743,66.95507560784826,31.25483564634942,10.119715907713598,10.216852743593194,0.0,10.347072333736861,5.235782782907876,1.3492607097812765,1.6822527738436577,9.494098996852216,52.52771490771284,20.990436267474934,25.921903728225956,6.811890962470642,6.931262555971301,12.172760599740784,30.405633197134478,8.950045868017838,13.362060116807669,15.67839202959415,27.625405756453972,26.213680480008463,13.260519641831067,4.897449029343605,0.2892548789433249,3.9078920524335814,19.897917907239986,0.0,0.0,0.0,5.549857205808962,2.3578483552473273,4.0986239013702885,67.0590310360964,2.2586647722154396,18.08409805182734,21.26325760030865,16.107663566841794,84.37505255482533,28.783340047648508,9.420179496165076,14.088556110196919,16.367618257803485,14.034204503792296,0.0,0.0,2.29681138467231,11.715219492691062,15.83486886328285,7.642973432617225,40.264266121969754,20.787334066765453,0.0,14.798524083354891,15.153678381674098,3.333307683916658,5.76540392074341,25.895070330301934,8.629748133755356,16.07242680337106,3.1835671103718255,17.971788891381877,0.0,1.9577344798647545,15.298170324958676,0.0,4.734019792098309,3.3155697963270256
Syk Inhibitor III,0.02864864065884376,3.9929546500963227,0.7807768413374276,0.0,9.225256973915592,4.448159504205364,0.0,0.0,3.6109468059603955,1.1519338237887524,0.0,5.59944881616056,8.354206181735279,0.0,3.84248799734965,5.393718356376098,16.30490605838085,0.9038759219685062,0.0,22.398231997315776,0.6926382694636857,13.468992522198647,0.0,0.0,7.47304157750051,4.754203370382271,22.381893625397566,12.302189891676974,10.70047570150777,4.894202838579957,7.576474190894402,0.48317466413647026,3.01592441315168,0.0,9.149394122506848,3.570893014413741,5.682118908528608,4.378111336871811,0.0,3.0550636603736905,4.987691433011932,15.638738501308978,0.0,15.577581864465998,0.23908796658972165,0.0,0.0,7.154526868688151,0.3187951793887578,3.5477862102442117,1.3623027601244218,0.0,3.6299626876691207,38.654828081038964,1.7121272636405251,3.916665163599305,0.0,0.0,7.1819475930312535,0.0,0.0,0.0,0.0,8.845624753649503,0.0,0.6804969900854303,5.550385986034144,0.0,2.1243584734044276,0.0,9.160023821189156,0.0,0.0,4.379864002125402,3.737910592426772,0.0,0.0,17.0805564823401,0.0,0.0,5.4177902430714795,15.062567514395113,3.422829649524701,1.2127429604951203,0.0,0.0,2.427858460589505,5.009844327456335,0.9375253222867173,13.217592754393934,8.393826260351702,3.6091450033365504,1.897867924194955,2.149552219133284,12.532665935851085,6.5158298030919894,18.309190156863934,0.6453987691459275,0.0,0.0,11.979683791268144,0.0,11.41093577025957,0.0,3.1002346657847113,19.065158603938244,3.5467952033207837,10.22125039003268,5.826344265027728,5.08636736107357,0.0,0.0,0.0,0.0,0.0,0.0,0.0,0.0,0.6749052884667606,0.0,6.227376382813219,0.0,0.6654049037184961,7.87828255586345,10.164389768801712,0.6365317716567631,9.911942607322118,1.2359262426265474,7.456352033564073,0.0,0.0,0.0,0.0,12.811857002992355,0.0,1.4371339949733226,3.628411040766835,0.0,0.21040554130175337,3.2003083370441914,7.215984521364248,0.0,5.472396212732704,9.015329251048882,0.0,0.0,2.0671890170575864,6.747887051845169,8.437343978485856,8.095431968316404,0.0,3.3930931669187885,0.0,1.0331213510786341,6.480265324524481,6.261308318119362,0.0,7.112384696872013,13.132110813166719,0.0,9.347157469274933,0.0,23.123529508499445,10.498361348216918,4.07778714441649,0.0,0.0,0.0,0.0,10.17436740684343,4.380493488484518,3.9577260873231523,6.487376820435671,9.804254002188586,0.0,2.749398832839006,0.0,14.700926505916556,2.3190214005120993,0.0,0.0,0.0,0.0,0.0,7.090767794948647,3.778972568809152,5.545163749072955,8.10832908489624,7.811842802019356,0.0,0.0,0.0,8.91524304741661,0.0,1.3529622829135803,7.76850726021911,0.0,0.0,2.7221480100172073,5.488959464030103,0.0,1.1548103180232374,3.1450391940573184,26.753827510267897,0.0,11.293233125514291,2.419450447642646,0.0,16.48179027574595,9.77217050398906,8.85608224463337,0.0,10.609040441749585,6.07603918011344,1.3918309067151995,0.0,6.368614336198107,16.043988705302226,0.0,0.0,0.0,0.0,0.0,21.205431648965373,7.314345571008303,0.0,0.0,3.3019655197419553,0.0,5.793154556823339,0.0,8.268760230143755,0.30040831716279115,27.37905671349459,4.459827831759185,5.3188359777279,8.4199609399557,17.784248771407476,0.9699506814902747,1.1245955084181958,4.1524600643766405,4.384442434671001,2.9876428784508136,12.666502693804006,8.643130732015607,5.29453833876471,10.517823638721524,0.0,10.932881423376614,0.0,0.0,4.251402952791707,6.915912922045152,6.218404744196192,0.0,3.9251226972287583,0.0,7.2335900914722515,2.488543616988693,0.0,0.0,0.0,0.0,8.830388183314398,0.0,0.0,3.317088370069115,5.779571593093465,0.0,10.710355219352323,1.1449423579733775,0.0,6.646549213382428,7.956504720108711,0.0,5.95759610139099,0.0,0.0,0.944206101024406,22.13308256325098,8.990662131013096,1.4138221877244632,0.0,0.0,0.0,0.0,3.550877368361796,1.3784960203396253,0.0,17.153315379258373,0.0,34.6399007621571,0.0,12.894615535639076,0.26046716190704444,0.0,0.0,0.0,0.0,0.8383749537552205
Tpl2 Kinase Inhibitor,6.626703431513022,12.648522431819543,10.133439942066332,1.4089571259974605,0.0,4.856589252960916,0.0,3.0803610528604537,4.429098752647661,0.9720122210320596,0.44905122920705764,0.0,0.0,0.0,1.9039259863421591,9.893404433167035,8.18811865249333,0.0,0.06259706226703088,15.958361168565233,0.0,15.86611548688802,5.4518830045821005,0.0,1.70607012587692,7.109624167497756,32.81683501135842,5.1231581030631475,7.444502729539309,0.8883521760271549,0.2321666426639979,2.168309940888065,3.8737751062426184,0.0,2.6087491841237807,0.0,8.840689831512123,4.771604313715272,0.0,9.852650366697446,11.97830035365088,15.449600643532847,24.911740915271224,5.93252094714579,4.410534254903382,2.3723872852131365,0.0,21.65191955228275,19.591821909874085,7.761886466798785,11.24031776384254,12.62629423345075,2.6779686814470836,8.829138662921281,9.77744136418579,9.461786610256326,0.0,11.604760024868938,18.155733824409282,13.047396856046461,0.0,0.0,4.149524525358061,24.773137912787575,8.957934374754444,20.114581633935586,3.2628463315439262,36.68247086425373,20.918633763692995,4.845491996181721,4.149196448819254,0.0,0.0,2.7970631750810924,8.05565379120381,0.0,20.399692411828326,47.29584761526752,34.83220508875104,4.544582001896913,3.735737968673334,15.63088952513678,75.71248768873204,5.456628521934448,0.0,0.0,7.239361777171538,9.395898427856963,23.76539441833583,16.276716302460116,8.820376899943284,6.8737040862884555,2.5882880135867623,1.4905806218674513,14.757823929046907,8.28848931971649,27.367581498796824,0.04751521272420689,0.0,0.4454249775316157,17.1201946324055,0.0,16.61543974185932,0.0,8.331135474473186,7.396684577666676,15.544394867176734,11.99778143915566,16.39119047119209,3.8445760102337516,3.745149008529779,0.0,0.0,27.82913579717203,4.337756479766654,0.0,1.2305071653840969,0.0,0.0,4.531822511161721,11.471280546025852,0.24856146772151533,17.514987844419124,7.532043257359888,55.569886898475524,1.396077639099289,6.838136512257449,3.4803756587841264,6.921631884995634,6.197583301586377,3.679022079072567,0.0,9.41371461214844,14.937870851942364,0.0,0.0,2.957530757843955,0.9237455295004651,6.418576631409792,0.9516977779893239,13.80739198648999,0.0,0.0,4.988142535930109,3.725451578538639,38.34015369932395,2.6962918665918494,0.0,8.861713338691587,47.19626370184078,13.364429867508406,9.555367300866322,5.919715501270531,0.0,6.0353990053884985,0.4013000365091699,8.364082817225679,6.823795105636151,0.0,3.6202171513843666,13.766926265631042,0.0,18.816259967190348,24.97359634041517,11.962434267001669,22.46690961786223,0.0,0.0,3.8202051316978896,12.532607353172295,0.0,11.03083056338619,26.81313228436366,20.67770053546427,19.964965681693656,0.0,0.0,8.04855378499748,3.5878846431151317,0.0,5.702884931780062,4.3845349295888525,5.020090100497953,44.37902198611461,12.086676122415497,79.49771232161837,12.89576300913808,24.81271672193793,44.025953008127516,28.347544778026332,0.0,0.0,3.65489175935771,0.0,12.02785755737247,12.342704770354842,0.0,0.0,0.0,3.038880767891044,10.5688448683442,0.4767823174977366,4.271063941240641,33.41730421520313,0.8269988518420632,14.592173663610481,1.7404601814792215,0.0,0.0,15.240523565465935,5.6569376762097505,0.0,14.663732935096164,7.975370293256162,11.741466383592183,7.266614993895175,0.0,15.048254915021602,7.828004423436681,0.0,10.344583124019465,0.0,13.813856498263803,4.791948993677465,0.0,0.0,0.0,5.338675814787877,5.452871409266038,9.610834159252903,0.0,6.148742600278553,0.2762543753445499,9.189023660771227,12.830696117744495,9.121306542158777,0.0,14.05855136227268,7.357078808140116,0.0,8.872291344615064,0.0,0.031046337572789184,9.056370035917666,0.0,14.688651366436346,12.74711594019034,0.19374566430425944,2.9232975737727003,10.409064845351423,1.7040976503980971,5.42254984255689,0.8697262688801288,12.71750490308709,0.0,6.773710982291121,1.4504465240594016,8.465125058778511,2.4088394040675354,13.44528587374225,0.0,0.0,0.0,0.0,6.174036541918213,15.580977947310288,4.412635245959407,12.619228449929793,6.129413094915748,21.40587123381357,5.626048160143142,10.513161943241244,10.102283645234294,13.918975096487728,0.835603214702985,16.55353177715267,0.0,0.0,4.507634490848517,0.0,3.8334455133838787,0.0,6.780552759953764,0.0,0.8997865109645744,11.851387421798108,4.413906205789786,0.0,2.0078918133101666,23.874858335485428,0.0,27.981669304075126,0.7824781127105638,25.687142101927577,8.910046437570088,7.601126047010382,6.359077938974906,0.0,0.0,0.0
TGF-b RI Kinase Inhibitor,22.905319304603665,32.19621322320998,3.7600681206068174,0.0,7.02868569905732,7.402598896127998,0.0,0.0,0.0,56.77699160512605,58.39957371776747,8.457167060904567,4.546787413422109,0.0,4.611751429702053,3.963910259224292,0.0,0.0,0.05791744359879658,10.81534474880857,4.314102777840844,29.08332907584166,0.9941354099510704,0.0,0.0,6.496242740546066,7.427791008906894,5.903216078025935,5.276772126322754,3.9479189198001166,1.689587673875124,0.017973722125560698,0.0,0.0,2.760031472219765,0.0,14.103022107309187,2.5488231503064327,0.0,3.0011387888909553,17.26097354977246,0.0,1.3288241437105484,8.67136011113331,5.795351747571857,0.0,0.0,2.7969531155804077,1.3895532121276801,8.940151201958969,1.7937008078603895,0.0,1.2660530127961067,19.996560659104688,0.3192781758260139,3.39446317381568,25.43404971402572,55.817276100617136,46.109621709775126,7.813748933923392,0.0,4.012720365947757,3.7126722138276875,3.2841534278466042,0.0,0.5580978790302566,0.0,0.0,8.891397050571626,0.0,12.082847100297926,0.0,0.0,2.556650396489374,4.930818574297405,0.0,0.0,9.071244710019172,0.0,0.0,0.0,0.0,18.160472380123082,2.2988872920259666,0.0,0.6601516815961332,1.9624960610909454,5.061576697122746,1.2205134320429352,8.643605255376826,5.3918062348846405,1.3284220616912705,0.0,2.865634023407978,10.887200153852902,0.0,14.263781910464814,0.0,0.0,0.7383737923573932,13.986641174490856,0.0,5.80696380186636,0.0,2.5640894214874095,19.399155767964544,8.087241668625268,18.639795249322674,8.80320662576608,7.772695808372092,4.458598377412827,7.158690147660934,0.0,0.0,0.0,0.0,5.652501717945924,0.0,5.409604345364613,0.0,4.884392805390462,4.7545616072663535,9.16824308391162,1.5055140289063331,51.689386211793526,0.10383302635827363,8.746385680155697,2.9912243313195575,10.130129070381315,0.0,5.7950971686559,0.0,0.0,13.269039422491431,0.0,12.314752078884027,0.0,0.0,3.2783320701037155,0.0,7.2668144044558005,0.0,1.1103351991209252,7.096352014900049,0.0,12.604620269014134,8.339096782703038,0.0,17.394382477657814,9.865054611442218,6.303109668400538,12.170942598910926,0.0,0.0,7.089313201907686,4.419367601264753,20.801003896432434,0.0,12.53645799644299,0.0,6.348813791858575,0.0,8.822248576061071,20.624600478702433,6.736879530281783,15.926657270016278,0.0,0.0,1.6755952393257019,9.596176141330972,0.0,3.464058096417176,24.090782930929137,18.100627065055733,0.0,0.0,0.0,12.751722878968167,11.05310576987597,0.0,0.0,3.1749576397564,16.63125503106042,6.601647085905228,8.302223766530332,0.0,8.20348966053534,3.0294061653031434,9.785334144200078,4.15345205925064,0.0,0.0,5.2534590898685565,0.0,20.20437982297723,14.712476546842296,4.00592771216148,0.0,0.0,0.0,0.0,0.0,3.6946695709818016,43.0195701397398,0.2946799478846458,23.080633163127658,2.8769516458972078,0.0,22.945106795134222,8.084719352379722,1.8648096336251285,0.0,6.162438506813459,5.809823261491658,2.28452505036924,0.0,0.0,9.42947042899263,0.0,7.114453248593264,1.4787876189516425,0.0,7.8775459350615336,3.4032425305440626,0.0,5.43796915921294,0.0,0.9553373328338921,36.96793457847565,43.92766170181038,0.0,0.0,33.056019840554484,7.2876598183167545,13.971763469885417,10.773037091561406,0.0,8.641006902157216,0.0,1.0563823881518317,8.339763911789504,0.0,3.8530705428251224,10.536268750603568,6.152714319678893,35.292417367985195,1.6743046884593156,0.0,0.0,0.08686819546991842,0.0,11.943845158037476,0.0,3.7484199140481422,0.0,0.0,0.0,2.569682897468823,5.207995882823468,0.0,0.0,0.0,1.61463532233941,2.8473572435557344,0.0,0.0,3.1058191863237568,7.101778845324574,0.0,11.334782771949847,0.2592497779375691,1.577215948273789,7.037633500703777,3.1586439448237797,7.235082938974671,7.442873465089718,0.0,0.0,1.2258811820141915,1.4358440509330563,0.0,0.0,7.313157525969075,16.50698625624915,2.6176824736386664,10.86898527225155,7.156243076075043,0.0,0.0,14.085069075299742,4.444163906605979,14.733563836042961,7.369336247990731,8.910314607007194,50.75002582551586,0.0,6.652542974145234,21.985750258954454,0.0,0.0
TGF-b RI Inhibitor III,0.0,4.349702852431534,0.6588007187355771,5.3915124576997755,19.94263832209174,5.321026803258135,0.0,0.0,3.558530846779348,68.98161333366834,64.24002802281268,0.8504543521856078,2.7342195135656766,0.0,6.6064549503634,3.537445234437598,8.56135793135033,0.0,1.4950670388850682,18.036589526428656,0.0,12.349488680364686,0.0,0.6805186373076282,0.0,6.413777426225053,18.00595079926599,17.25780625355648,4.0456939723293885,0.16712241942568085,0.0,0.0,1.308090028620029,0.0,3.8183686282764455,0.037306284949522706,14.488372580460847,0.039062938253266566,0.0,3.994707856482904,3.2816354047144074,0.0,0.0,4.39637700079976,2.446004227573866,0.0,0.0,9.949345010870687,1.5385490344578727,4.750107948017387,1.958881739948879,0.0,0.0,11.49690639555969,10.208423392006239,3.584066513635662,3.484544653411291,36.569477227299586,28.483211565593734,20.582538378353988,0.0,0.0,1.984902569935457,16.368382572256195,2.0045831122197626,4.823364103065487,0.0,4.204886018009859,5.536938716550395,0.0,0.0,0.0,0.0,0.0,1.6759751027657614,0.0,15.889004840074918,1.6292923150735135,0.357160844060715,0.0,0.0,10.289499741733323,3.5881580501158936,0.0,0.8409110210621833,0.0,2.747412296768644,4.36431938491566,7.343359422857034,18.350930051475373,10.084666153363656,4.468040820631757,7.003681114389934,0.0,8.560944837929952,0.0,16.88426585437719,0.0,4.1752837995737195,1.8797726431261594,14.597775579581636,0.0,9.188776722100243,0.0,3.409486593120789,26.225711244356177,0.12152056239887088,15.692091231642891,3.8429220715339483,0.22310649683362271,0.0,1.1651098539163343,0.0,0.0,0.0,3.693058012062437,0.0,0.0,0.0,0.0,7.00864516399966,3.242798064757636,21.3468308993684,9.32463236614069,13.14021451454795,0.0,0.0,0.0,0.0,3.8047128712796052,0.0,0.0,8.235000790858066,12.383288576014792,0.0,13.224090746831394,4.944552357143095,4.176077217658573,3.8898098152700555,0.0,7.4205400879570504,4.326675699256214,1.8090183057922076,4.033947639515162,5.275871513694398,0.8309019300013603,2.135671069208186,13.776857046725326,8.676330825131728,5.4867168694287045,0.0,0.777387834493851,17.181512761128985,0.0,5.864738801197532,3.8794302500503903,14.942974329057819,9.962381979812264,26.085760134006037,0.2617819095867162,6.682911473725397,0.0,0.12012710636332713,0.0,7.253686775799508,1.5685678316592657,0.0,0.0,0.7983602459683254,5.968818766380281,0.7005813453703524,3.793474063825329,13.227960656319567,12.225353741471025,10.374704148477917,0.0,2.4897770437635813,0.0,4.946822628628979,1.3104905763041756,2.3462655923789697,0.0,4.546621605060807,0.9349563952368243,20.769950766364502,21.129962733512286,9.700353041451962,0.0,14.428457563155348,5.14082063041009,0.0,0.0,4.384978371334938,0.0,12.055880678407249,0.0,10.298152181253442,7.017030375486186,0.0,4.284567594227454,4.0849020896140615,0.0,3.747559040680386,27.63312221903587,4.148578712260331,22.477520980488592,7.254657959890579,0.0,21.12955539471652,0.0,5.915007576237471,0.0,10.189338247195991,12.353006210743644,0.0,0.0,0.26731638788329803,0.0,0.0,0.0,0.35987329181422467,17.528324502361144,0.08706693796241893,0.0,2.074416377498153,0.0,0.0,7.190402478749064,7.709880954976001,10.741052070500146,0.0,12.12396280252787,6.443324091634935,25.400015448671866,8.955598986576774,4.124445306742842,0.0,6.512057362590397,0.0,7.912709945108617,4.400962312424923,4.972928953219764,8.712112494525798,13.843788201758144,0.0,21.04467711309175,10.856825944305854,0.0,0.0,0.0,0.0,3.6443451120080113,17.59408976526592,3.636022320266477,0.0,0.4393090191735922,0.035397947690924525,2.0042284231381444,8.591559726630805,0.0,0.0,0.0,3.4937864126395226,4.249326386337884,9.859791445501543,0.0,0.0,10.965926109901744,8.273264407161008,0.0,13.020391891051872,3.6817902470702535,2.365485949240991,12.383199784020022,0.0,8.056532053498415,0.0,0.0,4.799131404753183,0.0,3.4525487137004234,3.6150831852197314,7.557000718277081,7.3459010392773365,11.000996188661077,0.0,0.8040036092476157,0.0,0.0,17.252192994043867,24.575470767450454,19.64035643635995,2.5205266677824625,18.52480805709135,0.0,5.850328880335923,2.980971061315529,2.191880183913881,0.0,3.0121049411075944
AG 9 ,0.0,1.5466623321661075,0.0,4.053286130352333,1.8961756128099836,9.375382364125201,0.0,2.377759340108767,3.26630704749536,2.138328120428312,2.2150785055638664,3.8572810791318375,4.449133866067811,0.0,3.494556858454132,4.458122293837022,2.797974790910928,0.15004887960854774,0.0,16.20687444164669,5.7888543265595445,12.685741855843446,0.0,2.1166367308982785,9.045238649427205,7.79459746195522,13.38786459414851,2.512737967129567,0.06211793288248657,4.589621831243363,2.7524852938069273,2.3545959420203815,2.02677213450562,0.0,0.6633278392696127,3.3032538567252914,15.559951507156029,1.9328266049401464,0.0,5.387790551374124,14.232424160047998,0.0,2.5584450803813183,3.9068030892427856,0.0,0.0,0.0,18.128799704674023,10.897703232358054,5.7991724474624675,0.0,0.0,2.2274406100814588,0.0,4.157292753785924,3.2052070868680858,5.087157941962303,0.0,0.0,9.052688338306226,6.958732914969772,0.0,12.905001271960657,0.0,0.0,12.621864758274512,0.0,0.0,6.03706182568456,0.0,4.557626745731284,0.0,2.7491296062687525,4.275734882025404,1.3257490742893907,0.0,0.0,4.284448456190432,0.0,0.0,2.7392562434809804,6.927030829405425,14.868511361059717,0.0,0.0,0.0,0.810396377654655,5.4101939028495,0.1704191288035588,10.946458259658527,0.6844787681112052,5.660647842528476,0.0,2.447710436449057,9.380449221181607,3.241579154871033,6.055691141735309,2.1801208356663295,0.0,7.484970453188737,9.954779993685193,0.0,7.379037120963744,14.670869865927173,2.447143473160736,25.467703072763356,6.605425574731939,10.615851137484484,8.486757579068708,1.3190787766488228,0.0,1.2087971146522136,13.446311203684388,6.076998815896616,0.0,6.386884398126995,0.0,0.0,4.520346493957689,0.0,0.32457039341400673,0.0,3.3188828304139406,7.397065810863012,5.043570859187156,4.829877555709913,0.3590526542990915,2.645006551463581,17.35261672296849,10.568382029052799,4.0255446413237905,0.0,0.0,15.088648367813562,0.0,10.849734768319095,1.8648473148593467,0.0,0.0,0.0,8.974526123316622,0.0,15.741974056675616,2.8494669050010515,0.0,0.0,5.527776137323684,6.014148404762366,7.784734846738587,6.043938973607979,2.2582271349703262,6.533682330299214,2.120260279566409,0.0,1.9796491533857505,6.103435312725281,4.720279331546834,2.057248027737046,27.50746024714074,0.0,3.0406634105059425,0.0,17.314305462099668,0.5413674274396385,1.4177594756313,0.0,0.0,0.0,0.0,6.451678666663625,1.7212297841160478,3.8129343886365774,15.96165215819056,19.22576373619833,0.0,0.0,0.39295908903763177,1.390788626394425,1.6583897415626296,0.0,10.65219955013788,0.0,1.7340875127642903,0.0,8.736664976787296,1.1064216508550828,0.0,5.292326017066472,3.4710607178422492,7.567895384907885,1.257921438263594,0.0,2.994080874658337,0.0,22.9983990459216,0.0,0.0,6.3750099729655005,0.0,9.20637450639893,4.720482920641302,8.79470013137778,1.048770354951671,41.93683772258558,0.0,12.092442745845474,8.003136166128456,11.02550789866649,14.016255105552531,9.305036040662543,5.071835418978935,0.0,27.385280866297194,7.806014971638291,5.215392120555407,0.0,2.687414623747628,0.0,0.0,0.0,8.04805041213686,0.5181497066477334,4.153714261656091,0.0,1.8617257069355446,7.895917489746395,14.69024530288634,0.0,1.3276608642620147,4.579111632753978,0.0,0.0,0.0,0.0,7.029100882984352,3.370757970573436,7.1321641192429155,8.397711978766495,2.209350790241743,0.0,2.367024401246283,4.285471129139353,21.23790739107062,10.439935446818964,3.456994634924996,0.0,10.41661688506916,0.0,0.0,0.0,0.0,1.7358287361090419,9.608190736305488,0.0,0.0,0.0,0.0,1.4570364994717124,4.07292308566592,3.5814199797308106,0.0,0.0,0.0,5.927035857958856,0.0,15.806224984861018,7.04476845829987,3.957781049760257,6.035520320814442,10.874317502911524,9.39904561028419,0.0,4.055100105853626,10.384477019530635,6.396807318870373,9.27020242572462,0.0,0.6421749374321166,5.434335364448486,0.0,0.0,0.0,3.973591406276995,0.8269749276238656,0.0,0.0,3.522399011507474,0.0,0.0,10.51992521564523,0.0,20.41555046956921,0.0,16.153400727151535,0.0,3.7727826597944443,0.0,0.0,0.0,5.830536836285461
AG 490,0.0,6.5685041299740305,1.70989977696172,0.0,1.5557095336550049,9.232897077870035,0.0,0.0,8.653230534945237,2.0164439932030547,2.3920205979156464,4.784303244118433,10.02826184233541,0.0,7.7647513210467025,5.601389510054872,4.456768987110024,4.919818632086816,4.381835569813731,11.159680975352472,0.0,13.302213774496138,0.0,0.6700198322056536,0.2315560863166155,6.066581602731588,10.988158224887712,1.860849256550722,5.192685117935696,6.992702838937959,2.929466618150954,3.5976699375831913,1.3374943287160193,0.0,0.0,0.0,5.910808144716583,3.029713267754829,0.0,2.641826057845009,7.155141952240456,3.086313338173909,0.841972061833502,3.5772014822617564,0.0,0.0,1.9705747344552265,0.0,0.21040870505888165,4.3655029337461,0.0,0.0,0.0,25.120455098583335,10.757307826767445,2.465915665295597,0.0,1.6573788793541553,13.725929001301608,0.0,0.0,0.0,13.385933119699743,18.131660131851476,1.44995347356911,0.0,0.0,6.0382092062792765,1.8789957320401527,0.0,13.71186603327348,0.27263062617558376,1.5240677896684929,0.0,2.8393759956371696,0.3256385260033312,1.1585902694270231,0.0,0.0,0.0,0.4250939311647244,0.0,27.56461558733926,0.6062269865999497,0.0,2.7860424218423248,0.501016610148497,0.0,4.316960084732401,10.297159221992843,7.964776014771431,12.570742442499295,0.25799239438219956,0.0,11.829519826093474,2.4476563092875097,19.076631441749527,0.0,7.794190324273572,3.0951809373790837,13.772024618161765,0.0,7.243339203786405,1.8928134884018561,1.7727939665242616,15.83045633302362,6.325225817434799,11.994942363280131,7.227496081289189,12.349305051052397,0.03546279516250195,2.6061592924333183,0.0,0.0,3.4154332209490548,8.580679348036085,0.0,0.0,0.0,0.0,3.46393848975886,0.0,0.0,2.4717316849849738,5.002654974266704,0.0,0.0,3.4460654791446643,0.0,14.898930390886392,0.0,0.0,0.0,6.178597328437007,0.0,6.288818900227113,3.7400847265636514,1.2241724766143136,6.168465506885838,1.8703760289156577,2.8314458279772055,0.9094793301044035,0.0,2.0337418527022493,4.158487467974197,6.26360089189248,4.263677163796842,2.9719781203115048,2.6291540002495424,10.406702983464555,0.0,0.22117988858991566,0.0,0.0,0.0,5.787621197755328,6.183896624031178,11.794174722201504,2.467453783452328,0.0,5.975011938671344,0.0,0.22765473631045552,0.0,0.0,2.086865105994775,0.0,5.546835467574098,2.0560957025692943,4.537839235873605,0.0,3.0330295681581845,22.179418708182553,12.051313888917832,0.6342704734917106,0.0,0.0,5.83205482618564,6.086245277681357,4.051723549685761,0.0,0.0,0.0,2.0653683415220314,11.696821747410127,2.740408902337208,4.552394049374826,0.0,4.893995258855966,1.4147613062643103,0.0,0.0,2.8388046217303042,0.0,0.0,0.0,0.0,1.281643560115981,0.0,5.815795968352774,7.231305261197065,5.281233421072642,2.292731416040482,23.162619445252815,0.0,0.0,3.8880548532658423,0.60195627942241,4.8986738063407245,15.831140221082109,0.0,0.038550267175338604,26.008919824899692,7.380856720081624,3.9885878465746885,0.0,2.905343012135205,4.242727771320148,0.0,9.27091775561621,0.922395163198729,9.004006877879078,0.21861603737076507,8.865511205915567,0.0,4.534170789144611,2.7702922112775354,3.5984263579321976,7.546768910966264,9.832173548142222,0.0,0.0,0.0,10.81992585016387,7.414111806183101,1.382960956692628,2.355203578798154,3.8661037722300904,2.713472981965083,0.0,3.9336768550965076,0.4390784336502236,7.411074445139576,7.240556395821756,0.0,0.0,8.95782216361502,0.3346455338131875,6.031871482397605,0.0,0.0,0.0,0.0,5.804233378493677,0.0,0.0,0.0,0.0,0.3020504482458364,0.9087452620783552,0.0,0.0,0.0,3.3630760798846495,0.8881054585563248,9.833312153080925,0.0,5.086349438187483,0.9133375203286107,0.16203471633305355,0.0,1.8921370797378358,4.902970487425009,4.26291562167097,0.0,1.733277171450709,0.0,0.0,4.860382487146097,0.0,1.641262284587981,5.488221369461115,1.2279608539989795,10.026264912054842,0.0,0.0,8.646918160303898,2.907249775103125,0.0,7.105263942238395,0.0,28.79435973878367,3.019426590042741,10.066972104711454,0.0,5.0039762604788365,0.0,0.0,0.0,13.532488256484186
AG 112,0.0,5.104908792157033,1.949094634476893,0.7588543618602159,7.180980951406212,4.244002818756343,0.0,11.165191415769002,6.196411445510307,0.0,7.0188325647752094,9.232859552349709,7.694615952124366,0.0,10.364230168918994,9.04180878484918,0.0,6.3344143656287315,0.0,20.039667724779292,9.855833019494384,15.14708965349132,0.7532585779574106,0.0,0.3029392465669787,7.5586237444191795,6.507061071742044,0.0,7.651417567046337,2.7933215353413345,2.654559263356859,1.134473971517906,0.0,0.0,6.709261258558186,8.895950255045307,10.576786814224093,2.7634907069237187,0.0,8.439842174234656,9.444004138173796,0.0,2.052702716108058,2.9697347492713533,3.2243868369396296,0.0,2.9297794035244777,2.4472635118249855,8.05268896984009,8.749140532001618,0.047043814941190476,8.820125408418647,0.0,16.05438638870376,1.6754591877797367,4.4695172555304055,14.97831844126101,1.3163570962618962,7.632962010998966,6.587927600515769,0.0,0.0,0.0,0.0,3.4694552517297836,0.0,0.0,0.0,3.959245682332522,2.4190031382925383,7.476163696062244,7.349014452562187,4.304532811760993,0.0,2.398966629176286,0.0,27.167171113731513,4.138625979808495,0.0,0.0,2.3418133671282533,0.0,21.333134913396805,0.0,0.047587341593356314,1.6932395447339132,4.004509145845475,5.743519465392069,1.3528565979927407,9.467236616870792,0.0,11.655189230367398,2.9221870787853277,0.46979815278371007,11.874243757884543,9.917069504390525,7.261281356294248,0.0,0.0,1.4994669730658927,8.886986103472054,0.0,4.7052595375622275,0.0,1.128311346980496,8.907238370225826,1.2614787929621656,9.348987178520332,7.801637164502438,4.085224092546383,1.9520549373232825,1.0455384133332188,1.598272476720041,0.0,0.0,3.3294300096476945,0.4225078908844466,0.0,0.0,0.0,8.862731514983409,10.52246644154799,9.868849083693945,1.3524035518128414,8.820773088045016,0.0,0.0,0.0,0.251542943580489,9.438436148475745,5.9994536173489905,0.0,8.957518588215194,5.837739692673281,0.0,7.387825334276215,0.11828105951607881,1.3329837486760994,0.595497199080171,0.0,0.0,0.0,0.0,1.2088339065477385,2.797227802497929,0.42145505817406104,4.940360768682382,10.143010938414292,3.503641622473822,7.57000627202423,2.9110276643683193,7.824716168255065,0.0,8.695733223411878,0.10161238990426114,5.77051909126925,0.0,8.712658595228532,3.529089878175185,5.671395122592273,6.324666891882117,0.0,0.0,21.43342130617637,0.0,2.262551121386579,6.028721305096738,0.0,0.5568952977727406,5.58921254818722,2.0433484761087186,5.2484641628694675,22.799949489977593,20.880846278738915,3.7902413396676735,0.0,3.2834287511959843,0.28914025682583144,3.630492588223291,0.8608572604796052,4.753953717427635,0.0,0.0,0.0,11.888053480533742,4.2877963008623965,2.763565467659973,0.0,2.037955904025324,6.727135696511937,2.668147675887411,1.1434073247474998,2.0782825072856497,0.0,3.2730388802715282,27.824726964172,0.0,0.0,0.0,7.377750772775556,10.50827788244682,3.1653949173538933,9.130817630678251,14.013961699214207,1.6122153506948678,14.422525155278862,5.454131711570156,2.9924325326986576,17.13374082917511,3.5842048110397258,2.223903368770749,1.156782289874485,0.615892147446786,7.516579539337826,3.3253036274121825,0.0,11.834174724680935,8.695040997243751,0.0,3.197785236276559,2.6466391834049148,0.0,0.0,6.295778182398493,10.683723661308562,9.675703468237344,0.0,2.586820143637624,0.0,8.05697272179242,0.21998263560355724,0.0,0.0,8.730487701476434,10.53419361396405,13.059103545042674,11.019967046288002,3.114819823482989,39.22160393742493,0.11772854221158013,36.37421352602319,6.253217138264233,2.6123115588598296,13.678185423027486,0.0,4.521158925427812,7.0848302474252876,0.0,1.7391052346006006,0.0,2.8654621613890043,6.219358480271552,5.437985677283706,3.844034061710232,0.0,3.8909134428975563,0.0,0.0,12.347406121024633,0.0,0.0,0.0,0.034147399779584475,11.203498090634952,0.0,0.0,9.622296087858814,6.770160907826863,3.0775629610737383,9.690279393133238,0.0,5.225614250562899,6.835598477899737,2.743759892419689,0.0,8.901898077255055,5.3434574420888055,0.0,0.0,10.600987154285377,0.0,4.628002537904081,4.497554401641025,5.365158899026653,5.570786279372783,0.0,7.528603587820214,2.648855224238929,0.7374060118195302,10.720838923547362,0.0,32.177163015873845,0.0,6.330205525200967,0.0,0.18813934680615318,0.0,4.318668201852432,3.9565330933484546,8.947020805449313
AG 1295,0.36296415518685876,0.0,1.6003224292582559,0.0,0.2882897232495907,8.24173329437059,1.9730121763069093,2.115794395080954,8.243459896860443,2.3228339859141443,5.262726523751212,5.233846920359014,7.657429313692546,0.0,7.940606380148864,14.60637292135587,7.919698654575058,0.0,3.5346632240991624,9.96964059372226,2.7536864928530633,6.377941137231545,4.917085683730306,0.0,5.211914563630188,36.48541199949743,18.602003453469436,4.933328416292369,0.0,3.78180041271564,3.689041037725076,0.0,0.0,1.6152101656462605,0.0,11.88010096418509,0.0,1.7112202258600178,2.0115373952046127,8.225732263296948,5.565008772656455,0.0,0.6912722054313747,8.166941383618394,3.3165812924191584,0.0,5.366122792180278,3.386656606931794,10.875729864483745,12.888817661629886,13.305735608338367,1.528330636465455,0.0,6.112609644812636,5.757770786565004,3.1697668306828177,4.602012585531057,9.297250311991888,14.525587169000886,14.32262733291833,13.463017136546256,0.9771590958931142,0.0,9.661615633910358,4.635407465792412,0.0,7.230395825698778,3.9627148811928095,0.0,3.4665897833496047,4.590364812549581,11.625754631542762,7.364611798024768,0.0,4.285251552510232,0.0,20.030944146409027,10.143891651235819,0.0,4.079762711125966,10.79759930726479,9.732470505669767,15.507623026572347,0.1380651898868166,0.0,0.0,4.611319473380959,3.9399962996437097,6.961312624740657,3.4448946547476282,5.529293286798804,8.909125871632469,3.2872491477739345,1.5822042194899382,4.378154060361254,2.598233468694545,3.566753875810633,0.0,11.979322622255452,7.451083939353694,9.018524992179664,2.6668778733522203,8.09503651372981,0.0,2.004040415325832,22.847635338104226,0.9469186430005863,14.766945161072243,46.3848501622105,0.0,17.85472491146524,0.8683495428489891,0.5767427894931814,0.0,7.539648519233026,12.636209163413085,5.149795551682303,0.0,0.0,0.0,0.0,20.49257528033172,8.489969901044915,9.90170027802779,15.017707051280667,0.0,2.9773090913887756,5.584562018055777,0.0,13.229437605343463,13.082702833909693,0.0,0.0,6.031721672414477,0.0,6.9118131176365125,4.477889021315448,0.0,0.0,2.6887924346822984,0.0,0.0,0.0,0.0,0.9121087483381842,10.743588157337967,0.5208590996028164,0.0,6.000291340361969,9.30051190804511,5.5779743921366105,1.759835645160166,0.0,4.065040862455746,0.0,4.852895362652973,0.0,15.50112809033817,0.0,0.0,2.026916012866451,2.3715840180484236,0.0,0.0,8.865732381282754,8.22363327086839,8.932090095841076,0.0,0.2807460247029496,7.3707971059211985,2.185788862478148,2.656685007321755,19.673538325786893,5.2107105935035065,18.769137987120303,0.0,3.5625075297024864,0.5745966286337989,8.553592524722859,1.3970882033654277,1.0861370481644883,5.459817773554505,2.385562610847643,0.0,0.9690840708668134,3.9122890102444643,0.0,24.3342625651309,6.265682818696661,0.6645283389630663,0.0,0.0,6.930966762036064,0.0,7.215217323012865,14.37026570288333,0.0,3.228332371477478,0.0,12.707279254816797,11.83484993696473,1.2765737640330883,2.1587592735139083,0.6771378850063741,3.8107257837808817,0.0,3.146706755944905,2.63573468271656,17.918687757731476,5.458145589023033,4.629182260505971,10.90397718792589,0.0,2.5581303023420503,16.08603889094573,0.0,18.959840467960902,0.0,0.0,4.152910392290181,9.457905298444032,0.0,0.0,7.746896303487986,0.4016493414975457,0.0,3.118780215091107,1.973761154738824,0.0,7.820698693010286,2.9632914851146097,11.441089920148457,3.4566488149460923,13.832950454570721,6.331976995796282,0.6542932917192417,7.482116418080437,0.0,0.0,4.969455806621397,9.88588460781149,2.146748447866244,7.864144010829477,4.378602548633324,12.038527818568696,1.7365177982811417,4.499138467080343,0.0,11.910662022791684,0.5963003926600834,0.0,0.8019317645984501,5.7702901761441865,7.510327975917619,1.802246934165339,0.0,0.0,0.0,12.62862256919459,8.060438046180579,0.0,6.488910281378608,0.0,4.748449904864543,0.0,0.0,7.48339628287404,5.882601391093729,5.349310224757005,0.0,2.550916577875384,10.149896292250759,5.6996754410478445,0.0,3.8480424832731472,6.182347502531059,1.8829864618000158,0.0,0.30907942784401143,0.0,0.0,0.0,11.777392140740602,12.483483534648869,8.95547058084884,0.4870381852020387,9.748440788490427,2.37665580281336,9.120624471958365,15.928309725031326,0.0,13.636962860967117,0.0,0.0,1.1574327509464126,0.0,0.0,0.0,3.2895852717236664,9.678809836177038
AG 1296,5.90619209988165,6.030271802072292,6.769122224136908,0.7645558084065698,13.33899627269949,5.544651355575681,5.874054026810697,4.2052730613775395,0.7302300613397108,4.833332360812577,0.0,12.429794456382098,14.362422552075245,0.0,9.709644906877315,25.6085729609905,9.92404857999145,4.771501593132058,0.0,7.763440556543031,6.763564811474481,19.16017667081036,0.0,0.0,2.0071986102903736,32.70141336568287,19.98403610428126,7.413523348292216,3.9063348280636205,9.645907181629212,1.789472839154783,3.3824668316012776,4.921655696965502,0.4559983867716255,6.7375896744302395,12.532339220772798,5.5150246808804155,4.793144536933497,1.1295080460433695,0.0,5.1719607985483975,0.0,7.056763363161394,14.561835913530217,16.209312134540482,0.0,2.4973185508012676,5.433562830851997,4.239186243812526,5.86473420616079,6.315886841748792,0.0,0.0,16.77097215565746,5.3164109585457595,5.849686075122136,0.0,0.0,20.72546922200499,9.857780526763122,16.04407044888916,0.0,0.0,1.7119613943867762,0.0,12.63695584469366,9.932916825934484,0.0,0.0,0.0,0.0,0.32709281746133456,2.656443623269041,3.970940550214209,3.116906799966813,0.0,4.457265767301749,2.8202112545888554,0.0,4.143850115031995,4.559041024205925,0.0,17.144385716125072,4.171253696086083,0.0,13.219384564669099,0.7145174563510039,0.14381833396024035,9.581650031189213,5.281756489879825,6.881537476666097,7.202476324791775,8.493791793635552,11.412019088326673,13.644034320783433,0.0,34.120003478937804,2.3527835028837103,4.439786686746629,0.0,20.015074598975147,0.0,7.141735763806437,0.0,3.988027313899721,21.281145999369926,14.63328998153986,14.991892016662518,34.123180253686996,9.57333334490562,11.796149642832063,0.7340237767129736,0.0,0.810465928877889,4.225236115114342,5.662998124513365,2.163891458042116,0.0,7.229337250563702,0.0,2.115976307639812,0.0,7.919025530433444,3.14526487787046,37.89056645197638,6.64814230718801,21.337630884727034,2.3262367985046524,13.620848260241587,8.928352292067629,0.0,0.0,1.0830610917031578,10.899682851103691,1.621434934356813,9.365995489134406,0.7720225586984668,2.194969359312708,8.542965022016247,5.583641225082076,9.71654558438253,0.0,6.884614338423631,9.691754580497587,14.554825487725708,0.20172465490264813,6.530899848180013,22.34232631447952,13.230160232935503,10.443672892055162,15.051257252343675,9.647259472292845,3.0841796330414013,14.057924242180889,13.290139854517065,11.891144387768719,7.416805120873789,0.0,1.805660375515174,14.720584819513974,2.3663963585123895,0.0,7.540321190662979,9.708531106282692,11.06376714399832,6.468086613893945,5.070221317160076,2.59244873688651,0.0,14.584844534729157,0.0,13.189150784448728,0.0,13.66765972499897,14.638036996118828,6.724391307523007,8.199818011440613,14.605470487270921,8.857167921226392,3.665464777950376,4.254259301187432,0.0,0.0,4.125114264064877,15.435733759602556,4.091321565124346,0.0,14.748640757620663,9.473711413859007,0.0,6.169012053593235,0.0,6.541829094739512,0.0,10.744715655617597,0.0,0.0,4.337756867090064,10.372444288298794,4.458734116729431,10.974837757497681,0.0,8.71659230780692,14.36744949360586,5.277738799948878,24.14664069508723,14.356375359344412,17.239219323570694,1.0553775876534246,14.482402640717453,16.905628429717623,12.459956594047455,7.406213517216443,7.592393480856998,2.896468409455366,4.106062872336864,0.0,12.604775350784621,0.5518351649485709,12.446887259211394,0.0,0.0,11.238151523383692,17.776477979106375,12.07594941449068,0.0,0.0,17.88148137765694,6.719564522622079,8.94440588220931,0.0,3.7233595388501897,6.228403896237197,22.911634026405707,3.7911018888639774,16.43255626799801,0.0,11.690267125341421,1.4874502004105068,0.0,1.6732273789470327,2.602631071688677,14.135435441360613,0.0,15.600662265120803,9.714863661966234,17.28137805713763,4.466641417490834,3.877586668351171,15.756715316134475,0.0,11.602987135625852,0.0,14.63111561463171,1.4767674618018987,11.485809161392467,4.447554696647984,10.33645017876978,6.863111330659422,2.6601831373590414,0.0,0.0,0.0,15.60402217705581,6.478738105280911,5.518934394421308,9.322857588940565,8.312144495620743,4.068499708586074,11.994759245992668,7.504327824315851,7.2456850679241285,0.0,4.075655583107263,11.101878164536743,12.846835204600438,0.0,25.0341575254607,14.277901339725418,3.7111355413822764,6.822436209062417,0.5290357248410373,10.941666932065814,14.332281314544701,0.0,6.639048422244514,2.055585579147589,6.11730748230346,0.0,15.456264253228582,0.0,10.616257956307678,0.0,17.22823510831742,0.0,2.4615992774479594,3.9098937067006148,5.296261824884681,1.3682474637705013,15.322936714206406
AG 1478,38.244603701616995,47.39837488137255,71.42819964387496,10.059841216540235,15.89288890525799,1.6592060365757249,8.473604318361964,3.572068976444342,0.0,2.0390686117788164,0.0,0.0,24.15903720612343,0.0,6.737827557219106,25.60158395983484,14.224432420162373,4.670315533241194,31.783847882796636,11.37469342976405,3.9938543788221352,61.00385254754303,6.914390031814506,3.2817458241235187,23.280932749367253,6.042037536564095,23.120825283130955,24.470896297392557,28.110243827594076,0.783242142641015,10.376437774999516,3.4019408281124868,6.446355489172504,1.8129642258174101,8.847241294502126,3.8978021574746577,2.71842628451148,5.593854083241212,7.839313088499949,2.4968928379264526,5.100164426950698,9.680405999416607,4.953517003297918,9.639443367608024,4.7505797850054705,0.0,0.0,12.721319875167524,8.984526649314063,7.544360764492566,9.901339791746608,0.14358630277278905,0.0,14.930610944018781,6.299224505082464,20.3386353278063,7.468693881299643,0.0,24.72855217762512,0.13836283251167458,2.8727700725137026,7.606138746130441,0.0,7.707906842778158,0.0,10.391430955998459,9.479570992058342,1.840499482139677,0.0,8.90955192427137,0.0,0.0,6.7472292335929325,5.3100329892454425,0.8097114081143957,0.0,4.571941386614569,9.279093751437642,0.0,15.440390803227956,3.746339439402419,8.26119320631446,99.28206532450753,18.345605694504314,14.845347467393722,2.124021935602144,18.345672295482302,31.671794264990737,72.23656145159586,34.975874271304804,18.5094474754861,17.219490958269716,1.9132649127385264,0.9256806213520576,40.33790070190493,77.5392513515221,64.47610111258714,3.5940698412660623,8.322607111674216,4.920911082216691,22.90332502919506,0.0,15.149197786997618,2.518309546166833,11.455288148180216,21.321184947106005,24.684066038105072,25.572379968265935,62.38746736923602,0.6901854843507778,1.8449135978022753,18.907606141965687,14.266795074776326,1.9213969303990552,3.4240532661906684,0.10127328914506961,0.0,0.0,3.2025607570710974,14.551456396668783,0.0,1.3145178379896834,15.236982394813126,38.15651862015084,31.92658905135839,1.308620420195851,11.16023023699799,1.1388646182333133,35.58272368049958,24.09002521869118,0.0,0.0,0.0,22.446266328284878,13.406788169678606,22.33331210113623,0.9576369519623853,6.227478848344447,9.588120182337036,2.5628994510799714,8.406598795467346,6.186369131686035,7.798291415980373,11.033207370271498,25.327989290749713,40.48232628782057,25.07230842963449,27.647939330551296,3.2213192102814645,75.538727270268,39.10995157923577,56.939198436682645,28.285232075095536,1.9679725857901644,7.312446361218591,10.495977576184657,5.987657904811201,2.9742774569726294,10.209271056279675,1.4993905445228677,1.5377585880402336,0.0,1.798859258678121,11.722999015112947,18.218296716611405,16.933727714003794,11.255507443541475,10.983954868922055,9.933002688820068,17.16183069741298,0.0,15.948732117387436,19.18072232018646,60.47855954996401,17.756043541700166,15.074455375999719,2.2489188643640716,5.518503301912972,9.870766744327227,8.007975642135264,0.0,3.164371425549149,0.0,11.719628813349743,18.789245473598015,6.894180848858923,3.0546890814087106,11.74823332553224,15.653303977560114,12.453941538890518,0.0,0.9864862846057463,17.427940779401865,0.0,16.90307163230588,8.026613328507182,0.0,2.527624906833637,0.24620711718122834,1.4922210617554583,11.479317400016441,0.0,10.703873540973746,9.286117899848108,1.1328381571036488,23.52677744946334,17.047772930288104,18.368257523248218,9.800461673105644,29.129019564610473,6.739145400004759,0.0,18.100889785059763,11.058904151446782,7.405803843413182,8.512411949099743,0.0,0.6209527007123086,1.392746835096716,12.086436815159217,0.0,0.0,4.459563997391086,13.585566678574168,2.2443499563772207,0.0,0.0,2.526821867513334,7.736471350101368,13.459261462998683,0.0,0.0,7.739975919971329,6.2144592376140935,4.78890764290999,7.786501924594944,3.156998836930086,10.243076767141929,0.0,0.0,7.704633591767674,7.450303261919515,14.687928751053022,21.62535593740448,64.70160951717742,54.61117426423242,9.188123983900056,4.114757943628263,7.424322143850276,12.202075828006997,8.817229810945832,12.657908767221642,12.195997210058763,14.509071388995238,9.493124772678556,8.704783916923105,2.2128111051778205,9.120390441763846,1.2691894901810485,35.3950492618404,0.0,6.216677196197537,0.0,11.782733921552548,0.0,4.275686469358732,0.0,11.691409819452872,0.0,2.9853761923490367,13.083760397808291,3.07610384459187,0.0,3.928848525427668,9.624781018477165,21.97219556972152,0.0,5.530005481419522,11.374687662729684,6.134775816900145,7.448668835775337,6.7364901710745215,13.714004523730551,5.200431778785912,0.0,24.9530996133511,39.71548722908351,1.8591808233959313,3.260338605222529,15.296040633228259,0.0,22.669964431402178,0.0,7.556016486569646,1.4097864182596709,2.1783943245042394,40.127298958376144,0.7310639544540436,0.0,5.366246742115436
VEGF Receptor 2 Kinase Inhibitor I,4.639205228293633,11.453326595119321,7.341034033787253,3.909563216457002,12.374605603476851,0.0,20.81899069860026,5.225051866162488,0.22642014300623714,3.439319985931718,0.3359017810048073,5.334771365774145,37.743431469446634,0.0,9.616715915772744,32.74650723346164,10.890834695763715,11.130137512876303,19.777183591126203,6.519406663043469,3.305946443672809,17.187254445382393,7.4022644937275,1.2740024038440083,4.375014155495791,53.70928187640667,30.658469884178885,12.60137268486875,6.176966273983595,1.8940037164510102,11.434525512959823,6.8851877553439635,1.7949319980364464,3.1635172983053366,4.016906808676254,6.071188758446084,2.449390612958368,2.2813522413673297,4.74396899423337,9.180106982284883,3.702158483201771,0.0,5.512863755565007,4.427784351031022,5.961618148837175,0.0,0.0,7.319442876339821,3.2501442996460668,10.325933224852463,15.326611271215029,3.182649207220166,2.5160233323996977,5.313656624095046,10.62485757888885,29.495537120468242,1.3834187023538789,3.5801676642418983,26.336543977745464,0.0,15.197791772298501,2.0775926457016,0.0,5.3125645822423735,1.8164928310665402,14.01859726728506,0.0,5.655898666587632,0.0,0.0,0.0,0.0,3.673900188075521,5.345615702221153,1.981084311803471,0.0,18.58541801937473,4.303058172585196,0.0,7.636897944943016,0.0,0.3966224535953984,7.817767329288358,9.178102357352145,0.0,3.7095859413073526,19.70530510153918,8.14719758556447,20.009249098306398,14.71489050710315,11.319449486483407,2.5088843916317103,4.590416459465999,5.624334536943991,10.533473910694639,0.0,28.770351398728693,0.0,3.6094079358856845,7.025108838907528,27.48386329645767,0.7186801978251083,21.35386121598802,2.0985575907869105,19.64354308220007,17.57732586722412,20.702509067103364,20.96224159527185,86.69326353300988,20.833055938629798,47.459386153539725,4.710325910945784,2.7316984262565995,4.473270754227229,1.849610791085837,5.327893938043502,17.103085797084177,0.0,9.178263043845817,13.679056056980627,6.538565507724442,0.0,7.145037528953651,7.418228128886383,35.51003257416548,2.7055251568485517,4.548890120322312,5.531932919593501,9.754034093873443,20.463848983337897,0.0,0.0,6.464752438707876,9.392487924668274,0.0,3.238393997984474,6.218557597056616,13.673568057813753,2.93570170711979,3.302036131318303,30.923891020704644,0.0,6.095305036668975,13.171807977009905,6.8248840698245345,15.684335323810814,11.779301903549992,18.67702534064071,14.848841841750442,17.75058160100484,71.41230578063869,15.90688133355711,1.6147757263981362,1.3550528646314888,8.328978233921305,6.085935175615674,9.233530231791491,12.444764791204022,0.22611870067197515,0.3705509687175379,6.831724892567735,0.0,0.0,7.177283603904613,12.618901881040443,11.139043424399631,3.538178118829933,5.224417757476829,25.345993937948336,38.377724861879,1.494142751758048,52.98369391221431,0.0,12.606628194905255,14.271208383117965,0.0,8.202642543096928,12.977503472749618,11.212545461595312,16.59719859932244,26.25449804705994,17.49918360614177,0.0,11.348376516927772,25.944868555159957,7.522485143116043,3.4250670198542252,8.602599806731803,0.0,4.874425368154263,1.9105386124641228,0.0,19.21970285407987,0.0,5.249631037184798,12.119383545275724,0.0,2.4597319812890817,1.7453191255645777,0.0,14.328997505249163,0.0,0.09964265212576606,7.475886419344107,0.8805143239885354,28.216095472624772,16.121399858382887,18.5672106354328,8.63256976157524,14.965968743748519,17.214198555153672,30.886914631923602,7.467617326329773,26.710052848033968,3.8390105649809527,4.2293232068277575,2.2541194009145613,24.885483398932806,2.746642232166508,11.641478988568394,0.0,0.0,8.45134656076128,8.446596031942477,1.8131817000320467,6.027529037357766,8.068690548470158,7.140706111312767,8.737668250938441,9.880331899135086,0.0,2.957913444726074,2.8810215795772507,21.660700865752432,7.166043234512387,21.061560599499842,10.420171355023115,8.022040871245537,0.0,0.0,2.544568490298076,5.188877824577645,19.368071534874304,10.44612450170672,59.184602129348306,11.73146152856421,9.240630164327143,0.8567412906209029,5.668983649051626,12.512677411551692,0.861737826162269,22.434803830006416,13.57246790810622,28.55361629460451,12.372013908823035,7.959774264544478,6.349265408560626,11.853573109898235,0.09649227876177235,10.217754203034247,0.0,0.0,4.567793618676717,7.6682024979631365,11.728607101723043,8.843156530945095,1.5207905426642014,16.26974065554964,0.0,14.884276996753854,10.670331377075229,14.235276131406351,0.0,0.0,12.363919457682002,29.48672587514963,0.0,0.0,0.0,3.5071544233071563,30.095699272990657,33.44142578499016,72.09804877474177,4.145033401965009,3.387130714043934,3.8859746393450507,33.09159213466381,10.09045706396509,3.1425411366546285,19.931350513157213,0.0,23.33855824320746,0.0,8.78594597004539,0.0,0.0,31.662324928200604,7.285680543522062,1.187510332017638,14.90792674288545
VEGF Receptor Tyrosine Kinase Inhibitor II,0.3143030938288689,6.642638890204481,0.6604857127071853,2.433120882059953,4.820459361871784,2.092860942858394,0.0,1.0576087584756806,2.7858274403158703,4.176558781293664,0.0,8.64846924792056,3.466797861081389,0.0,15.60648433686319,22.30569154280319,6.574247438311517,1.9358980712167693,0.0,9.519854343997267,10.03158621136508,36.414006020297464,5.993276984202197,0.0,1.1043087796203963,66.38403834232491,20.958136595673096,7.849925952306364,11.169337853133882,0.0,5.235913740235034,4.7261824281298175,0.0,0.07652271050125137,6.560846827235764,0.0,10.75001833829981,0.0,1.511024247476712,6.080691630156878,8.18471879829741,3.673494768969391,7.795118406670483,5.696659184036861,12.559227834637227,0.0,5.842486839947469,15.137731240449085,9.63755279015686,6.645322958597092,13.478594435943847,4.934344285311283,4.506555067579313,18.120179028769,3.561216720049373,5.464209802154983,11.881990463935296,1.9111046634706952,7.47147843252236,0.0,11.66036345605437,0.0,8.916596918371738,1.7461251185566908,0.0,8.194801490452164,1.8613217506821513,0.0,0.0,0.0,0.7219558246149518,0.06874271170110546,1.5583046683012185,4.847857840285172,11.071727143231413,0.0,5.323703256872406,2.9120652047283215,0.0,3.98233510877688,0.0,0.0,8.773950087951022,2.9842121593697613,0.0,7.919029979334624,3.5251436798027953,17.885007235813347,10.212634268175293,4.99950832180653,12.41239713317239,9.776934328461792,15.255073058051323,3.130438438234137,10.3999868244982,1.2558188648901023,28.69440809099021,0.0,5.259576631125995,4.296815664779331,19.60547772156349,3.3545624222736308,16.310517653719884,4.255722138920078,7.833770897083696,15.948368042735083,16.234159963029825,75.19521477193365,8.5352181281161,55.16089636725569,81.6453841124513,37.23635722933969,3.0362217468803863,2.6652984437469485,1.8326987742331369,3.9299609790795955,3.2480761754276557,2.692460376013514,0.0,3.7702224857497555,19.871864996357516,10.708273743530242,4.52312494130922,0.0,11.264954904966032,7.26522354142098,7.011105801312681,1.2665733969097346,0.0,3.970099975879833,0.0,0.6616415981943646,1.1364233743355499,11.989869916977725,0.0,0.0,3.887491372993793,5.8507152782666765,8.169835741228752,3.4963319509296866,12.200956219526049,0.0,0.0,10.10264933392105,71.81517380100107,4.189907236023231,6.683887708713726,16.58873881994802,6.467732419941967,18.171409743200428,1.3149299136399861,24.870953017692273,6.288203563515253,2.4200510484386513,8.607367510806881,11.253747349575733,5.338682271655927,7.3325928193723655,6.895187272425829,0.0,3.2401584300583863,0.0,7.169951444195874,3.7851560680261684,7.680679676841308,3.1281974740342378,0.0,0.0,0.4719074879522367,11.017147356056512,0.0,11.044740281073416,0.0,17.744036015252362,9.498268015021182,20.094462873672455,7.5327259370153,9.751994701867375,0.0,1.2964171053685334,5.812638057503904,7.42982527687667,9.122340389260842,4.090861289040447,17.993101882319166,3.960144179518963,0.0,11.635993423053037,9.507323507247364,14.233446592900037,2.927404760189148,0.0,8.761305562176517,0.0,12.806581902405725,3.1854927268718427,0.0,8.642705685409652,4.364513135948002,2.675607685311604,7.4992621080454,0.0,5.089235471122649,8.958524448650337,4.482592843196727,9.428458872270056,20.614897481150066,0.0,2.88625298896541,11.459591779706884,18.671422083833846,55.04946748871529,4.657925903229383,5.796971824884224,2.891869680415411,1.103095090528285,0.5212127452206801,7.043710410425433,2.8726931757321665,12.590035730860109,3.29479821556518,1.8702913733389153,6.737958531285869,15.267757082066765,3.0337392120316906,3.7569140535471064,0.0,1.295790226846492,6.830101825801563,7.883785205049293,0.0,0.0,1.9688736706049212,13.20052682998731,7.716144117406131,0.9031388499510342,4.824309728428773,6.789119884063155,0.0,0.7375032245868454,1.5062765555762638,9.482849860110946,10.710233527287997,37.377981050865685,41.135874891881656,17.11661909372765,5.264723587489783,1.5810747969764094,6.234927466082809,9.529913062358446,0.0,8.048495710177335,8.564984775478564,5.882126497929605,0.0,3.9918773390017463,0.0,7.47087113404001,5.191843016791836,13.409462047799252,0.0,2.0553107763924743,0.0,14.924934886566447,5.906942942671918,0.0,8.355054760730496,13.630496080178517,2.5257377239447862,5.283123919273635,6.3556217617385755,1.869720047225087,0.0,0.0,5.944085655258959,11.557186026021526,0.0,9.90111283686727,7.586188976451538,2.6533472936768874,4.468596753564867,0.0,2.9681800274035623,13.72459219118197,0.0,2.289023812377863,0.0,7.863054623285677,0.0,13.114624882829844,0.0,15.314872150723318,0.0,9.888675093305281,0.0,7.098602370211239,4.741237410122295,13.959151475799587,0.0,5.959073630397839
"VEGF Receptor Tyrosine Kinase Inhibitor III, KRN633",11.020919848214874,9.54803329907294,3.4616405708867717,6.954469173812413,10.252330075210125,11.08873551572664,0.0,0.0,0.0,0.4416045563399109,0.0,12.488299236809667,7.687340076023233,0.0,10.804220230736888,63.02514620491265,28.36595504848367,0.0,3.2344720817293933,6.412156935197871,4.913679432820629,51.66776142496133,1.4752044845407966,3.3259171547648663,1.4269856240790944,60.833337061051395,32.28903421081921,26.374683663610156,1.3758704064101295,3.2788088350629607,4.600055745723182,3.163787261439907,0.0,2.4820535468122387,5.094753177592196,10.632860522405963,9.475453671539071,0.8897455334987683,6.9085867664978196,8.466768649312684,2.2782920208493636,1.984991399297428,7.161871340666579,4.825129908771743,5.975509763384451,0.0,0.0,4.270765625468442,1.974839353874529,7.0850528413372444,10.4839071932997,0.0,0.0,2.0385232386296934,23.008276522819557,20.04111745569999,1.1459501767189693,1.0534762810289209,21.469706062190212,2.918378950481838,15.221681764332814,0.0,0.0,0.0,3.8377662746904377,10.499214731534408,1.1678529513163056,5.799121596396759,0.0,0.0353062035602818,3.2127182260870484,0.0,0.0,3.6085694267670476,32.39398067244932,0.0,1.0238655183708545,3.1005795306932242,0.0,0.0,0.2514736321681994,0.0,11.873729112895035,3.073801833594473,0.0,1.463734531275179,6.631649636779656,18.226808404153076,22.255589541833643,13.652826971164103,0.0,4.46137567681231,9.208083030067385,6.279677569267818,10.581655300319596,0.0,0.0,0.0,0.0,0.449426961357716,25.929550800048503,3.9867204580196614,24.63784906589501,8.730091145784257,15.540341056028467,26.08438269295138,29.757665369424288,34.833978349412774,17.881664558908653,61.476828471655836,48.87579946378461,12.821346806244208,7.277254804290465,16.89810203287651,0.0,3.396500280528855,5.605015438574583,0.0,5.0448713505759315,5.3186124960353,1.2443758320017366,8.664106011778884,0.9388310674785458,11.347405155141217,13.552731159723663,3.239438594229739,2.092123094118733,3.785721435299834,6.513691439873,23.001928549004205,15.121668226743594,0.0,6.518537910217503,7.623594488498156,0.0,7.992447586346955,1.6234580625316681,3.065673755356528,0.7913429343520306,3.0614281782506225,11.0564154819169,0.0,0.0,0.0,80.29027378121069,45.39732533001495,18.183948676079297,18.370704494904174,12.746964601244926,65.04409960366989,5.896676640144449,24.458693560879624,5.904900267635071,0.0,4.189705594812182,7.823025031177735,2.446844747741636,3.832368709292183,4.694340569871173,0.0,0.8357072810233888,0.14962622197300846,10.505231389676311,4.685935842825046,13.22987927810206,9.865651042207787,0.0,2.629994314743257,0.07151913833337176,11.147060702852627,0.0,10.824560980696248,4.760113963839103,18.74088145808338,22.24787547084736,12.572456459341737,4.432487950756837,1.5109583313356723,4.1648725737912144,7.218153066686455,15.01835133875764,8.269259921096705,13.112996687572121,0.0,23.83327980958657,8.23035984540084,0.0,7.662995075767185,6.2315867479602645,24.0305557531411,0.0,0.0,16.683233857981264,0.0,9.278760376824636,3.508878535523465,0.0,11.528328704817625,0.0,38.10783000734688,9.36576753158694,0.0,6.214192267590704,18.550014084586138,5.34231384126241,4.342990285753672,15.452151790728934,0.0,12.287312335226432,33.80477996274021,7.773346744008421,0.0,13.178342386113457,8.738529396892147,15.94717688737272,0.0,0.0,18.723753447311793,0.3413981715232808,0.0,0.6671778158291204,0.0,6.4252181499180665,9.934322872078951,3.216516746413575,0.0,0.0,6.966612152754379,7.108699880670983,6.609017005739531,0.0,0.0,5.65647623337108,23.175407928575936,4.578583472572049,3.0433664663756588,0.8814778612070882,0.7636392304111155,0.0,0.0,5.027736486909802,0.0,11.956268794026045,14.60777724737548,91.58207456543067,15.210391504086658,11.399800774799616,0.33391633401745935,2.268976551921213,10.668368401035806,2.4133827947700013,7.6529746028872125,5.070896685688922,4.257070219972292,0.0,3.7546743467468673,2.8516774474481537,4.487229005653262,0.0,20.004156907669994,0.0,0.0,0.0,8.921687546218322,6.607026414265931,19.64368273629657,7.396559893232478,11.949305791679265,12.060050975427941,12.023686507620496,2.488289953994098,0.0,7.803472224847837,5.474461562426171,4.134703568517949,9.97675201548168,0.0,0.0,13.005445295494127,0.5087775495367168,6.814556522444349,0.0,10.962858303159436,1.2721175791934343,11.387805844824669,0.0,4.339036406443256,4.8135294673333675,0.0,16.760362500465178,10.807639896834061,19.269750462950796,0.0,7.088691958684976,0.0,6.24674804534871,17.908716133977464,0.0,0.0,11.228442720337966
VEGF Receptor 2 Kinase Inhibitor II,8.22776094220066,17.43285764515764,7.151894391009506,0.18174921440765957,9.697605367807427,3.385163676260035,11.52087446908547,0.0,3.0386009749491336,0.9865688360270042,0.0,0.0,72.26950536441896,0.0,12.549247631278632,43.31561063188562,13.731467499915283,9.994538855321949,25.580066377303353,10.05832307640216,7.530441705792626,17.721444176984008,19.22315151399684,6.15999190148419,9.461199228628757,69.50743714844653,18.80463426097468,18.426122313015938,11.23882917468572,1.5942664429918239,1.4141474091564277,3.236786959877122,0.0,6.6826500874620365,14.22143861509494,15.785781669435849,7.622801657320338,2.5051511769463275,30.354847425601463,31.912960356326664,3.7175632367139713,1.5292638432403294,9.192641570361644,3.9721318207192553,6.821448194028761,2.1285160783872072,0.22428641153902618,8.715448336798943,15.412935794011474,9.644316400203337,14.188603815821807,6.353638115622857,3.2682628340268423,9.954113044227967,18.240022296385092,31.770357781549137,0.0,27.593513198242874,15.742383745758104,0.0,3.169043477288369,0.0,3.9459638491049986,0.0,2.7946669074472936,11.416910611052955,0.0,15.546824816468217,0.0,1.498181764275941,5.78551789210394,0.0,0.0,1.8404354085981112,0.0,0.0,27.142953943999203,12.854801041310282,6.13709524447907,9.17351154895455,5.974211002592455,0.0,12.623211082170684,6.8771885490994435,0.0,5.380450309609529,5.161691159872547,8.694106197715115,10.847066615202394,14.708898219932507,5.547165147689327,14.521927697123004,14.619663037567705,0.30740028518499685,11.405108481537923,0.0,15.387821567752525,4.983502499850061,0.0,18.083799286656927,25.3256196603609,16.180818084022036,23.336627363333122,12.615020556163586,44.16273515700493,22.97539395949937,32.3287413821042,26.55914532807836,96.14413479411763,43.88228735492521,50.307147634842856,8.973859354007828,12.464996518087872,41.92226445387169,0.0,10.14090152401792,0.0,0.0,4.214140811884363,14.833252674923727,11.529028310588501,5.878292230845773,11.991492041294507,11.508417953639963,93.16307299793984,2.7889655326334832,9.041466020473777,3.267352037854053,0.0,25.717093307716453,0.9100370757942642,0.0,10.467588438163048,14.155274208659222,2.9808706057706473,32.7732780683734,5.216844599307279,12.515679675474956,0.6544966178423408,4.777631825795595,10.662569360465426,0.0,0.5725297106853873,1.319692522818059,29.081462927469374,82.29620220908939,15.50255925506292,17.048379432255643,11.263958935837934,34.47398154438433,92.97370402794724,29.191963091032875,13.2426692486668,2.5473015175025466,4.930472728517486,9.363582742315344,30.953492445114108,23.003789315808802,15.13076919360391,17.140371279056552,15.181704172588525,7.898568173140745,6.386947416129402,11.44996927597468,24.380352938730482,73.62217453146464,0.0,4.323932614504983,21.80235690235233,46.575632409563234,0.17672607133887652,83.2487186673305,0.0,12.871987167009905,18.14860241879481,0.0,9.65251061081301,5.79353397493955,22.182410030732314,55.924067151103024,39.3255065096272,5.795220683075314,12.098919919559478,11.404909959308497,44.864668919938325,5.357673353547682,0.0,12.11309007163237,13.265422163477382,19.476704573170878,0.0,0.0,14.379317402305759,0.0,0.0,3.2584950867398703,0.0,3.218728334799522,0.0,6.955901665605268,8.076687490702454,0.0,4.331627107834237,9.97502556498226,3.5846050509951937,23.236621988190706,14.611302750376723,10.176922769778514,1.142694302196631,12.168286871477704,23.838954336011938,41.22980947842727,4.732291922536916,39.829938556371715,9.502000504017943,0.0,0.0,12.482145475045073,3.4708112066313674,1.906408356259746,0.0,2.6191060049738866,14.520132356101797,4.378609789619304,0.9226771563384943,2.5743506573408297,0.0,8.045238025108645,6.177050868361789,9.704574156688011,1.6045945741431922,0.0,4.155023910912476,22.992408586001886,12.13398498222152,7.6169186534360165,8.344450412927785,8.672917197444178,0.0,0.0,2.1541271248145506,2.79064865313552,17.601581505844052,11.751795833766948,57.12712787695182,12.84726137231766,6.945720014853251,1.2285171097576892,7.2068525422657785,11.689790965338062,1.3897868298241036,29.569491648751693,19.13219710805774,28.040374740089504,21.359888897438353,6.604871926240705,0.0,2.4251942151289967,7.265696143677474,26.55363545846714,0.0,0.0,1.6771517575256638,9.40677909622093,5.7335760272622736,63.91208658605605,0.0,22.737761743385818,19.884627873116102,14.015310111371576,9.512551162124765,39.059553968783405,7.680296918827409,10.596682282386212,24.701358470693037,33.120381434591565,0.0,0.0,1.816382794414352,0.0,48.24289895952555,56.421289436938125,88.13080942274067,10.15491489385387,4.921110285549588,2.736624192557173,29.427505367711362,13.968871353629112,0.0,30.575003007209858,0.0,44.53497856371153,0.0,4.114312005773343,0.0,6.22522449964724,32.83031809925174,12.307959276359128,6.143167418627968,7.2117357350034155
VEGF Receptor 2 Kinase Inhibitor III,4.7628973365256115,9.679905207755922,24.147269112963812,9.905601184068217,6.537099487629092,0.6370442388141271,52.58660839206925,0.0,3.857325687425714,0.0,3.012786222266854,0.0,73.56383728360252,1.7185763307188893,22.38002701738057,90.35012451513153,52.479766051370675,22.800066961444344,28.47078763235683,5.8237701522961345,0.0,16.410037012634092,16.113927822750796,12.864664416642512,9.145010621034743,68.47516592632306,31.657747834373964,16.18636054469775,13.45781238472037,0.0,8.915288345038903,5.441822902010074,0.0,15.463652253709483,6.018307622823073,16.20783329650868,15.192069591101983,3.4905633828718123,17.028089490243104,18.400186907006713,6.42569295959305,0.0,9.3114564868483,1.5386627788063834,3.9883944741480946,0.17791824382889843,0.0,6.789199539890575,8.593516755490882,10.556531127962074,19.286447745616073,0.0,1.4021674907535981,13.129996171395106,28.134918089720358,78.51922211000644,29.036664208842495,62.20120035388146,52.90230478302905,13.076852776332998,29.795116333336196,21.475979615075758,26.447161205089742,1.4409547029977716,5.926337127383874,30.793371901562892,8.655359145544438,19.245193742232544,0.0,0.6074469622987664,0.0,0.0,0.0,4.1904645439597346,0.0,0.0,47.06235364489035,5.851367596380811,4.694454300639691,0.0,6.524780049821047,0.0,8.297163573405868,4.8384530423877266,0.0,4.0731695467276126,9.159344265780902,12.621329158385677,18.945239170741914,13.075147800441812,9.276419011625762,11.233310080367517,17.888598367125,7.173895556608841,10.81752279527548,0.0,19.246992769361626,1.2654552753492823,0.22956380375805452,38.52298747447364,46.61348989514093,9.480216171778977,22.790600329050278,14.49785146444259,24.70516877764723,30.727154878139743,30.398145224327592,30.13245264194188,96.9338725188773,35.57389385364098,71.4674621272833,7.422454607061994,7.909580414096936,28.683421323419566,7.993913726343948,1.0839830171079967,18.14847067905552,0.0,15.446199226710362,23.671299106780765,8.603293493717032,0.0,4.334054700311711,14.532989588134882,51.2245174449273,1.8059917525570484,17.627447066109255,4.661439021299429,0.5956172239879862,19.031223866605785,1.7210292439812633,0.0,27.21626612015892,21.82484159028823,1.3415800737613068,54.1529888649073,25.84146807560751,10.118665736958206,15.099364628243961,15.532822523171205,6.011256968959714,0.0,2.330349676079223,9.371257979215983,32.59753180080631,60.30869264642804,18.970408251287495,0.6692773456439625,12.393737926031974,28.136509823205202,86.04624624389761,15.784767864749682,5.700289874625355,0.0,0.9645038506693595,11.130078733177982,16.63776324765243,11.927973411789878,19.74074234030978,14.231988994613118,18.061516897381154,6.822770990598755,4.1563905400898875,5.824309898671629,22.059460603615918,19.690771070185434,0.0,31.267850879826028,56.97650990742221,60.50157924952421,0.0,82.41263198556516,0.0,23.109129607958863,7.702723778084348,0.0,23.387210594709472,21.584068187316433,5.707286562014488,53.50104015428559,35.96003898347848,0.3373905719253969,4.759635301586201,14.64749791638269,24.239954085754803,3.636864723648074,0.0,12.01451079394188,11.189136317661792,20.914079407276517,4.8600759132008875,0.0,2.7015255631021944,0.9961625975834494,7.771564247387914,8.21136282069503,0.0,6.256382355027128,1.7065680180687934,0.0,21.88891888600395,0.0,4.247886160238636,33.48117356183616,4.066669823643906,27.65328799904458,14.854055421004944,0.0,0.32450847353865697,11.707462331811243,16.782017954395158,35.16096543551049,5.7900443172635505,55.4363957154345,11.031651038800902,4.254803324051437,0.0,12.067482580463775,6.873446204601407,12.374026281073554,4.375920343946348,9.961458369234393,0.0,8.333326242074975,0.0,5.335699839471161,0.0,2.496050983602686,14.672948401420058,18.357780168874257,1.4903463493704692,10.122554745296213,9.179188928853591,23.85039133649522,5.646469144261175,7.323807789214868,3.613299439947653,4.377564880760502,0.0,0.0,3.4204785634978236,0.0,34.000613718115176,0.0,82.36375499825215,18.618704646071578,6.111299806239799,0.0,7.288056412734633,9.492571001885437,8.62536762721561,55.94615114709514,49.09484185224102,64.75411376343538,60.999927534022376,17.368391896717213,5.57130400565768,2.778614653378426,10.563002614253264,11.182955161192794,0.0,3.8560860489963886,0.8431272941801495,8.163723177191969,5.806394323728455,12.794577730176314,0.0,27.914893704264017,0.0,5.136933707976908,7.5396464628579025,24.599545561586496,0.0,0.0,23.30140857100568,32.61115728010219,0.0,0.0,10.06292461639103,1.5321786484600466,57.17015246887917,76.31772362666295,93.85231402770651,5.936840717698416,6.415124410980567,6.5853436440587245,71.81089696076413,13.062285575148934,18.977036339803647,24.400064904325504,0.0,39.832357156359485,1.0477333373478643,6.697027055519925,0.0,0.0,46.36458421580488,5.30479182462139,6.49747632767226,8.21680216644046
VEGF Receptor 2 Kinase Inhibitor IV,27.06293090868988,36.58723565468371,7.844058212342588,7.569835034740095,6.664313741749254,4.636115996886133,19.636517891214368,23.640852244651597,8.946501513756488,0.0,2.032078463368805,0.0,22.090872512382603,0.0,32.01218539056005,49.21766826749182,24.686101385069122,3.3254154160180462,16.545072620057965,9.422448788715002,14.087569550966919,22.467756621687528,18.507640859244148,5.903279731784551,2.870233878103889,63.83134623485836,18.778016581666066,13.703003063818812,8.31157933018767,0.0,9.080786952908127,6.520495843429103,0.011426923226650842,3.440389551382708,11.267687160479483,7.9705674034280065,6.31133429484332,1.5556211538662694,20.76922495767994,27.097510045928004,12.57792616224988,12.789196211376122,16.953247729176326,17.161048947422216,15.087118928355636,30.18957491059203,17.055944873548512,26.975030211090626,35.4799456645508,46.553512823908164,66.56703809002829,0.0,23.072525608804085,26.240358330330054,9.167243862612565,10.94330339975204,0.0,16.413295676996285,13.667528749607015,9.690513798711848,17.729799961706817,0.0,0.0,12.743148346991546,17.242933970301138,16.20273090075534,0.0,37.959423679922295,0.0,4.7319620231309045,0.5835984024451335,0.0,12.559091970470107,2.4964835252541775,1.7920742080982848,0.0,8.43239563808531,30.308159353505175,21.06673885366901,28.934119644564944,10.076025846518917,0.0,7.672246362251087,8.47081857366166,4.094562181618812,6.555215984536616,12.44668776207854,10.904972666507405,14.857621264204766,8.858048103177339,9.719792751524722,16.86048216466841,19.467923460769924,0.6403778014532406,12.526417379838364,0.0,5.750377201822857,0.4993941476740247,0.798486643794007,7.0429776364138945,18.514796241429124,1.825927433594586,19.731637896568742,7.608322407601136,18.454710421842492,10.826935860800958,27.741328201830783,24.296652794692704,88.89015815160063,5.885775036393184,46.43965895196456,14.353180191703103,13.66499932461528,25.20917867831396,0.0,2.246520442509734,3.040911469736102,2.6266258893651724,0.1483530039465677,0.06879454344435487,7.500737399905518,0.6342594964828265,22.806647524896164,18.1354742058507,71.59844534649625,0.23484491759248272,8.813106108478237,0.0,0.0,8.736372632741265,5.523048331119355,0.4248947674734893,14.450625992657137,7.496123164076209,5.983685021541021,17.87490803728403,1.3314725718609992,4.8444230196791835,13.043686629425622,1.5682525923520814,1.499675290806607,0.0,0.0,0.0,20.2118106670125,39.71697359216097,18.380751225187197,28.785792648507112,4.148323157249635,18.435729662622094,31.928332606443263,18.18374312245959,7.2806773021590345,4.156271031819912,2.5081614956011435,9.316849566212852,1.088975491289716,17.885461110549414,11.17171659647758,7.303599129432769,1.8077137427894456,4.498791882578558,1.2718455783020062,0.6300291806527412,26.417237896193996,36.267966693186544,4.126183799034052,0.0,24.38828232359097,34.38215932939384,5.803564937171274,48.126690357431734,12.896621181045063,62.485050656392154,13.215840179451675,16.600271429805943,9.687152862023964,1.2669384132767618,5.939470307055473,2.7310745154912865,2.3053318368486657,4.508285445313362,4.280313636858551,25.139882313938656,15.965921639468974,10.601001156756325,6.736241566899622,9.781114873923286,12.255169973788043,19.975997693863633,0.7134212013876038,0.0,9.664258974561449,0.0,25.513866972604063,9.715560617793898,0.0,15.914135811506739,6.492086880436972,5.213244307334776,7.861623538677804,0.0,2.977606904502082,20.907874926865418,3.56476579547936,27.50127493772594,21.893674504028255,7.65444524061067,20.502947228091884,8.400377195114771,25.23655724160743,36.56467555323145,4.033235633778389,26.753309730009704,7.669041325327129,2.4655547611398134,0.0,0.0,3.8518735847566603,6.135074907967876,0.0,0.0,5.664623966495526,1.0684320402044136,0.0,0.0,0.0,3.7984068230595085,4.947045250421908,0.01438254346875567,1.3448953775187817,0.0,2.2567239254295828,13.474969636434935,10.934037798004653,8.022786869266014,6.9119871200251595,0.0,0.0,0.0,1.9557142751076526,10.543541113568153,18.16557382929699,4.510834281255711,7.981210857099512,43.23701229090628,2.419102631267805,4.2885845676689485,9.6420537913813,8.357719364065844,1.22893236944563,14.318134279981706,16.377524369860154,12.45854719410994,9.349167619644675,18.203011647160423,3.2674568415918515,0.4419197618268669,20.56385913537494,13.713361015525095,0.0,2.5871133718749206,0.0,5.911751948336587,33.10206099980907,0.8510225447661668,0.0,28.410371345374273,0.0,4.866810218275475,0.0,2.3769553135734043,0.0,2.564435914256478,3.0802458813336955,22.32026080109165,0.0,15.857011684539657,0.8751336064108557,3.7538387346468767,6.789096600107172,17.0717211480966,50.216150360132374,0.9877657740933472,5.793922538177682,14.77803289380023,1.0597568976209573,13.94853338741801,8.177485591774044,21.00768215070022,0.0,20.602559416692742,0.0,0.0,0.0,7.312999685067325,32.3366214761661,15.869014417680901,6.291141481730818,18.08061238563829
Wortmannin,0.0,5.108858551211171,0.0,4.568012272526602,5.829236884138794,5.40502798071077,0.0,1.207847275770547,7.0455576246999385,2.2860187892621298,6.152841105216936,17.530958365488573,5.049206612280102,0.0,6.091629545365322,5.788263493080819,0.40872856505518484,1.0196646558301836,12.240982347991235,7.737594398931918,3.613875335906357,18.271122811547286,8.764871470153452,4.7384264921780925,0.0,8.714785336703244,11.280006501700228,0.0,0.5195743463942506,0.0,1.8493694034279855,4.090694778261849,3.3271226096859294,2.915765995364282,4.270186920956036,1.9138278047495731,13.600568609255262,1.460910268814672,7.901875558389293,20.69653259023201,3.021133246213026,0.0,6.504024162532261,0.0,4.798531187088315,5.240659589964139,1.2094788716457572,12.355266119562373,11.28051695440206,9.916071846763373,14.18930100822584,6.7269905432585375,0.0,6.302901660527581,0.0,4.424640445544924,8.304672053691888,3.3777473518388916,4.4704768893357,5.371285867303442,14.169722120071697,3.7990499626641707,5.146598711467178,1.6802457861822546,9.263535063766568,11.988389064587324,2.489690465228847,14.590622960276164,0.0,0.0,1.248605986974809,0.0,12.930793785481796,3.3401521778120724,4.300458847895953,1.323060049796851,3.8347464890885874,2.664916077600992,0.030273885158180747,0.0,7.4221553630162305,0.0,2.9757145884793204,1.6629115781379369,0.0,1.9473993280316932,3.977163283307334,13.470716674092131,10.26278941449415,10.618584529398476,3.637247893220689,10.07135102904482,0.0,3.1498265157939898,3.1621233179374855,5.501118729342409,16.1174476324868,5.3400123213884285,0.0,1.7989418654371292,18.32400716369412,1.7963518555783509,10.413685783162848,4.614249124423949,3.5505594413931476,11.141833061532253,12.110897337872217,14.118968488766967,6.622946737991498,0.0,6.4012604598045755,5.741856973244353,7.724882728770439,2.3335906387165437,1.7101416286721474,7.223457031812984,4.649990546919838,0.0,0.0,9.604249579680896,7.15633467661857,19.46695060838229,11.714781885665701,8.668893022232083,6.962078680601138,0.0,0.36572471428993936,0.0,0.7341771749783277,18.110376718439696,0.0,3.144001389821483,2.042755394551733,12.317760966587372,0.0,13.730392950029241,0.0,9.955066866384001,9.087318597910055,0.0,4.528081354313585,1.2704094324452342,0.0,3.220425871584723,11.599357660447282,4.383688204780597,7.2739431312182035,13.312860163219426,16.513542078094815,12.709301772582663,2.429275886912535,0.0,1.5266744720917131,3.1399869587290112,3.4889750069974355,11.65062357862152,1.8583437315346458,7.03890153920149,0.0,0.0,2.682176871334619,6.220056895145518,1.5797373879678673,0.0,7.5666352788338145,8.755628591788522,0.0,70.47742691927836,4.1364887689147025,8.437911126613955,0.0,2.9417709344673426,0.0,19.766017211462014,10.796591981338253,0.0,7.799193558229149,3.26405806435082,4.735160199491162,10.40366170089007,20.545689078307902,6.8810921250972115,4.2047714048363645,5.217057007734084,13.588478029836352,16.67374511057784,4.895341392059436,10.847158325820999,2.072369611907618,25.26478478135823,0.0,0.0,7.723139447153741,0.0,6.210297495313483,0.4357065832840732,0.0,8.396605088803156,0.0,2.261727634937529,10.976878525524981,0.0,4.740388922589162,13.49908028970924,8.56837688233017,8.955545714311597,4.244188317388222,4.578209637935231,12.11921081768915,0.0,2.6087112791125833,1.9478967261159426,3.4681979489187,7.448513266991384,11.803952658638437,27.578159043857937,39.43005505682618,7.010154499499436,6.9824289710719825,3.888659031084387,3.702002715456075,0.0,0.0,3.899623535844711,13.525576109937589,0.0,0.0,10.008529017874565,2.685498607852594,5.770949767119788,5.30864928706832,0.8034675919994356,3.406901249272437,2.58913610647609,1.6575072941770799,0.0,5.7707568446333255,1.4741317364863278,97.64285201996161,48.43714599721393,85.59425689413088,8.323689199778187,13.736107867611096,4.029980167558676,3.069773128899854,0.29658268609640004,4.590672684011892,9.261677358693305,11.831838990071589,7.292016762395349,0.0,8.660944032863995,12.531715410030529,5.201460875854195,3.274857583207492,0.0,1.0092916095793925,0.0,3.174938954412397,5.939323970108148,0.0,0.0,5.59959272923777,14.604025299832955,11.226650588454532,0.0,9.65506781690496,11.751903191828347,0.0,3.5162278060142,0.0,2.823735946027341,0.0,2.392502155131851,3.063512235069851,7.40004458174235,0.0,0.0,9.131589923365965,0.4990136391836302,2.0956876746183184,0.0762933718003751,12.221797102367844,3.0516001781484476,1.8045268762975866,1.0495899248901566,0.0,7.892896152548232,0.0,12.509191812864472,0.0,15.576043604455833,0.0,3.0813713211663583,6.956782703914939,0.5086906509002063,1.667190633354096,5.684997938553295,8.358105927164047,12.450872796124145
"ROCK Inhibitor, Y-27632",2.2806424818718085,5.38590049947986,0.0,13.766284480248402,8.000744060030883,2.669546163441723,5.171296406191743,0.0,1.5767901482664826,0.43578934256757407,2.0228700032811275,0.0,8.3512264658076,0.0,5.430136882607684,6.0890194134091615,5.061308080393445,2.2825739405119094,4.514339642027807,8.770768734599443,7.10417023639755,13.667267008888757,6.879323349824787,7.313829336562961,0.0,6.196078032879981,10.773175067111737,5.77468543100683,0.0,0.0,6.1072228567135625,6.253216982040897,0.7432934357826326,0.0,3.469739631181028,9.853666687845163,0.0,6.292580283349764,14.704405989220533,0.0,15.141953503868734,0.0,6.816891753260649,4.7825409712825575,2.896455460932998,3.1936198504247386,8.440258220106372,10.371426558730207,3.440375974419368,4.915180537986018,14.330711849818243,2.0506012577089052,0.0,14.330598241831296,8.95164936932052,4.444702112741595,0.0,7.442874930564329,7.959046498590695,0.41588400904186074,0.4718859099048984,1.4644230451376075,3.399482881249071,11.966533586812261,8.890342536163331,3.9995386545218565,1.3527727754006378,12.681637342894632,1.5724635861515281,0.0,4.047111495990947,0.0,5.200894277515047,3.280766545008845,7.972093014883782,1.0268557761775696,0.0,0.0,7.519525692994449,4.822359442834198,1.2768241847045658,5.756255590711618,3.9266490052137044,0.0,0.0,4.50330372619365,11.322963947746814,8.590579188192038,9.456956116988948,11.141612296550804,8.585391705397143,5.02346914810559,21.0988126074036,4.110383514304374,4.531522330798225,0.0,6.544235614425588,2.012030347472546,0.4105586218688302,2.450462303500842,15.028939193357417,0.0,7.915797409365354,4.2734197076911755,0.0,0.0,11.227603995942246,9.901438378429845,9.243893027998297,0.0,2.963354702519325,4.144596896485282,8.265088092756756,5.604886480826579,0.8546851463642895,6.219407427231715,5.413386086627526,0.0,8.62018179347632,11.883401255704314,0.0,0.0,7.624910539844677,2.0899015038749553,5.794765356760507,0.0,0.1343911783225593,20.907401207950784,0.0,24.5237472119467,7.756769694377439,2.0006507064386767,2.356562162492054,5.613903534982455,0.0,14.534562185730607,2.810525130932376,4.16603613282868,0.0,2.313259771187276,6.457424215881332,2.9071405361162874,0.0,0.0,11.247410472670538,0.0,8.195241699510916,14.191138024974904,8.812472208235278,11.115609193423865,32.212255659811746,1.1455158756160273,2.713796749871676,3.2487496669679814,2.9827340452469286,9.220705945900178,5.893943570610816,7.1742528930139144,2.5688699357764335,0.0,0.0,6.074413326801704,0.0,0.0,5.036172103505464,9.958612293173033,7.53202895968866,2.5870704712028925,2.927675205292047,3.7797607891915277,1.065353296496113,0.8870589980863315,5.038333279423895,20.861560191667536,16.648248967014865,0.6866729278625883,14.238391024677242,3.2080268419523037,0.9326618345966153,7.605986073417512,24.33943264288058,0.0,3.5937248660637238,13.221195411030251,16.497985300110216,0.0,0.0,11.300731867722092,14.899842866806893,12.28934840075243,5.350053068705677,0.0,6.904574022552836,0.0,14.417301877227743,9.92625989460467,0.0,3.332497092794995,3.9666743964733087,2.403838224482371,7.58103984622845,6.500886851883365,6.7279932667879905,3.3973614023631598,3.5337472313566423,9.6524528924337,14.343540632035342,7.077382002970012,7.505722380407576,43.322217591497605,12.846297364905553,1.59534367839305,0.0,5.734435971147562,4.33705126478192,3.1419489130637572,4.166660703159778,2.9807724418645307,2.193786067392267,11.180336752209485,2.250132035840352,0.0,0.0,33.56424832938957,59.76586674296625,45.54057945513325,0.0,0.0,2.482022322969982,12.731794814870852,6.536489244002794,0.7775839156248026,3.717951000025991,26.997049840609762,16.463565965566275,14.83429959544128,58.32113135260083,40.34402254586421,6.093728878550706,8.796699573301282,13.46639285380131,36.66619152860827,10.778849233547106,0.0,5.5927260526655544,0.0,0.0,68.4823172593781,73.70080122259498,5.420473011290312,2.615744120554325,15.06169093013628,26.884797820161182,28.48749232764078,6.121172480284315,3.08681223595336,0.0,1.6114584737173914,3.061002050395359,5.268764853938876,0.0,0.9864392120621233,1.036444094862702,12.182767997664243,1.9252491730936754,0.0,4.248081920465765,0.0,0.0,4.231543526825789,0.0,3.2010067385284913,3.3609519885553993,0.5597662782975306,7.9072151075946095,9.06317309356291,1.2696513342924902,0.0,0.41594124224778284,3.0594175329989497,0.0,0.0,6.428662493880282,2.5780921470638276,0.0,1.0989899624649837,9.277009554328885,10.100689966238406,2.058391221298834,40.70371599613921,0.0,0.0,0.0,0.0,0.0,5.127788993275985,1.6540659204202086,5.864379945812942,11.009704069985503,9.336796473666524
Bosutinib,98.20301052450938,97.81105153513114,96.46241118338104,5.588327844076645,0.0,9.339378956207668,34.01330795234057,32.3525523283587,6.734901708085175,0.0,0.9503721287498337,0.0,88.57327712314469,4.295179269879924,13.956870434540434,16.85466406974834,17.899271494539278,62.37179392474462,79.27082663038439,85.52483541072269,8.254417178053188,6.91870264622338,2.4652588864144604,5.799700541453035,94.31299305988493,6.355397992392625,71.07529381886442,15.500344944652397,93.95228101409568,31.06348893133196,0.0,83.43373586874354,17.34030613863615,7.302630688099242,13.7530396267111,5.4075805288374,0.0,9.339684269556841,15.2129272352378,14.874930503377826,3.0569104455382785,4.095670620086366,8.89026743925767,1.715252069270349,8.051626340523171,2.9436109620507693,0.0,4.14927658689534,1.6721185047172753,0.5975636505090165,0.0,0.0,0.0,13.030887909800697,61.09940481528824,78.30243300962107,50.48274441866158,89.14089082701724,88.55964888369387,4.314977632901872,1.7481895179439277,1.7089826712024063,0.0,0.0,18.99079173199894,30.70443763053838,5.074147185782948,23.36869417040039,0.0,87.67483791699227,0.0,0.0,17.139694288447743,1.6144420795127417,0.0,1.2724487680873011,0.0,0.6057383498066002,2.95207428985006,0.0,8.241192087763679,2.072808701221618,96.15997733024545,2.283302148776926,90.41512160794369,68.33970528347373,72.99293552036313,62.858666323244194,95.61927780813102,22.845210099313903,89.48399144844849,88.1961994425078,82.56992305840848,50.583458800135446,87.52004530134825,67.05361684162699,98.46803700922764,1.0951330874579668,6.343645340267727,4.040946782570188,45.35654201108034,64.28880457268795,35.58000251733614,41.899672889567626,17.429972028624007,5.944035019302547,88.51330085157461,55.46140257758867,69.7390725449654,55.89829154155475,56.90653126193149,70.80402285930536,70.57652150827235,96.83502894046448,2.689457155007247,0.8312908965737051,7.596566643697372,0.0,0.5041392406882608,0.0,0.0,0.1239574066668041,34.39604078476475,88.11798645847014,98.97112242105933,3.721989662211172,10.953159001448725,6.503580534373953,25.429947968636696,8.450851193019844,1.902476315675301,4.637731592165153,24.550330127605733,30.193064920466156,8.727308986853899,36.84754535852289,63.0958389892744,0.0,1.0076100496376057,2.5794095187559947,11.501970012395248,0.0,0.0,0.0,34.71885256674375,98.27504240352134,98.11995069863195,3.5904564100620746,1.9295091417964443,87.38754413001371,69.8849839216002,97.87467489023359,94.00252668667403,5.263176843614417,1.7805030928830234,5.258286898025432,0.0,0.08458789168604142,34.63890714181362,39.437729937014254,34.651242990301625,91.56742120818282,76.52828957848885,88.19749996041358,74.19742218338625,98.79306614964116,6.555638010805325,27.964732109514927,67.94825672623193,83.51511662099102,77.1170291804766,86.52840625826524,3.078651719463366,1.297455791978038,0.0,11.82779578746836,9.224311293883915,0.0,0.0,92.59699111334427,86.13611653043489,88.97993492079279,94.10446144370277,18.33562998429366,59.71713055792144,84.8262832397098,6.022830694277928,91.44295111199446,14.121701534590471,67.39919244541493,14.684340741068596,5.394304024884349,5.963053126371221,0.0,0.0,0.0,11.406395080530118,0.0,8.760567646432833,0.05554694910912872,12.329697134167134,0.0,88.32304694409687,30.633605966971956,90.1023148359713,4.21903041001292,16.364912407936288,0.0,0.0,0.0,13.05246757411399,25.170388292066377,10.200263409870146,47.9189244142286,0.0,0.8405421756037867,0.0,2.314627819440716,26.185797167693693,0.7783240342175617,50.54093206274271,0.1766628814470721,11.629978461832067,59.72511655414854,21.978599563013717,0.0,6.360802956940091,0.6235306961585252,56.28761587562832,57.75281145975721,28.466799090800535,10.252851229392121,64.45503413357787,14.545772823492186,5.120973620989503,0.0,25.82253960383079,0.0,6.1936738427193205,0.0,1.5149151412830406,0.0,67.43691538194234,0.0,81.05596172751265,0.0,0.0,0.0,14.977684102173953,14.593114502075963,4.611885389516104,19.57917717479239,19.857065792681695,55.798587760559734,37.951742997263565,0.0,0.0,5.623296235113145,98.06758396703144,78.41069718939457,40.53006076224882,9.351343707884894,1.5471150184407065,0.0,14.881370068399477,20.763782127750716,89.8969809495656,36.450673710659565,14.932179906152356,6.402363988626632,78.89558668648078,71.71344378224373,47.22487995628718,34.5907272716029,28.66827828258569,34.32015460609061,3.887205658048998,4.2739250980826,17.35123849616025,7.837601825047528,0.0,30.849587387757722,84.75294557094344,16.114074550763206,0.0,72.46800748195321,42.260067186389,1.865349780450373,52.24653862865375,20.892543861748734,7.750248230041436,0.0,0.0,59.5346271472629,5.774706751553097,8.18719755749865,92.70972037004182,32.35475296047349,0.0,0.0
Dasatinib,97.23325693309867,97.25765098305577,97.38248004387978,3.3029351957131894,5.901148603530089,10.092761661633531,0.0,84.06928456341457,0.0,0.0,23.260726166458895,66.239992925632,0.0,2.7459347902004083,6.776982841823468,7.46986650619894,15.179314732829937,38.6350939355775,96.95819213658953,97.47409596032213,47.87411438683293,95.40856265614504,0.0,0.818167988440166,97.91214874260736,96.72615200540248,0.0,11.947657120381365,96.47863501351948,0.0,0.0,0.0,0.0,0.0,2.6853593451055673,0.0,0.0,8.678586668526577,0.2527676439260347,0.0,3.732169006515747,6.140928932570631,7.556881369136292,4.080332938496895,8.32993775744876,5.551903805978483,0.9431749559932712,0.0,0.0,4.503629672339741,0.0,0.0,0.0,15.863450730981057,4.0115690033493365,0.0,1.7538298855435528,15.908531385859902,10.501732341494403,3.4350741847343613,2.7561567612119404,2.8132057647677158,0.0,0.0,0.0,12.81663254889689,4.749642152318415,8.557696375730188,2.4427620794304516,92.89033510337826,20.966428122423906,0.0,8.779708437573476,0.17190518357057272,99.7582521834752,0.0,0.0,0.0,1.6137765851584618,0.0,0.0,0.0,78.91894975907505,97.27569044559591,93.18249126797438,96.54000992285548,98.37377230767558,99.75589434606572,49.54861373012325,5.683331821704883,95.87213094069301,95.20395183797989,100.0,99.01036495616135,98.83201033770457,20.150566357806355,95.97035799843675,0.0,6.747912333904026,0.0,4.139665688443159,0.0,11.546951121309121,26.330043042786286,13.831110462295172,8.889043769730932,98.30268941476363,2.7066219854912106,28.97885194959042,7.9171423994680765,99.22992016073619,100.0,98.0425905988826,20.56459790590978,3.038579109040029,0.0,5.850988056538853,0.0,0.0,0.0,0.0,2.6739099678787426,8.05849396378487,99.21317058879887,50.80313101837236,0.5167962543194307,2.889842827168735,0.0,1.6387944602527114,2.5193950755296726,4.9523975475024,5.9693355869252684,9.989667115932434,2.7695474856152487,1.8492772311778793,11.541139610287502,3.1140063754734513,0.0,0.0,1.899459432737146,6.570717495362231,0.0,0.0,0.0,0.0,96.93362314499599,99.68544106428436,83.28921820337453,0.0,48.02850854713888,0.5839787317414249,99.57275084216464,98.39560989649945,0.47052109499838934,0.0,5.059295476211332,0.0,0.0,2.218381621311522,9.070844963690007,0.0,0.0,0.0,12.207671454125162,18.62060646715298,53.457136813790434,4.846478235513928,7.709191914007732,2.6884752098475815,0.44295199674168373,6.322196321838135,12.499115373187806,8.661223394066269,0.0,0.7837400058961919,1.162535182864815,0.0,0.0,0.0,3.6814883872415294,9.35457410518542,0.0,15.871575969663297,0.0,15.176795766349727,10.192198153853383,78.3403684015824,0.0,5.902888822043877,9.290028633684074,13.809352410307952,9.008558363719686,1.6995910285975526,2.5052323903543225,72.51069799347235,0.1432740536058077,63.46579428492362,23.423281196851633,0.7433893882207769,0.12166600115719461,0.0,0.0,0.0,0.0,0.0,1.2897361931936615,8.93737844185469,0.0,0.0,0.0,98.17979893865133,97.51542268127467,5.874485598586347,5.665126381178098,0.0,0.0,0.0,3.735024503888951,0.0,0.0,0.0,1.1846549936365705,11.135016791328468,0.431982337826895,0.0,0.0,13.811065626223098,0.0,1.0572261528791103,10.056598398729534,2.719312927857956,0.0,6.993565765535408,15.378086381341603,5.56631416978891,0.0,9.985484868993638,0.0,1.9474426668690512,2.0086982527224677,0.0,0.0,2.2630154434097562,60.33879234536743,54.0112094260192,74.79887720514947,0.6473491852372746,0.0,9.936078271646409,0.0,11.12439411638195,3.7605716030211056,0.16642384022928525,6.097903266237537,0.0,0.0,0.0,0.0,98.0883144354396,18.89849966368311,0.0,83.01607490328746,0.0,0.0,3.1025398925220884,6.232379834081769,16.171023578851347,11.312793348988578,0.0,7.199288395614474,34.54314367924306,12.69364335672877,0.0,13.319181206071676,4.682689875813907,9.232843586938856,88.7229460093832,1.714518713700869,8.718034835434707,5.602519914328667,2.805670458777314,3.5529876273931222,34.710068229044225,6.122015920035409,0.0,98.62837862663552,2.254818254997872,4.435492785325351,12.40266651443494,14.512666633970127,5.819344937535476,0.0,2.2840740521421026,7.3927354767623825,16.099369085011716,11.93033711986702,98.05868863580221,91.36993301121146,0.0,0.0
Dovitinib,75.98747029847083,75.73500905003044,16.87846704035934,1.5058444828172242,0.0,11.956623155972665,19.489756885564617,0.0,0.0,1.2223255621475886,0.7248087232181035,0.0,96.87112334710194,1.554517824440353,39.36784994401027,73.04629700575913,17.653035507608564,55.64691159881265,87.74072809446658,29.8872514107195,0.0,3.608141940549359,40.200820147964905,40.578640693328666,62.66089118651668,90.10983921727374,8.050288872814747,15.59536822362952,84.01887075321962,14.233866865082518,0.0,0.0,0.0,46.05217396734622,14.402072702469269,43.12089629634745,2.433519554729017,8.27610324748187,51.49228133770821,14.082972753553804,6.412409252059518,9.07960120866396,8.962995894232876,7.706612241549934,7.733314559966303,20.53773023794082,10.37105057928315,2.72469752319617,0.37462596872002507,25.42031136969156,68.08088577086322,0.0,8.871433227766175,2.338453778786743,69.18834495181935,15.546498064886393,4.89351949412449,20.69824651625774,5.912076396216889,3.571682575635805,8.635312458101424,5.366472430644876,0.0,14.449742788934003,32.180026427512345,61.39349517697936,0.0,47.84423036158151,0.0,11.639943755043163,25.081051997823664,0.0,17.706728180990524,5.892025140226764,0.0,0.0,32.02004372575149,3.4833218966365678,12.053094886765379,0.0,0.0,1.8508572108283232,2.7623595772853804,9.44208473327302,23.131098973870337,11.950199068238845,6.635746581611016,0.8933249804096448,55.38098766449002,23.45819517044339,0.0,41.85042470170215,13.935397476725228,48.06560957559343,26.54722328529479,0.0,4.778952606221424,0.38317758018757786,17.61307561994417,4.703841747410436,5.430891345162891,8.13864495723871,81.79122451044353,78.01089219802185,87.60599713558713,40.37656606297564,93.65848458412493,73.76389407068199,97.02675459275427,88.70272547771654,78.54376780009781,43.953569638250755,77.4867223734862,50.612923417579395,1.874028719854408,2.5159376222207612,5.843012130724134,0.0,0.0,4.755016810313336,0.0,1.442604926408194,25.0031598540469,70.05899451074055,97.04350428724602,4.289815379641993,18.522335500536514,4.3923510959230185,3.7079987965098695,10.227635359993982,11.896529154647595,12.229216373862414,57.124129249041594,15.99514667307632,34.915021027494035,68.24409548496388,32.881646070020054,29.101883247554213,7.9449448600278885,7.98000807015876,16.117113708976774,0.0,0.0,0.0,68.53373337932494,96.73992422596208,95.25386813292953,11.718951275816778,0.0,58.434599845433894,75.49505131093699,90.84630844509635,87.27515221863446,3.105957178060308,0.6927653491938486,6.144734246841722,65.24155232658323,52.55686644926756,63.50306333601401,74.48841013465622,11.290949195880984,56.95175438479925,33.82538163952539,53.506461036248126,92.28484091769683,98.35367809668897,17.41690737072028,23.425782649377524,94.07615399612845,47.58044021981477,8.563224757539828,73.64327772042448,11.264046754325847,10.378834996772355,2.977062214417515,0.8400274166944257,18.919612050305915,27.928338138736734,0.0,89.98749643423298,65.63536335253531,55.53729087266272,0.0,36.837889549596845,20.317314350779583,35.65940009507666,6.4125398297026095,0.0,11.847427133069175,16.446236449902955,15.53444372584704,8.922820319028972,41.13166712777992,0.0,0.0,1.2845789621496095,6.0031748339333575,0.0,9.577488022103992,0.0,22.675816303577122,0.0,0.0,3.059567194585668,0.0,7.037811405490615,17.292887639093863,0.0,0.0,0.0,87.38838468156594,82.76739959750914,12.015178518786144,69.6218669614536,12.360229204632972,0.812403488425872,0.0,4.369571393178006,0.0,0.0,16.167684129597035,0.792186222363128,7.984480598656063,9.094049187560358,0.0,0.0,13.093734714653664,0.0,31.004901058951916,39.7788154556367,2.4313726824821913,19.00818161713252,33.80011246728543,18.820420858284024,15.505738951267062,0.9683833678363385,84.46119302285821,1.467105293823053,3.13419124759821,0.0,0.0,0.0,15.685861500487562,0.0,97.55367560052872,7.0208084803579425,1.6200147852758846,0.0,20.65667357587742,4.638908539732228,4.543411026276075,77.75038683498968,65.66132742189664,86.94964956379269,83.87916510880626,11.759741521949366,10.163898458560197,1.5846080061296561,74.53651086984378,31.93938773122855,39.78000771371762,5.5775542533727105,2.4649372117965527,0.07435716615457011,53.74375874839184,45.57160969098678,13.97238546617541,39.25415330057135,2.9474626225936618,7.677393523620509,34.63326848996127,80.65680055087844,1.6482991776911717,2.5988754779288286,15.831175944456987,61.49607356515223,8.990446142711221,0.0,18.68414236446165,10.666779780355682,95.42956830833077,94.28173166899512,98.54624524029029,19.42575501590443,0.0,24.896596333243522,7.524837590799876,40.59996179153961,76.23490192502341,79.56847010805564,54.315020230608184,34.02923903461537,1.4908485110127998,7.977608068760617,0.1201531536892162,3.930713850125116,93.69958290686301,8.479955201820019,0.0,0.0
Erlotinib,47.708435405098015,67.02294537297257,33.451939230046946,6.3319481018673685,0.0,25.38920898089839,13.320557482399835,0.0,0.0,0.0,0.9190708878396663,0.37205770379324576,2.0150800668005786,0.0,24.710444418767707,25.28605603110563,11.787505417520464,27.457711821441947,20.613736736674767,0.0,6.46258075042627,14.081658365129783,4.6796812976133,0.0,13.841017162610513,1.9001589819160074,0.9648900937950629,28.574968876463515,22.56979019503764,1.1052445213206568,0.0,1.1660659128115185,0.0,2.378381501642423,6.923347782539807,4.946359883109039,0.0,5.1992587276435245,1.2679477140729603,2.874202974609105,0.3825241335063936,2.8463611055710913,4.12322729124557,3.5378420433638382,4.4090974621521895,4.048852471944798,0.0,9.467792800769331,0.0,1.2798247892578445,0.0,0.0,0.0,12.712809376708122,4.855600902719743,0.0,1.4057193387330216,13.136538500691316,1.8357919568700396,0.0,1.695327672116207,0.0,21.06737331176552,0.36194011974468765,0.0,6.60949828213225,0.0,0.0,8.218950883724006,0.0,22.81442938148801,0.0,7.510059675605618,0.0,0.0,3.113955337005123,0.306755901179514,0.0,6.2810287652946215,15.019707364632211,16.513734767282273,0.0,95.79166351309294,5.515735106198662,8.720199594671982,6.779300448315297,1.6309779134970057,0.8514090017406772,59.55638726173197,30.203613842672013,10.341560367945505,0.0,4.933083759300899,42.013007708816986,20.789247785677517,47.185708457077794,38.58989917479947,0.0,0.0,0.0,6.045250188715883,0.0,0.8809637509197614,16.593921455088008,12.44330533587268,6.725818861644967,22.42484477896177,12.468742798863104,59.3332946157895,26.49339522626981,0.0,0.0,5.333770078315439,0.0,7.108750621205246,5.224277271770063,10.367336282228706,0.0,0.7515807785512152,1.6623644796577821,0.7477503547885078,0.0,19.104130038151425,25.359242016413333,23.519115426088263,2.0436433750499674,0.7437840616239271,0.0,0.0,8.44391878120274,5.832123790868735,16.5005228596403,12.425956882609498,0.0,4.103612058358323,6.180955104258288,0.0,0.0,8.779893499684263,0.8749481631178355,8.719083351584459,4.53397709759804,1.5961409859250182,0.4003634777052696,19.72668294849572,4.423990708670942,33.865239542575,9.560643023074803,0.0,79.68226455922267,37.72925615468433,27.49840861259807,24.597924096130726,3.756434910346215,1.883513450866559,10.257613833090886,0.0,0.0,3.614879775292991,0.0,0.0,0.0,0.0,0.0,11.396050081460913,14.319149463354577,5.7780799202201365,15.277556146193831,0.0,0.0,0.0,0.0,41.75476310191375,31.46083497916419,11.510619636517063,1.5208963485963949,3.1528235458738436,3.953295647198672,0.0,2.5841633690202173,5.0945806865920815,0.0,0.0,5.372122341227211,15.644143021880325,26.215310069695818,0.0,0.0,4.416982766263061,0.0,10.90353001332916,2.5581825638555102,0.5429146797107336,0.0,0.0,0.0,4.696341499064161,2.2066204531452343,4.963715692279905,2.1730475898336294,4.853220132730897,0.0,0.0,0.8812539282573653,0.0,8.17734108081632,2.674800106430638,0.0,2.5510059207067144,0.0,15.614801780036885,8.906310583190802,16.17632238633888,6.844900697612928,2.0768074647814956,3.00784231770632,2.1033377856016386,18.571566278618292,6.649884082013244,0.0,11.369991337956918,7.596113317287177,1.3880329103015043,0.0,1.4963609454386244,0.0,15.913125825691907,0.9839652892926836,5.22501449024125,13.463284381366805,22.847654051156127,7.665414729978082,14.10926900824201,14.366951391221193,6.493366666881855,0.0,0.0,0.0,0.0,0.0,0.0,0.0,2.447739832096346,6.282809454842024,51.42855684138792,42.139331644528,0.0,0.0,9.041564722022514,6.3822469821160865,0.43234592195071286,2.4125069612985044,0.0,0.0,0.880938264531693,0.0,0.0,0.0,13.575198532520659,58.01590526786439,4.692465930135512,6.795044830845853,1.9818130015613065,0.0,1.96150675475198,21.130028061974457,0.5504890075280287,9.20216352342834,0.0,3.0261206972036945,0.0,11.174815325903722,1.6634263081960228,0.0,0.0,26.967534427979842,3.7831770954116166,8.17026879267388,5.973982763481757,14.050667020875878,0.0,6.916655303599853,4.013679768961367,12.36757401190124,8.230689088199256,11.52923983360239,33.73607557281227,0.39693493555789416,2.960275716754424,0.0,1.2954528384214257,0.0,0.0,4.772904825733221,0.0,0.0,31.730597911734407,7.837236114990787,5.5600518967114,4.605235418873065
Gefitinib,13.650340572485163,28.01803377339698,27.19680651182614,5.855932303470922,0.0,15.407800989777542,1.2499380837343068,3.1370921800417193,0.0,0.35960007008691264,0.42112263083350854,4.734648249219589,0.9448484573912026,0.0,4.731649607169089,0.0,10.261627246965787,11.200891346884674,12.289398823728078,0.0,4.189478933561361,22.780600637263674,7.496729148679236,0.0,39.436255072522385,3.9581956314603275,4.090597107031954,7.643154189738198,20.99782294575519,0.0,0.0,11.356647010662485,0.0,5.554893392020034,4.566666318953239,7.5660126048883285,0.0,6.701190211432873,6.23212402096641,0.0,0.0,0.861495836953182,4.092274522838835,0.0,5.009098251326208,5.688099117261373,0.0,4.640181152465033,0.0,1.3098480661170413,0.0,0.0,0.7061934640452847,12.714366326898613,4.727752341854853,16.048874078927454,1.372903988665982,9.632450950718294,0.0,0.5221378683665421,1.9099895256181867,0.0,0.0,11.391751100770676,0.0,5.203242557484742,0.0,0.0,4.267135211445208,4.596170674390791,13.62285510045892,0.0,6.826939719524262,0.0,0.0,9.912924425137732,4.038153124380017,0.0,8.126053173936498,1.7994369616826873,15.01560560185466,0.0,97.02665289523156,12.616039079617366,14.285948173557031,5.551939905359205,9.76702992713804,4.198898050917208,71.06178200083274,25.69252986314754,15.485143943143257,5.241254808450478,12.34703683255313,42.480271446146794,29.147223087986845,65.80204744509948,75.84983255961137,0.0,0.0,0.0,5.88666548104149,0.0,3.6032480320529032,1.2738577373919497,20.683055792827275,7.620293077914823,29.85086210551738,1.6798074256368096,43.534320951046,7.845695189719862,0.0,2.133667541948654,7.830597463393815,0.0,6.67325469558034,2.0704871966266296,8.9925413244831,5.123951609714382,0.39715761740191624,3.8212802492278968,0.2652402623812975,0.0,15.954052930127546,26.671587626061807,2.2185324405168387,2.4482668217714547,0.2897898057838546,0.0,9.643902744178675,7.667863953140838,5.127753250001163,13.456243078851884,10.149573609921319,0.0,42.35730521642905,21.207892301414432,0.0,0.061729352395886394,0.0,0.15234968688017148,3.3575595079291674,6.927998922577515,4.541954022732497,0.0,4.763323636771048,20.046963039388416,31.561687519660836,10.01662774409428,0.0,61.40827481943993,0.0,42.91437346203581,32.24085906260119,2.504010110988787,0.38904081827708126,7.343984528236646,0.0,0.0,5.453137990464114,5.790991919522554,0.0,0.0,0.0,0.0,22.251511389077223,0.0,9.873521640164384,10.297625353951133,0.7582619867911831,0.0,0.0,0.0,58.13655277438563,45.911354812566785,12.224474940554785,1.0386238016588436,0.0,0.0,0.0,0.0,6.426256262513135,0.0,0.0,1.8822479817669375,8.586002742606837,9.581171779226224,0.0,1.5616748774112068,5.5587430145673125,0.0,10.10106555830329,3.1047124493397007,0.671839134088259,0.0,8.904029346826505,0.0,25.413453515950877,4.8518856291293275,5.32149062474241,2.5458700234669323,6.1283810389558795,0.0,0.0,0.0,0.0,9.781716375865528,2.6140869266707227,0.0,2.0583793428363606,0.0,3.002409879721995,6.106326049757456,11.842158035440235,31.185129882739005,6.120556753826762,13.553842357473883,3.7757630808430633,25.377778283162485,3.7196145319185376,0.0,6.365913276316164,4.958027765732581,0.0,0.0,2.7003604153518097,0.0,15.84596304186681,3.1289175703487047,14.596234571595673,23.729998529351562,14.117443882541181,7.528586782152175,26.22258450511538,12.474412553986681,0.0,5.244368655498704,0.0,6.9161855864537785,3.0113657757553085,0.0,0.0,0.0,1.1291734865155405,9.066514915531116,23.064897643218814,66.01952963275727,0.0,0.0,9.24713683380216,2.292242391943873,7.668033749385515,2.7228651790294123,0.0,17.65096187573087,4.754174675993795,0.0,0.0,1.6504748350817096,50.65743550135608,16.290785666843263,3.9707572050306794,3.642102429347233,1.6917621237727474,0.5098450409446116,3.164904770062975,10.02489306436847,2.6248362042478277,9.569316889501522,0.0,6.4772313420598095,0.0,8.665135475759683,0.0,0.0,0.4845596597646562,16.875889018676986,0.0,6.228547005198749,3.8182471418433437,19.557127334512913,0.0,1.8378407471716258,0.0,8.49444344088819,3.6790007411554484,16.78802502935514,9.645082529612353,0.0,5.142154497278284,7.00141180439357,0.0,0.0,0.7365168258363894,6.242628375557587,2.772588665521212,0.0,25.63957171077726,3.8336417657980064,3.531117501972872,4.338788446268808
Imatinib,55.69801681633557,44.085603159502995,5.634140171752065,6.859618836857351,0.0,7.588041588168409,4.933871596781287,0.0,0.0,0.0,0.32069335931387855,4.957268437168068,1.1601262788213376,0.0,1.7606548158020985,2.828462887494638,0.0,9.527413113221428,10.958686529119518,0.4761308229392114,4.412563265557083,6.3762011289371685,1.750857943650658,0.0,0.0,50.4430570360867,8.951739316973672,0.0,13.535717981980682,0.0,0.0,4.988977072943598,1.5745006981600937,0.0,2.4403361878622434,2.6160426002289228,0.0,0.0,3.633057284029306,2.470158344088702,0.0,0.0,0.0,0.7731102556580396,2.5061714889398274,2.5124825837968956,0.0,1.8793276031902906,0.0,1.0173936027495643,0.0,0.0,0.0,0.0,0.0,0.9379261128184169,0.0,2.0056925257041627,7.581147664512542,0.0,3.415715961734662,0.0,0.0,5.49205921183669,1.3610434439523829,9.62866645992645,3.244046151245641,6.023249314227428,7.348320232110893,7.86182576191662,5.0716398931707545,0.0,1.4949808795252864,0.0,72.92645728107658,1.849583610329958,7.6082033054156,0.0,2.128705036963723,0.8312271664646858,3.6253715412854888,0.0,7.974565790551367,0.10050579302497908,12.853423971361394,0.45939066369845705,0.0,0.0,0.0,1.2188450611779587,5.262011306341165,0.0,4.178745315872419,27.608790573703715,4.938431780519522,0.0,7.76184077900939,0.0,10.083201181947018,5.053663979926284,5.6517254716261505,0.0,0.0,0.0,2.595641902540976,3.6645113677500945,19.937037598452804,1.7205415318720725,9.4990444885307,1.1326668256043888,84.66247617761458,6.193054266375526,14.156432377721046,0.0,0.0,3.215891293842489,0.0,4.975131467779306,0.0,0.4280711555910983,0.017624389561547105,0.9811683978664689,7.265900853455975,15.054329479770018,0.22696981688976336,2.9954212597311596,0.0,1.1280923003466796,0.48765919331647467,4.254490985427964,1.1994211550706098,14.127017674429467,10.702021504623985,0.0,0.25333085588465565,0.0,0.0,1.800470975366835,0.0,2.2358404195337584,2.0147675120876443,6.109919112557151,4.784883435773253,9.195067934639013,5.76268342994274,0.0,69.09397970703563,9.908815576635476,0.0,0.0,1.7351372980212147,40.37272530635798,28.85000692128139,2.0845413306000182,2.2434562793686723,9.177560685725695,25.23008575420441,5.289986329146913,5.864265662926897,0.0,0.0,3.3886912302992585,0.0,0.0,10.84313521772404,1.5221954052149158,3.70196172394742,7.3801882661752245,0.0,0.0,0.0,0.29333778836820557,5.424889811845702,0.0,13.316521828362568,2.9011400393846998,1.66592869872062,0.0,2.0337573350048075,0.0,2.1072537538755682,0.0,0.0,4.347835720206149,14.337883309435824,0.0,0.0,1.296823210091702,3.0123388125391983,1.8015780845069287,2.0523584377195334,0.0,0.4209750085206707,0.8654093526705111,0.0,0.0,1.2532016429847488,2.018860154335414,2.8417315601133453,6.954464569280745,5.224269897346289,0.0,0.0,0.0,0.0,8.501931091453969,2.970936525569357,0.0,1.1378988864754263,0.0,94.09600579127633,60.88502990247791,4.764716078718521,6.576291567815218,7.057547079665753,5.578728105372392,1.5808650052774027,4.3485835656714755,4.629164560684771,0.0,1.7554070032791316,7.321939447223201,0.0,0.0,2.7648839821044646,0.0,8.391640947040287,8.841046763447793,2.071874620340708,8.70961899945982,0.0,3.746631288954319,4.88731152913337,13.99746519367352,0.0,4.2802001207290346,1.0599141575147257,3.051466311647644,0.0,0.0,0.0,0.0,0.0,52.14481883393614,6.719196635951789,0.0,2.3420148494033697,0.0,0.0,15.274955012841787,14.082090816853508,0.0,0.0,2.047943626670417,0.0,0.0,0.0,0.0,0.0,0.0,1.4464917898553296,0.0,0.4788632006150806,0.0,0.0,2.9686990820853225,1.6235187356040797,8.515250754454655,0.0,6.759288449234106,0.0,0.0,0.0,0.0,5.297324805693975,3.266454990466414,5.113188882066254,2.3277839471367088,1.6145654028842955,21.587144216980562,0.0,4.18820306963174,4.848866111599747,0.0,0.0,0.0,0.0,0.14851294892466171,6.322636493835347,6.419115011324578,0.0,0.0,3.341224171828941,0.0,0.0,0.6222754335983183,11.406790724845536,1.8021693853402638,0.0,8.490487132580313
Lapatinib,3.620969086347259,2.712733468034571,2.481096631429466,4.400375847607847,0.0,16.48201211154408,0.0,0.0,0.0,1.3189471069586602,0.0,15.042515314002145,0.0,0.0,18.513866573487235,1.5600392341262932,9.080724120036109,3.764528901886365,4.1027293767149615,0.0,7.586101452044076,0.0,1.4299457364755739,0.0,0.0,1.5532889832481516,4.6383593974815795,15.882277884088069,0.0,0.0,1.9214336263326288,0.0,0.0,1.4209353328750467,6.238936055226674,7.541801240294319,0.0,0.0,1.2138757577310173,0.0,0.0,0.0,5.494904285985967,1.2383339665684332,5.361680629394385,5.17590420304532,0.0,9.550838686395792,0.0,0.0,0.0,0.0,0.0,14.832830980080047,0.0,3.1700928005875113,0.0,8.811638377990306,0.612907125116152,0.0,0.466702914695162,0.0,0.0,0.0,0.0,4.887568121477358,0.0,0.0,0.268902307757088,0.0,24.060421564125164,0.0,0.0,0.0,0.0,5.31774993318092,10.29325593138293,0.0,6.933772793999921,0.0,9.83050686721603,0.0,91.97955316080113,0.6952720751175008,0.9651222535128738,1.8202141590899998,0.0,0.0,0.0,4.380100910523737,0.5064987506884506,0.0,0.0,0.0,5.914196568301207,90.43195766934556,88.80858870804764,5.199726384974639,0.0,0.0,5.37150184084382,0.0,0.0,3.582757339972858,3.2846143086548807,3.3708171404606446,15.168883168802495,0.0,7.448225121409038,6.745824842550675,0.0,0.0,0.6168236377209269,0.0,5.154264460527102,3.304420885774249,9.724180941599812,2.808877754361788,0.0,4.183548990884788,0.0,0.0,33.46500653254819,13.521396989133606,0.0,2.9364422935826155,0.0,0.9412549356273416,0.0,12.57122582396616,0.49842233745482645,18.987455384782947,5.1295528675669715,0.0,1.1814055162945891,8.547702275274332,0.0,1.6504767736462185,1.9553055916507844,0.0,3.7583166787734825,8.051078809302822,1.856062887242274,0.0,3.404314905238408,0.0,5.8344084731110115,4.818597128474664,0.0,5.205013556488353,23.135342015191256,0.0,0.0,5.288253963754784,0.0,7.2246363274686445,0.0,0.0,4.145476948789877,0.0,0.0,0.0,0.0,0.0,11.468504351549456,0.0,4.625051801590871,9.284633230580894,0.0,0.0,0.0,0.0,5.472536903605572,2.7313087887816607,11.788956164237192,4.26379789316519,1.6857307939978057,6.557357399180091,0.0,0.6389441640331341,6.253720186642951,0.0,0.0,3.4515916098347077,3.915380252867436,28.2324274026613,0.0,0.0,0.43929429137206455,1.9063274333398397,6.2805975681114745,1.3498510857999122,0.0,0.0,0.0,0.0,0.0,0.0,8.888534299471402,4.980414298672798,4.2797144894944665,0.0,0.0,0.0,0.0,10.065677885430688,1.4823656129491667,0.0,0.0,0.0,0.0,7.977607100611124,13.62098499198089,4.2867914861744225,0.5336605080803167,1.0042104735473174,0.0,6.296802075268033,4.019131302246478,0.0,16.96557133757527,6.465219897797283,0.1567329522733587,0.0,1.9874461439276843,0.0,20.661740713441105,0.0,0.5699207506640391,11.448841968002426,27.551957059982755,20.32456296197961,13.58807884355113,4.631236910896007,0.27317118614129754,0.0,0.0,7.978807528467087,1.0181204650522773,0.0,0.0,0.0,0.0,14.121333453355788,0.23282180424391186,0.0,0.0,0.0,7.28265786814903,7.797009449959674,0.0,0.0,0.0,16.01603316743926,0.0,0.0,0.0,0.0,0.0,14.935704453443932,4.8871889778167485,2.053492518602866,0.0,12.025214604648312,2.9356133061868803,20.965382122176607,0.0,5.255048972361607,0.0,0.0,0.0,10.986751257880897,1.1922489046054636,0.0,0.0,0.0,0.0,3.899740062436109,6.752704007991838,16.096343474405074,0.8266435433207135,1.2299446359620845,0.0,10.140347565597835,0.0,0.0,0.005898736349593037,4.470639618697177,1.057473637776127,4.561021199394389,0.0,0.0,0.0,2.454360900204776,0.0,0.0,15.335903122224394,3.2887050289964748,7.496516471288004,2.592708792071477
Masitinib,50.227005038686,42.286252721331735,4.281390294771825,6.785167136861503,0.0,0.0,0.0,0.0,0.0,0.21177661999266206,1.5048265708550161,0.0,0.0,5.01231686136407,0.0,0.47845831618519696,0.0,13.504180498221018,42.47248134580502,0.0,7.690501309200499,20.83777838777752,0.0,0.10161761828874205,0.4422894758804432,58.71260828910282,0.0,0.0,20.007283557611657,0.0,3.0111318520185932,0.0,0.0,0.0,0.0,0.0,1.3777378550535246,1.3810419322573466,2.423623219590837,0.0,2.0261987262801995,2.402887453764876,5.275385531000666,4.992752653760618,9.791340475908015,5.861445135589122,0.0,0.0,0.0,2.0059255207436593,9.45014116610659,0.0,0.0,0.7682734980095915,0.0,0.0,1.5140935608912969,7.250000270928297,1.1600121599868913,7.616925276466404,7.056712770435922,3.1916651469736053,0.7562899248528652,13.344358673739464,0.0,13.981445333708336,6.410338994542258,6.746668690615422,8.456524106317474,0.0,14.058468710118618,2.5069925349396556,0.0,0.0,63.63622719117662,0.0,0.0,0.0,4.348055637207892,0.0,0.0,0.0,0.41941439711531814,3.5159198545953103,8.795351628427682,9.724166726925134,0.0,0.0,1.8158048178732429,0.25185943062938065,6.855126033538156,5.142522683916525,4.717395610340873,19.106816994295855,2.6923893786753297,0.0,6.47372571853667,0.0,8.3816255889882,1.3720884643566649,2.4491484022062338,0.0,0.0,0.0,5.722487979610349,10.168325338521228,56.35630038951459,3.594350421834207,15.639486198255128,0.0,91.6206549766695,74.2331737375174,62.68037787918212,0.0,0.0,0.0,0.0,0.0,0.0,0.0,0.0,0.0,0.0,44.2685927862974,27.837155832507136,2.5796486248508614,9.220801946892038,0.0,0.0,0.0,3.7663616821437245,2.2433494101064753,2.8469423093906414,1.0203924077706006,0.0,2.5627344938590966,0.0,1.2977873303265426,1.2093377043186138,3.743263937294387,6.30443192992999,0.0,0.0,5.779076832773356,0.0,3.0101127000452834,92.3740049298398,1.919707050761673,0.0,6.201310100519123,0.0,83.78614024849495,81.25995501747536,0.0,2.0975241539728415,0.0,13.09726482855092,0.0,0.0,0.0,0.0,0.0,0.0,0.0,15.157623108689208,13.308793666180634,3.4601635673428746,3.8042086631282217,1.2769761410669247,0.0,0.0,0.0,10.026968522389268,0.0,0.0,1.8897580233256548,0.0,0.0,0.0,0.0,5.563880385691846,0.0,2.9509206972979882,1.0193110064018072,17.41631250613318,0.0,4.861792240868624,3.3088108589136738,0.6497675920374775,7.630452538269452,8.688573090682553,3.686803163344848,1.4476320931875932,8.987683545925094,0.0,4.447849292040303,1.8922886782789305,0.0,0.0,3.116295120243848,0.0,0.0,0.0,0.0,0.0,0.0,7.968297354732329,0.0,0.0,0.4138303138319941,98.35617168121652,82.6573412477051,0.0,7.791074483685335,30.867539658426182,13.612387770339723,0.0,26.259318630743564,0.0,0.0,0.0,0.0,4.051196374116373,2.147542917561239,0.0,0.0,4.249341937968268,6.301180578497352,1.826920754853603,7.270726296137283,0.0,0.0,1.849842035115131,22.448090928996038,6.197719071930521,4.567925003438063,0.7119373944482987,0.0,0.0,2.059158593372132,0.0,0.4992572907249695,1.1233421240217751,22.488352714947382,3.6000747577291747,0.0,7.561623061882699,0.0,4.875429943148205,0.0,8.52511294119634,2.760367786308649,6.36478379804916,0.3198337681284187,0.0,0.0,0.0,4.379712684769743,0.31379600924108786,7.632137016324364,1.6489710024240907,7.106303781730929,1.1446522980428995,0.0,0.0,0.0,4.452647620736087,8.911156286483745,4.111629344487341,5.974409592649295,0.0,1.3877975079829525,1.4899826134188885,8.415370065122033,4.609470977320768,2.9829094427890084,16.782494660287924,0.0,2.782398798131652,5.501955070785243,2.9381007359697264,0.0,5.859598916325098,0.0,0.0,0.0,0.0,0.0,1.0832564140469856,2.29000126576895,0.0,0.0,2.6031932548866905,3.022678670279106,0.7706698252289925,0.060977956742789274,49.26035556578242,13.189083382426503,0.0,0.0
Mubritinib,0.4492788122985871,1.7915536773893308,18.193773558651202,6.8428213036814185,0.13012431484933984,3.719432566570589,0.0,0.0,0.0,7.207505309007601,1.2045635571528805,0.0,0.0,2.8398324273259874,0.0,1.986881773482537,2.8546585367898274,0.0,0.0,1.0242280052343062,5.734871072527795,2.227585178857723,0.0,0.40890140233700834,1.8114316761276825,1.190537612943956,2.092428738736203,4.945683875172108,7.521192888108146,0.0,3.4465915349445027,0.0,4.982356985371879,0.0,0.7298863264076658,0.0,1.0330199914165235,2.3034584773931073,3.3448377987648996,0.0,7.39459116471177,6.248070214086397,12.130662309750448,3.7429551069347298,8.987845006566275,3.2186935757949016,0.0,0.0,0.5604945599676796,4.6382481633259545,10.03429525701776,0.0,0.0,0.48473946086004105,0.0,0.0,1.5980408381528548,3.407635564155612,4.503783862197764,0.0,3.3436856883351993,3.324474065657782,2.4666197055834687,0.0,0.0,10.425524424401914,7.760381147188255,0.0,9.178663787877468,0.0,5.042225082659883,8.700477382814498,0.0,0.0,0.0,0.0,0.0,0.0,3.3263867641661307,0.0,0.0,0.0,2.33137090435838,2.7668555753691066,0.0,7.295106864531391,1.1914201233930584,0.09001531959336262,0.6598018807171115,4.766155179501283,0.0,0.5880112153486579,1.6748654836155623,5.076337731778466,7.750115826092667,0.0,0.42739856841669166,0.0,11.379904440990884,0.0,0.0,0.0,0.0,3.3437643897857185,11.606866745339943,11.652944055755384,7.428491888894911,4.517707229871974,12.202398776525385,2.045542278175887,0.0,1.030419326909339,2.962284657966805,0.0,0.0,0.0,0.0,0.0,0.0,2.1827041194212313,0.0,0.0,0.0,6.133293507633056,4.8818100247880665,0.0,9.752929159748334,0.0,0.0,0.0,3.2236756987362725,1.3857205329993292,5.154918749604178,0.43445272734317086,0.517930678651112,2.2555735049191554,0.0,0.0,0.0,1.0881841960886618,7.012946051148859,0.0,0.0,5.392715119660124,0.0,3.4862319834983424,7.941863621102925,0.7849815131158948,0.0,7.399859785908333,5.228308541563237,4.223599422708503,0.0,2.072161987057072,1.1067971182596636,0.0,0.0,0.0,3.3686536061941297,2.0783690336304232,0.0,0.0,0.0,0.0,14.640087183911305,3.1914136167667095,0.0,5.162929743098999,0.0,0.0,1.1467860795380744,0.8637525291372299,10.543094476202725,0.0,0.0,0.0,0.0,0.0,0.0,2.533651445628692,4.5462107119643065,0.0,1.9690262888900492,0.0,6.26831579968254,5.546686308667375,2.3530276671253745,3.794349280346779,0.0,9.973697336734062,7.37328397115607,5.428472206267202,4.49283749132681,4.187117960034243,0.0,0.3041969706770544,0.0,0.0,0.8750922052349495,1.7450400666153172,0.0,0.0,0.0,0.0,0.0,0.0,10.597624491838076,0.014261701035593433,0.0,0.10207758754300755,0.0,1.9272710200546896,0.0,7.112791914571275,6.465335476421643,0.0,0.0,0.0,0.0,0.0,0.0,0.0,6.915388502883502,0.353014174802766,0.0,12.364392373579804,4.788766681057396,7.438423490323501,6.778604726208101,6.652062426866223,0.08480586004598933,0.0,3.065732087078999,24.1406387843725,1.9143010065455996,10.147069051214316,2.965385963404003,0.0,1.6696641413071376,0.2596183469437676,0.0,4.677033269403552,0.0,2.883619679872993,0.0,0.0,11.249517902524715,0.0,0.2972076911405992,0.0,6.739641428793362,2.102884076174945,3.197999009946244,3.1932607341148014,0.0,0.0,0.0,10.76351876825322,0.0,7.181467016429764,0.0,6.5265105976878175,1.9255497772221304,0.0,0.0,6.573823892790131,8.229473790823107,6.308315356963817,0.0,11.743623710074218,2.6271857384369355,11.316954518945778,0.0,0.0,6.974894997566494,0.0,13.645321965819676,0.0,4.193037237872332,1.4295460297482236,0.0,0.0,1.1461526931592942,0.0,0.0,0.0,0.0,0.8904225417987277,0.0,12.819363559793487,0.3828463671235909,0.48904572637437127,0.22551537400087796,0.0,4.1317797548023805,1.4918484913101224,15.03155222089552,1.4562497315448155,0.0,0.0
Nilotinib,96.46001399691698,95.14323914224177,17.431006278327246,0.32799418350558085,0.0,25.24062506769971,0.0,0.0,0.0,0.0,0.07570702894383885,22.73718498786026,0.0,0.0,21.0808255068593,0.0,12.824953512958842,35.22858183576163,12.423462875193763,0.17422864315722109,88.49776961963823,29.58982293806278,2.032984045977713,0.0,0.0,44.82535137236233,3.6305404452115226,4.23421619243328,4.813545920892167,0.0,0.0,12.349798627853545,0.0,3.9109515552338365,5.033629552477578,9.952571793793751,0.0,0.0,8.897471151054248,2.4759516052967285,0.27569099105465966,2.1706818235806224,4.542107338283216,1.0722153434728199,4.770803413655244,3.0141775276664617,0.0,8.33879275178171,0.0,2.87384571431393,0.0,0.0,2.1009745981154424,5.2646296193019,9.089480406357126,0.0,0.0,10.70111925777222,0.0,0.0,2.68857029582891,0.0,0.0,0.0,26.1620040075413,8.59338795525008,0.0,54.50017357025896,4.853138047274527,57.58181471013889,20.790224681348235,0.0,0.0,0.0,98.23426278803885,1.8900071359890234,1.0656243103387482,0.0,7.244498595508276,0.0,8.573541236127454,0.0,13.087566058167397,36.78339473988972,89.1813483397486,59.17838658235207,87.9714852937589,77.44393230052889,53.05013705000316,13.615469680808559,71.60056755245168,89.4381016481687,98.45194669010358,94.4060392866278,88.55545564123015,0.0,17.92133771669708,0.0,0.0,0.0,6.368379777740117,4.085350216325466,0.40859361542854344,3.4629304813410897,0.0,0.6485824068269892,36.28808248331424,0.7769100939685245,22.606528560334183,8.275099859727717,82.47366471480328,83.81180736425836,0.0,0.0,4.22683678146511,4.915974601687452,10.776595370122024,1.362004758681124,0.0,0.18538251228716263,0.556506564322774,6.288581969067309,33.48593754442982,53.35193055917421,0.0,2.2728998181368354,7.898863274281354,0.20133804680740752,0.0,11.558994128343983,1.2669863956610072,17.173990987614815,5.400868725311,0.0,6.709259178526224,19.820429642253714,0.0,0.0,0.0,0.0,5.761609986368839,7.903217478718204,4.101479865951262,0.0,8.005546498786131,0.0,77.78334940787656,5.999635446610512,0.0,0.0,18.91522972680795,47.094496555955175,49.27175648839584,5.786139077971711,0.0,8.47958251553979,0.0,0.0,6.166184534519459,0.0,0.0,6.7893676818494555,0.0,0.0,9.969802515916712,0.0,3.694120310231952,6.721820438314666,0.0,0.0,0.0,0.0,0.0,0.0,11.46997050075261,0.40395730884068826,4.362873155075462,0.0,0.0,0.0,6.141980749799686,0.0,0.0,8.850852381837115,14.949838920092077,25.02705985841412,0.0,0.0,4.1432626625422415,0.0,6.4299101586656064,4.52070999622984,1.473927862710255,0.0,0.0,0.0,76.74641866645493,84.71931825853594,9.261876677358657,3.1360438129749326,2.033467812539186,0.0,0.0,5.847351586497183,0.0,11.05135487634115,2.3028084027170053,0.0,0.0,0.0,81.92060629897418,71.60771166286288,15.365717518844576,8.968780446489419,2.1094726617906474,2.5896947692879166,1.8689692410999754,2.227220106491245,1.3743162036784895,0.0,16.459940892021024,7.112896764309028,3.704108409350937,0.0,3.0622512853687454,0.0,18.324615635755535,0.0,0.2666539399199195,10.579235573221354,24.61563893115536,12.981746708913747,11.324551972830278,9.688098616738841,2.9309750416652207,0.0,0.0,4.043222119683151,2.9842322116317064,0.0,0.0,0.0,5.452890382454598,0.0,29.486835081674997,0.0,0.0,0.0,2.8969786414293424,5.983095821713462,0.6331182902338242,0.0,0.0,2.852389334419854,1.0459087102419176,0.0,0.0,0.0,0.0,0.0,0.0,0.0,1.9215551265997846,0.0,6.565198121845754,22.3502625081055,2.469912140538753,12.856172095227606,1.9531689354344621,3.6681480507088793,0.0,10.838229248814343,21.468362835582937,14.768390721073217,4.115285482487323,0.0,11.7510641521489,0.0,0.0,12.182888456172918,8.584637214264518,14.588200921947902,32.31030009755321,26.500015505963205,2.0959470126727524,0.0,0.0,0.70776030219929,3.5431301387109784,0.0,0.0,0.0,0.0,0.9849939604345082,0.0,0.0,33.87913636331004,82.23618635988305,4.9348091162643755,3.044884596375553
Pazopanib,36.30243955879782,61.52742393932162,9.834985228495938,8.82741098169835,0.0,6.653414622788006,14.692274686849814,0.0,0.0,0.0,0.0,23.544222898426,46.555954069921384,0.0,61.563805316096094,35.397384613751925,29.11504725878578,21.902939962396914,24.403998500515286,6.6079888471705885,16.86242605740162,33.78929810416852,2.814212113690587,0.0,21.17676866810156,89.12788801823848,42.783662054814954,6.499665050844925,29.287785046394873,12.570684560697615,4.14682085862259,8.462940153582096,0.0,4.3758892554612885,4.5417275869322395,0.6159536436014292,0.0,4.092852460430663,27.96633978405856,1.5043460532536983,3.7877136956094546,0.42614965719590714,3.8609401677478843,3.6089862951398146,6.522623113713735,11.647774424330095,4.042470190520646,4.940155165159041,0.6634068152922339,3.540156838480243,3.902871093077408,0.0,7.253169737374918,8.505161251454325,0.0,4.885886623766083,0.0,4.60215839901052,2.466849713690692,0.0,3.0704275483083165,2.8811957242967026,0.0,0.15322072121003316,0.0,9.056049648181485,0.0,8.29541372099186,4.753082483064233,7.02222216804924,0.0,0.0,6.961603182850908,0.0,63.84589183474681,6.464416532955468,4.135230017946242,0.0,6.721673670345524,1.168135687113363,4.058108988769021,0.0,8.995020833434609,15.040311009711886,14.289204037753166,5.871917748997788,5.457227820360089,0.3079027734419242,20.01851466941342,5.926860620546904,9.99157543418788,7.791453644417828,8.128956147077446,28.339110667130996,6.202751650657149,0.0,13.10008468486896,0.0,0.0,24.028340827180926,18.702380088983915,18.99440750418907,45.79296386324586,59.83010754695604,60.74929618732422,31.688381300627384,64.15212813512885,72.8339127834654,59.343873285292794,81.31120592201421,89.03363880980916,41.92806974311124,20.386558744470676,27.451671718798707,9.747986982930797,0.686582543943203,8.318750844687372,0.43581706551279353,0.0,3.4768635866734883,0.0,5.674602880924795,9.590449269641383,35.217362949976405,22.63890965119782,2.4077756536139816,0.0,0.0,0.0,10.988960950863003,0.6059888911079696,13.126364354132491,12.97340411728834,0.0,3.010755562537213,1.6317272726917054,3.9031633666957646,0.0,0.0,0.0,4.699697989832686,9.621819799448232,5.483990849802922,0.0,83.11664777893344,69.68705450144299,56.70750938540574,51.51419598802745,7.853409601029938,49.876535000748945,0.0,47.90518917297773,41.12450189073988,0.43001596784465335,1.4802482747094814,0.0,0.052447789188619254,0.0,3.4048256595598048,2.032111027137148,0.0,5.2001625203906485,0.0,0.0,12.531035151763092,26.268422757651706,1.651267286471409,7.040060588478269,55.88226755855856,89.43569694829579,71.470836705529,84.15979324179217,0.0,0.0,14.574393207003084,0.10014861203416103,0.0,0.0,0.0,1.6212760592698743,4.636634979532232,0.0,0.0,4.878090856478025,16.619737636546006,0.0,5.246158604987841,0.0,5.759001841553413,8.94872003558126,3.948604383936683,0.0,4.222419404148866,0.0,30.959073868429527,0.0,8.81488548689427,6.684885455314856,5.4145292131594545,6.261185678592227,3.9648217599526134,0.0,10.854681612693213,1.129482987928597,9.428823625688409,7.994677756720719,4.626555580103968,0.0,0.0,0.0,86.05503901313355,59.58096541876034,6.982036895185516,7.480385570670592,3.27118237433082,0.035512970929175935,0.0,18.38765059453027,5.452191799604265,0.0,5.565933225832225,8.958658733967923,3.292827726867557,0.0,0.0,0.0,6.491400319725983,3.894869254404071,3.057389079403748,9.966955115730983,6.86484350701744,2.336375391920228,9.181617587440357,4.916729220930847,0.0,3.9697556207491687,0.0,0.0,0.4925837816038552,0.0,0.0,0.0,8.003219047149344,90.570257795478,74.31762886294143,31.79149769517781,5.650633684648923,0.0,8.864297401441888,2.2310649642952995,83.01132147693565,7.1826509231597555,0.8538810446972462,6.784637785890908,3.2272350684940534,0.0,0.0,2.4855106985804127,15.88022957240129,15.142590743818104,6.24800651496524,0.0,0.0,0.0,56.22720537377431,0.9648166637952471,2.677668761329045,12.937239399204387,0.0,4.104608013262521,0.0,9.352773676392331,71.13391747593367,73.24729025660876,44.46968449112164,0.4793671337836827,0.0,0.0,30.70504112563127,14.380009322220417,8.179981891718555,8.452667393500917,12.188106005378756,0.0,26.566555420840984,59.795877505345906,19.81343449012715,5.960595780138576,8.032724678007085,2.7455774959076678,0.0,0.0,0.0,4.651439878645618,1.7867312279343253,1.4468510463807576,47.405229771021155,3.1152130736493433,7.4272897624416885,7.736180107492544
Roscovitine ,0.0,0.0,3.3245300134353073,9.65239867652555,0.0,15.370602128950651,4.390502876333727,0.0,8.438263882327348,0.0,0.07399226334945297,0.0,0.0,0.0,10.610385504897238,4.940261769269924,7.768355993413209,0.0,0.0,0.0,7.178701652526598,0.0,7.983055126115531,0.0,1.8427285755179525,0.0,0.0,4.745247856296885,0.0,1.4083577821579922,0.0,0.0,0.0,0.0,0.0,0.0,0.0,10.353799941127875,9.220770978194835,2.339118665639063,16.831719842464565,17.197477844036683,76.1384199276299,79.90368778946737,41.710394864920076,5.5566309488327335,3.081135881494504,68.79298138608223,69.09814703534175,9.952855992174136,3.6814223761748224,11.368005995707477,29.486401475039997,21.031032401803827,6.0346451672370165,3.084618893970145,8.5946594842288,24.434179478692926,18.739651492641386,5.552593145854416,13.766810414392808,11.484319036541507,0.0,0.0,16.3251853079109,44.55297500745799,0.0,2.696529673203628,6.627305048201038,10.698405615496426,22.35829518420681,0.0,9.042502000226534,1.1458504228347692,0.0,8.193608311979546,0.0,20.46475368028291,35.12280902725382,10.595811106235772,3.6716489287413765,5.393688209228145,6.589543375623549,3.4070633012265006,7.737235495608587,5.769614943533043,0.0,0.0,4.751854405045037,5.036073179704019,0.0,0.0,0.0,28.37525071315025,9.020414254719157,0.0,2.3574272155535425,2.9793183876206513,11.594336216683274,3.9709086958022937,3.1958556641371274,0.0,2.246682272179669,1.5282820619264328,11.141594037813661,3.30549053726169,14.782818072623002,1.9997598168051098,9.122861567322929,6.036410752053115,0.0,0.0,0.0,0.0,0.0,0.9329607806191689,7.085699286688396,0.0,0.0,15.232353509986837,0.0,3.6356069673025786,20.1318695552486,7.138739803811546,0.0,4.813687394546861,0.9935063253558098,0.0,24.03030686957527,11.330948141673687,3.2244367584608824,7.598986584962887,2.373003995988981,2.1391028123896234,2.8425406847941304,10.731646861183975,5.513147928336451,0.0,1.3450716343320437,0.0,2.9629091682649573,2.264032606816059,0.0,0.0,3.245676612510607,0.0,18.94257380537401,0.9870703134072443,1.8419696912145014,7.9615094589893545,0.0,4.426861820742644,0.0,0.0,4.715427076330727,2.218280510032116,0.0,0.0,2.980168188051209,0.0,2.063098240113078,3.711544007667925,0.0,0.0,15.326944916831906,0.0,1.7684253700026176,0.9436811959558185,0.0,0.0,0.0,0.0,3.648756230529699,0.0,1.575555417077993,0.0,2.6464625893286495,0.0,1.9471930915254205,0.9445537295983968,6.156710678026286,4.168057371394696,0.0,20.423639372048484,8.049616622781798,12.20286931511933,4.044217423739411,0.0,0.37862925894229704,0.0,11.00083276410669,0.0,0.0,0.0,0.0,1.6508444581940296,3.7676597362636386,0.0,2.7285917209840704,5.363384163170139,0.0,0.0,0.0,1.7089002739389514,1.0552991012648647,7.165253388186244,7.380746877705519,0.0,7.432637589297315,0.0,1.7040730879311354,8.77132556688477,12.008617163185619,10.462813564260742,8.202907951450499,0.0,3.7298854626800875,3.757363970843045,1.6778871254207104,0.0,12.858196276580031,7.735520353247239,3.5214376765898123,0.0,1.9178124978128182,0.0,3.772704722783672,8.284408463617098,1.2190815598956988,10.60399785547719,9.994270320468871,0.010434647173326539,10.440886751549073,0.0,11.225825930562792,0.0,2.169525630519942,2.154171103556166,4.222510734631555,0.5086104648103174,0.1426046732444064,0.0,0.23939635178356866,5.082484322296494,3.6802924030840245,0.0,0.0,0.0,8.35872615475526,8.508401804107109,4.787010799045731,0.0,1.5983179563406509,5.181741733218985,3.24550561992487,0.0,0.0,3.3661407919464637,0.0,8.90655105268624,1.6928342274525505,5.573644772066544,3.894471805776959,4.898096202104966,2.7385651798940387,17.88864295898793,4.562088354151811,11.783228754966018,0.0,6.569255357531816,0.0,0.0,0.8951812855985963,0.3134001496228649,3.2228845291211883,0.0,0.0,5.433997783382978,3.3949972830970125,11.469023705243345,1.9286546321521598,0.0,6.073428103861204,14.727428041830677,7.703024878623978,0.0,6.510564853878478,12.973374110246056,0.0,0.0,0.0,0.0,0.0,5.765392960864631,4.405672909043801,8.800285735026947,8.537583258677813,0.8208043144992416,0.0,0.0
Sorafenib,9.566193776603455,0.627412882619339,2.3978330864616453,3.8314604805493104,0.0,5.7812204078233975,2.7345080667858497,0.0,1.2694357809793217,0.0,5.874844119369499,92.96367120205379,0.0,0.0,0.0,36.869581800577045,0.0,0.0,0.9236932868735295,6.73868059957212,80.59165123072668,3.0793298591530913,4.175345059191699,0.0,0.0,46.723164167064525,11.808004384218634,0.0,4.390612092049409,0.0,5.32504538964227,0.0,0.0,4.669267984211189,3.3413595919927133,0.0,0.0,0.0,0.0,0.0,0.0,1.4831050450108023,0.28844212691947746,1.824529258237007,3.540235981820473,3.831746884101392,0.0,2.808996401836964,0.08140177068310095,8.204330235518995,0.0,0.0,0.0,1.6746791497574804,0.0,0.0,2.1934179040158313,0.0,4.080585075852099,0.0,11.102104169483113,0.15834171294483212,0.0,5.574499189616802,2.27039025543705,7.249692291681271,0.6877844246118912,4.758072924263672,6.449390974907061,9.681986773246052,0.0,0.0,0.0,0.0,96.58882422927002,6.8384021542117495,3.9764726766380534,0.0,6.828428498430313,1.1232596476903893,7.315498826607396,0.0,4.909590591534908,12.33098535642003,16.150036057138834,4.531362369758284,7.45239120213904,0.5951445651002132,58.00664380914622,19.296509726183345,5.511661709502462,0.0,6.846173462282536,4.49273810311368,13.194678551279594,0.0,5.154176990655401,0.0,0.0,0.0,0.0,0.0,9.069852771598079,27.290612158504246,10.540923491305605,0.0,11.272170937490927,49.50853872345194,90.78376442599614,57.04494905628386,94.44564318361176,18.247945954894618,8.357648577871387,0.0,0.0,1.6212691236813157,0.0,2.165241270343728,0.0,2.699230835977815,0.0,0.0,0.720538490367872,9.669651252095775,3.8764655037823843,0.31226698700073996,12.170880147862846,14.275052375628661,95.14533097721859,5.7247105793715605,0.17829887554484003,11.654210046471604,10.170259288301395,0.0,0.0,0.41513713303412203,0.0,0.0,0.0,1.8438129576348956,0.635251746653438,7.19690910697895,5.154417909293244,5.821336215456768,63.072883584560685,43.017899192594115,18.758370743557762,23.245444028543204,0.0,27.616538208915728,0.0,11.87193621875825,1.241459004604394,0.0,0.0,4.227752115162161,19.727685040086897,5.1393021751325705,0.0,1.94259149557233,0.0,10.322464751293296,0.0,0.0,6.401915631325707,0.0,3.1384748957940474,6.340093230365412,3.8907617795369163,0.0,0.0,1.7422916981612957,24.852423358434123,29.73053753465436,14.750996640993023,0.0,0.0,2.314907807065339,11.555653416854028,0.0,3.1491345574622756,0.0,0.0,0.0,14.378952964801954,11.188257764375805,0.0,0.6608588130282271,2.8249060068132508,0.5301041997761757,0.0,1.78352691704157,4.559843176863211,3.6253832311373344,0.9146196620361025,0.0,59.8183919978578,53.12393796906187,2.5163657601937075,5.794016891000268,8.592935363949664,0.0,0.0,0.0,0.0,8.153597794491844,4.139549315186258,0.0,0.4849423196709637,2.5267787707661853,92.22744266835096,87.96588832713724,4.233297426136389,5.717127506286175,8.741674082743259,2.9497274132472597,0.0,0.0,7.399874185355657,0.0,3.1640962448649645,4.904623077587274,2.4629727671426167,0.0,3.5859320208295173,0.0,5.2995275247780995,10.096420022231086,0.2567058079740576,5.9743026292585455,0.0,5.488871546052309,3.8480951506435304,11.424832040693587,0.0,9.126649165525805,0.0,5.811649245230001,1.9174324746634,0.0,0.6976267590857788,2.31882744353841,0.0,98.64540742502655,98.21771210110181,13.827854455221228,2.293681111832427,0.0,0.0,2.404360557751204,4.334096254714979,0.0,0.0,6.737984777175967,2.741476257933158,4.818729348466377,0.0,0.0,0.0,3.158312446613607,0.0,0.0,1.3698040541206353,0.0,0.0,1.2673216308913595,0.0,16.055908383970888,0.1847205870773081,4.268459409984217,0.0,0.0,17.957277959025703,63.11962958314388,36.51521331903058,1.4037566990445782,0.0,0.1254929236491762,0.0,15.172613231333841,23.908724470775013,10.034921916934962,34.45678132409377,0.0,0.0,0.0,0.08772115210291531,1.076248929147198,8.272517233027514,5.703361229182946,0.0,0.0,0.7165420659567303,0.0,0.0,0.7520800015420832,17.205497383408314,83.30641297524897,2.2032877532072064,7.13265034001671
Sunitinib,52.757936667240344,38.22092813259513,35.88966393624071,0.0,12.639886676797005,28.319895864150695,83.38089155321958,0.0,0.0,0.0,0.0,0.0,97.25412677064384,0.0,40.33548070945103,51.27574511900036,27.177300701635403,72.59454617487467,71.34193622873264,1.0015843964337563,0.0,15.511147870089317,54.853389080239246,45.466599652942506,49.8060821053347,91.25635491048817,60.175401744394456,9.043357509370338,60.19299930059515,24.813369320724462,1.5315018368187197,22.097592412251743,32.966096182393684,85.53763065673041,53.34113691019046,88.44388706257054,74.93336574621227,11.370066010304711,47.9439178512325,34.749081864774965,1.5700173685425511,0.0,7.860728772740629,3.64724560305541,8.993240179754991,19.037023328005404,6.995256207676135,30.976157600937242,10.870438429413468,49.542955376310445,40.29443544058408,26.61230809032699,19.824875958371535,11.296243749775059,70.80239669378292,92.8748974377594,46.03138726536409,68.22779353283093,53.052128266094016,44.0744549205852,0.0,69.98227760593696,0.0,7.817384152866197,76.7393312403172,86.40705204102358,0.0,73.67850176758589,0.0,9.833223834796925,11.161474229100463,33.147816478568586,0.0,14.983887905440199,0.0,2.2631668323671477,73.26036512517092,43.140167840421995,40.034892024558815,17.432077625481355,41.791494928330756,0.0,10.83441441779506,4.880570383711756,16.378858559840566,16.043765647455217,15.50798194434526,12.396466906661203,70.45421450981483,49.2144433022563,7.8797364899570255,46.40686606731278,27.93943511539662,22.571495156029442,34.46842340712509,0.0,5.194886055025037,0.0,1.5200862548772136,72.99763580314597,68.43069944470437,66.32795716079077,33.86348894082859,49.52053448442511,60.26850600039114,7.4938788846101545,83.5601510776334,41.282146982433886,97.29285839601337,82.63798934161204,92.71963404868768,15.553419984447828,28.68734169567672,65.56145767878998,5.2857310519183045,5.204412375129692,24.206432653513204,14.697578564660986,25.32352359372159,28.749416775314273,14.49445203506464,4.218204096819079,46.82975142268762,60.04628191108364,87.55924371135596,28.710167893074654,58.67935416247454,52.742877616467666,25.342194037052806,37.44794239402745,7.640479361610616,19.04151131978304,54.433606967908695,48.831546792872615,68.5940298407061,72.60380474147175,78.30946828595967,35.653214923149164,28.123763822401514,11.181822935161279,19.333741100998793,8.164220529891878,3.2588031915113334,0.4828987815287178,71.32756936820323,95.94188966715865,86.76421745699388,5.744546801247225,2.8048578832950852,68.78302383660458,96.66159535259627,77.00064882688604,65.37326968387676,6.778432861105074,0.0,17.260014940291995,59.05694405068394,59.39530973985562,69.64690870246545,75.25879160342237,32.20286558347816,74.5902871895982,48.11523110410442,58.00465362592153,89.60959966371045,89.54281130599327,24.14813249867511,74.39479715019365,92.25774829688277,12.111342717242351,0.0,31.600624114633007,0.6516873642573557,0.6670067259438923,10.478774223926578,0.0,39.948467121908266,49.157544155963635,0.0,89.30431927231902,75.20144470433252,60.292859692239034,0.0,48.743673973442895,45.52159896028071,27.402780131201865,0.0,0.0,8.434748352459835,5.923230023026065,10.961793672957242,6.476062151032991,0.0,0.0,0.0,0.0,0.0,0.05470619522898801,7.606062806113329,4.242590561917169,57.684359460103984,0.0,0.0,1.8889338798203426,0.0,19.066835007391404,18.445577216196824,0.0,0.0,0.0,89.14778595502409,82.35641216350633,18.440866315370243,94.8847256439642,79.44623973072198,5.557684623149896,2.8380083962330502,43.19237443667478,10.902737035444432,0.0,20.11883533360033,9.83816402242789,0.0,4.921647685697508,2.049055107287728,0.0,16.193443386255723,0.0,79.97923845677799,83.42592875045025,36.51148138064358,8.29294897428673,78.86464582044167,34.651026404503554,11.248091493458901,3.9401016643268463,28.577371097005496,10.865029261171301,3.6437958047513774,0.832608886316649,3.5048605982363483,0.0,61.666517685432524,0.0,96.57304843823913,0.0,0.0,0.3492430731407552,27.896717482338005,7.9920966453560425,28.424047012826122,71.95281750693209,64.54022712951192,82.65730408568277,82.48794602246375,37.21831048947746,6.850103948698461,0.0,72.1591599934278,36.15950009325546,34.98982380684211,0.39698807599259567,2.959757636625966,5.0226244551669055,44.25468947091328,79.32971085133556,23.94039667756428,68.17517115582284,6.154874999390145,12.63686264200716,10.808689124861559,81.35724258801602,28.53905274411602,9.693434393378993,17.08136021848034,0.0,5.165744515024514,7.536255313018245,11.426600169279368,36.693990438945946,88.53732859238339,90.22476140578881,97.63447080234441,27.085451483567823,31.997295585546198,7.3793553157461105,65.60816095138793,47.39871561325123,71.6935175285854,83.72067948711134,59.69390573647729,42.575022041781146,2.721964581210784,8.158960057644009,0.0,5.742580376822659,94.0915789752092,2.232026176630768,2.7760806891770926,25.794740796567623
Tandutinib ,0.0,3.0127991550322406,7.31272154069201,0.0,2.0900218892293765,0.0,0.0,0.0,0.0,0.0,0.0,0.0,0.0,3.4097551898468055,0.0,10.38341065563813,2.9973746331247355,0.9986946154077998,0.0,0.0,1.9754229610316258,7.12730776401294,0.0,1.4283266374283983,0.0,54.905326347342296,0.0,7.48017724371752,0.0,0.0,2.3160733287852793,0.0,5.385204536394127,0.0,0.08050280970772405,0.0,0.0,0.6781634044749296,9.66276128027242,0.0,3.9521595794694804,2.8959719325023343,6.660884859673246,3.3072036528881767,9.358391522363945,7.503625002125233,0.0,0.0,0.6402469561949431,5.394205857217742,7.272626892704338,0.0,0.0,0.0,0.0,0.0,0.0,9.064134478167233,0.9400640941802294,2.0373504907941538,4.479962135719845,4.975788335743431,0.0,7.096181151894527,27.620092848729882,19.335451980487107,6.6138282412015315,11.294957975661006,6.808893482318865,0.6851120070197965,20.58891767700939,0.0,0.0,0.0,0.0,0.0,0.0,0.0,2.0982844192734973,0.0,0.0,0.0,2.371957724031006,3.923331489571808,0.0,5.316060459290711,3.5956783864643,0.0,0.0,2.4561959958404316,3.425901821601059,3.3776530055718155,2.4214284300793025,15.849780403703193,4.950342905159772,0.0,2.7460829198114425,0.0,12.959630237703777,0.0,0.0,0.0,0.0,0.16511056518268674,6.757339305092302,12.187056935385698,5.9709929505297765,0.5837574187596601,68.44025560414963,5.361484198486465,67.38002340000389,0.0,5.1692468908327385,0.0,1.9818523512555686,2.3753844952460668,0.0,0.0,0.0,0.0,0.0,1.8609784679895682,0.48018894156362535,6.824454944276823,3.3849346467426358,1.0927195566728471,8.225579441207913,0.0,0.49040736171346566,2.2604874720333044,1.7403162894395052,2.725298555109134,3.812781858438086,0.7019261219325017,3.9178801262026326,4.02771711757282,1.1121570169951411,0.9800878194496505,0.0,0.0,0.23817295951793938,0.0,0.0,5.425523789942204,0.0,12.416145616699026,12.932766279847982,11.381942377737602,0.0,4.9552412076426435,0.0,4.369131838604318,0.0,0.0,0.0,8.124243443217296,10.134684817285546,0.0,0.0,1.3189033902194183,0.0,0.0,0.0,0.0,12.116157263676598,1.0286391596149826,0.0,3.411037901479915,0.0,0.0,0.0,0.0,10.292833715040842,1.0471751931311246,0.0,0.0,0.0,0.0,0.0,3.7946609942094653,5.346662447419931,0.0,0.0,0.42278130208686093,11.533604778399393,0.0,7.477339913805778,0.0,0.0,9.737385974350246,12.600644861986495,6.591473166807447,2.83959591465225,1.441644936993228,0.0,4.184525332153754,5.854677819945323,0.0,0.6541595498663355,3.6270490817533414,0.0,0.0,0.0,0.0,0.0,0.0,12.523262310310344,0.0,0.0,2.0380332930505887,88.94068345750101,65.62865768840062,3.2059103800349646,7.433019277657252,1.0595577584200129,2.1859612737843293,0.0,0.0,0.0,0.0,0.0,1.595074462712745,6.91896727352659,0.0,0.0,0.0,9.051743933455441,3.8052417985117017,3.873649332255539,2.652486518417291,0.0,0.0,3.592268552292282,17.458471842061,0.0,0.0,0.0,0.0,0.0,0.19229203517357973,0.6907983464464849,0.0,0.6680167747046113,3.335648610608416,8.456679032088289,0.0,7.284379353960716,0.0,9.221145120020651,0.771346302178344,9.944546540735317,5.2145805201519835,3.3502989608889493,1.389486588872984,0.0,0.0,0.0,0.0,1.099872977802761,5.412168907974376,0.0,4.156544476554103,1.8213583702569451,0.0,0.0,3.1849241483316746,6.62312186922037,8.891546842655856,0.8960740814478925,6.8102415131779,0.0,8.196111075695939,0.0,0.0,3.1623403202743106,2.8455399872662213,11.000608312622916,0.0,0.40294792115321343,3.76592587438914,51.94554776782141,18.288289764234577,60.32933728945173,3.4249864797059786,0.0,0.0,0.0,2.1483399001477324,0.0,7.866284060854312,0.0,0.0,0.0,2.508408259526746,2.608050361797524,0.0,13.380998598131768,0.29759118301311105,0.0,0.0
Tofacitinib,0.0,9.492632935889816,12.925573663193106,9.733420981374437,1.9746544861740745,14.173674506798775,0.0,0.0,0.0,0.24392984582453892,1.1749180777107426,0.0,28.82123894543139,2.170434514304418,15.867513968391876,0.7532446534689541,14.689415859097338,2.2953648032507203,7.467887405923051,0.0,6.305397941083925,0.0,0.0,13.057681908398592,1.2805728661596305,1.1436042543334963,0.0,13.343930851760035,0.22986189476138463,0.7327303272263919,0.0,0.0,2.1907486101073204,0.3555872249131369,3.3923109459177567,1.8339570127854756,0.0,3.7476862830091875,0.0,2.337863565372402,4.10447691605124,9.161282453520087,10.477491642987985,9.302388157284398,7.731507153151981,5.871471613791783,0.08830925481080953,0.0,0.5486020362992292,3.548215209323189,0.0,0.0,0.0,0.0,5.881166842710286,0.0,0.26243000892432633,13.977865003096753,0.0,0.0,4.601151557487299,0.0,0.0,3.4217073143760786,0.49660755748202234,14.225703267135628,0.0,0.0,6.498844157378997,0.0,33.10826028672683,0.0,10.502292305369508,3.367809553811611,0.0,0.0,0.0,0.0,3.033281085489989,0.0,0.0,2.775201017008385,4.04051304687232,2.025329675459716,4.248898133902031,5.905984553955989,0.9360691522501838,0.06427308998070203,1.0194294580958,10.958319147873539,0.0,0.0,0.0,45.14465280031811,10.16605289628761,0.0,0.0,1.3807976573643543,11.369748682513034,0.0,0.0,0.0,0.0,8.323008714929188,4.727744552481852,5.724575544737334,8.905542438614589,0.0,22.135318609517242,2.483331781506834,0.0,0.0,6.043572041461317,0.0,4.742581136929402,0.7653589122103313,6.52976330702883,0.0,0.0,0.0,0.0,0.41771147662494457,22.062085111017197,11.703877775427713,0.0,1.9293110041378156,3.0977815199156424,0.011658272553944471,3.7577934299285403,6.899133239844957,5.03669095454876,11.821524424971315,5.229717854886786,0.0,6.070279401675563,11.519323803924465,2.534075364680149,0.8633208928251577,97.69857054287851,94.85822745064137,98.06808461907288,0.0,0.0,0.0,0.0,0.0,19.76138851591719,18.0423835183511,0.0,7.0952435786969374,48.65106610438777,3.65178451617453,1.408613144129987,3.3653837490967504,0.0,2.682703800111483,0.0,8.165285759641591,21.364557583237016,18.32013687280532,0.0,0.0,0.0,0.0,20.556242186798585,0.0,0.582988954444744,10.050663206677115,1.030757262548093,0.0,0.0,0.0,10.063886843996187,2.622418214981721,0.0,4.588526795238138,5.173906484384389,0.0,0.0,4.513608854323991,14.22613447349201,3.8544317393346006,0.0,0.0,10.688566610300768,15.356097521255492,8.313575580345088,0.0,5.523830672607772,3.9631941747407495,16.809930560051754,6.011057269079785,3.797762540000349,0.0,0.0,1.7500246095552967,6.6432285777208335,0.0,6.227194651885668,3.2689869208186764,0.0,0.0,0.0,0.0,0.0,0.8323249413197402,6.355277039699814,0.0,0.0,0.0,0.0,4.904190968899982,5.934733333675524,9.999014943406863,1.3630241339411384,0.0,0.0,3.5338919624646508,3.460324159954382,0.0,21.269445549087337,0.0,11.889499098932603,24.7094756854533,1.4940869441455789,0.0,9.438060486770809,0.0,2.675124103291182,10.215891027467165,10.972481719188067,8.280583973923541,7.387562544489924,17.95205145758061,12.207144059919415,0.0,83.49861440897446,14.45245481347257,0.0,0.0,0.9208889630512544,0.0,0.0,4.542693786510199,7.570190697634047,0.0,1.5932594639965032,9.865270512244962,30.14010101518363,0.0,5.911236704570683,9.086247517740162,3.0094539815760584,10.34273319873995,1.8506893648223297,0.0,0.0,1.9411304005571566,10.765709432741133,10.772521640337573,19.748821088431185,4.181830356774711,0.22546477840097623,9.338781844354259,5.305899329727694,14.945286507672733,2.8171630566381083,2.2187136029866394,4.324411140573801,4.86210907387877,0.0,12.539948289337644,0.07475605314184008,0.0,5.130447366779038,7.470653468527303,4.559488897998733,1.2379693034580725,3.4218412278341646,5.58871382430155,5.872280152774991,2.9199010000123877,9.964219124929912,12.090996511022084,0.0,1.5758569438749959,3.9791272263359048,87.95632077128926,0.0,16.95040988421357,7.9550991603802,0.0,0.0,2.27774992825789,0.0,0.0,12.936987986151422,1.8235231011747857,0.0,0.0
Tozasertib,86.24409562726635,94.25477205203484,33.57338363557771,0.8061540957597799,0.0,14.996514563595426,8.537539753782795,0.543820370432357,0.0,0.0,5.260373650189763,0.0,81.4641558853898,0.0,94.80636115114258,95.11467021542455,59.57535800094293,55.72421899272,18.645313309623077,59.98117260071345,0.0,5.362224267628648,0.0,10.402809888449724,36.40792094557646,10.795602982733016,0.0,29.09364922796891,73.26883778205746,0.0,0.9870006284673423,0.0,0.0,15.939512947519944,0.0,12.894434440645568,0.0,6.1038585740028,14.042879244066398,0.0,0.8879501523719711,0.0,12.153680563484556,5.573016012992554,4.7146594755761555,2.576056862874637,0.7540735200361155,6.2464374681879065,0.0,4.778372383076942,0.0,0.0,0.0,6.870783254650348,22.914168927014998,0.0,3.3288573151539538,7.398043884866411,1.2249177420768262,0.9162808682080765,3.8501947994516,0.0,0.0,0.0,0.0,12.002966172835585,0.0,9.957007285828183,0.0,21.866173921730848,21.35023513974383,0.0,1.8485499246870916,0.8494815209577666,38.131582594553606,1.4884911553951952,0.0,1.5613121065364481,1.1775569248857494,0.0,0.0,2.5592478690378755,6.254495163630594,21.92475017353881,65.57047451185484,55.78529003694859,27.927836464931744,11.985422924754829,51.61934762559928,25.260404798378318,22.920860505773817,30.344179588469046,21.696913999761477,37.830295225495966,53.89174399373966,0.0,6.877912769489939,3.9515916939409976,8.777261389484096,0.0,7.835266301852158,2.789081769259951,26.04644385461347,33.63158063614617,29.379146782394898,12.241747487463215,41.841546481649736,23.04124459095459,93.3257343450982,44.57469108416893,0.0,0.0,27.849384701655737,0.0,0.0,3.943805494158397,9.684459579040748,0.0,0.0,4.549211293140786,0.0,0.0,32.05027948442026,17.34313794427122,7.2241398109815975,1.4090226065761726,0.0,0.886375149546808,4.743371139454766,3.7179568923427553,0.6009071907764536,15.06637335782169,15.200495324427067,56.497255755420774,8.474902665430676,22.004333967089167,47.62995745071514,1.2747933469055681,8.144266779521729,24.465798405636917,8.203120378558566,4.6052568087509655,0.0,0.0,14.727755580100578,81.70549539295335,87.73920786813491,66.8938790663338,0.0,59.39528370914006,43.62674235416407,47.41247557340586,36.893201743277984,0.0,2.2884172361920605,4.199396975738608,0.0,0.0,3.090124256827707,12.575508982172039,10.327869817737096,8.660272635158222,0.0,0.0,46.55309620398769,16.9556452188926,1.359689811182193,3.0448615215352106,81.10489858057414,61.294449443146235,38.94998104748154,47.27588410795519,7.171813841530621,2.394890847139436,24.74847701798845,0.0,14.302649214233355,0.0,0.0,51.13936842474437,19.77027980084702,3.2654450911006734,0.0,0.0,7.22180774242301,32.35587243587091,17.241730931205453,0.0,4.950101480507186,0.0,5.830584039150693,7.166220941512378,0.0,0.0,0.0,0.5318968995324838,2.848746941883263,6.517852660974739,10.502453993339515,3.7765158977165925,4.037110555709546,5.574549847844622,0.0,6.923758500907297,12.318726731558229,14.557031726885512,8.285326150279076,0.0,0.8268961493845381,0.0,28.64403347956599,28.47769617752087,17.290318579103058,30.082934397102292,9.446601488342694,1.3946680449169264,2.69422801198742,0.0,1.8934670256959691,0.0,18.027500431112486,18.87284976676402,10.276467345900485,2.489893609018793,2.200968589957739,0.0,5.838619550367611,1.0825680827858548,0.0,13.367445949826404,13.97154134015608,23.64554530652552,22.690257821350315,9.199472859846225,12.415531413737966,0.0,17.438805167053204,0.19915110494876842,4.7515242350094695,0.0,1.2329045600072277,0.0,4.506961196639367,0.0,96.0882232882087,0.0,2.8297541063546134,0.0,8.009656020877102,16.413829688097437,69.7809930898687,0.0,17.867519263246578,23.94999473092146,9.266235231874944,0.0,4.526393342397455,0.0,20.04642172461547,40.41441645484494,22.46327753388357,4.05872356836494,3.561324109435759,5.352628931364677,47.194412227875965,9.489079800254984,5.239272818034337,9.886889331208309,2.243745300481862,5.149248029678759,0.8073968568010059,9.268876686165655,55.35103409530805,81.35022397539213,23.704426597928162,9.466566515922878,0.0,0.0,72.2299797408144,13.380288274497914,93.4761129751488,73.06542217582032,93.96088130776243,16.152139438229312,0.0,21.155476758627657,15.810502262637385,32.328264522985606,15.014358165448826,0.7685036601486672,0.0,12.670364077678954,0.0,0.0,3.993990231292912,6.673978033433414,66.0552613349906,8.956070503647027,0.0,0.0
Vandetanib,88.26278758198491,85.99043621139491,14.626724142954359,5.2960101612888195,0.0,0.0,12.318257254737603,0.0,0.0,0.0,0.0,16.018000283903476,7.304210506315229,0.0,0.0,4.514529078194556,0.0,45.032678000766154,66.17041203898262,11.594302460314765,5.213449339470685,92.71700721376227,2.8638132855769243,0.0,82.3810308580735,28.617987869508056,52.063525151770165,13.751087782886628,88.97111748745685,18.372046013672275,0.493136522944738,9.380325635490522,0.0,0.17302316145608643,1.830234124469854,4.17629523153542,0.0,0.0,9.63715855827354,0.0,0.0,0.0,5.432310192914031,0.0,7.137068258663419,5.223027787282206,0.0,2.1953676679465843,0.0,1.3217507772168915,0.0,0.0,0.0,17.16566356958728,5.607907078906493,37.92582564240588,0.0,5.600622335211739,8.532107892090295,0.0,1.5499649873459305,1.8872946056942794,0.0,3.5239321290836756,0.0,10.338891334233125,0.0,15.693970337931503,2.73955952925499,45.56344051766878,0.0,0.0,6.696604726004296,0.0,31.95944101010437,5.430706363649975,7.615021728276815,0.0,7.045370066201556,2.791559918242399,3.9686749462443913,0.0,93.35331179385327,68.30568252399695,78.45599023564307,42.255732142048956,66.34384207606865,45.6341093051401,96.73078498789745,68.24715868468991,66.10311106013609,72.1858060765379,75.63996511261686,22.605430706729678,86.99587276784303,27.77132153479303,54.42744908145987,0.0,0.8573343323978122,0.0,4.206737613418142,0.0,56.02331021141981,61.63489619421071,32.15111388486855,9.957516428423446,70.00312654817606,70.50213750282774,56.28130672033974,83.9178298515765,6.571051312905524,20.51520136068504,51.75978902641111,0.0,7.796341422369693,2.6114337996241233,0.0,4.197521363746773,0.0,3.6313584168152317,0.0,0.0,7.4481206019649875,70.82239655173808,20.22741658232556,3.3496839232871594,0.5758805113565302,0.5278841805403971,0.0,5.381251539601536,3.427813644285621,12.277009291091133,14.171438531988187,0.0,12.306004505154107,64.67976178361093,0.0,0.0,0.8641648183157002,0.0,3.972764798043528,6.3350242304317845,3.586841472690054,3.11440557718808,87.44882636296464,62.874369146486316,96.40564525937181,11.875710086527448,0.0,78.6758308783054,0.0,89.15216702890258,83.32901704084246,0.4802577798745915,1.5218379190650495,5.254121956722315,16.337661398791113,0.0,0.0,0.5967346769928952,0.0,2.3401398961688926,0.0,0.0,5.599770260440607,18.526990651749486,3.792654820145799,5.759877240696525,2.8610464645493323,3.8623468178855376,0.0,0.0,50.67791467665239,13.114704208644866,16.266622819638116,1.9684023555748524,0.0,0.0,0.0,0.0,2.48763937090051,0.0,0.0,5.372233668908336,15.810529586094901,0.0,0.0,0.0,0.0,0.0,3.133889843721846,0.9716429254229695,0.0,0.0,3.794833854496403,0.0,8.23884862451331,2.8774480444448898,4.4648061926335885,7.354666430682727,9.433168698196795,0.0,0.0,0.0,0.0,9.786684562841174,6.480796955390005,0.0,0.0,1.1263760994604581,71.43463817507472,15.618300425336031,8.66670004305152,44.528581254042464,0.9227603563223568,5.028475651278455,0.6048505412322527,3.8553456977603133,7.18935937996082,0.0,2.941913227839791,10.879474539337565,8.408976691850356,0.0,0.0,0.0,6.758353190943183,11.920941986144925,0.7101528622743842,8.295017443831199,0.0,2.225217734489206,7.9716780706004045,3.42897177354763,0.2028710599255703,0.0,0.0,0.34988100356298446,1.4657705912636203,0.0,5.040282453042622,0.0,0.5062601124003976,18.893166552997144,96.07414105676449,76.61843120303595,4.001269787730507,0.6414922754528192,9.335974174246203,6.42483394514889,23.539888171156264,0.0,2.185239699428422,14.107060812644718,0.6942356608480225,0.0,0.0,2.1217215227736688,82.40440160373876,26.14328964979127,0.0,1.2225994308578407,2.119094932135937,0.0,0.0,3.3912888601798414,0.985400831445105,14.914901551077463,0.0,2.6463094775234737,0.0,6.106805340217875,0.0,0.0,1.6098731301118079,0.0921601035313131,8.442854625543873,0.0,49.193431697551205,20.26934774894994,0.0,6.754502443246267,27.80737928338708,4.121310403553537,4.875431305045666,42.527716315409464,35.42006217764647,2.2843418064767604,66.98861607958341,4.329861449895574,0.0,0.0,1.0810191815582755,4.869952893795002,0.0,2.020926570324434,88.66453837363791,5.141663281338154,3.1562953340620936,9.666194122732023
Vatalanib,3.481225490385043,0.0,8.340277160466115,0.0,0.0,10.100604581250664,0.0,1.4803103271176923,3.9088396621058337,0.0,3.2343495973047,2.356433323642676,0.0,0.0,21.024395845591854,10.00749764758487,13.01259952378075,1.6664415064982592,0.0,0.0,7.815206580870296,10.84887591182931,6.911038634973465,2.9327363710095824,4.64480487559166,54.3433182230046,0.0,5.953415367163686,0.0,0.0,0.0,0.0,0.0,6.773524779854142,0.0,18.94591722713919,0.0,6.5707117846975365,2.846063842492754,0.0,0.0,0.0,12.292949045332051,5.468515861902048,7.282895525263868,3.4093505728459803,0.0,8.661613921557034,2.7741037894565466,6.9642490478710215,0.0,0.0,0.0,5.0994314973898724,3.5010429300185706,1.5054560519404276,4.979539924032878,7.769304269562852,0.8720438712538083,0.0,1.8380590783201995,0.0,0.0,0.0,0.0,12.3994601764185,0.0,0.0,1.8374334786829678,12.37938823201118,21.876856549402703,0.0,8.329966216647222,0.0,2.9087577095988877,0.0,0.6007529888135963,0.0,0.0,0.0,4.071070798275926,2.5084005417395616,4.244895281171694,3.9740630371273653,7.487052205839703,1.1834491531204208,0.0,0.0,0.0,9.479628611939887,0.0,0.0,0.0,34.894412276604896,14.911122556627646,0.0,0.0,5.284417203165958,12.430875277586253,0.0,8.64743612418502,5.348544260204278,2.84797434181462,3.967878065541356,8.459965421388944,4.218664212189012,3.2201386077515224,40.57887200312372,8.011405090336197,37.19205008284237,66.50344182518434,4.607759619617582,0.0,0.0,0.0,7.093241708014318,8.715169744528012,0.0,0.0923062936227268,7.797906198499675,0.0,0.0,29.97323197597956,10.458686241746207,0.0,0.8248278307812456,0.0,3.488076791756754,4.076603047972256,0.0,0.0,14.389689171212737,4.294392882986472,0.13902960514016627,5.881848903497854,14.869779976456954,6.510559957578579,0.0,0.0,0.0,7.909555832980999,1.7989605184756385,2.479073966361483,0.0,59.71705227577654,0.0,13.013716834870593,1.0630871696447173,2.7020888243948065,3.697965476563951,25.229098739664195,8.168041190231776,0.0,1.1706583335996186,1.1259509573927176,2.176400972972033,0.0,0.0,0.0,0.0,0.0,0.0,0.0,0.0,16.27874807504587,0.0,4.657353263184277,2.4540880643480136,0.0,0.0,0.0,0.0,1.5337737422330804,0.0,21.69289158523543,0.4600352233183287,14.490090957764622,1.9716775493252783,0.0,0.0,7.938717095700497,1.3460623049436862,0.0,0.0,0.0,24.73500370313232,13.038477660616167,0.0,5.921926790075588,2.347993756157365,6.733787707447931,3.2424901319820663,1.5949382535809775,0.0,0.7031922589411721,0.0,1.7877189004034904,3.070621393339806,11.13609722468206,3.188303152111544,0.0,0.0,0.0,0.0,0.0,4.238377135662631,2.8765962699526426,0.0,0.0,0.0,66.71757710347593,34.379123455207065,11.726886464378481,5.822389749883655,8.239595186700171,0.0,4.15961573413982,1.109481088404607,1.8815899037589645,0.0,24.164362247638962,16.494447866180792,2.8279507228726004,2.6460285539798463,0.0,0.0,6.671501943501326,5.827552845199051,0.0,5.342545346527885,26.538641827250373,30.46048064868738,13.989643269320965,2.766332446356728,5.921868500712293,0.0,4.139121155458525,0.08565773769909413,4.087510194521343,0.0,0.0,0.0,0.0,6.710684474511851,10.888347783511165,0.0,3.503979256818866,0.0,4.585644011970231,8.39765296514787,5.256679151702542,0.0,0.0,2.5020018278145244,0.30935000904402443,0.0,0.0,0.8071292749110341,2.086056222578634,5.837950693051937,0.0,8.246634309476633,1.5210379621229322,3.4667246528330793,6.494633144825812,5.224820133220817,6.034066404449703,5.810696262600715,0.0,7.384849768757249,0.0,0.3906540712550566,1.3471603041439266,14.590668470435588,0.1073465633291022,0.0,0.0,0.0,2.4996634264849718,0.0,1.2772828216008918,0.0,7.254701768840619,17.222292216899547,0.0,0.0,0.0,10.572696359029521,1.8252535364307647,0.0,0.05175050695874006,0.0,0.0,0.0,3.692290627102551,0.8819275516125344,6.999078326442415,9.66303160590185,3.373270732214337,0.0
VX-702,0.32944206581312585,0.0,3.896268237327064,15.281110733743134,0.0,13.763328264971648,0.43013558015584863,0.7057535608050642,0.0,0.0,3.30688889895265,0.6420588139384051,0.0,0.0,13.570903508348408,8.72722069798796,16.236142551675556,0.0,0.0,0.0,5.9368679332907845,1.2767717977995119,5.847391022184837,3.4479601124736234,1.7719614406518076,2.306910651099912,0.0,10.569463615564729,0.0,1.8918775231252738,0.0,0.0,0.0,9.0539021627728,0.0,12.747947125714674,0.0,8.12954448313414,1.0977870126431526,0.0,0.0,4.335230458416547,12.186215277075263,6.879819197448285,5.3285235170012015,3.152747369959684,1.5957452573285025,4.106846920996631,0.1271859947912617,4.883861476153811,0.0,0.0,0.0,3.3192513472536547,10.83088074241823,2.355303517682472,0.0,10.20212739551026,1.809876688521939,0.0,0.35833934041056636,0.0,0.0,0.0,0.0,13.075423751135418,0.0,0.0,5.704391270762642,10.026784971118275,22.40839838703161,1.839256704375515,13.228260465867947,2.5227324502475454,0.0,0.0,0.0,1.2634726999415733,2.948225361429081,0.0,0.0,3.7361470096047924,7.2740936293116505,0.9304664762064192,11.028442741406963,3.029453122071658,0.0,0.0,5.004069977569372,20.104776484116627,1.3441988625265253,0.0,0.0,34.23345597314383,16.118366640618802,0.0,1.898629833550757,4.783925892411958,14.281094462591298,1.0995808914603629,4.443673546811681,0.966130335346719,0.9777433859912037,0.4858003862271971,9.831584076301937,3.8165003659893557,5.27236147200432,0.0,2.7907233283205386,2.502711291846566,0.0,0.0,0.0,0.0,0.9699392405570819,1.8614447572665824,9.257277203695452,0.0,2.9458119669417044,0.0,1.4364694090611465,0.0,18.729068989889413,10.460468478254228,0.0,0.0,0.0,1.5996958946222577,9.52955318762767,7.674184394665801,0.0,5.1541397052903335,12.042721014623567,0.0,5.802396343090152,12.47589999247316,0.0,0.0,1.184195183487418,0.0,4.284709332562656,0.0,6.46855776160686,1.5743334788886614,3.4532713014170042,1.7427555538233293,13.70240531300287,1.487500893678913,0.5376487575886131,6.20785426375177,17.969997573551638,1.8560777481268929,0.0,1.101275468392771,0.9452334463119314,6.624556145843371,0.0,0.0,1.8589523585706331,0.0,11.016711576380601,7.654111562543008,0.0,0.0,12.850652832608034,0.0,3.4577132295653144,0.0,0.0,0.0,0.0,0.0,8.572636759036143,0.0,6.202049361819007,3.478426182724519,7.15102427574017,0.9865050621444311,0.0,0.0,5.921923490759326,0.0,0.0,0.0,0.7547280394346103,30.388105015238438,7.14492690128958,0.0,4.0001461348042255,0.0,9.521826852704976,9.894409987548983,0.0,0.0,84.22180934819869,3.122641008719455,94.77352610754126,77.67964459256422,6.048640473289794,7.9093770685696825,0.0,0.0,0.0,0.0,1.7135878807628302,7.379270961168714,3.6468047979915355,0.0,0.0,0.0,0.0,37.24201652811406,12.595967269242749,7.96032454475241,6.855723652488649,1.228561252637661,1.7008495340854637,2.3395672975401567,0.0,0.0,14.036982322724612,13.891094303294068,5.359159043072424,0.0,0.0,0.0,8.746464713839444,0.8580565330096874,2.2513450897080958,14.900535974832522,14.891937463384977,10.064297588792414,18.162445627302873,11.936248097968914,4.302777103716835,1.9134040654812168,0.0,0.28692333544395865,4.8940326585569665,0.0,5.333185028065657,0.0,0.0,2.46506266754875,6.878002081574323,0.0,0.0,0.0,2.3425103398762133,9.868817507791533,4.978482167523055,0.0,0.1605559884470722,2.467641829537996,0.0,0.0,0.0,0.07853668367795308,4.890380796499954,9.251077363483603,1.279012328926143,7.065720248205025,1.044323587465712,0.0,0.0,16.975363274227888,2.9210555722595757,6.033517794994282,0.0,6.3418555650136454,0.0,0.0,3.7637210499263745,1.2588197767664013,4.260326296213833,0.0,0.0,0.0,3.2673876006556952,4.253580314786404,3.740071009693253,0.0,4.127606632262882,11.413168938994701,1.2250630111499419,0.0,4.978185904706962,6.540556432968771,0.0,0.0,0.0,0.0,0.0,0.0,3.580896415535932,3.372905519347057,2.2330459058647136,2.0749850379070267,0.0,0.0
