,CDK7,CDK8,CDK9,CHEK1,CLK2,CSF1R,CSNK1A1,DAPK3,DYRK1A,DYRK1B,FGFR1,FLT1,FLT3,FYN,GPRK5,GSK3A,GSK3B,IGF1R,IKBKE,JAK2,JAK3,KDR,LCK,LIMK1,LRRK2,LTK,MAP2K1,MAP2K2,MAP4K2,MAP4K4,MAPK14,MAPK8,MAPK9,MST1R,NEK2,NTRK1,NTRK2,NTRK3,PAK4,PDGFRA,PDGFRB,PIM1,PRKAA1,PRKACA,PRKCN,PRKCQ,PRKX,PTK2,RET,ROCK1,RPS6KA3,STK12,STK6,TAO1,TBK1,TYRO3,CLK4,MET,CDC2L6,ITK,PLK1,PLK4,PIM3,AKT1,AKT2,AKT3,INSR,PLK3,EGFR,ERBB2,FGFR3,KIT,PIM2,PTK6,TYK2,HCK,MAP3K10,ROCK2,SGK,CAMKK2,MAPK10,MARK3,MARK4,MELK,ROS1,SIK2,STK3,BLK,CAMK1,CAMK2D,CAMK2G,CDC42BPA,CDC7,CDK2,CHEK2,CSNK1G1,CSNK1G2,CSNK1G3,HIPK2,IRAK1,IRAK4,MAPK1,MINK,MKNK2,NEK4,PDPK1,PHKG2,PKN2,PRKCD,PRKCG,PRKD2,RPS6KA5,RPS6KB1,SRC,STK17A,STK22B,STK22D,CDC2,CSNK2A1,DYRK3,HIPK4,KIAA1811,MAPKAPK2,PAK1,PRKCI,FRK,MAP4K5,TOPK,FER,SLK,CAMK2B,CSNK1D,DCAMKL1,DYRK4,EPHA2,ERBB4,MAPK12,MAPK13,MAPKAPK3,SRPK1,ZAK,MAPKAPK5,MATK,PRKG1,PRKG2,SRMS,AXL,CHUK,FES,FLT4,LYN,MARK2,PRKCZ,PTK2B,SYK,IKBKB,EEF2K,WEE1,BRAF,BMX,RPS6KA4,STK33,PASK,NLK,ALK,BTK,CAMK1D,CAMK2A,CDK5,ABL1,ACK1,ACVR1
5,6.6,9.1,8.9,6.4,8.1,6.7,7.2,7.1,4.0,8.6,5.7,6.8,7.9,4.0,5.8,7.2,7.3,4.0,6.1,6.7,7.3,6.6,5.9,4.0,8.1,6.6,7.5,7.3,7.4,4.0,4.0,6.6,6.6,7.0,5.2,6.4,6.4,7.1,7.6,6.0,4.0,6.0,6.9,7.5,7.8,7.8,7.2,4.0,5.9,8.1,7.0,6.3,6.1,6.3,6.0,4.0,4.0,4.0,4.0,6.4,6.6,4.0,5.5,5.7,5.3,4.0,6.4,4.0,6.1,4.0,4.0,4.0,6.4,4.0,4.0,4.0,4.0,4.0,6.8,4.0,4.0,7.3,4.0,8.3,6.8,4.0,7.3,4.0,4.0,7.2,7.5,7.5,9.8,7.9,4.0,6.5,6.2,6.2,7.5,7.1,7.4,7.3,8.5,7.4,6.1,6.3,6.7,8.1,7.2,6.7,7.7,4.0,7.0,4.0,7.4,4.0,6.9,7.4,6.8,8.3,6.4,6.0,5.4,5.9,5.6,6.4,7.1,4.0,6.7,6.3,7.0,7.7,4.0,5.5,4.0,4.0,6.8,6.9,4.0,6.0,4.0,6.1,4.0,7.0,6.0,6.1,4.0,4.0,6.1,6.7,6.1,4.0,6.6,4.0,6.0,4.0,4.0,4.0,4.0,4.0,4.0,4.0,4.0,4.0,4.0,4.0,4.0,6.8,8.0,6.2,5.5,5.9
6,7.3,8.3,4.0,4.0,8.1,6.9,7.8,7.3,7.6,7.8,5.4,4.0,8.2,4.0,6.2,6.4,6.4,4.0,5.6,6.1,6.8,6.1,5.5,4.0,8.7,6.9,7.7,7.5,7.2,7.7,5.7,5.9,5.5,7.2,4.0,4.0,6.1,5.8,7.4,5.9,6.3,6.9,7.4,8.1,8.3,9.1,8.5,4.0,5.7,8.9,7.9,6.6,4.0,4.0,5.7,5.6,9.0,4.0,4.0,4.0,4.0,4.0,4.0,4.0,4.0,4.0,4.0,4.0,4.0,4.0,4.0,4.0,4.0,4.0,4.0,4.0,4.0,8.7,4.0,4.0,4.0,4.0,4.0,8.5,4.0,4.0,7.1,4.0,4.0,6.6,4.0,4.0,9.5,7.5,4.0,4.0,4.0,4.0,7.4,4.0,4.0,4.0,7.7,4.0,4.0,4.0,4.0,4.0,4.0,4.0,4.0,4.0,4.0,4.0,7.5,4.0,4.0,4.0,4.0,4.0,4.0,4.0,4.0,4.0,4.0,4.0,7.3,4.0,4.0,4.0,4.0,4.0,4.0,4.0,4.0,4.0,4.0,4.0,4.0,4.0,4.0,4.0,4.0,4.0,4.0,4.0,4.0,4.0,4.0,4.0,4.0,4.0,4.0,4.0,4.0,4.0,4.0,4.0,4.0,4.0,4.0,4.0,4.0,4.0,6.2,4.0,4.0,6.7,8.5,5.8,5.7,6.2
7,6.2,6.7,6.8,5.8,8.2,4.0,5.4,5.9,4.0,8.4,4.0,4.0,4.0,4.0,5.8,6.2,6.1,4.0,6.0,4.0,4.0,6.4,4.0,4.0,7.0,6.2,6.4,6.2,6.6,7.3,4.0,5.8,4.0,6.1,4.0,4.0,4.0,4.0,4.0,4.0,4.0,5.7,6.3,7.1,6.4,6.8,6.7,4.0,4.0,6.4,5.8,6.3,4.0,5.7,6.1,4.0,4.0,4.0,4.0,4.0,4.0,7.0,5.9,5.3,4.0,5.2,4.0,4.0,4.0,4.0,4.0,4.0,5.9,4.0,4.0,4.0,4.0,6.1,6.6,4.0,4.0,6.4,4.0,6.1,7.1,4.0,6.3,4.0,4.0,7.1,6.7,5.7,6.5,6.3,4.0,4.0,5.5,5.8,7.4,6.2,4.0,4.0,7.0,7.0,4.0,6.1,6.1,6.7,6.1,5.7,6.6,4.0,6.7,4.0,7.1,4.0,4.0,7.4,5.8,7.0,6.2,6.8,5.7,4.0,5.6,5.8,6.6,6.2,4.0,6.6,6.5,6.2,4.0,6.2,5.8,4.0,5.5,5.6,4.0,4.0,5.3,4.0,4.0,7.9,6.8,4.0,6.2,4.0,4.0,6.2,4.0,6.8,5.8,4.0,6.1,4.0,4.0,4.0,4.0,4.0,4.0,4.0,4.0,4.0,4.0,4.0,5.8,6.1,6.3,6.0,4.0,6.2
10,7.6,4.0,7.0,5.1,8.4,6.8,6.7,7.2,8.4,4.0,6.5,6.7,7.4,8.0,4.0,4.0,8.0,4.0,4.0,7.5,8.1,6.0,7.2,4.0,4.0,4.0,4.0,4.0,4.0,4.0,4.0,4.0,5.7,4.0,4.0,6.8,6.3,7.5,5.7,4.0,4.0,6.8,8.4,7.7,6.8,4.0,7.1,4.0,6.7,7.6,4.0,6.5,4.0,6.5,4.0,4.0,4.0,4.0,4.0,6.6,4.0,5.7,6.6,5.4,4.0,5.9,4.0,4.0,6.7,4.0,4.0,4.0,4.0,6.2,6.5,4.0,4.0,8.0,6.4,4.0,4.0,6.8,4.0,6.4,4.0,4.0,4.0,7.3,4.0,7.1,7.0,7.8,4.0,7.7,4.0,7.8,8.2,7.7,7.2,7.3,7.0,6.2,4.0,6.8,4.0,4.0,4.0,8.6,8.1,6.4,6.6,7.8,7.1,7.1,6.8,5.9,6.7,7.6,5.8,7.2,6.4,5.7,5.2,4.0,4.0,7.1,4.0,5.3,6.9,8.0,6.0,7.2,4.0,5.6,4.0,5.8,6.7,6.2,4.0,5.5,6.8,4.0,4.0,6.7,4.0,6.0,4.0,4.0,4.0,4.0,4.0,4.0,4.0,4.0,4.0,4.0,4.0,4.0,4.0,4.0,4.0,4.0,4.0,4.0,6.5,4.0,4.0,4.0,8.3,6.3,4.0,4.0
14,6.6,9.1,8.9,6.4,8.1,6.7,7.2,7.1,4.0,8.6,5.7,6.8,7.9,4.0,5.8,7.2,7.3,4.0,6.1,6.7,7.3,6.6,5.9,4.0,8.1,6.6,7.5,7.3,7.4,4.0,4.0,6.6,6.6,7.0,5.2,6.4,6.4,7.1,7.6,6.0,4.0,6.0,6.9,7.5,7.8,7.8,7.2,4.0,5.9,8.1,7.0,6.3,6.1,6.3,6.0,4.0,4.0,4.0,4.0,6.4,6.6,4.0,5.5,5.7,5.3,4.0,6.4,4.0,6.1,4.0,4.0,4.0,6.4,4.0,6.0,4.0,4.0,4.0,6.8,4.0,4.0,7.3,4.0,8.3,6.8,4.0,7.3,4.0,4.0,7.2,7.5,7.5,9.8,7.9,4.0,6.5,6.2,6.2,7.5,7.1,7.4,7.3,8.5,7.4,6.1,6.3,6.7,8.1,7.2,6.7,7.7,4.0,7.0,4.0,7.4,4.0,6.9,7.4,6.8,8.3,6.4,6.0,5.4,5.9,5.6,6.4,7.1,5.5,6.7,6.3,7.0,7.7,4.0,5.5,4.0,4.0,6.8,6.9,4.0,6.0,4.0,6.1,4.0,7.0,6.0,6.1,4.0,4.0,6.1,6.7,6.1,4.0,6.6,4.0,6.0,4.0,4.0,4.0,4.0,4.0,4.0,4.0,4.0,4.0,4.0,4.0,4.0,6.8,8.0,6.2,5.5,5.9
16,4.0,4.0,4.0,4.0,5.8,5.9,4.0,4.0,6.3,4.0,4.0,4.0,6.4,7.0,4.0,6.1,6.1,4.0,4.0,4.0,4.0,4.0,6.3,4.0,4.0,4.0,4.0,4.0,5.2,6.8,4.0,4.0,5.8,4.0,5.2,5.7,4.0,7.0,4.0,4.0,4.0,4.0,4.0,4.0,5.6,4.0,4.0,4.0,4.0,5.4,5.2,4.0,4.0,4.0,4.0,4.0,6.5,4.0,4.0,4.0,4.0,4.0,4.0,4.0,4.0,4.0,4.0,4.0,6.0,4.0,4.0,4.0,4.0,5.7,4.0,4.0,4.0,6.5,5.1,4.0,4.0,6.0,4.0,5.9,4.0,4.0,6.2,6.6,4.0,5.9,6.1,5.7,4.0,4.0,4.0,4.0,4.0,4.0,4.0,4.0,5.3,4.0,5.8,5.8,6.0,4.0,4.0,5.9,4.0,4.0,5.5,4.0,4.0,6.5,5.6,4.0,4.0,5.5,4.0,5.4,4.0,4.0,4.0,4.0,4.0,6.4,6.6,4.0,4.0,5.8,5.9,5.7,5.6,4.0,4.0,4.0,4.0,4.0,4.0,4.0,4.0,4.0,4.0,4.0,4.0,4.0,6.4,4.0,4.0,5.4,7.0,5.9,4.0,4.0,4.0,4.0,4.0,4.0,4.0,4.0,4.0,4.0,4.0,4.0,6.0,6.6,4.0,4.0,5.3,6.6,4.0,4.0
18,4.0,4.0,4.0,5.5,7.4,6.4,4.0,4.0,7.6,4.0,6.0,6.9,7.5,6.4,4.0,7.1,6.8,4.0,4.0,4.0,6.9,6.7,6.1,6.3,4.0,4.0,4.0,4.0,4.0,4.0,4.0,6.4,6.3,4.0,6.0,6.7,5.8,7.7,6.2,4.0,4.0,5.7,6.9,4.0,7.2,4.0,6.3,4.0,4.0,6.9,6.0,6.5,6.5,6.2,4.0,4.0,7.8,4.0,4.0,6.8,4.0,6.6,6.4,4.0,4.0,4.0,5.8,5.3,6.4,4.0,6.7,4.0,4.0,4.0,4.0,4.0,4.0,7.2,6.9,4.0,4.0,7.0,4.0,6.4,6.1,4.0,7.1,5.9,4.0,7.2,7.3,6.1,6.2,6.5,6.4,5.4,5.4,4.0,4.0,4.0,4.0,5.7,4.0,4.0,4.0,6.2,6.7,6.6,4.0,4.0,7.1,5.9,5.9,4.0,6.4,4.0,7.1,7.2,6.3,5.6,4.0,5.9,4.0,4.0,4.0,6.8,4.0,5.4,7.0,7.5,6.4,5.7,4.0,6.6,4.0,4.0,4.0,5.4,4.0,6.1,4.0,4.0,4.0,4.0,4.0,4.0,7.4,4.0,6.3,6.6,6.3,7.1,5.1,6.3,7.1,4.0,4.0,4.0,4.0,4.0,4.0,4.0,4.0,4.0,4.0,4.0,4.0,4.0,7.2,7.3,4.0,4.0
19,4.0,4.0,4.0,4.0,5.8,6.5,5.4,4.0,4.0,4.0,5.4,4.0,7.2,8.5,4.0,6.0,6.3,4.0,4.0,4.0,4.0,5.6,7.9,4.0,4.0,4.0,4.0,4.0,6.7,7.3,4.0,4.0,6.2,4.0,4.0,6.3,5.6,7.5,4.0,4.0,4.0,5.3,5.9,4.0,6.0,4.0,4.0,4.0,4.0,6.1,5.8,5.7,4.0,5.3,4.0,6.2,6.4,4.0,4.0,4.0,5.7,4.0,4.0,4.0,5.1,4.0,4.0,6.2,6.6,4.0,4.0,6.2,4.0,7.1,4.0,4.0,4.0,4.0,6.2,4.0,4.0,6.1,4.0,6.2,5.8,4.0,4.0,7.2,4.0,6.2,6.3,6.0,4.0,5.4,4.0,5.3,5.3,5.2,5.8,5.7,5.9,4.0,6.4,6.1,5.9,4.0,4.0,6.2,4.0,5.1,6.2,4.0,4.0,7.8,5.9,4.0,6.0,5.4,5.9,5.5,5.3,5.3,4.0,4.0,4.0,8.5,6.2,4.0,6.3,6.1,6.0,4.0,4.0,4.0,4.0,4.0,4.0,4.0,5.4,5.6,6.4,4.0,4.0,4.0,4.0,6.9,6.6,4.0,5.9,5.3,7.5,6.3,4.0,4.0,6.1,4.0,4.0,4.0,4.0,4.0,4.0,4.0,4.0,4.0,6.0,6.9,4.0,4.0,4.0,8.0,4.0,4.0
28,4.0,8.4,4.0,5.4,4.0,4.0,5.8,6.3,7.7,8.1,4.0,6.4,4.0,4.0,4.0,6.1,4.0,4.0,4.0,4.0,4.0,5.6,4.0,4.0,4.0,4.0,6.7,4.0,4.0,6.9,4.0,4.0,5.5,4.0,4.0,5.7,5.7,6.8,4.0,4.0,4.0,4.0,4.0,6.6,4.0,4.0,4.0,4.0,4.0,7.8,4.0,4.0,4.0,4.0,4.0,4.0,4.0,4.0,4.0,5.9,6.3,4.0,4.0,4.0,4.0,4.0,5.5,4.0,4.0,4.0,4.0,4.0,4.0,4.0,4.0,4.0,4.0,6.9,6.1,4.0,4.0,6.8,4.0,6.5,4.0,4.0,4.0,4.0,4.0,4.0,6.3,6.9,9.3,6.7,4.0,6.9,7.4,7.5,7.0,7.3,6.8,6.4,8.1,7.1,4.0,4.0,4.0,6.6,4.0,6.0,6.7,4.0,5.6,4.0,6.0,4.0,4.0,7.5,6.4,8.1,5.9,4.0,4.0,4.0,4.0,4.0,4.0,4.0,6.4,5.2,5.8,7.2,4.0,6.3,4.0,4.0,5.6,5.9,4.0,6.1,4.0,4.0,4.0,6.1,4.0,4.0,4.0,4.0,4.0,6.6,4.0,4.0,4.0,4.0,4.0,4.0,4.0,4.0,4.0,4.0,4.0,4.0,4.0,4.0,4.0,4.0,4.0,5.5,6.9,4.0,4.0,4.0
30,7.0,7.8,8.3,4.0,7.4,6.3,6.6,7.2,7.4,7.6,4.0,4.0,5.8,4.0,6.2,6.1,5.8,4.0,5.6,5.9,5.8,5.9,5.3,4.0,7.8,6.3,6.7,6.5,6.5,7.4,4.0,6.0,4.0,7.1,4.0,4.0,5.8,5.7,7.3,4.0,6.0,6.6,7.1,7.6,7.8,8.1,7.6,4.0,5.6,8.9,7.2,6.1,4.0,4.0,5.7,4.0,8.6,4.0,4.0,4.0,4.0,4.0,4.0,4.0,4.0,4.0,4.0,4.0,4.0,4.0,4.0,4.0,4.0,4.0,4.0,4.0,4.0,8.6,4.0,4.0,4.0,4.0,4.0,8.5,4.0,4.0,7.1,4.0,4.0,5.9,4.0,4.0,9.5,7.6,4.0,4.0,4.0,4.0,7.2,4.0,4.0,4.0,7.5,4.0,4.0,4.0,4.0,8.0,4.0,4.0,4.0,4.0,4.0,4.0,6.9,4.0,4.0,4.0,4.0,4.0,4.0,4.0,4.0,4.0,4.0,4.0,6.8,4.0,4.0,4.0,4.0,4.0,4.0,4.0,4.0,4.0,4.0,4.0,4.0,4.0,4.0,4.0,4.0,4.0,4.0,4.0,4.0,4.0,4.0,4.0,4.0,4.0,4.0,4.0,4.0,4.0,4.0,4.0,4.0,4.0,4.0,4.0,4.0,4.0,5.8,4.0,4.0,6.4,8.0,4.0,4.0,5.6
32,7.3,8.3,4.0,4.0,8.1,6.9,7.8,7.3,7.6,7.8,5.4,4.0,8.2,4.0,6.2,6.4,6.4,4.0,5.6,6.1,6.8,6.1,5.5,4.0,8.7,6.9,7.7,7.5,7.2,7.7,5.7,5.9,5.5,7.2,4.0,4.0,6.1,5.8,7.4,5.9,6.3,6.9,7.4,8.1,8.3,9.1,8.5,4.0,5.7,8.9,7.9,6.6,4.0,4.0,4.0,4.0,9.0,4.0,4.0,4.0,4.0,4.0,4.0,4.0,4.0,4.0,4.0,4.0,4.0,4.0,4.0,4.0,4.0,4.0,4.0,4.0,4.0,8.7,4.0,4.0,4.0,4.0,4.0,8.5,4.0,4.0,7.1,4.0,4.0,6.6,4.0,4.0,9.5,7.5,4.0,4.0,4.0,4.0,7.4,4.0,4.0,4.0,7.7,4.0,4.0,4.0,4.0,4.0,4.0,4.0,4.0,4.0,4.0,4.0,7.5,4.0,4.0,4.0,4.0,4.0,4.0,4.0,4.0,4.0,4.0,4.0,7.3,4.0,4.0,4.0,4.0,4.0,4.0,4.0,4.0,4.0,4.0,4.0,4.0,4.0,4.0,4.0,4.0,4.0,4.0,4.0,4.0,4.0,4.0,4.0,4.0,4.0,4.0,4.0,4.0,4.0,4.0,4.0,4.0,4.0,4.0,4.0,4.0,4.0,6.2,4.0,4.0,6.7,8.5,5.8,5.7,6.2
41,8.2,4.0,7.5,5.9,7.4,4.0,6.0,7.4,8.1,4.0,4.0,4.0,6.5,4.0,4.0,6.8,6.7,4.0,4.0,6.1,5.9,5.1,4.0,4.0,4.0,4.0,4.0,4.0,7.1,7.5,4.0,4.0,4.0,4.0,4.0,6.2,4.0,6.8,7.0,4.0,4.0,6.3,6.1,7.6,7.1,4.0,7.5,4.0,6.6,8.3,7.0,5.9,4.0,5.4,4.0,4.0,8.2,4.0,4.0,4.0,4.0,5.5,6.3,6.2,5.8,6.3,4.0,4.0,4.0,4.0,4.0,4.0,6.0,4.0,4.0,4.0,4.0,4.0,5.8,4.0,4.0,6.8,4.0,7.0,4.0,4.0,6.6,4.0,4.0,7.4,7.1,7.2,8.0,7.9,4.0,6.5,6.4,6.6,7.6,7.4,8.3,6.3,6.9,6.9,5.5,6.5,6.8,6.6,6.7,6.6,6.3,4.0,6.3,4.0,6.1,7.0,7.8,6.8,4.0,6.9,5.8,5.3,4.0,5.5,6.7,5.8,6.6,6.2,5.8,6.5,6.5,6.1,5.5,6.8,4.0,4.0,6.3,6.4,4.0,5.9,4.0,4.0,4.0,6.8,5.9,4.0,4.0,4.0,5.9,4.0,4.0,4.0,7.1,4.0,4.0,4.0,4.0,4.0,4.0,4.0,4.0,4.0,4.0,4.0,4.0,4.0,4.0,4.0,7.3,4.0,4.0,4.0
42,8.4,4.0,4.0,5.7,8.3,7.0,7.3,6.8,8.5,4.0,5.4,4.0,7.2,4.0,4.0,6.8,6.7,4.0,4.0,6.6,6.4,4.0,6.6,4.0,4.0,4.0,4.0,4.0,7.3,7.2,4.0,7.0,6.9,4.0,4.0,6.4,4.0,7.0,6.5,4.0,4.0,6.6,6.9,7.3,8.2,4.0,8.2,4.0,4.0,4.0,8.3,5.7,4.0,6.5,4.0,4.0,4.0,4.0,4.0,6.2,4.0,4.0,6.7,5.9,5.4,6.2,6.3,4.0,4.0,4.0,4.0,4.0,6.3,4.0,6.1,4.0,4.0,4.0,7.3,4.0,4.0,7.3,4.0,6.9,4.0,4.0,7.4,4.0,4.0,4.0,8.4,4.0,8.3,4.0,4.0,7.0,6.8,7.3,7.8,6.9,7.3,5.8,6.6,6.6,5.7,5.9,7.0,4.0,8.5,6.8,7.6,4.0,6.3,4.0,7.5,6.1,7.2,8.2,5.6,7.2,5.6,5.3,6.1,5.1,7.5,6.3,7.6,6.2,6.0,6.4,7.1,7.6,6.0,5.8,4.0,4.0,6.1,6.0,4.0,6.0,4.0,4.0,4.0,7.0,6.4,4.0,4.0,4.0,4.0,4.0,4.0,4.0,7.6,4.0,4.0,4.0,4.0,4.0,4.0,4.0,4.0,4.0,4.0,4.0,4.0,4.0,4.0,4.0,4.0,4.0,4.0,4.0
46,4.0,5.5,4.0,6.0,4.0,4.0,4.0,5.6,6.2,6.3,4.0,4.0,4.0,4.0,4.0,5.9,5.9,4.0,4.0,4.0,4.0,4.0,4.0,4.0,5.6,4.0,6.6,4.0,6.4,4.0,4.0,5.6,5.5,6.1,5.2,4.0,4.0,6.7,6.1,4.0,4.0,4.0,4.0,6.4,4.0,4.0,6.3,4.0,4.0,4.0,6.0,6.0,4.0,4.0,4.0,4.0,6.8,4.0,4.0,4.0,6.3,4.0,5.2,5.7,5.3,4.0,4.0,5.4,6.1,4.0,4.0,4.0,4.0,4.0,5.8,4.0,4.0,4.0,6.1,4.0,4.0,6.1,4.0,6.5,6.7,4.0,6.0,6.4,4.0,4.0,5.8,7.4,8.7,4.0,6.5,5.6,5.9,5.7,6.2,5.6,5.9,5.1,8.2,5.9,5.6,7.1,4.0,6.9,6.5,6.3,5.8,4.0,6.3,4.0,4.0,4.0,6.6,5.5,6.6,7.0,5.9,5.7,5.6,5.8,6.0,4.0,5.9,5.2,6.4,6.3,5.5,5.9,4.0,5.9,4.0,4.0,5.4,5.7,4.0,4.0,4.0,4.0,4.0,6.3,4.0,4.0,4.0,4.0,4.0,6.0,6.2,4.0,5.9,4.0,6.5,4.0,4.0,4.0,4.0,4.0,4.0,4.0,4.0,4.0,4.0,4.0,4.0,4.0,4.0,4.0,4.0,4.0
70,4.0,4.0,4.0,5.8,5.9,4.0,4.0,4.0,6.2,4.0,5.3,4.0,6.1,4.0,4.0,5.6,5.8,4.0,4.0,4.0,5.8,4.0,4.0,4.0,4.0,4.0,4.0,4.0,6.4,6.8,4.0,4.0,4.0,4.0,5.1,4.0,4.0,4.0,4.0,4.0,4.0,5.3,6.7,6.9,4.0,4.0,4.0,4.0,4.0,6.6,5.9,6.1,4.0,4.0,4.0,4.0,7.2,4.0,4.0,4.0,4.0,4.0,4.0,4.0,4.0,5.2,4.0,4.0,4.0,4.0,4.0,4.0,4.0,4.0,4.0,4.0,4.0,7.4,6.4,4.0,4.0,5.5,4.0,5.8,4.0,4.0,5.6,4.0,4.0,5.3,4.0,5.7,4.0,5.8,5.9,4.0,4.0,4.0,5.5,5.2,5.6,6.2,6.4,5.7,5.5,4.0,4.0,6.6,5.8,5.7,5.8,6.6,6.5,4.0,6.0,4.0,6.1,5.7,4.0,4.0,5.4,5.8,4.0,4.0,4.0,5.7,5.7,4.0,4.0,5.6,5.3,5.2,4.0,4.0,4.0,4.0,4.0,4.0,4.0,4.0,4.0,4.0,4.0,7.0,6.4,4.0,6.6,4.0,4.0,5.5,4.0,5.5,4.0,4.0,4.0,4.0,4.0,4.0,4.0,4.0,4.0,4.0,4.0,4.0,4.0,4.0,4.0,4.0,5.6,4.0,4.0,4.0
81,4.0,4.0,4.0,5.2,7.3,4.0,4.0,4.0,6.7,4.0,5.8,4.0,5.7,6.2,4.0,6.4,5.8,4.0,4.0,6.3,6.4,5.8,6.0,5.7,4.0,4.0,4.0,4.0,6.8,6.4,4.0,4.0,4.0,4.0,4.0,6.4,5.4,4.0,4.0,4.0,4.0,4.0,6.0,5.8,5.6,4.0,4.0,4.0,4.0,5.7,4.0,5.4,4.0,5.2,4.0,4.0,8.1,4.0,4.0,4.0,4.0,4.0,4.0,4.0,4.0,4.0,5.5,4.0,4.0,4.0,5.9,4.0,4.0,4.0,4.0,4.0,4.0,5.8,5.1,4.0,4.0,6.7,4.0,6.0,4.0,4.0,6.9,6.3,4.0,7.1,6.7,5.1,6.6,6.6,4.0,4.0,4.0,4.0,4.0,5.4,6.8,5.4,5.8,5.3,4.0,5.9,5.7,6.2,5.7,5.2,5.5,5.8,6.2,4.0,4.0,5.9,6.2,6.4,4.0,6.0,4.0,6.1,5.7,4.0,4.0,4.0,6.4,4.0,4.0,7.1,5.8,4.0,4.0,4.0,4.0,4.0,4.0,4.0,4.0,5.5,4.0,4.0,4.0,4.0,4.0,4.0,6.7,5.6,4.0,5.5,6.1,6.7,4.0,6.2,4.0,5.5,4.0,4.0,4.0,4.0,4.0,4.0,6.0,4.0,4.0,4.0,4.0,4.0,6.7,4.0,4.0,4.0
84,4.0,4.0,4.0,4.0,6.0,4.0,4.0,4.0,6.3,4.0,5.4,4.0,6.4,4.0,4.0,5.9,6.3,4.0,4.0,4.0,4.0,4.0,5.8,4.0,4.0,4.0,4.0,4.0,5.6,6.8,4.0,4.0,4.0,4.0,5.0,5.9,5.4,7.7,4.0,4.0,4.0,4.0,4.0,4.0,5.6,4.0,4.0,4.0,4.0,5.1,5.2,5.4,4.0,4.0,4.0,4.0,6.7,4.0,4.0,4.0,4.0,4.0,4.0,4.0,4.0,4.0,4.0,4.0,4.0,4.0,4.0,4.0,4.0,5.7,4.0,4.0,4.0,6.2,5.7,4.0,4.0,5.9,4.0,5.9,4.0,4.0,6.8,6.9,4.0,5.9,6.2,4.0,4.0,4.0,4.0,6.0,5.2,4.0,4.0,5.3,5.6,4.0,6.0,5.8,6.2,4.0,4.0,6.0,5.4,4.0,5.7,4.0,5.3,4.0,4.0,4.0,4.0,5.2,5.5,6.4,5.5,5.2,4.0,4.0,4.0,4.0,5.6,4.0,4.0,6.1,5.8,5.4,4.0,5.4,4.0,6.1,4.0,4.0,4.0,5.3,5.4,4.0,4.0,4.0,4.0,6.4,6.1,4.0,4.0,5.6,4.0,5.9,4.0,4.0,6.0,4.0,4.0,4.0,4.0,4.0,4.0,4.0,4.0,4.0,4.0,4.0,4.0,4.0,5.1,4.0,4.0,4.0
85,4.0,4.0,4.0,4.0,5.9,5.7,4.0,4.0,6.1,4.0,4.0,4.0,6.8,4.0,4.0,5.7,5.7,4.0,4.0,4.0,4.0,4.0,4.0,4.0,4.0,4.0,4.0,4.0,5.4,6.7,4.0,4.0,5.5,4.0,4.0,5.8,4.0,7.1,4.0,4.0,4.0,4.0,4.0,4.0,5.8,4.0,4.0,4.0,4.0,5.5,4.0,5.3,4.0,4.0,4.0,4.0,6.7,4.0,4.0,4.0,4.0,4.0,4.0,4.0,4.0,4.0,4.0,4.0,6.0,4.0,4.0,4.0,4.0,6.1,4.0,4.0,4.0,6.2,5.0,4.0,4.0,5.9,4.0,5.8,4.0,4.0,6.5,6.0,4.0,5.9,6.1,5.1,4.0,4.0,4.0,6.2,4.0,4.0,4.0,5.2,5.8,4.0,6.1,5.7,6.1,4.0,4.0,5.9,5.3,4.0,5.7,4.0,4.0,4.0,4.0,4.0,4.0,5.3,5.7,5.6,5.4,5.0,4.0,4.0,4.0,4.0,6.3,4.0,4.0,5.9,5.8,5.2,5.0,5.6,4.0,4.0,4.0,4.0,4.0,5.3,5.3,4.0,4.0,4.0,4.0,4.0,6.4,4.0,5.9,5.4,4.0,5.8,4.0,4.0,5.9,4.0,4.0,4.0,4.0,4.0,4.0,4.0,4.0,4.0,4.0,4.0,4.0,4.0,5.1,4.0,4.0,4.0
86,4.0,4.0,4.0,4.0,6.7,4.0,4.0,4.0,6.7,4.0,5.6,4.0,5.8,6.6,4.0,5.9,5.8,4.0,4.0,4.0,6.3,5.4,6.0,5.8,4.0,4.0,4.0,4.0,6.5,7.2,4.0,4.0,4.0,4.0,4.0,4.0,4.0,6.8,4.0,4.0,4.0,4.0,5.8,5.4,5.9,4.0,4.0,4.0,4.0,5.4,4.0,6.0,6.1,4.0,4.0,4.0,7.7,4.0,4.0,4.0,4.0,5.9,4.0,4.0,4.0,4.0,4.0,4.0,4.0,4.0,5.8,4.0,4.0,4.0,4.0,4.0,4.0,5.6,4.0,4.0,4.0,6.2,4.0,5.9,6.1,4.0,6.9,4.0,4.0,6.8,6.6,4.0,6.4,6.2,4.0,4.0,4.0,4.0,5.5,5.1,6.7,4.0,6.5,5.8,5.2,5.5,5.7,5.8,5.6,5.5,4.0,6.0,6.1,4.0,6.2,4.0,6.2,6.0,4.0,5.5,4.0,5.7,4.0,4.0,4.0,6.1,6.6,4.0,4.0,7.4,6.0,5.4,4.0,4.0,4.0,4.0,4.0,4.0,4.0,4.0,4.0,4.0,4.0,4.0,4.0,4.0,6.6,6.1,4.0,5.6,4.0,6.4,4.0,6.1,6.0,4.0,4.0,4.0,4.0,4.0,4.0,4.0,4.0,4.0,4.0,4.0,4.0,4.0,6.4,4.0,4.0,4.0
105,4.0,4.0,4.0,4.0,6.4,4.0,4.0,4.0,6.8,4.0,5.3,6.6,7.6,4.0,4.0,4.0,4.0,5.8,4.0,6.2,6.3,6.0,4.0,5.5,4.0,4.0,4.0,4.0,7.7,8.1,4.0,5.7,4.0,4.0,4.0,4.0,5.5,7.3,4.0,4.0,4.0,4.0,4.0,4.0,6.3,4.0,4.0,4.0,4.0,4.0,4.0,6.8,6.5,5.8,4.0,4.0,7.1,4.0,4.0,6.7,4.0,5.8,4.0,4.0,4.0,4.0,6.2,4.0,4.0,4.0,4.0,4.0,4.0,4.0,4.0,4.0,4.0,5.2,5.8,4.0,4.0,6.4,4.0,4.0,6.2,4.0,6.6,4.0,4.0,6.5,6.5,4.0,4.0,6.6,4.0,4.0,4.0,4.0,6.0,6.5,6.4,4.0,7.4,6.3,6.2,4.0,6.6,6.0,4.0,5.3,6.3,4.0,4.0,4.0,6.4,4.0,4.0,6.4,6.1,4.0,6.4,4.0,4.0,4.0,4.0,5.7,7.3,5.8,6.9,6.8,6.4,4.0,4.0,4.0,4.0,4.0,4.0,4.0,4.0,4.0,6.2,4.0,4.0,4.0,4.0,4.0,4.0,4.0,6.2,5.7,4.0,6.1,4.0,4.0,6.1,4.0,4.0,4.0,4.0,4.0,4.0,4.0,4.0,4.0,4.0,4.0,4.0,4.0,6.6,4.0,4.0,4.0
108,4.0,6.3,6.6,6.0,6.1,6.7,4.0,6.5,7.3,6.5,4.0,4.0,6.0,4.0,4.0,7.5,7.2,4.0,4.0,6.8,6.7,5.9,4.0,4.0,7.5,4.0,7.5,4.0,8.1,4.0,4.0,5.6,5.5,4.0,5.4,4.0,4.0,6.4,7.0,4.0,4.0,6.0,6.7,6.9,6.8,7.0,6.4,4.0,4.0,7.5,7.1,6.5,4.0,5.6,4.0,4.0,7.7,4.0,4.0,4.0,4.0,4.0,5.9,4.0,4.0,4.0,4.0,5.4,6.2,6.0,4.0,4.0,6.6,4.0,4.0,4.0,7.1,7.9,6.0,4.0,4.0,6.4,6.4,6.7,6.1,6.4,7.3,4.0,4.0,4.0,6.1,7.7,9.0,6.6,6.4,5.5,5.3,5.3,7.1,5.9,6.5,4.0,8.4,6.2,6.1,7.3,4.0,7.9,6.9,6.6,6.5,4.0,6.6,4.0,6.2,4.0,4.0,6.0,7.0,7.3,6.0,5.9,5.9,6.2,6.4,6.0,7.0,5.4,6.3,6.9,5.6,6.7,4.0,5.8,4.0,4.0,5.8,5.9,4.0,4.0,4.0,4.0,5.8,4.0,4.0,4.0,4.0,4.0,5.9,7.2,4.0,4.0,6.2,4.0,6.5,4.0,4.0,4.0,4.0,4.0,4.0,4.0,4.0,4.0,4.0,4.0,4.0,4.0,5.8,4.0,4.0,4.0
403,6.3,7.0,6.0,5.5,5.5,7.4,6.2,5.8,6.1,6.2,6.8,7.2,7.3,6.1,5.6,5.9,6.2,6.0,6.4,5.8,5.8,8.4,6.5,4.0,6.2,6.7,6.3,6.3,6.5,6.1,6.0,5.7,5.5,6.1,6.4,6.2,6.6,6.5,6.2,7.7,8.1,5.9,5.7,6.7,6.3,6.0,6.4,6.2,7.5,6.7,6.5,7.3,6.7,6.2,5.8,6.7,5.8,6.5,4.0,4.0,4.0,4.0,4.0,4.0,4.0,4.0,4.0,4.0,4.0,4.0,4.0,6.3,4.0,4.0,4.0,5.9,4.0,6.4,5.7,4.0,4.0,4.0,4.0,4.0,4.0,4.0,4.0,4.0,4.0,4.0,4.0,4.0,4.0,4.0,4.0,4.0,4.0,4.0,4.0,4.0,4.0,4.0,4.0,4.0,4.0,4.0,4.0,4.0,4.0,4.0,4.0,4.0,4.0,4.0,4.0,4.0,4.0,4.0,4.0,4.0,4.0,4.0,4.0,4.0,4.0,4.0,4.0,4.0,4.0,4.0,4.0,4.0,4.0,4.0,4.0,4.0,4.0,4.0,4.0,4.0,4.0,4.0,4.0,4.0,4.0,4.0,4.0,4.0,4.0,4.0,4.0,4.0,4.0,4.0,4.0,4.0,4.0,4.0,4.0,4.0,4.0,4.0,4.0,4.0,6.2,6.9,6.2,5.8,5.9,6.9,6.5,5.5
405,4.0,6.8,4.0,4.0,4.0,8.5,4.0,4.0,4.0,4.0,7.2,7.9,7.8,7.2,4.0,4.0,4.0,6.7,7.6,5.8,4.0,9.0,8.7,5.7,7.6,7.4,7.0,6.9,8.1,7.3,5.9,4.0,4.0,8.0,7.9,7.2,8.0,8.2,4.0,9.1,9.3,4.0,5.7,4.0,5.7,4.0,4.0,6.9,8.6,6.8,6.2,9.1,8.7,6.2,4.0,7.2,6.0,8.4,4.0,7.9,4.0,8.0,4.0,4.0,4.0,4.0,7.0,4.0,6.3,6.3,7.4,7.8,4.0,4.0,6.1,4.0,4.0,7.5,5.6,4.0,4.0,6.5,4.0,6.6,8.3,4.0,7.8,8.6,6.0,5.5,5.3,4.0,4.0,4.0,7.1,5.8,5.7,4.0,6.8,5.4,5.2,4.0,7.3,6.7,6.7,6.1,4.0,5.6,5.2,4.0,6.3,6.0,7.0,7.5,6.1,4.0,4.0,4.0,4.0,4.0,7.7,5.8,4.0,5.9,5.5,8.7,4.0,4.0,7.3,8.1,5.2,5.9,4.0,4.0,7.2,6.7,4.0,5.3,4.0,4.0,6.3,4.0,7.4,4.0,4.0,7.6,8.8,4.0,4.0,8.5,8.7,6.6,4.0,5.9,7.3,4.0,4.0,4.0,4.0,4.0,4.0,4.0,4.0,4.0,6.7,7.6,6.0,4.0,4.0,8.5,8.1,6.4
416,4.0,4.0,4.0,4.0,5.2,8.7,4.0,4.0,4.0,4.0,6.5,9.3,8.8,6.6,4.0,4.0,4.0,4.0,4.0,5.9,4.0,8.3,6.6,5.4,4.0,4.0,4.0,4.0,5.6,6.4,4.0,4.0,5.5,4.0,5.9,6.5,6.8,6.6,4.0,4.0,4.0,5.4,4.0,4.0,5.2,4.0,4.0,4.0,7.8,6.1,5.9,7.7,7.3,5.8,4.0,4.0,6.1,5.9,4.0,6.1,4.0,6.9,4.0,4.0,4.0,4.0,4.0,6.6,4.0,4.0,4.0,6.9,4.0,4.0,4.0,4.0,4.0,7.0,5.7,4.0,4.0,4.0,4.0,4.0,4.0,4.0,6.0,7.2,4.0,4.0,4.0,4.0,4.0,4.0,4.0,6.1,5.8,5.6,4.0,5.1,5.3,4.0,5.6,6.6,4.0,4.0,4.0,4.0,4.0,4.0,4.0,5.9,6.8,6.2,4.0,4.0,4.0,4.0,4.0,4.0,7.1,4.0,4.0,4.0,4.0,6.9,6.6,4.0,5.9,6.6,4.0,5.9,4.0,4.0,6.6,4.0,4.0,5.6,4.0,4.0,4.0,4.0,4.0,4.0,4.0,4.0,7.8,4.0,4.0,7.5,6.8,5.8,4.0,4.0,4.0,5.5,4.0,4.0,4.0,4.0,4.0,4.0,4.0,4.0,5.8,4.0,4.0,4.0,4.0,6.7,4.0,4.0
417,4.0,4.0,4.0,4.0,5.2,8.7,4.0,4.0,5.2,4.0,7.4,4.0,9.1,6.6,4.0,4.0,4.0,4.0,4.0,6.4,6.2,4.0,6.8,5.4,4.0,4.0,4.0,4.0,5.6,6.1,4.0,4.0,6.0,4.0,6.2,6.8,7.2,8.0,4.0,10.1,9.9,4.0,4.0,4.0,5.1,4.0,4.0,4.0,8.1,6.3,6.1,4.0,7.7,6.3,4.0,4.0,6.9,6.1,4.0,4.0,4.0,6.8,4.0,4.0,4.0,4.0,5.5,6.5,4.0,4.0,6.7,7.4,4.0,4.0,6.2,4.0,4.0,7.0,4.0,4.0,4.0,5.4,4.0,6.2,4.0,4.0,6.3,7.1,5.5,5.5,5.8,4.0,4.0,4.0,4.0,6.0,5.4,5.3,4.0,5.1,4.0,4.0,5.1,6.2,4.0,4.0,4.0,4.0,4.0,4.0,4.0,6.4,7.7,6.5,4.0,4.0,4.0,4.0,4.0,4.0,7.2,4.0,4.0,4.0,4.0,7.4,7.1,4.0,6.0,7.0,4.0,4.0,4.0,4.0,7.0,4.0,4.0,5.4,4.0,4.0,5.4,4.0,6.1,4.0,4.0,4.0,8.2,4.0,5.8,8.6,7.2,5.5,4.0,4.0,5.9,4.0,4.0,4.0,4.0,4.0,4.0,4.0,4.0,4.0,6.2,6.3,4.0,4.0,4.0,6.8,4.0,4.0
418,4.0,4.0,4.0,4.0,5.4,7.7,5.3,6.9,5.2,4.0,7.7,8.6,8.7,7.1,4.0,5.2,6.0,4.0,4.0,6.8,4.0,4.0,6.9,5.4,4.0,4.0,4.0,4.0,6.6,6.1,4.0,4.0,6.9,4.0,5.9,8.0,7.9,8.6,4.0,4.0,4.0,5.2,4.0,4.0,5.4,4.0,4.0,7.1,8.0,6.7,6.6,4.0,6.7,6.6,4.0,6.7,5.9,6.2,4.0,6.4,4.0,7.2,4.0,4.0,4.0,4.0,5.8,7.2,4.0,4.0,7.2,7.4,4.0,6.0,4.0,4.0,4.0,6.3,5.5,4.0,4.0,7.0,4.0,6.6,6.4,4.0,6.1,7.0,5.6,5.5,5.9,4.0,4.0,4.0,5.5,5.5,5.3,4.0,6.4,5.9,4.0,4.0,6.4,6.4,6.1,6.1,4.0,4.0,4.0,4.0,5.2,6.2,7.6,4.0,4.0,4.0,4.0,5.2,4.0,5.6,7.9,6.0,4.0,4.0,4.0,8.3,7.6,4.0,6.6,7.7,5.5,5.6,4.0,4.0,7.4,4.0,6.4,6.9,4.0,6.0,5.8,4.0,6.8,4.0,4.0,4.0,8.9,4.0,6.1,4.0,7.2,6.4,4.0,6.9,6.6,4.0,4.0,4.0,4.0,4.0,7.1,5.6,4.0,4.0,7.9,6.2,4.0,4.0,4.0,7.5,4.0,4.0
422,4.0,4.0,4.0,4.0,5.5,7.9,4.0,4.0,4.0,4.0,7.0,9.1,8.3,6.7,4.0,4.0,5.6,4.0,4.0,4.0,4.0,7.9,6.8,5.7,4.0,4.0,4.0,4.0,6.4,6.2,4.0,4.0,6.1,4.0,6.4,5.9,6.9,7.7,4.0,4.0,4.0,5.5,4.0,4.0,5.5,4.0,4.0,6.6,8.0,6.7,6.4,4.0,7.5,6.7,4.0,6.5,5.4,6.2,4.0,6.5,4.0,7.3,4.0,4.0,4.0,4.0,5.8,4.0,4.0,4.0,6.5,7.6,4.0,4.0,4.0,4.0,4.0,7.2,5.2,4.0,4.0,6.0,4.0,6.0,6.0,4.0,6.0,7.1,5.8,5.6,5.9,4.0,4.0,4.0,4.0,5.6,5.4,5.3,6.0,4.0,4.0,4.0,6.1,6.4,5.6,5.7,5.3,4.0,4.0,4.0,5.3,8.3,7.4,6.4,4.0,4.0,4.0,4.0,4.0,5.7,7.7,4.0,4.0,4.0,5.6,7.4,8.2,4.0,6.6,6.9,5.2,4.0,4.0,4.0,7.0,5.6,4.0,5.8,4.0,5.7,5.6,4.0,5.8,4.0,4.0,4.0,8.3,4.0,4.0,8.4,7.2,6.1,4.0,4.0,5.8,4.0,4.0,4.0,4.0,4.0,6.7,4.0,4.0,4.0,7.0,6.4,4.0,4.0,4.0,6.8,4.0,4.0
423,4.0,4.0,4.0,4.0,5.5,8.0,4.0,4.0,4.0,4.0,7.2,9.1,8.1,6.5,4.0,4.0,6.1,4.0,4.0,4.0,4.0,8.0,7.0,5.6,4.0,4.0,4.0,4.0,6.5,6.1,4.0,4.0,6.5,4.0,6.4,4.0,6.6,7.4,4.0,4.0,4.0,5.3,4.0,4.0,5.5,4.0,4.0,6.4,7.6,6.6,6.6,4.0,7.5,6.7,4.0,6.2,5.1,6.4,4.0,6.1,4.0,7.0,4.0,4.0,4.0,4.0,6.0,4.0,4.0,4.0,6.6,7.8,4.0,4.0,4.0,4.0,4.0,7.2,5.3,4.0,4.0,6.0,4.0,6.1,4.0,4.0,6.4,7.2,5.7,5.5,5.7,4.0,4.0,4.0,4.0,6.0,5.9,5.8,5.9,5.6,4.0,4.0,6.0,6.0,5.7,5.7,4.0,4.0,4.0,4.0,5.5,7.5,7.5,6.4,4.0,4.0,4.0,4.0,4.0,5.5,7.7,4.0,4.0,4.0,5.6,7.3,8.1,4.0,6.3,6.7,5.1,4.0,4.0,4.0,7.1,4.0,4.0,6.0,4.0,5.7,4.0,4.0,4.0,4.0,4.0,4.0,8.2,4.0,4.0,8.4,7.1,6.2,4.0,5.8,4.0,4.0,4.0,4.0,4.0,4.0,6.6,4.0,4.0,4.0,6.3,6.2,4.0,4.0,4.0,6.6,4.0,4.0
431,4.0,4.0,4.0,4.0,5.4,6.7,6.1,4.0,5.7,4.0,6.4,7.3,8.5,6.3,4.0,4.0,5.2,4.0,4.0,4.0,4.0,6.8,6.9,5.9,4.0,4.0,4.0,4.0,6.6,5.8,4.0,4.0,4.0,4.0,6.2,5.8,5.8,6.7,4.0,4.0,4.0,4.0,4.0,4.0,4.0,4.0,4.0,4.0,7.1,5.7,5.5,4.0,8.3,5.6,4.0,4.0,6.4,6.1,4.0,4.0,4.0,6.6,4.0,4.0,4.0,4.0,4.0,5.6,4.0,4.0,4.0,4.0,4.0,4.0,4.0,4.0,4.0,6.5,5.4,4.0,4.0,5.9,4.0,4.0,4.0,4.0,6.6,6.9,5.6,5.4,5.3,4.0,4.0,4.0,4.0,7.7,6.1,6.0,6.9,6.2,5.4,4.0,5.9,6.5,5.9,4.0,4.0,4.0,4.0,4.0,5.4,4.0,6.0,4.0,4.0,4.0,4.0,4.0,4.0,5.8,6.9,5.1,4.0,4.0,5.5,6.8,8.1,4.0,6.4,6.4,4.0,5.8,4.0,4.0,4.0,4.0,4.0,4.0,4.0,5.3,6.3,4.0,4.0,4.0,4.0,4.0,6.4,4.0,5.7,6.7,6.7,6.2,4.0,4.0,6.1,4.0,4.0,4.0,4.0,4.0,4.0,4.0,4.0,4.0,4.0,4.0,4.0,4.0,4.0,6.6,4.0,4.0
432,4.0,4.0,4.0,4.0,6.1,7.8,5.8,4.0,4.0,4.0,7.1,8.8,7.8,6.8,4.0,4.0,4.0,4.0,4.0,6.3,6.2,7.7,7.7,6.4,4.0,4.0,4.0,4.0,6.8,6.3,4.0,4.0,5.4,4.0,5.8,7.0,6.8,4.0,4.0,4.0,4.0,4.0,4.0,4.0,5.4,4.0,4.0,6.1,4.0,5.6,5.3,8.3,7.3,5.6,4.0,4.0,6.3,6.9,4.0,6.6,4.0,6.7,4.0,4.0,4.0,4.0,6.3,5.4,4.0,4.0,5.9,7.3,4.0,4.0,4.0,4.0,4.0,6.0,5.2,4.0,4.0,5.6,4.0,4.0,4.0,4.0,6.6,8.3,4.0,4.0,4.0,4.0,4.0,4.0,6.0,5.9,6.0,4.0,4.0,4.0,4.0,4.0,6.0,5.7,5.7,4.0,4.0,4.0,4.0,4.0,5.5,5.9,5.9,6.3,4.0,4.0,4.0,4.0,4.0,5.8,6.6,5.1,4.0,5.1,4.0,4.0,8.4,4.0,4.0,6.5,4.0,5.7,4.0,4.0,6.3,5.9,4.0,4.0,4.0,5.7,5.4,4.0,4.0,4.0,4.0,4.0,7.4,4.0,4.0,7.1,7.6,5.9,4.0,4.0,4.0,4.0,4.0,4.0,4.0,4.0,4.0,4.0,4.0,4.0,4.0,4.0,4.0,4.0,4.0,7.5,4.0,4.0
433,4.0,4.0,4.0,4.0,5.1,6.7,5.5,4.0,5.6,4.0,6.7,8.7,4.0,6.9,4.0,4.0,4.0,4.0,4.0,4.0,4.0,8.3,7.8,6.2,4.0,4.0,4.0,4.0,6.5,6.6,4.0,4.0,4.0,4.0,6.1,6.6,6.3,4.0,4.0,4.0,4.0,5.1,4.0,4.0,5.1,4.0,4.0,5.9,7.6,5.2,5.5,4.0,8.0,5.1,4.0,4.0,6.6,6.0,4.0,6.4,4.0,7.0,4.0,4.0,4.0,4.0,5.8,5.8,4.0,4.0,4.0,6.1,4.0,6.3,4.0,4.0,4.0,5.7,4.0,4.0,4.0,5.5,4.0,4.0,4.0,4.0,7.1,7.8,4.0,4.0,4.0,4.0,4.0,4.0,4.0,5.4,5.5,5.8,6.6,4.0,4.0,4.0,6.6,6.3,4.0,4.0,4.0,4.0,4.0,4.0,4.0,5.9,5.9,6.4,4.0,4.0,4.0,4.0,4.0,4.0,6.5,5.1,4.0,4.0,4.0,7.0,4.0,4.0,6.8,6.4,4.0,6.3,4.0,4.0,5.6,6.2,4.0,4.0,4.0,4.0,5.2,4.0,4.0,4.0,4.0,4.0,7.2,4.0,4.0,7.3,7.3,5.9,4.0,4.0,4.0,4.0,4.0,4.0,4.0,4.0,4.0,4.0,4.0,4.0,4.0,6.1,4.0,4.0,4.0,7.0,4.0,4.0
436,4.0,4.0,4.0,4.0,5.2,8.0,4.0,4.0,4.0,4.0,6.2,8.9,8.4,6.3,4.0,4.0,4.0,4.0,4.0,4.0,4.0,8.3,7.1,5.7,4.0,4.0,4.0,4.0,7.0,6.6,4.0,4.0,4.0,4.0,6.7,5.6,5.6,6.4,4.0,4.0,4.0,4.0,5.8,4.0,4.0,4.0,4.0,6.1,4.0,6.0,4.0,8.4,7.2,5.7,4.0,4.0,4.0,6.5,4.0,4.0,4.0,6.8,4.0,4.0,4.0,4.0,4.0,4.0,4.0,4.0,4.0,6.2,4.0,4.0,4.0,4.0,4.0,6.2,4.0,4.0,4.0,5.4,4.0,4.0,4.0,4.0,6.5,7.0,4.0,4.0,4.0,4.0,4.0,4.0,4.0,5.8,6.0,4.0,6.8,4.0,4.0,4.0,6.5,5.3,5.4,4.0,4.0,4.0,4.0,4.0,5.2,4.0,4.0,4.0,4.0,4.0,4.0,4.0,4.0,4.0,6.6,4.0,4.0,4.0,4.0,6.4,4.0,5.1,6.5,6.4,4.0,4.0,4.0,4.0,4.0,4.0,4.0,4.0,4.0,5.5,5.3,4.0,4.0,4.0,4.0,4.0,7.0,4.0,6.0,7.1,6.8,5.4,4.0,4.0,5.8,4.0,4.0,4.0,4.0,4.0,4.0,4.0,4.0,4.0,5.9,4.0,4.0,4.0,4.0,7.4,4.0,4.0
438,4.0,4.0,4.0,4.0,4.0,7.5,4.0,4.0,5.9,4.0,5.8,9.0,4.0,8.3,4.0,4.0,4.0,4.0,4.0,4.0,4.0,4.0,4.0,6.8,4.0,4.0,4.0,4.0,5.8,6.6,4.0,4.0,4.0,4.0,6.3,6.8,6.8,8.3,4.0,4.0,4.0,4.0,4.0,4.0,4.0,4.0,4.0,4.0,8.0,5.8,4.0,7.8,7.1,5.5,4.0,5.9,6.7,4.0,4.0,7.8,4.0,6.8,4.0,4.0,4.0,4.0,4.0,4.0,6.0,4.0,4.0,8.3,4.0,6.3,4.0,4.0,4.0,6.2,5.2,4.0,4.0,4.0,4.0,6.2,4.0,4.0,6.8,4.0,4.0,5.5,5.6,4.0,4.0,4.0,4.0,4.0,4.0,4.0,6.6,4.0,5.2,4.0,5.9,6.0,5.2,4.0,4.0,4.0,4.0,4.0,4.0,4.0,6.0,7.7,6.0,4.0,4.0,5.2,4.0,6.5,6.3,4.0,4.0,4.0,4.0,7.8,8.2,4.0,6.3,6.2,5.1,5.7,4.0,4.0,7.1,4.0,4.0,4.0,4.0,4.0,6.0,4.0,5.8,4.0,4.0,7.1,7.6,4.0,6.2,4.0,8.9,4.0,4.0,4.0,6.4,4.0,4.0,4.0,4.0,4.0,4.0,4.0,4.0,4.0,4.0,7.5,4.0,4.0,4.0,7.6,4.0,4.0
450,4.0,6.7,5.9,4.0,4.0,8.2,4.0,4.0,4.0,4.0,6.8,8.2,4.0,6.6,4.0,4.0,4.0,4.0,6.2,4.0,4.0,4.0,8.4,4.0,6.3,7.5,5.9,5.6,6.9,7.0,4.0,4.0,4.0,6.5,5.9,7.1,7.2,7.8,4.0,8.6,8.9,4.0,4.0,4.0,4.0,4.0,4.0,5.7,8.5,6.4,4.0,4.0,8.2,4.0,4.0,4.0,4.0,7.8,4.0,4.0,4.0,7.2,4.0,4.0,4.0,4.0,7.3,5.5,4.0,4.0,6.2,8.5,4.0,4.0,4.0,4.0,4.0,5.4,4.0,4.0,4.0,4.0,4.0,4.0,4.0,4.0,7.0,8.0,4.0,4.0,4.0,4.0,4.0,5.1,4.0,4.0,4.0,4.0,4.0,4.0,4.0,4.0,6.8,5.1,4.0,4.0,4.0,4.0,4.0,4.0,4.0,4.0,7.2,7.2,4.0,4.0,4.0,4.0,4.0,4.0,6.5,4.0,4.0,4.0,4.0,7.2,4.0,5.1,7.4,7.0,4.0,4.0,4.0,4.0,5.9,4.0,4.0,4.0,4.0,5.3,4.0,4.0,4.0,4.0,4.0,4.0,8.2,4.0,4.0,8.2,8.0,4.0,4.0,4.0,4.0,4.0,4.0,4.0,4.0,4.0,4.0,4.0,4.0,4.0,5.9,6.6,4.0,4.0,4.0,8.5,6.9,6.7
452,4.0,4.0,4.0,4.0,4.0,7.9,4.0,4.0,4.0,4.0,7.5,9.3,4.0,8.2,4.0,5.1,6.7,5.8,4.0,6.2,6.8,8.1,9.0,4.0,4.0,4.0,4.0,4.0,7.5,7.5,4.0,4.0,5.7,4.0,6.5,8.0,7.7,4.0,5.5,4.0,4.0,4.0,4.0,4.0,4.0,4.0,4.0,7.1,8.4,6.9,6.1,4.0,7.6,6.2,4.0,4.0,4.0,7.2,4.0,7.4,4.0,7.5,5.2,4.0,5.1,4.0,6.8,4.0,5.9,4.0,7.3,8.0,4.0,4.0,4.0,4.0,4.0,6.5,4.0,4.0,4.0,6.0,4.0,7.0,8.5,4.0,7.1,8.5,5.3,5.3,4.0,4.0,4.0,4.0,5.9,4.0,4.0,4.0,6.9,5.3,4.0,4.0,7.0,6.8,6.5,6.3,4.0,4.0,5.2,5.1,5.3,4.0,7.4,7.7,4.0,4.0,4.0,4.0,4.0,4.0,8.0,4.0,5.3,5.3,4.0,8.6,4.0,4.0,7.2,7.1,4.0,4.0,4.0,5.4,7.0,5.5,5.3,6.7,5.0,5.9,5.7,4.0,4.0,4.0,4.0,7.3,8.7,4.0,4.0,8.2,8.2,6.4,4.0,7.2,6.1,4.0,4.0,4.0,4.0,4.0,4.0,4.0,4.0,4.0,6.6,7.9,4.0,4.0,5.1,8.6,4.0,4.0
456,4.0,4.0,4.0,4.0,6.0,6.8,5.7,6.0,5.3,4.0,7.6,7.9,7.8,6.7,4.0,4.0,5.7,4.0,4.0,4.0,4.0,7.7,6.8,5.9,4.0,4.0,4.0,4.0,6.3,5.0,4.0,4.0,5.8,4.0,6.4,6.4,6.7,7.9,4.0,4.0,4.0,4.0,4.0,4.0,4.0,4.0,4.0,4.0,8.4,6.4,6.2,8.2,7.6,6.6,4.0,6.3,6.0,4.0,4.0,4.0,4.0,6.5,4.0,4.0,4.0,4.0,4.0,6.2,4.0,4.0,6.7,4.0,4.0,4.0,4.0,4.0,4.0,7.1,5.1,4.0,4.0,4.0,4.0,4.0,4.0,4.0,5.4,6.9,5.7,5.7,6.3,4.0,4.0,4.0,4.0,8.4,5.6,4.0,6.7,6.1,5.1,4.0,5.2,6.8,6.1,5.9,4.0,4.0,4.0,4.0,4.0,4.0,7.1,6.0,4.0,4.0,4.0,5.2,4.0,6.2,8.0,4.0,4.0,4.0,4.0,7.6,8.2,4.0,6.8,6.3,5.6,5.6,4.0,4.0,7.1,4.0,4.0,4.0,4.0,4.0,6.2,4.0,4.0,4.0,4.0,4.0,7.7,4.0,6.4,7.3,7.2,6.0,4.0,4.0,4.0,4.0,4.0,4.0,4.0,4.0,4.0,4.0,4.0,4.0,4.0,4.0,4.0,4.0,4.0,6.7,4.0,4.0
457,4.0,4.0,4.0,4.0,5.8,8.2,5.6,4.0,4.0,4.0,6.8,8.8,8.2,4.0,4.0,4.0,4.0,4.0,4.0,4.0,4.0,8.0,6.2,4.0,4.0,4.0,4.0,4.0,5.9,5.6,4.0,4.0,5.8,4.0,5.3,4.0,6.0,7.1,4.0,4.0,4.0,5.3,4.0,4.0,5.1,4.0,4.0,4.0,7.3,6.6,5.9,7.9,6.5,5.9,4.0,4.0,6.0,5.7,4.0,4.0,4.0,6.0,4.0,4.0,4.0,4.0,4.0,5.8,4.0,4.0,6.0,6.6,4.0,4.0,4.0,4.0,4.0,6.8,4.0,4.0,4.0,4.0,4.0,4.0,4.0,4.0,5.4,6.4,4.0,5.4,5.4,4.0,4.0,4.0,4.0,5.5,5.7,4.0,4.0,4.0,5.6,4.0,5.3,5.9,4.0,4.0,4.0,4.0,4.0,4.0,4.0,6.6,6.8,4.0,4.0,4.0,4.0,4.0,4.0,4.0,6.9,4.0,4.0,4.0,4.0,6.6,7.0,4.0,4.0,6.0,5.5,5.6,4.0,4.0,6.1,4.0,4.0,4.0,4.0,5.2,4.0,4.0,4.0,4.0,4.0,4.0,7.8,4.0,4.0,4.0,6.3,5.5,4.0,4.0,4.0,4.0,4.0,4.0,4.0,4.0,6.8,4.0,4.0,4.0,4.0,4.0,4.0,4.0,4.0,6.4,4.0,4.0
458,4.0,4.0,4.0,4.0,5.8,6.9,4.0,4.0,5.5,4.0,7.8,9.6,4.0,6.3,4.0,4.0,6.5,4.0,4.0,4.0,4.0,4.0,7.3,6.1,4.0,4.0,4.0,4.0,6.3,6.0,4.0,4.0,4.0,4.0,6.3,6.3,6.7,4.0,5.4,4.0,4.0,4.0,6.4,4.0,5.6,4.0,6.5,4.0,8.6,6.9,6.9,4.0,7.4,6.8,4.0,4.0,6.2,4.0,4.0,4.0,4.0,7.9,4.0,5.2,5.4,4.0,4.0,7.4,4.0,4.0,6.6,7.1,4.0,4.0,4.0,4.0,4.0,6.8,4.0,4.0,4.0,6.0,4.0,6.9,4.0,4.0,6.7,7.3,5.5,6.1,6.3,4.0,4.0,5.1,6.2,5.8,5.3,5.6,6.9,5.3,4.0,4.0,4.0,7.1,5.8,5.6,4.0,4.0,5.1,4.0,4.0,7.1,7.9,4.0,4.0,4.0,4.0,6.5,4.0,4.0,8.4,4.0,4.0,5.6,4.0,7.3,4.0,4.0,6.1,7.3,4.0,5.4,4.0,4.0,6.5,4.0,4.0,4.0,4.0,6.0,6.1,6.0,4.0,4.0,4.0,4.0,7.7,4.0,4.0,7.7,7.4,6.7,4.0,4.0,4.0,4.0,4.0,4.0,4.0,4.0,4.0,4.0,4.0,8.3,4.0,4.0,4.0,4.0,5.3,6.5,4.0,4.0
463,4.0,4.0,4.0,4.0,5.9,8.3,5.2,6.1,4.0,4.0,7.6,9.4,8.6,6.3,4.0,4.0,5.5,4.0,4.0,6.5,6.2,8.1,6.8,5.6,4.0,4.0,4.0,4.0,6.3,6.1,4.0,4.0,5.9,4.0,6.0,6.7,7.1,4.0,4.0,4.0,4.0,5.4,4.0,4.0,5.8,4.0,5.9,6.1,4.0,6.4,6.2,8.6,7.2,6.4,4.0,4.0,5.3,6.3,4.0,6.0,4.0,6.8,4.0,4.0,4.0,4.0,6.2,4.0,4.0,4.0,6.6,7.1,4.0,4.0,4.0,4.0,4.0,7.1,5.4,4.0,4.0,6.0,4.0,6.8,4.0,4.0,5.9,7.1,5.8,5.8,5.8,4.0,4.0,5.6,5.9,5.6,5.5,4.0,6.0,4.0,4.0,4.0,6.0,6.2,5.4,6.0,5.8,5.3,5.2,4.0,5.8,7.3,7.7,6.4,4.0,4.0,4.0,4.0,4.0,4.0,7.8,5.3,4.0,5.5,4.0,4.0,8.2,5.1,4.0,6.4,5.4,4.0,4.0,4.0,6.7,4.0,4.0,5.5,4.0,5.4,5.8,4.0,4.0,4.0,4.0,4.0,8.5,4.0,4.0,8.3,7.1,6.0,4.0,4.0,4.0,4.0,4.0,4.0,4.0,4.0,4.0,4.0,6.3,4.0,4.0,4.0,4.0,4.0,4.0,6.6,4.0,4.0
465,4.0,4.0,4.0,4.0,5.7,7.5,4.0,4.0,4.0,4.0,6.7,8.4,7.7,4.0,4.0,4.0,5.8,4.0,4.0,6.1,4.0,7.5,6.2,5.5,4.0,4.0,4.0,4.0,6.0,5.6,4.0,4.0,5.7,4.0,6.2,6.5,6.2,4.0,4.0,4.0,4.0,5.6,4.0,4.0,5.6,4.0,4.0,5.9,4.0,6.3,6.3,7.8,6.8,6.3,4.0,4.0,5.1,6.2,4.0,5.9,4.0,6.6,4.0,4.0,4.0,4.0,5.5,4.0,4.0,4.0,6.5,7.0,4.0,4.0,4.0,4.0,4.0,7.0,5.4,4.0,4.0,6.0,4.0,6.4,4.0,4.0,5.2,6.4,5.6,5.3,5.5,4.0,4.0,6.1,6.1,5.6,5.3,4.0,5.6,4.0,4.0,4.0,5.2,5.8,5.9,4.0,4.0,4.0,5.5,4.0,5.1,7.1,7.4,5.9,4.0,4.0,4.0,4.0,4.0,5.3,7.1,4.0,4.0,4.0,4.0,4.0,6.8,4.0,4.0,6.2,5.4,4.0,4.0,4.0,6.5,5.5,4.0,5.1,4.0,5.4,5.8,4.0,4.0,4.0,4.0,4.0,7.8,4.0,4.0,7.9,6.5,6.3,4.0,4.0,4.0,4.0,4.0,4.0,4.0,4.0,4.0,4.0,6.2,4.0,4.0,4.0,4.0,4.0,4.0,6.3,4.0,4.0
467,4.0,4.0,4.0,4.0,6.4,8.1,5.2,6.1,4.0,4.0,7.2,9.0,8.5,6.4,4.0,4.0,5.9,4.0,4.0,4.0,4.0,8.0,6.5,5.8,4.0,4.0,4.0,4.0,6.5,6.3,4.0,4.0,5.9,4.0,6.3,6.7,6.8,4.0,4.0,4.0,4.0,5.5,4.0,4.0,5.5,4.0,4.0,5.9,4.0,6.8,6.6,8.5,7.3,6.9,4.0,4.0,5.3,6.4,4.0,6.3,4.0,7.0,4.0,4.0,4.0,4.0,5.6,4.0,4.0,4.0,6.3,7.4,4.0,4.0,4.0,4.0,4.0,7.6,5.5,4.0,4.0,6.3,4.0,6.9,4.0,4.0,5.4,6.8,5.9,5.8,5.8,4.0,4.0,4.0,5.8,5.7,5.2,4.0,6.1,5.1,4.0,4.0,5.9,6.1,5.7,5.9,5.5,5.3,5.6,4.0,5.5,7.4,8.1,6.4,4.0,4.0,4.0,4.0,4.0,5.7,7.9,5.1,4.0,5.2,4.0,4.0,7.7,4.0,4.0,6.7,5.6,4.0,4.0,4.0,6.8,4.0,4.0,5.7,4.0,4.0,5.8,4.0,4.0,4.0,4.0,4.0,8.1,4.0,4.0,8.5,6.7,6.4,4.0,4.0,4.0,4.0,4.0,4.0,4.0,4.0,4.0,4.0,6.4,4.0,4.0,4.0,4.0,4.0,4.0,6.5,4.0,4.0
468,4.0,4.0,4.0,4.0,5.5,8.0,4.0,4.0,4.0,4.0,7.5,9.1,8.2,6.8,4.0,4.0,5.7,4.0,4.0,4.0,4.0,8.1,6.9,6.2,4.0,4.0,4.0,4.0,6.9,6.3,4.0,4.0,6.2,4.0,6.5,7.3,7.5,4.0,4.0,4.0,4.0,4.0,4.0,4.0,5.1,4.0,4.0,6.5,4.0,6.9,6.6,8.6,7.3,6.4,4.0,4.0,4.0,6.5,4.0,4.0,4.0,8.1,4.0,4.0,4.0,4.0,6.3,5.7,4.0,4.0,7.0,7.7,4.0,4.0,4.0,4.0,4.0,7.3,5.0,4.0,4.0,6.0,4.0,6.1,4.0,4.0,6.3,7.6,4.0,4.0,4.0,4.0,4.0,4.0,4.0,4.0,5.1,4.0,4.0,4.0,4.0,4.0,5.8,6.6,6.1,5.8,4.0,4.0,4.0,4.0,4.0,6.9,7.7,6.4,4.0,4.0,4.0,4.0,4.0,5.5,7.5,4.0,4.0,4.0,4.0,4.0,8.1,4.0,4.0,7.0,4.0,4.0,4.0,4.0,7.0,4.0,4.0,6.2,4.0,5.7,6.1,4.0,4.0,4.0,4.0,4.0,8.9,4.0,4.0,8.3,7.2,6.1,4.0,6.0,4.0,4.0,4.0,4.0,4.0,4.0,4.0,4.0,4.0,4.0,4.0,4.0,4.0,4.0,4.0,7.1,4.0,4.0
471,4.0,4.0,4.0,4.0,5.4,8.1,4.0,4.0,4.0,4.0,7.2,9.0,8.2,4.0,4.0,4.0,4.0,4.0,4.0,6.3,5.9,8.5,7.2,6.1,4.0,4.0,4.0,4.0,6.3,6.0,4.0,4.0,5.8,4.0,6.4,6.9,6.9,4.0,4.0,4.0,4.0,4.0,4.0,4.0,4.0,4.0,4.0,6.3,4.0,6.3,4.0,4.0,7.5,6.0,4.0,4.0,5.2,7.0,4.0,7.0,4.0,7.2,4.0,4.0,4.0,4.0,6.3,4.0,4.0,4.0,7.0,8.5,4.0,4.0,4.0,4.0,4.0,6.8,5.2,4.0,4.0,5.6,4.0,6.2,4.0,4.0,6.0,7.3,4.0,5.2,5.3,4.0,4.0,4.0,4.0,5.3,5.3,4.0,4.0,4.0,4.0,4.0,6.0,6.0,5.8,4.0,4.0,4.0,5.4,4.0,4.0,6.7,7.2,6.2,4.0,4.0,4.0,4.0,4.0,5.3,7.1,4.0,4.0,4.0,4.0,4.0,7.8,4.0,4.0,6.8,4.0,5.3,4.0,4.0,6.9,4.0,4.0,5.5,4.0,5.5,5.3,4.0,4.0,4.0,4.0,4.0,8.5,4.0,4.0,8.3,7.2,6.2,4.0,4.0,4.0,4.0,4.0,4.0,4.0,4.0,4.0,4.0,4.0,4.0,4.0,4.0,4.0,4.0,4.0,7.4,4.0,4.0
474,4.0,4.0,4.0,4.0,5.7,8.5,5.3,4.0,4.0,4.0,8.5,9.5,8.8,4.0,4.0,4.0,4.0,4.0,4.0,7.4,6.5,4.0,8.2,6.0,4.0,4.0,4.0,4.0,7.0,6.6,4.0,4.0,5.4,4.0,6.4,7.7,8.2,4.0,4.0,4.0,4.0,4.0,4.0,4.0,5.2,4.0,4.0,6.1,4.0,6.1,4.0,4.0,8.2,7.0,4.0,4.0,5.9,7.4,6.3,7.3,4.0,7.1,4.0,4.0,4.0,4.0,6.4,5.2,5.8,5.9,8.4,8.5,4.0,4.0,4.0,4.0,4.0,6.1,5.3,4.0,4.0,6.1,4.0,5.8,4.0,4.0,7.2,8.3,4.0,4.0,4.0,4.0,4.0,4.0,5.4,6.2,5.4,4.0,6.5,4.0,4.0,4.0,6.5,6.4,5.7,6.1,4.0,4.0,4.0,4.0,4.0,6.7,7.2,7.6,4.0,4.0,4.0,4.0,4.0,4.0,7.9,5.6,4.0,5.2,4.0,4.0,4.0,4.0,4.0,7.8,4.0,5.5,4.0,4.0,7.7,4.0,4.0,5.8,4.0,5.8,6.7,4.0,4.0,4.0,4.0,4.0,4.0,4.0,4.0,4.0,8.4,6.0,4.0,4.0,4.0,4.0,5.6,4.0,4.0,4.0,4.0,4.0,4.0,4.0,4.0,4.0,4.0,4.0,4.0,8.7,4.0,4.0
478,4.0,4.0,4.0,4.0,5.6,8.8,4.0,4.0,4.0,4.0,8.1,9.7,8.9,8.2,4.0,4.0,4.0,4.0,4.0,7.2,6.9,8.5,9.0,6.9,4.0,4.0,4.0,4.0,7.5,7.0,4.0,4.0,6.2,4.0,7.2,8.1,7.9,4.0,4.0,4.0,4.0,5.5,4.0,4.0,5.2,4.0,4.0,7.4,4.0,6.9,4.0,4.0,8.2,7.0,4.0,4.0,4.0,8.1,4.0,7.6,4.0,7.9,4.0,4.0,5.4,4.0,7.2,6.5,6.1,4.0,7.8,9.0,4.0,4.0,6.4,4.0,4.0,7.6,4.0,4.0,4.0,6.3,4.0,6.2,4.0,4.0,7.7,8.8,4.0,4.0,4.0,4.0,4.0,4.0,4.0,5.8,5.3,4.0,6.1,4.0,4.0,4.0,7.6,7.0,4.0,4.0,4.0,4.0,5.4,4.0,5.5,6.6,8.0,7.6,4.0,4.0,4.0,4.0,4.0,6.0,7.9,5.4,4.0,4.0,4.0,4.0,4.0,5.2,4.0,7.7,4.0,4.0,4.0,4.0,7.7,4.0,4.0,4.0,4.0,4.0,7.0,4.0,4.0,4.0,4.0,4.0,4.0,4.0,4.0,4.0,8.6,6.8,4.0,6.6,4.0,4.0,4.0,4.0,4.0,4.0,4.0,6.6,6.9,4.0,4.0,4.0,4.0,4.0,4.0,8.8,4.0,4.0
479,4.0,5.8,4.0,4.0,4.0,8.7,4.0,4.0,4.0,4.0,5.8,7.2,8.9,8.0,4.0,4.0,4.0,4.0,6.0,4.0,4.0,8.3,8.8,6.9,6.5,6.6,5.9,4.0,4.0,6.2,4.0,4.0,5.7,6.7,7.2,7.6,7.3,4.0,4.0,7.3,4.0,4.0,4.0,4.0,4.0,4.0,4.0,6.0,7.5,5.7,4.0,4.0,8.4,6.2,4.0,5.8,4.0,8.1,4.0,7.8,4.0,7.8,4.0,4.0,4.0,4.0,6.9,6.3,6.5,5.9,7.1,4.0,4.0,4.0,4.0,4.0,4.0,6.4,5.7,4.0,4.0,4.0,4.0,4.0,4.0,4.0,7.6,8.5,4.0,4.0,4.0,4.0,4.0,4.0,6.3,4.0,4.0,4.0,5.6,4.0,4.0,4.0,4.0,4.0,4.0,6.5,4.0,4.0,5.5,4.0,6.0,4.0,7.0,7.5,4.0,4.0,4.0,4.0,4.0,4.0,4.0,4.0,4.0,5.4,4.0,4.0,8.8,4.0,6.0,4.0,4.0,5.9,4.0,4.0,6.6,6.0,4.0,4.0,4.0,4.0,4.0,4.0,4.0,4.0,4.0,4.0,4.0,4.0,4.0,4.0,8.2,7.4,4.0,4.0,5.9,4.0,4.0,4.0,4.0,4.0,4.0,6.2,4.0,4.0,5.7,4.0,4.0,4.0,4.0,8.7,6.0,6.7
480,4.0,4.0,4.0,4.0,4.0,8.5,4.0,4.0,4.0,4.0,7.3,9.4,4.0,7.7,4.0,4.0,4.0,4.0,4.0,4.0,4.0,8.4,4.0,5.8,4.0,4.0,4.0,4.0,7.2,6.7,4.0,4.0,4.0,4.0,6.9,7.0,6.8,8.5,5.4,4.0,4.0,4.0,4.0,4.0,4.0,4.0,4.0,6.5,4.0,6.3,5.9,4.0,8.2,6.1,4.0,6.4,4.0,7.7,4.0,4.0,4.0,7.2,4.0,4.0,4.0,4.0,6.9,5.2,4.0,4.0,6.5,8.3,4.0,4.0,4.0,4.0,4.0,6.8,4.0,4.0,4.0,5.9,4.0,4.0,5.8,4.0,7.0,7.9,4.0,4.0,4.0,4.0,4.0,4.0,4.0,4.0,4.0,4.0,4.0,4.0,4.0,4.0,6.6,5.7,4.0,4.0,4.0,5.7,4.0,4.0,5.3,4.0,6.5,7.5,4.0,4.0,4.0,4.0,4.0,4.0,6.4,5.2,4.0,4.0,4.0,7.6,4.0,4.0,7.6,7.2,4.0,4.0,4.0,4.0,7.1,6.2,4.0,4.0,4.0,4.0,4.0,4.0,4.0,4.0,4.0,6.5,7.7,4.0,6.6,4.0,8.1,6.2,4.0,5.8,6.9,4.0,4.0,4.0,4.0,4.0,4.0,4.0,4.0,4.0,4.0,7.6,4.0,4.0,4.0,8.9,4.0,4.0
493,4.0,4.0,4.0,4.0,4.0,7.6,4.0,4.0,4.0,4.0,6.2,8.4,6.4,6.1,4.0,4.0,4.0,4.0,4.0,4.0,4.0,7.7,6.0,5.1,4.0,5.6,4.0,4.0,6.0,5.9,4.0,4.0,5.9,4.0,5.9,4.0,6.1,7.3,4.0,6.6,4.0,4.0,4.0,4.0,4.0,4.0,4.0,6.0,7.0,6.4,4.0,8.0,6.7,6.8,4.0,6.0,4.0,6.0,4.0,6.1,4.0,6.6,4.0,4.0,4.0,4.0,5.5,4.0,4.0,4.0,6.0,6.6,4.0,4.0,4.0,4.0,4.0,6.7,4.0,4.0,4.0,5.9,4.0,4.0,4.0,4.0,4.0,4.0,5.4,5.6,5.8,4.0,4.0,4.0,4.0,5.5,5.5,5.2,4.0,4.0,4.0,4.0,5.9,5.6,5.5,4.0,4.0,4.0,4.0,4.0,4.0,7.5,7.3,4.0,4.0,4.0,4.0,4.0,4.0,4.0,7.4,5.3,4.0,4.0,4.0,7.5,7.3,4.0,4.0,6.8,5.3,4.0,4.0,4.0,6.5,4.0,4.0,5.4,4.0,5.4,5.1,4.0,4.0,4.0,4.0,4.0,8.4,4.0,4.0,7.0,6.6,6.0,4.0,4.0,4.0,4.0,4.0,4.0,4.0,4.0,6.9,4.0,4.0,4.0,4.0,6.1,4.0,4.0,4.0,6.3,4.0,4.0
501,4.0,4.0,4.0,4.0,4.0,7.8,4.0,5.9,4.0,4.0,7.5,9.4,7.3,7.6,4.0,4.0,4.0,6.3,4.0,6.8,6.4,8.3,8.0,4.0,4.0,7.2,4.0,4.0,7.4,6.5,4.0,4.0,5.9,4.0,6.9,7.8,8.0,5.9,5.9,7.9,4.0,5.5,4.0,4.0,4.0,4.0,4.0,6.6,8.3,6.9,4.0,4.0,7.9,6.8,4.0,4.0,4.0,6.9,4.0,7.5,4.0,7.4,4.0,4.0,4.0,4.0,6.7,4.0,4.0,4.0,7.6,7.6,4.0,4.0,6.1,4.0,4.0,7.7,5.7,4.0,4.0,6.3,4.0,7.2,4.0,4.0,6.4,7.0,6.7,5.9,6.0,5.1,4.0,4.0,6.3,5.9,5.4,4.0,6.8,5.4,5.1,4.0,7.0,6.9,5.6,6.1,5.8,5.3,4.0,4.0,6.2,6.3,7.6,7.7,4.0,4.0,4.0,4.0,4.0,4.0,8.4,5.3,4.0,5.5,5.7,8.3,4.0,4.0,6.1,7.5,5.5,5.1,4.0,4.0,7.7,5.9,4.0,5.5,4.0,4.0,6.2,4.0,6.6,4.0,4.0,7.6,4.0,4.0,4.0,8.4,8.2,6.3,4.0,6.4,6.1,4.0,4.0,4.0,4.0,4.0,4.0,4.0,4.0,4.0,6.2,4.0,4.0,4.0,4.0,8.6,4.0,4.0
504,4.0,4.0,4.0,4.0,5.7,8.5,4.0,4.0,4.0,4.0,7.5,9.3,4.0,7.6,4.0,4.0,4.0,4.0,4.0,4.0,4.0,8.3,8.5,5.8,4.0,4.0,4.0,4.0,6.9,7.0,4.0,4.0,5.8,4.0,7.2,7.1,7.0,8.4,5.8,4.0,4.0,4.0,4.0,4.0,5.6,4.0,4.0,6.8,4.0,6.5,6.1,4.0,8.7,6.2,4.0,6.3,5.2,7.9,4.0,4.0,4.0,7.4,4.0,4.0,4.0,4.0,6.9,5.6,4.0,4.0,6.7,7.4,4.0,4.0,4.0,4.0,4.0,6.9,5.6,4.0,4.0,6.2,4.0,5.9,6.2,4.0,7.5,7.9,5.8,5.3,4.0,5.0,4.0,4.0,5.8,5.9,5.5,4.0,5.5,4.0,4.0,4.0,6.5,6.0,5.6,6.0,5.3,5.6,4.0,4.0,6.1,4.0,6.7,7.3,5.7,4.0,4.0,4.0,4.0,4.0,6.5,5.6,4.0,5.7,5.4,7.6,4.0,4.0,7.7,7.1,5.1,5.4,4.0,4.0,7.0,6.3,4.0,5.2,4.0,5.2,5.3,4.0,4.0,4.0,4.0,6.6,7.7,4.0,6.3,4.0,8.0,6.4,4.0,6.3,7.1,4.0,4.0,4.0,4.0,4.0,4.0,4.0,4.0,4.0,4.0,7.7,4.0,4.0,4.0,9.1,4.0,4.0
509,6.3,7.0,6.0,5.5,5.5,7.4,6.2,5.8,6.1,6.2,6.8,7.2,7.3,6.1,5.6,5.9,6.2,6.0,6.4,5.8,5.8,8.4,6.5,4.0,6.2,6.7,6.3,6.3,6.5,6.1,6.0,5.7,5.5,6.1,6.4,6.2,6.6,6.5,6.2,7.7,8.1,5.9,5.7,6.7,6.3,6.0,6.4,6.2,7.5,6.7,6.5,7.3,4.0,4.0,4.0,4.0,5.8,6.5,4.0,4.0,4.0,4.0,4.0,4.0,4.0,4.0,4.0,4.0,4.0,4.0,4.0,6.3,4.0,4.0,4.0,5.9,4.0,6.4,5.7,4.0,4.0,4.0,4.0,4.0,4.0,4.0,4.0,4.0,4.0,4.0,4.0,4.0,4.0,4.0,4.0,4.0,4.0,4.0,4.0,4.0,4.0,4.0,4.0,4.0,4.0,4.0,4.0,4.0,4.0,4.0,4.0,4.0,4.0,4.0,4.0,4.0,4.0,4.0,4.0,4.0,4.0,4.0,4.0,4.0,4.0,4.0,4.0,4.0,4.0,4.0,4.0,4.0,4.0,4.0,4.0,4.0,4.0,4.0,4.0,4.0,4.0,4.0,4.0,4.0,4.0,4.0,4.0,4.0,4.0,4.0,4.0,4.0,4.0,4.0,4.0,4.0,4.0,4.0,4.0,4.0,4.0,4.0,4.0,4.0,6.2,6.9,6.2,5.8,5.9,6.9,6.5,5.5
511,5.4,7.3,4.0,4.0,4.0,7.5,4.0,4.0,4.0,4.0,8.1,8.9,7.9,7.6,4.0,4.0,4.0,7.0,7.6,4.0,4.0,4.0,8.4,4.0,7.2,7.7,6.6,6.5,7.1,7.0,4.0,4.0,4.0,7.5,7.3,6.8,6.5,8.7,4.0,8.5,9.0,4.0,4.0,4.0,4.0,4.0,4.0,7.2,8.8,6.9,6.7,4.0,8.4,6.6,4.0,7.2,4.0,7.9,4.0,8.4,4.0,4.0,4.0,4.0,4.0,4.0,7.6,5.6,4.0,4.0,7.8,7.9,4.0,6.5,4.0,4.0,4.0,7.3,4.0,4.0,4.0,5.9,4.0,4.0,7.0,4.0,7.3,8.2,4.0,4.0,4.0,4.0,4.0,4.0,4.0,4.0,4.0,4.0,4.0,4.0,4.0,4.0,6.6,6.9,4.0,6.1,4.0,4.0,4.0,4.0,6.0,4.0,7.6,7.4,4.0,4.0,4.0,4.0,4.0,4.0,7.6,4.0,4.0,4.0,4.0,8.2,4.0,4.0,7.9,7.4,4.0,6.0,4.0,4.0,7.7,5.9,4.0,4.0,4.0,4.0,5.6,4.0,6.5,4.0,4.0,6.9,4.0,4.0,7.3,4.0,8.6,6.4,4.0,6.8,7.3,4.0,4.0,4.0,4.0,4.0,4.0,4.0,5.9,4.0,7.2,7.7,4.0,4.0,4.0,4.0,7.5,6.6
518,4.0,4.0,4.0,4.0,5.3,6.3,5.7,4.0,4.0,4.0,4.0,7.4,8.8,4.0,4.0,4.0,5.3,4.0,4.0,4.0,4.0,7.6,7.0,5.5,4.0,4.0,4.0,4.0,6.4,6.4,4.0,4.0,4.0,4.0,5.9,5.6,4.0,6.8,4.0,4.0,4.0,4.0,6.0,4.0,4.0,4.0,5.8,4.0,7.6,6.0,5.4,8.0,4.0,4.0,4.0,4.0,5.5,4.0,5.7,4.0,4.0,6.4,4.0,4.0,5.1,4.0,4.0,5.9,4.0,4.0,4.0,4.0,5.9,4.0,4.0,4.0,4.0,5.8,4.0,4.0,4.0,4.0,4.0,4.0,4.0,4.0,6.1,7.5,4.0,4.0,4.0,4.0,4.0,5.1,4.0,7.7,6.1,5.7,7.3,5.7,5.6,4.0,5.9,6.5,5.7,4.0,4.0,4.0,4.0,4.0,5.1,4.0,5.9,4.0,4.0,4.0,4.0,5.3,4.0,5.7,7.3,4.0,4.0,4.0,4.0,6.5,8.0,4.0,6.0,6.3,4.0,5.6,4.0,4.0,4.0,4.0,4.0,5.6,4.0,5.1,6.0,4.0,4.0,4.0,4.0,4.0,5.9,4.0,4.0,6.2,7.1,4.0,4.0,4.0,4.0,4.0,4.0,4.0,4.0,4.0,4.0,4.0,4.0,4.0,4.0,4.0,4.0,4.0,4.0,4.0,4.0,4.0
519,4.0,4.0,4.0,4.0,5.2,7.7,4.0,4.0,4.0,4.0,4.0,8.0,7.5,4.0,4.0,4.0,5.8,4.0,4.0,4.0,4.0,7.2,4.0,4.0,4.0,4.0,4.0,4.0,5.4,5.4,4.0,4.0,4.0,4.0,4.0,4.0,6.8,7.5,4.0,4.0,4.0,5.2,5.5,4.0,5.6,4.0,6.1,5.8,6.9,6.0,6.7,7.5,6.8,5.5,4.0,4.0,6.5,4.0,5.5,4.0,5.5,5.7,5.2,4.0,5.3,4.0,4.0,6.3,4.0,4.0,4.0,4.0,4.0,4.0,4.0,4.0,4.0,7.5,4.0,4.0,4.0,5.6,4.0,4.0,4.0,4.0,4.0,6.1,4.0,4.0,4.0,5.2,4.0,5.4,4.0,5.5,5.2,5.2,4.0,6.2,4.0,4.0,4.0,6.5,4.0,4.0,5.8,4.0,4.0,4.0,4.0,4.0,7.3,4.0,5.7,5.9,4.0,4.0,4.0,4.0,6.5,5.8,5.3,4.0,4.0,5.8,5.5,5.8,4.0,7.5,4.0,4.0,4.0,5.4,6.8,4.0,4.0,4.0,4.0,5.7,5.3,4.0,4.0,4.0,4.0,4.0,8.5,4.0,4.0,6.2,6.2,5.5,4.0,4.0,4.0,6.1,4.0,4.0,4.0,4.0,7.0,4.0,4.0,4.0,6.8,4.0,4.0,4.0,4.0,4.0,4.0,4.0
524,4.0,4.0,4.0,4.0,5.7,8.4,4.0,4.0,5.3,4.0,6.1,9.2,8.5,4.0,4.0,4.0,5.4,4.0,4.0,4.0,4.0,8.3,5.9,5.4,4.0,4.0,4.0,4.0,5.6,5.8,4.0,4.0,5.8,4.0,4.0,4.0,6.0,7.3,4.0,4.0,4.0,4.0,4.0,5.6,5.1,4.0,4.0,5.8,7.0,6.7,5.5,7.2,6.6,6.0,4.0,4.0,7.1,6.0,5.7,4.0,4.0,6.3,4.0,4.0,4.0,4.0,5.6,6.0,4.0,4.0,4.0,6.7,4.0,4.0,4.0,4.0,4.0,6.7,6.0,4.0,4.0,5.5,4.0,4.0,5.7,4.0,6.1,4.0,4.0,5.4,5.3,4.0,4.0,4.0,4.0,4.0,5.4,4.0,4.0,5.2,6.1,4.0,5.1,5.7,4.0,4.0,4.0,5.3,4.0,4.0,4.0,6.5,6.3,4.0,4.0,4.0,4.0,4.0,4.0,5.4,7.0,5.4,4.0,4.0,4.0,7.5,5.8,4.0,5.9,5.7,5.4,5.3,4.0,4.0,4.0,4.0,4.0,4.0,4.0,5.3,5.2,4.0,4.0,6.1,4.0,4.0,6.6,4.0,5.9,7.4,4.0,5.4,4.0,4.0,4.0,4.0,4.0,4.0,4.0,4.0,7.0,4.0,4.0,4.0,5.8,4.0,4.0,4.0,5.3,4.0,4.0,4.0
525,4.0,4.0,4.0,4.0,5.4,7.8,4.0,4.0,4.0,4.0,5.8,8.5,7.4,4.0,4.0,4.0,4.0,4.0,4.0,4.0,4.0,7.7,4.0,5.4,4.0,4.0,4.0,4.0,5.5,5.8,4.0,4.0,6.1,4.0,4.0,4.0,5.8,7.3,4.0,4.0,4.0,4.0,5.4,4.0,5.5,4.0,6.1,6.2,7.0,5.4,5.5,7.2,6.4,6.3,4.0,4.0,5.2,4.0,6.0,4.0,5.2,5.9,4.0,4.0,4.0,4.0,4.0,4.0,4.0,4.0,4.0,6.6,4.0,4.0,4.0,4.0,4.0,6.1,5.3,4.0,4.0,5.4,4.0,4.0,4.0,4.0,5.8,5.9,4.0,4.0,4.0,5.1,4.0,4.0,5.4,5.6,5.5,4.0,4.0,6.0,4.0,4.0,5.3,5.5,4.0,4.0,5.5,4.0,4.0,4.0,4.0,6.6,6.1,4.0,4.0,4.0,4.0,4.0,4.0,4.0,7.5,5.5,5.2,4.0,4.0,7.3,6.9,4.0,4.0,5.5,4.0,4.0,5.3,4.0,5.9,4.0,4.0,5.3,4.0,5.7,4.0,5.9,4.0,4.0,4.0,4.0,7.3,5.8,5.9,6.7,6.0,5.5,4.0,4.0,4.0,5.8,4.0,4.0,4.0,4.0,6.7,4.0,4.0,4.0,7.3,4.0,4.0,4.0,4.0,4.0,4.0,4.0
526,4.0,4.0,4.0,4.0,6.1,7.1,4.0,4.0,4.0,4.0,5.9,8.0,7.3,6.5,4.0,4.0,4.0,4.0,4.0,6.6,5.9,6.9,6.5,4.0,4.0,4.0,4.0,4.0,6.2,5.9,4.0,4.0,4.0,4.0,4.0,6.0,6.4,8.3,4.0,4.0,4.0,5.2,4.0,4.0,4.0,4.0,4.0,7.6,7.8,5.6,6.2,6.5,6.9,5.9,4.0,4.0,5.7,5.9,4.0,4.0,4.0,6.3,4.0,4.0,4.0,4.0,5.3,6.4,4.0,4.0,4.0,6.9,4.0,4.0,4.0,4.0,4.0,6.0,4.0,4.0,4.0,5.6,4.0,4.0,6.2,4.0,4.0,6.9,4.0,4.0,4.0,4.0,4.0,4.0,4.0,4.0,4.0,4.0,4.0,4.0,4.0,4.0,5.8,6.3,4.0,4.0,4.0,4.0,4.0,4.0,4.0,6.5,6.8,4.0,4.0,4.0,4.0,4.0,4.0,4.0,7.8,4.0,4.0,4.0,4.0,7.7,7.5,4.0,6.8,6.2,4.0,4.0,4.0,4.0,6.4,4.0,4.0,4.0,4.0,5.5,4.0,4.0,6.2,4.0,4.0,4.0,7.8,4.0,6.0,6.5,6.8,6.1,4.0,6.7,5.9,4.0,4.0,4.0,4.0,4.0,6.8,4.0,4.0,4.0,7.8,6.2,4.0,4.0,4.0,4.0,4.0,4.0
531,4.0,4.0,4.0,4.0,5.7,7.6,5.8,4.0,6.4,4.0,5.7,8.7,8.6,4.0,4.0,4.0,4.0,4.0,4.0,4.0,4.0,8.3,4.0,5.7,4.0,4.0,4.0,4.0,5.8,6.0,4.0,5.8,5.8,4.0,5.5,4.0,4.0,7.0,4.0,4.0,4.0,4.0,4.0,4.0,5.2,4.0,4.0,4.0,6.4,6.1,5.5,6.5,6.0,6.2,4.0,4.0,5.9,6.3,4.0,4.0,4.0,5.7,4.0,4.0,4.0,4.0,4.0,4.0,4.0,4.0,4.0,7.5,4.0,4.0,4.0,4.0,4.0,6.5,4.0,4.0,4.0,4.0,4.0,4.0,4.0,4.0,5.2,6.1,4.0,4.0,4.0,4.0,4.0,4.0,4.0,6.1,6.4,6.1,4.0,5.4,5.6,4.0,5.3,5.8,4.0,4.0,4.0,4.0,4.0,4.0,4.0,5.8,6.4,4.0,4.0,4.0,4.0,4.0,4.0,5.5,7.0,4.0,4.0,4.0,4.0,7.1,6.9,4.0,4.0,5.5,4.0,6.2,4.0,4.0,6.1,4.0,4.0,5.3,4.0,5.1,5.6,4.0,5.8,4.0,4.0,4.0,7.9,4.0,4.0,8.4,6.2,4.0,4.0,4.0,4.0,4.0,4.0,4.0,4.0,4.0,6.6,4.0,4.0,4.0,5.9,4.0,4.0,4.0,4.0,4.0,4.0,4.0
532,4.0,9.0,4.0,4.0,4.0,8.1,4.0,4.0,4.0,4.0,4.0,6.2,7.6,4.0,4.0,4.0,4.0,4.0,4.0,4.0,4.0,8.1,4.0,4.0,4.0,6.0,4.0,5.6,5.7,4.0,5.8,4.0,5.8,5.6,4.0,4.0,6.2,6.3,4.0,7.3,8.4,4.0,4.0,4.0,4.0,4.0,4.0,5.3,6.0,5.6,4.0,7.1,4.0,5.3,4.0,4.0,7.1,5.9,4.0,4.0,4.0,6.2,4.0,4.0,4.0,4.0,6.1,5.8,4.0,4.0,5.8,4.0,4.0,4.0,4.0,4.0,4.0,5.6,4.0,4.0,4.0,4.0,4.0,5.7,4.0,4.0,4.0,6.5,5.2,5.4,5.4,4.0,4.0,4.0,4.0,5.3,5.4,4.0,5.5,5.5,5.6,4.0,5.4,6.1,4.0,4.0,4.0,4.0,4.0,4.0,4.0,6.2,6.7,5.3,4.0,4.0,4.0,4.0,5.3,5.5,7.4,5.4,4.0,4.0,4.0,7.7,6.5,5.4,6.3,6.0,5.4,5.4,4.0,4.0,5.6,4.0,4.0,5.6,4.0,5.1,5.1,4.0,4.0,5.8,4.0,5.8,6.9,4.0,6.0,8.0,6.6,5.3,4.0,4.0,4.0,4.0,4.0,4.0,4.0,4.0,7.3,4.0,4.0,4.0,5.4,4.0,4.0,4.0,4.0,4.0,4.0,4.0
533,4.0,4.0,4.0,4.0,5.7,8.3,5.4,4.0,4.0,4.0,7.4,9.0,9.0,7.3,4.0,4.0,5.3,4.0,4.0,4.0,4.0,8.3,8.6,5.6,4.0,4.0,4.0,4.0,7.0,6.7,4.0,4.0,6.1,4.0,7.0,6.9,6.7,8.1,5.7,4.0,4.0,4.0,4.0,4.0,5.2,4.0,4.0,6.7,4.0,6.8,6.2,4.0,8.5,5.9,4.0,6.2,5.2,7.4,4.0,4.0,4.0,7.3,4.0,4.0,4.0,4.0,6.7,4.0,4.0,4.0,7.2,7.4,4.0,4.0,4.0,4.0,4.0,7.1,5.5,4.0,4.0,6.3,4.0,4.0,5.9,4.0,6.9,7.6,5.8,5.3,5.2,4.0,4.0,4.0,6.3,6.2,6.1,5.3,4.0,4.0,5.0,4.0,6.3,5.9,5.8,5.8,4.0,4.0,4.0,4.0,5.8,4.0,6.9,7.0,5.7,4.0,4.0,4.0,4.0,4.0,6.3,5.6,4.0,5.6,5.4,7.2,4.0,4.0,7.2,7.5,4.0,5.8,4.0,4.0,6.7,6.3,4.0,5.3,4.0,5.1,4.0,4.0,4.0,4.0,4.0,6.7,7.8,4.0,6.7,8.3,7.7,6.5,4.0,6.3,7.2,4.0,4.0,4.0,4.0,4.0,4.0,4.0,4.0,4.0,6.0,7.4,4.0,4.0,4.0,4.0,4.0,4.0
544,4.0,4.0,4.0,4.0,6.0,4.0,4.0,4.0,6.5,4.0,5.6,8.2,8.7,4.0,4.0,4.0,5.5,4.0,4.0,4.0,4.0,7.2,6.5,6.2,4.0,4.0,4.0,4.0,5.7,5.6,4.0,4.0,4.0,4.0,4.0,5.9,6.7,4.0,4.0,4.0,4.0,5.4,6.4,4.0,5.6,4.0,4.0,6.2,7.3,6.1,6.6,7.5,7.1,5.4,4.0,4.0,6.9,4.0,4.0,4.0,4.0,6.6,5.3,4.0,4.0,4.0,4.0,5.7,4.0,4.0,4.0,4.0,6.3,4.0,4.0,4.0,4.0,7.1,4.0,4.0,4.0,5.5,4.0,6.1,5.7,4.0,4.0,6.9,4.0,4.0,4.0,4.0,4.0,4.0,5.9,5.6,5.3,4.0,4.0,4.0,4.0,4.0,4.0,7.1,4.0,4.0,4.0,4.0,5.1,4.0,4.0,4.0,7.4,4.0,4.0,4.0,4.0,4.0,4.0,4.0,7.1,5.5,4.0,4.0,4.0,6.7,6.3,5.5,4.0,7.2,4.0,4.0,4.0,5.2,7.5,4.0,4.0,4.0,4.0,5.5,5.5,4.0,4.0,4.0,4.0,4.0,7.8,4.0,4.0,6.8,6.9,5.3,4.0,4.0,5.8,4.0,4.0,4.0,4.0,4.0,4.0,4.0,4.0,7.7,4.0,4.0,4.0,4.0,4.0,4.0,4.0,4.0
545,4.0,4.0,4.0,4.0,6.4,4.0,4.0,4.0,7.0,4.0,5.3,7.2,8.1,4.0,4.0,4.0,5.7,4.0,4.0,4.0,4.0,6.3,7.0,5.8,4.0,4.0,4.0,4.0,7.1,5.9,4.0,4.0,4.0,4.0,5.3,4.0,5.7,4.0,4.0,4.0,4.0,5.2,5.9,4.0,5.2,4.0,6.1,4.0,7.0,5.0,5.6,7.7,7.4,5.4,4.0,4.0,7.3,4.0,4.0,4.0,4.0,6.2,5.1,4.0,4.0,4.0,5.3,6.0,6.3,4.0,4.0,4.0,4.0,4.0,4.0,4.0,4.0,6.5,4.0,4.0,4.0,5.4,4.0,6.4,4.0,4.0,5.4,7.2,4.0,4.0,4.0,4.0,4.0,4.0,4.0,5.7,5.5,5.3,4.0,4.0,4.0,4.0,4.0,6.8,4.0,4.0,4.0,4.0,4.0,5.7,4.0,4.0,5.4,4.0,4.0,4.0,4.0,5.1,4.0,4.0,6.3,5.4,4.0,4.0,4.0,4.0,6.7,4.0,4.0,6.5,4.0,5.4,4.0,5.2,4.0,5.8,4.0,4.0,4.0,5.3,5.6,4.0,4.0,4.0,4.0,4.0,6.6,4.0,4.0,5.9,6.3,5.6,4.0,4.0,4.0,4.0,4.0,4.0,4.0,4.0,4.0,4.0,4.0,6.9,4.0,4.0,4.0,4.0,4.0,4.0,4.0,4.0
555,4.0,4.0,4.0,4.0,4.0,8.4,4.0,4.0,4.0,4.0,8.2,9.4,4.0,7.8,4.0,4.0,4.0,4.0,4.0,4.0,4.0,8.1,4.0,5.9,4.0,4.0,4.0,4.0,6.9,6.9,4.0,4.0,5.9,4.0,6.9,7.3,7.4,9.0,4.0,4.0,4.0,4.0,4.0,4.0,4.0,4.0,4.0,7.1,4.0,6.7,6.7,4.0,8.2,6.7,4.0,7.0,4.0,7.4,4.0,4.0,4.0,7.2,4.0,4.0,4.0,4.0,7.1,5.9,4.0,4.0,7.4,8.0,4.0,4.0,4.0,4.0,4.0,7.1,4.0,4.0,4.0,5.8,4.0,4.0,5.9,4.0,7.2,7.9,4.0,4.0,4.0,4.0,4.0,4.0,4.0,5.5,4.0,4.0,4.0,4.0,4.0,4.0,6.4,6.6,4.0,5.9,4.0,4.0,4.0,4.0,5.8,6.1,7.5,7.6,4.0,4.0,4.0,4.0,4.0,4.0,7.3,4.0,4.0,4.0,4.0,8.4,4.0,4.0,7.6,7.2,4.0,4.0,4.0,4.0,7.8,5.9,4.0,4.0,4.0,4.0,4.0,4.0,4.0,4.0,4.0,6.2,8.9,4.0,6.8,4.0,8.3,6.3,4.0,6.4,7.3,4.0,4.0,4.0,4.0,4.0,4.0,4.0,4.0,4.0,4.0,7.5,4.0,4.0,4.0,4.0,4.0,4.0
561,4.0,4.0,4.0,4.0,5.9,4.0,4.0,4.0,5.5,4.0,6.1,8.0,8.5,4.0,4.0,4.0,5.7,4.0,4.0,4.0,4.0,7.9,6.6,5.0,4.0,4.0,4.0,4.0,6.4,5.9,4.0,4.0,4.0,4.0,6.0,5.9,6.7,4.0,4.0,4.0,4.0,4.0,4.0,4.0,4.0,4.0,4.0,5.9,8.0,5.6,5.9,6.7,6.4,6.1,4.0,4.0,6.6,4.0,4.0,4.0,4.0,4.0,5.2,4.0,4.0,4.0,4.0,7.2,4.0,4.0,4.0,4.0,4.0,4.0,4.0,4.0,4.0,6.2,4.0,4.0,4.0,5.4,4.0,6.3,6.7,4.0,5.3,6.5,4.0,4.0,4.0,4.0,4.0,4.0,5.9,5.7,5.6,5.5,6.5,5.3,4.0,4.0,5.4,6.2,4.0,4.0,4.0,4.0,4.0,4.0,4.0,4.0,6.9,4.0,4.0,4.0,4.0,5.1,4.0,5.3,7.9,5.1,5.1,5.4,4.0,8.1,6.9,5.2,4.0,6.4,4.0,5.1,5.1,4.0,7.4,4.0,4.0,4.0,4.0,5.8,5.5,4.0,4.0,4.0,4.0,4.0,7.5,4.0,4.0,7.1,7.0,5.7,4.0,4.0,6.3,4.0,4.0,4.0,4.0,4.0,4.0,4.0,4.0,7.7,4.0,4.0,4.0,4.0,4.0,4.0,4.0,4.0
566,4.0,4.0,4.0,4.0,6.2,6.0,5.3,4.0,4.0,4.0,6.6,8.3,8.7,4.0,4.0,4.0,4.0,4.0,4.0,4.0,4.0,8.1,6.3,4.0,4.0,4.0,4.0,4.0,6.2,5.5,4.0,4.0,4.0,4.0,5.4,4.0,5.7,4.0,4.0,4.0,4.0,5.2,4.0,4.0,4.0,4.0,4.0,4.0,7.3,6.3,5.8,7.9,6.7,5.8,4.0,4.0,6.1,4.0,4.0,4.0,4.0,5.9,4.0,4.0,4.0,4.0,4.0,5.2,4.0,4.0,4.0,6.1,4.0,4.0,4.0,4.0,4.0,6.9,4.0,4.0,4.0,4.0,4.0,4.0,4.0,4.0,5.7,6.1,4.0,5.3,5.2,4.0,4.0,4.0,4.0,5.3,5.6,4.0,5.7,5.5,4.0,4.0,5.4,5.9,5.2,4.0,4.0,4.0,5.1,4.0,4.0,6.0,6.7,4.0,4.0,4.0,4.0,4.0,4.0,4.0,6.9,4.0,4.0,4.0,4.0,7.4,7.3,4.0,4.0,5.8,5.3,5.6,4.0,4.0,6.4,4.0,4.0,4.0,4.0,5.2,5.2,4.0,4.0,4.0,4.0,4.0,7.3,4.0,4.0,7.2,6.3,5.4,4.0,4.0,4.0,4.0,4.0,4.0,4.0,4.0,4.0,4.0,4.0,7.4,4.0,4.0,4.0,4.0,4.0,4.0,4.0,4.0
568,4.0,4.0,4.0,4.0,6.0,4.0,4.0,4.0,6.1,4.0,6.0,8.2,8.7,4.0,4.0,4.0,6.0,4.0,4.0,4.0,4.0,7.5,6.9,5.2,4.0,4.0,4.0,4.0,6.3,5.5,4.0,4.0,4.0,4.0,4.0,6.3,7.3,4.0,4.0,4.0,4.0,4.0,6.0,4.0,5.6,4.0,4.0,6.7,7.7,6.5,7.1,7.3,6.3,5.7,4.0,5.8,6.7,4.0,5.4,4.0,4.0,4.0,5.2,4.0,4.0,4.0,4.0,5.5,4.0,4.0,4.0,4.0,4.0,4.0,4.0,4.0,4.0,6.8,4.0,4.0,4.0,5.7,4.0,6.0,4.0,4.0,4.0,7.0,4.0,4.0,4.0,5.2,4.0,5.1,4.0,5.6,5.3,5.2,4.0,5.3,4.0,4.0,4.0,6.9,5.3,4.0,5.5,4.0,4.0,4.0,4.0,4.0,7.8,4.0,4.0,4.0,4.0,4.0,4.0,5.3,7.4,5.2,5.1,5.1,4.0,7.6,6.1,5.4,6.0,8.1,4.0,4.0,4.0,5.3,7.7,4.0,4.0,4.0,4.0,5.7,5.6,4.0,4.0,4.0,4.0,4.0,8.5,4.0,4.0,6.9,6.9,6.0,4.0,4.0,6.5,4.0,4.0,4.0,4.0,4.0,4.0,4.0,4.0,8.3,4.0,4.0,4.0,4.0,4.0,4.0,4.0,4.0
569,4.0,4.0,4.0,4.0,6.5,6.1,5.3,4.0,4.0,4.0,7.0,8.8,8.9,4.0,4.0,4.0,4.0,4.0,4.0,4.0,4.0,8.4,6.4,4.0,4.0,4.0,4.0,4.0,6.3,5.7,4.0,4.0,4.0,4.0,5.3,5.9,6.3,4.0,4.0,4.0,4.0,4.0,4.0,4.0,5.3,4.0,4.0,4.0,8.0,6.4,6.0,7.9,6.9,6.1,4.0,5.8,6.7,4.0,4.0,4.0,4.0,6.3,4.0,4.0,4.0,4.0,5.3,6.2,4.0,4.0,4.0,6.4,4.0,4.0,4.0,4.0,4.0,7.0,4.0,4.0,4.0,4.0,4.0,4.0,4.0,4.0,5.7,6.1,4.0,5.4,5.5,4.0,4.0,4.0,4.0,5.3,5.8,4.0,4.0,5.7,4.0,4.0,5.2,6.2,5.2,4.0,4.0,4.0,5.1,4.0,4.0,6.3,7.3,4.0,4.0,4.0,4.0,4.0,4.0,4.0,7.4,4.0,4.0,4.0,4.0,7.3,7.4,4.0,5.9,6.1,5.5,5.6,4.0,4.0,6.8,4.0,4.0,4.0,4.0,5.6,5.6,4.0,4.0,4.0,4.0,4.0,7.9,4.0,4.0,7.4,6.5,5.4,4.0,4.0,4.0,4.0,4.0,4.0,4.0,4.0,4.0,4.0,4.0,7.6,4.0,4.0,4.0,4.0,4.0,4.0,4.0,4.0
575,4.0,4.0,4.0,4.0,6.5,6.5,5.9,4.0,6.6,4.0,6.6,9.1,4.0,6.3,4.0,4.0,5.7,4.0,4.0,7.1,5.9,4.0,7.2,4.0,4.0,4.0,4.0,4.0,7.2,6.1,4.0,4.0,4.0,4.0,6.0,6.9,7.6,4.0,4.0,4.0,4.0,4.0,4.0,4.0,4.0,4.0,4.0,7.0,9.2,6.4,6.9,7.1,4.0,6.7,4.0,6.6,7.0,5.7,4.0,6.5,4.0,4.0,4.0,4.0,4.0,4.0,5.6,5.6,6.5,4.0,4.0,7.4,4.0,6.1,4.0,4.0,4.0,6.5,4.0,4.0,4.0,4.0,4.0,6.2,4.0,4.0,4.0,7.1,4.0,4.0,4.0,4.0,4.0,4.0,4.0,6.6,6.8,6.2,6.4,6.0,4.0,4.0,6.2,6.5,4.0,4.0,4.0,4.0,4.0,4.0,4.0,4.0,7.9,6.1,4.0,4.0,4.0,4.0,4.0,6.9,4.0,4.0,4.0,4.0,4.0,8.6,8.3,4.0,6.6,6.7,5.4,6.8,4.0,4.0,7.8,4.0,4.0,4.0,4.0,6.4,6.1,4.0,6.4,4.0,4.0,4.0,4.0,4.0,4.0,8.0,7.2,5.8,4.0,5.9,6.3,4.0,4.0,4.0,4.0,4.0,4.0,4.0,4.0,8.6,4.0,4.0,4.0,4.0,4.0,4.0,4.0,4.0
635,6.6,4.0,4.0,7.0,6.5,6.9,4.0,6.9,4.0,6.1,8.1,8.1,7.2,8.1,4.0,4.0,4.0,6.3,6.3,8.0,7.3,8.1,8.2,7.8,9.2,7.8,7.3,7.1,8.3,7.3,4.0,7.5,6.9,8.4,6.2,4.0,5.9,4.0,6.1,8.0,8.4,4.0,9.0,6.5,7.3,7.2,6.3,4.0,8.9,7.3,4.0,4.0,8.4,7.1,7.1,4.0,7.0,6.4,4.0,7.6,4.0,8.2,5.3,4.0,4.0,4.0,6.9,4.0,7.1,6.9,7.7,6.8,4.0,4.0,8.2,4.0,4.0,7.4,5.8,4.0,4.0,7.9,4.0,7.1,8.6,4.0,7.9,8.1,4.0,6.9,6.8,5.7,6.0,6.3,8.6,6.8,6.6,5.7,6.6,8.0,7.1,4.0,7.4,6.8,6.4,7.1,4.0,7.3,7.0,6.7,7.5,4.0,6.5,8.0,8.1,6.6,7.0,6.0,4.0,4.0,6.4,7.8,4.0,5.5,5.9,6.7,8.0,4.0,7.1,4.0,5.3,5.6,5.4,4.0,4.0,8.1,4.0,4.0,4.0,4.0,7.0,4.0,7.2,5.8,4.0,4.0,7.6,4.0,4.0,8.3,7.9,6.5,5.3,7.1,6.2,4.0,4.0,4.0,4.0,4.0,4.0,4.0,4.0,4.0,8.0,7.6,4.0,5.7,6.5,7.4,7.6,7.4
636,4.0,4.0,4.0,6.0,6.3,6.2,6.6,6.9,6.6,4.0,6.6,7.0,8.0,6.6,4.0,5.9,5.8,4.0,6.5,7.2,6.2,6.7,6.2,4.0,4.0,6.4,4.0,4.0,6.0,6.6,4.0,7.1,7.1,4.0,6.1,4.0,4.0,6.3,5.9,7.0,4.0,4.0,6.3,5.8,7.0,4.0,4.0,4.0,6.9,6.3,5.7,8.6,7.5,5.7,7.2,4.0,7.1,5.7,4.0,6.0,4.0,7.6,4.0,5.1,4.0,4.0,5.9,4.0,6.0,4.0,6.9,6.4,4.0,4.0,7.1,4.0,4.0,7.0,6.6,4.0,4.0,7.3,4.0,4.0,6.9,4.0,6.1,6.3,4.0,6.0,5.9,4.0,6.7,7.0,5.8,5.7,6.3,4.0,7.2,7.1,6.4,4.0,4.0,6.7,6.4,6.3,6.4,5.8,4.0,4.0,6.5,4.0,5.4,6.5,7.3,4.0,4.0,6.4,6.9,4.0,6.7,7.1,4.0,4.0,4.0,6.8,5.7,4.0,6.3,6.3,5.3,7.3,4.0,4.0,6.6,4.0,5.3,4.0,4.0,4.0,5.7,4.0,4.0,4.0,4.0,4.0,4.0,4.0,4.0,4.0,6.6,4.0,4.0,4.0,6.4,4.0,4.0,6.3,4.0,4.0,4.0,4.0,4.0,4.0,4.0,4.0,4.0,5.3,6.7,6.2,6.8,4.0
637,6.7,6.6,6.8,6.4,6.6,7.6,7.2,7.2,6.7,7.0,6.6,7.1,6.5,6.2,4.0,5.8,5.8,6.6,7.2,7.5,6.5,7.6,6.6,8.0,7.7,7.3,6.4,6.1,5.8,6.5,6.2,8.1,7.4,6.2,6.5,5.6,6.3,5.7,6.2,6.6,6.6,4.0,7.0,6.3,7.0,4.0,6.2,6.6,6.9,6.8,6.1,7.6,7.6,6.3,7.0,7.0,8.0,6.7,4.0,4.0,4.0,4.0,4.0,4.0,4.0,4.0,4.0,4.0,4.0,4.0,4.0,4.0,4.0,4.0,4.0,4.0,4.0,4.0,4.0,4.0,4.0,4.0,4.0,4.0,4.0,4.0,4.0,4.0,4.0,4.0,4.0,4.0,4.0,4.0,4.0,4.0,4.0,4.0,4.0,4.0,4.0,4.0,4.0,4.0,4.0,4.0,4.0,4.0,4.0,4.0,4.0,4.0,4.0,4.0,4.0,4.0,4.0,4.0,4.0,4.0,4.0,4.0,4.0,4.0,4.0,4.0,4.0,4.0,4.0,4.0,4.0,4.0,4.0,4.0,4.0,4.0,4.0,4.0,4.0,4.0,4.0,4.0,4.0,4.0,4.0,4.0,4.0,4.0,4.0,4.0,4.0,4.0,4.0,4.0,4.0,4.0,4.0,6.7,4.0,4.0,4.0,4.0,4.0,4.0,6.0,5.8,4.0,5.7,7.6,6.6,6.6,7.4
638,6.5,5.7,7.2,6.9,7.3,7.2,7.1,7.6,7.2,7.8,7.0,7.4,6.5,5.9,4.0,4.0,4.0,6.6,6.6,7.5,6.5,7.8,4.0,6.8,7.3,7.0,6.1,6.0,6.1,4.0,4.0,7.5,7.1,6.1,6.6,4.0,5.8,4.0,6.3,6.6,6.9,4.0,7.3,6.7,7.3,4.0,6.0,7.1,7.1,7.0,6.3,7.5,6.9,6.8,6.8,7.1,8.5,6.3,4.0,4.0,4.0,4.0,4.0,4.0,4.0,4.0,4.0,4.0,4.0,4.0,4.0,7.2,4.0,4.0,4.0,4.0,4.0,4.0,4.0,4.0,4.0,4.0,4.0,4.0,4.0,4.0,4.0,4.0,4.0,4.0,4.0,4.0,4.0,4.0,4.0,4.0,4.0,4.0,4.0,4.0,4.0,4.0,4.0,4.0,4.0,4.0,4.0,5.9,4.0,4.0,4.0,4.0,4.0,4.0,4.0,4.0,4.0,4.0,4.0,4.0,4.0,4.0,4.0,4.0,4.0,4.0,7.7,4.0,4.0,4.0,4.0,4.0,4.0,4.0,4.0,4.0,4.0,4.0,4.0,4.0,4.0,4.0,4.0,4.0,4.0,4.0,4.0,4.0,4.0,4.0,4.0,4.0,4.0,4.0,4.0,4.0,4.0,7.1,4.0,4.0,4.0,4.0,4.0,4.0,6.6,5.6,4.0,4.0,8.1,7.1,6.8,7.4
640,7.1,4.0,6.3,6.2,6.6,7.8,5.4,6.7,6.2,7.0,7.1,7.1,7.5,6.8,4.0,5.4,4.0,7.8,6.2,8.6,7.7,7.9,7.5,6.5,7.8,7.8,6.9,6.8,6.3,6.4,4.0,7.4,6.9,6.4,5.6,6.4,7.0,6.2,6.9,6.7,7.4,6.0,7.0,7.0,7.0,5.7,5.7,7.2,8.3,6.6,6.9,6.8,7.7,7.3,7.0,6.7,7.6,6.7,4.0,4.0,4.0,4.0,4.0,4.0,4.0,4.0,4.0,4.0,4.0,4.0,4.0,4.0,4.0,4.0,4.0,4.0,4.0,4.0,4.0,4.0,4.0,4.0,4.0,4.0,4.0,4.0,4.0,4.0,4.0,4.0,4.0,4.0,4.0,4.0,4.0,4.0,4.0,4.0,4.0,4.0,4.0,4.0,4.0,4.0,4.0,4.0,4.0,4.0,4.0,4.0,4.0,4.0,4.0,4.0,4.0,4.0,4.0,4.0,4.0,4.0,4.0,4.0,4.0,4.0,4.0,4.0,4.0,4.0,4.0,4.0,4.0,4.0,4.0,4.0,4.0,4.0,4.0,4.0,4.0,4.0,4.0,4.0,4.0,4.0,4.0,4.0,4.0,4.0,4.0,4.0,4.0,4.0,4.0,4.0,4.0,4.0,4.0,8.1,4.0,4.0,4.0,4.0,4.0,4.0,7.6,6.4,6.1,4.0,7.0,7.0,7.2,7.0
683,4.0,4.0,4.0,4.0,4.0,4.0,4.0,4.0,4.0,4.0,5.9,4.0,4.0,6.6,4.0,6.6,7.3,8.4,4.0,4.0,6.0,7.7,8.0,4.0,4.0,4.0,4.0,4.0,6.6,7.3,4.0,6.9,7.9,4.0,6.3,5.7,5.5,4.0,4.0,4.0,4.0,4.0,6.2,4.0,6.1,4.0,6.1,4.0,7.7,4.0,4.0,7.7,7.2,6.5,4.0,6.0,4.0,4.0,4.0,6.0,4.0,4.0,4.0,4.0,4.0,4.0,7.4,4.0,7.8,8.4,4.0,6.1,4.0,4.0,4.0,4.0,4.0,4.0,4.0,4.0,4.0,4.0,4.0,6.0,4.0,4.0,5.2,6.9,4.0,4.0,4.0,5.1,4.0,4.0,6.0,4.0,4.0,4.0,4.0,4.0,4.0,4.0,6.4,4.0,4.0,4.0,4.0,4.0,4.0,4.0,5.9,5.8,4.0,6.6,4.0,4.0,6.0,4.0,4.0,4.0,5.7,4.0,4.0,5.2,4.0,7.5,7.9,4.0,4.0,6.5,4.0,6.2,4.0,4.0,7.0,8.3,4.0,4.0,4.0,5.7,6.8,6.2,5.8,4.0,5.9,6.2,4.0,4.0,5.8,7.5,7.9,4.0,4.0,4.0,6.3,4.0,4.0,4.0,4.0,4.0,4.0,4.0,4.0,4.0,6.1,4.0,4.0,4.0,4.0,4.0,4.0,4.0
708,4.0,4.0,4.0,5.1,4.0,7.5,4.0,6.9,4.0,4.0,7.6,8.5,8.3,7.7,4.0,4.0,4.0,7.9,4.0,4.0,4.0,7.8,8.7,4.0,4.0,4.0,4.0,4.0,6.9,7.0,4.0,5.9,6.9,4.0,7.4,5.7,4.0,4.0,6.4,4.0,4.0,4.0,4.0,4.0,7.4,4.0,4.0,4.0,8.2,6.8,5.2,8.2,7.5,7.4,4.0,6.4,4.0,6.1,6.3,4.0,4.0,7.2,4.0,4.0,4.0,4.0,8.6,4.0,8.2,8.0,6.7,7.1,4.0,7.9,5.7,4.0,4.0,6.1,5.2,4.0,4.0,6.1,4.0,4.0,6.9,4.0,6.4,7.7,5.7,5.4,5.5,6.5,4.0,4.0,6.1,4.0,4.0,4.0,6.0,4.0,4.0,4.0,4.0,5.3,4.0,4.0,5.4,5.4,4.0,5.6,6.9,4.0,4.0,8.1,4.0,4.0,4.0,4.0,4.0,4.0,7.6,4.0,4.0,7.8,5.6,4.0,8.4,4.0,4.0,6.1,5.6,6.1,4.0,4.0,7.0,8.6,4.0,4.0,4.0,4.0,6.8,4.0,4.0,4.0,4.0,6.7,4.0,4.0,4.0,4.0,8.7,4.0,4.0,4.0,6.4,4.0,4.0,4.0,4.0,4.0,4.0,4.0,4.0,4.0,4.0,7.0,4.0,4.0,4.0,4.0,4.0,4.0
709,4.0,4.0,4.0,4.0,4.0,6.1,4.0,4.0,4.0,4.0,5.3,4.0,4.0,7.5,4.0,6.4,6.3,7.1,4.0,4.0,6.3,7.3,8.6,4.0,4.0,4.0,4.0,4.0,5.9,7.0,4.0,4.0,7.0,4.0,6.6,5.6,4.0,4.0,4.0,4.0,4.0,4.0,6.0,4.0,5.7,4.0,4.0,4.0,8.0,4.0,4.0,8.4,8.0,7.8,4.0,5.9,4.0,4.0,4.0,4.0,4.0,4.0,4.0,4.0,4.0,4.0,6.5,7.2,8.7,8.4,4.0,4.0,4.0,4.0,4.0,4.0,4.0,4.0,4.0,4.0,4.0,4.0,4.0,5.9,4.0,4.0,6.9,7.2,4.0,4.0,4.0,6.2,4.0,4.0,6.0,4.0,4.0,4.0,4.0,4.0,4.0,5.8,5.6,4.0,4.0,4.0,4.0,4.0,4.0,4.0,6.0,4.0,4.0,7.9,4.0,4.0,5.9,4.0,4.0,4.0,5.7,4.0,4.0,5.3,4.0,7.6,7.9,4.0,4.0,6.9,4.0,5.5,4.0,4.0,4.0,8.0,5.9,4.0,4.0,6.0,7.0,6.1,5.7,5.9,5.8,7.6,4.0,4.0,4.0,7.1,7.8,5.5,4.0,4.0,6.0,4.0,4.0,4.0,4.0,4.0,4.0,4.0,4.0,4.0,4.0,4.0,4.0,4.0,4.0,4.0,4.0,4.0
762,5.5,6.2,6.0,6.5,7.8,7.5,7.5,7.0,7.2,7.7,6.2,6.1,4.0,4.0,5.8,6.1,6.1,6.0,6.3,5.6,6.1,6.7,5.6,7.1,7.2,6.6,8.0,4.0,7.9,6.2,4.0,6.6,5.9,6.7,5.8,5.4,6.5,6.7,6.8,6.2,6.2,5.9,7.0,6.5,6.3,5.7,5.6,5.8,6.3,5.7,6.4,7.3,7.3,5.2,6.1,5.8,8.8,6.1,4.0,4.0,4.0,4.0,4.0,4.0,4.0,4.0,4.0,4.0,4.0,4.0,4.0,4.0,4.0,4.0,4.0,4.0,4.0,4.0,4.0,4.0,4.0,4.0,4.0,4.0,4.0,4.0,4.0,4.0,4.0,4.0,4.0,4.0,4.0,4.0,4.0,4.0,4.0,4.0,4.0,4.0,4.0,4.0,4.0,4.0,4.0,4.0,4.0,4.0,4.0,4.0,4.0,4.0,4.0,4.0,4.0,4.0,4.0,4.0,4.0,4.0,4.0,4.0,4.0,4.0,4.0,4.0,4.0,4.0,4.0,4.0,4.0,4.0,4.0,4.0,4.0,4.0,4.0,4.0,4.0,4.0,4.0,4.0,4.0,4.0,4.0,4.0,4.0,4.0,4.0,4.0,4.0,4.0,4.0,4.0,4.0,4.0,4.0,4.0,4.0,4.0,4.0,4.0,4.0,4.0,6.3,5.5,5.8,5.8,6.5,6.2,6.2,7.4
763,4.7,5.0,5.3,5.6,4.8,4.4,5.1,5.1,5.8,5.5,4.5,5.1,4.1,4.0,4.8,4.4,4.7,4.0,5.1,4.6,4.6,4.2,4.0,5.5,5.4,5.3,4.6,4.0,4.5,4.7,4.7,4.6,4.0,4.5,5.2,4.7,4.0,4.3,4.3,4.8,4.2,4.8,4.9,4.7,5.5,4.5,4.7,4.5,4.6,4.8,4.5,4.7,5.1,4.1,4.5,5.0,5.9,4.9,4.0,4.0,4.0,4.0,4.0,4.0,4.0,4.0,4.0,4.0,4.0,4.0,4.0,4.0,4.0,4.0,4.0,4.0,4.0,4.0,4.0,4.0,4.0,4.0,4.0,4.0,4.0,4.0,4.0,4.0,4.0,4.0,4.0,4.0,4.0,4.0,4.0,4.0,4.0,4.0,4.0,4.0,4.0,4.0,4.0,4.0,4.0,4.0,4.0,4.0,4.0,4.0,4.0,4.0,4.0,4.0,4.0,4.0,4.0,4.0,4.0,4.0,4.0,4.0,4.0,4.0,4.0,4.0,4.0,4.0,4.0,4.0,4.0,4.0,4.0,4.0,4.0,4.0,4.0,4.0,4.0,4.0,4.0,4.0,4.0,4.0,4.0,4.0,4.0,4.0,4.0,4.0,4.0,4.0,4.0,4.0,4.0,4.0,4.0,4.0,4.0,4.0,4.0,4.0,4.0,4.0,4.1,4.5,4.7,4.5,5.5,4.4,4.5,5.1
765,4.0,4.0,4.0,4.0,5.3,4.0,4.0,4.0,4.0,4.0,5.8,7.8,7.4,6.5,4.0,4.0,4.0,4.0,4.0,4.0,4.0,6.9,6.9,5.0,4.0,4.0,4.0,4.0,6.5,5.5,4.0,4.0,4.0,4.0,5.8,5.8,5.9,4.0,4.0,4.0,4.0,4.0,4.0,4.0,5.2,4.0,4.0,6.4,7.1,5.9,5.5,8.5,7.3,5.2,4.0,4.0,5.4,5.7,4.0,6.1,4.0,4.0,4.0,4.0,4.0,4.0,5.5,5.4,4.0,4.0,4.0,4.0,4.0,4.0,4.0,4.0,4.0,6.5,4.0,4.0,4.0,5.7,4.0,4.0,5.7,4.0,6.2,7.0,5.5,4.0,4.0,4.0,4.0,4.0,6.5,4.0,4.0,4.0,6.0,4.0,4.0,4.0,5.7,5.9,5.3,4.0,4.0,4.0,4.0,4.0,4.0,6.0,6.4,5.7,4.0,4.0,4.0,4.0,4.0,5.4,6.8,5.1,4.0,4.0,4.0,6.4,7.8,4.0,6.5,5.9,4.0,4.0,4.0,4.0,4.0,5.6,4.0,4.0,4.0,5.2,4.0,4.0,4.0,4.0,4.0,4.0,7.1,4.0,4.0,6.1,7.1,6.2,4.0,6.1,4.0,4.0,4.0,4.0,4.0,4.0,4.0,4.0,4.0,6.4,4.0,4.0,4.0,4.0,4.0,6.3,4.0,4.0
775,4.0,4.0,4.0,4.0,6.0,4.0,4.0,6.0,5.8,4.0,4.0,4.0,4.0,4.0,4.0,6.8,6.1,4.0,4.0,4.0,4.0,4.0,4.0,5.5,4.0,4.0,4.0,4.0,6.3,6.2,4.0,4.0,4.0,4.0,5.5,5.7,4.0,4.0,4.0,4.0,4.0,6.6,7.0,4.0,5.6,4.0,6.4,4.0,4.0,4.0,6.4,6.4,6.7,6.3,4.0,4.0,6.3,4.0,4.0,4.0,6.3,7.1,7.1,6.8,7.1,6.6,4.0,7.0,4.0,4.0,4.0,4.0,6.3,4.0,4.0,4.0,4.0,5.3,5.2,4.0,4.0,5.4,4.0,4.0,4.0,4.0,4.0,4.0,5.5,6.2,6.1,5.7,6.6,6.5,4.0,5.9,5.7,6.5,6.2,5.8,4.0,4.0,6.1,6.7,6.1,5.7,6.1,5.2,4.0,4.0,6.3,6.9,4.0,4.0,4.0,4.0,4.0,4.0,5.3,6.9,6.1,5.5,5.8,5.8,5.6,4.0,6.4,6.4,4.0,5.8,5.8,4.0,4.0,6.4,4.0,4.0,4.0,4.0,6.6,6.1,6.3,6.4,4.0,4.0,4.0,4.0,6.4,4.0,4.0,5.2,4.0,5.3,4.0,6.0,4.0,4.0,7.1,4.0,4.0,4.0,4.0,4.0,4.0,4.0,4.0,4.0,4.0,4.0,6.5,4.0,4.0,4.0
776,4.0,4.0,4.0,4.0,5.5,4.0,4.0,6.2,4.0,4.0,4.0,4.0,4.0,4.0,4.0,5.8,6.1,4.0,4.0,4.0,4.0,4.0,4.0,4.0,4.0,4.0,4.0,4.0,5.8,5.4,4.0,4.0,4.0,4.0,6.2,4.0,4.0,4.0,4.0,4.0,4.0,6.2,6.6,4.0,4.0,4.0,4.0,4.0,4.0,4.0,5.6,6.3,4.0,5.4,4.0,4.0,6.1,4.0,4.0,4.0,5.3,5.7,6.2,6.3,6.0,5.6,4.0,6.1,4.0,6.0,4.0,4.0,4.0,4.0,4.0,4.0,4.0,4.0,4.0,4.0,4.0,4.0,4.0,6.7,4.0,4.0,4.0,4.0,5.5,5.7,5.5,5.4,4.0,5.9,4.0,4.0,5.3,4.0,4.0,5.6,4.0,4.0,5.9,4.0,4.0,4.0,5.8,5.2,4.0,5.3,5.8,5.8,4.0,4.0,4.0,6.3,4.0,4.0,4.0,4.0,4.0,5.3,5.3,4.0,6.0,4.0,6.2,5.8,4.0,4.0,5.1,4.0,4.0,5.8,4.0,4.0,4.0,4.0,5.7,6.4,5.4,7.1,4.0,4.0,4.0,5.8,6.6,4.0,4.0,4.0,4.0,4.0,4.0,4.0,5.8,4.0,4.0,4.0,4.0,4.0,4.0,4.0,5.9,4.0,4.0,4.0,4.0,4.0,6.0,4.0,4.0,4.0
777,4.0,4.0,4.0,4.0,6.0,4.0,4.0,6.1,5.3,4.0,4.0,4.0,4.0,4.0,4.0,5.8,6.3,4.0,4.0,4.0,4.0,4.0,4.0,4.0,4.0,4.0,4.0,4.0,6.1,5.4,4.0,4.0,4.0,4.0,6.2,4.0,4.0,4.0,5.7,4.0,4.0,6.1,6.4,4.0,5.5,4.0,5.9,4.0,4.0,4.0,6.2,6.5,6.1,5.5,4.0,4.0,5.5,4.0,6.0,4.0,5.8,6.1,6.3,5.9,5.9,5.8,4.0,6.1,4.0,4.0,4.0,4.0,6.3,4.0,4.0,4.0,4.0,4.0,4.0,4.0,4.0,5.3,4.0,4.0,5.7,4.0,5.6,4.0,5.4,5.6,5.5,5.9,5.9,5.6,4.0,4.0,5.7,6.0,4.0,4.0,4.0,4.0,4.0,4.0,5.7,5.8,5.8,4.0,4.0,5.7,5.7,4.0,5.8,4.0,4.0,4.0,4.0,4.0,5.8,7.1,4.0,5.8,5.9,5.7,4.0,4.0,5.9,6.7,4.0,4.0,5.5,4.0,4.0,6.1,4.0,4.0,4.0,4.0,5.8,7.0,5.6,6.6,4.0,4.0,4.0,4.0,6.4,4.0,4.0,4.0,4.0,5.5,4.0,5.8,5.8,4.0,4.0,4.0,4.0,4.0,4.0,4.0,4.0,4.0,4.0,4.0,4.0,4.0,6.1,4.0,4.0,4.0
800,8.0,5.8,6.8,6.6,9.1,6.2,5.7,8.3,9.4,9.0,6.9,9.2,7.6,6.4,7.4,8.9,8.6,6.0,7.7,7.2,7.7,9.2,6.6,6.3,8.2,6.9,6.5,6.5,7.8,8.3,6.2,5.9,5.9,8.8,5.9,7.2,8.3,7.8,7.5,6.9,8.5,6.2,8.5,8.9,7.8,8.4,7.4,5.7,8.3,8.4,8.3,7.4,6.6,6.6,8.1,7.6,9.5,6.5,4.0,4.0,4.0,4.0,4.0,4.0,4.0,4.0,4.0,4.0,4.0,4.0,4.0,4.0,4.0,4.0,4.0,4.0,4.0,4.0,4.0,4.0,4.0,4.0,4.0,4.0,4.0,4.0,4.0,4.0,4.0,4.0,4.0,4.0,4.0,4.0,4.0,4.0,4.0,4.0,4.0,4.0,4.0,4.0,4.0,4.0,4.0,4.0,4.0,4.0,4.0,4.0,4.0,4.0,4.0,4.0,4.0,4.0,4.0,4.0,4.0,4.0,4.0,4.0,4.0,4.0,4.0,4.0,4.0,4.0,4.0,4.0,4.0,4.0,4.0,4.0,4.0,4.0,4.0,4.0,4.0,4.0,4.0,4.0,4.0,4.0,4.0,4.0,4.0,4.0,4.0,4.0,4.0,4.0,4.0,4.0,4.0,4.0,4.0,4.0,4.0,4.0,4.0,4.0,4.0,4.0,6.7,5.4,7.2,7.2,9.2,7.2,5.8,6.1
812,4.0,4.0,4.0,4.0,4.0,4.0,6.2,6.6,4.0,4.0,4.0,4.0,6.0,4.0,4.0,7.5,7.7,4.0,4.0,4.0,4.0,4.0,4.0,4.0,4.0,4.0,4.0,4.0,6.5,8.2,4.0,4.0,4.0,4.0,4.0,4.0,4.0,6.0,7.3,4.0,4.0,8.3,7.4,4.0,7.5,4.0,8.3,4.0,4.0,8.5,8.1,6.4,4.0,5.9,4.0,4.0,4.0,4.0,4.0,4.0,4.0,5.6,7.9,8.5,7.8,8.2,4.0,4.0,4.0,4.0,4.0,4.0,8.0,4.0,4.0,4.0,4.0,4.0,6.5,4.0,4.0,6.2,4.0,6.6,6.0,4.0,6.6,4.0,6.5,7.6,7.3,7.4,7.7,7.4,6.0,6.6,6.6,6.3,7.4,5.8,6.1,6.6,7.2,5.6,6.6,4.0,5.7,7.2,4.0,7.7,6.8,7.3,8.1,4.0,6.2,4.0,6.6,7.0,5.3,7.5,5.8,5.3,5.4,5.6,5.6,4.0,6.1,5.2,4.0,5.7,6.3,6.9,5.1,5.7,4.0,4.0,5.9,5.9,4.0,4.0,4.0,4.0,4.0,8.1,7.6,4.0,6.1,4.0,4.0,5.4,4.0,6.5,5.7,6.1,4.0,4.0,4.0,4.0,4.0,4.0,4.0,4.0,4.0,4.0,4.0,4.0,4.0,4.0,7.7,4.0,4.0,4.0
824,4.0,4.0,4.0,4.0,7.0,4.0,4.0,7.0,7.5,4.0,4.0,4.0,5.8,4.0,4.0,7.8,7.9,4.0,4.0,4.0,6.5,4.0,4.0,6.3,4.0,4.0,4.0,4.0,6.2,6.3,4.0,4.0,5.5,4.0,4.0,4.0,4.0,6.2,4.0,4.0,4.0,5.2,5.9,7.3,5.5,4.0,7.3,4.0,4.0,7.1,5.5,7.1,6.8,4.0,4.0,4.0,8.1,4.0,4.0,4.0,4.0,6.6,5.2,5.9,5.8,6.1,4.0,4.0,4.0,4.0,4.0,4.0,4.0,4.0,4.0,4.0,4.0,7.9,6.2,4.0,4.0,6.4,4.0,6.3,4.0,4.0,4.0,4.0,4.0,6.3,5.9,6.7,8.8,7.3,4.0,6.0,6.0,6.3,5.8,6.1,4.0,7.0,4.0,6.6,4.0,4.0,4.0,6.5,6.6,5.5,5.2,6.3,6.6,4.0,6.4,4.0,4.0,6.5,6.3,4.0,5.8,5.9,5.2,4.0,5.6,5.9,5.7,4.0,4.0,4.0,5.7,5.5,4.0,4.0,4.0,4.0,5.7,6.0,4.0,4.0,4.0,4.0,4.0,6.5,6.2,4.0,4.0,4.0,4.0,4.0,4.0,6.7,4.0,4.0,4.0,4.0,4.0,4.0,4.0,4.0,4.0,4.0,4.0,4.0,4.0,4.0,4.0,4.0,6.4,4.0,4.0,4.0
825,4.0,4.0,4.0,4.0,6.5,4.0,4.0,7.5,7.4,4.0,5.7,4.0,6.0,4.0,4.0,7.5,7.7,4.0,4.0,7.9,6.5,5.4,4.0,6.8,4.0,4.0,4.0,4.0,6.1,6.3,4.0,5.9,5.5,4.0,5.1,4.0,4.0,4.0,5.8,4.0,4.0,5.3,7.0,7.0,6.0,4.0,8.3,4.0,4.0,6.6,5.6,7.3,7.3,4.0,4.0,4.0,7.9,4.0,4.0,4.0,4.0,7.4,4.0,6.2,5.6,6.5,4.0,5.6,4.0,4.0,5.8,4.0,4.0,4.0,7.0,4.0,4.0,7.1,7.2,4.0,4.0,6.2,4.0,6.4,4.0,4.0,4.0,4.0,4.0,5.9,4.0,6.6,8.1,7.6,6.5,4.0,6.9,4.0,5.8,5.6,5.5,4.0,6.0,6.8,5.7,6.6,5.4,6.6,6.3,6.1,6.2,7.7,7.2,4.0,7.2,4.0,6.7,7.5,6.6,6.0,6.5,6.1,5.8,4.0,5.8,5.8,6.0,5.6,4.0,4.0,6.1,5.7,5.3,6.0,4.0,4.0,5.4,5.7,4.0,4.0,4.0,4.0,4.0,8.0,6.7,4.0,4.0,4.0,4.0,5.5,4.0,6.5,5.1,4.0,4.0,4.0,4.0,4.0,4.0,4.0,4.0,4.0,4.0,4.0,4.0,4.0,4.0,4.0,6.2,4.0,4.0,4.0
826,4.0,4.0,6.3,4.0,6.6,5.6,4.0,6.8,7.4,4.0,4.0,4.0,5.8,4.0,4.0,8.0,7.9,4.0,4.0,6.4,6.5,4.0,4.0,4.0,4.0,4.0,4.0,4.0,5.9,6.1,4.0,4.0,4.0,4.0,4.0,6.0,4.0,4.0,4.0,4.0,4.0,4.0,4.0,7.3,5.4,4.0,7.3,4.0,4.0,7.1,4.0,7.0,4.0,4.0,4.0,4.0,8.2,4.0,4.0,4.0,4.0,6.5,4.0,5.3,5.2,5.7,4.0,4.0,4.0,4.0,4.0,4.0,4.0,4.0,4.0,4.0,4.0,7.8,5.6,4.0,4.0,6.1,4.0,6.0,4.0,4.0,4.0,4.0,4.0,5.7,5.8,7.3,8.8,6.9,4.0,5.7,5.9,5.9,4.0,5.4,4.0,7.3,6.6,6.4,4.0,4.0,5.4,6.2,6.1,5.3,5.0,4.0,6.4,4.0,6.5,4.0,4.0,6.3,6.4,6.2,4.0,5.7,4.0,4.0,4.0,5.8,5.2,5.4,4.0,4.0,5.7,4.0,4.0,4.0,4.0,4.0,6.0,6.0,4.0,4.0,4.0,4.0,4.0,6.5,5.8,4.0,4.0,4.0,4.0,4.0,4.0,4.0,4.0,4.0,4.0,4.0,4.0,4.0,4.0,4.0,4.0,4.0,4.0,4.0,4.0,4.0,4.0,4.0,6.3,4.0,4.0,4.0
836,4.0,4.0,4.0,4.0,4.0,4.0,5.9,6.7,4.0,4.0,4.0,4.0,6.2,4.0,4.0,6.5,7.2,4.0,4.0,5.9,4.0,4.0,4.0,6.0,4.0,4.0,4.0,4.0,7.2,8.2,4.0,4.0,4.0,4.0,4.0,4.0,4.0,4.0,5.6,4.0,4.0,7.0,6.7,7.7,6.8,4.0,7.7,4.0,4.0,7.7,6.0,6.3,5.3,6.0,4.0,4.0,4.0,4.0,4.0,4.0,4.0,4.0,7.2,7.4,6.3,7.1,4.0,4.0,4.0,4.0,4.0,4.0,7.1,4.0,4.0,4.0,4.0,7.5,6.1,4.0,4.0,5.7,4.0,6.2,4.0,4.0,6.2,4.0,6.9,8.0,7.6,7.1,7.9,7.1,5.9,6.4,6.5,6.3,6.6,6.0,6.0,6.4,7.3,5.9,5.8,4.0,6.0,7.0,8.1,6.6,6.5,7.0,7.2,4.0,5.5,4.0,6.2,6.8,6.5,6.6,5.9,5.9,5.9,5.1,5.4,4.0,6.1,5.9,6.0,5.8,6.5,6.6,4.0,6.2,4.0,4.0,5.5,5.3,4.0,5.3,4.0,4.0,4.0,6.8,6.4,4.0,4.0,5.6,4.0,5.4,4.0,5.7,5.5,6.0,4.0,4.0,4.0,4.0,4.0,4.0,7.4,4.0,4.0,4.0,4.0,4.0,4.0,4.0,6.9,4.0,4.0,4.0
837,4.0,7.4,4.0,4.0,8.0,4.0,5.5,5.9,8.0,4.0,4.0,4.0,4.0,4.0,4.0,5.2,5.6,4.0,4.0,4.0,4.0,4.0,4.0,4.0,4.0,4.0,4.0,4.0,6.0,7.7,4.0,4.0,4.0,4.0,4.0,4.0,4.0,4.0,4.0,4.0,4.0,6.6,4.0,6.6,6.9,4.0,7.3,4.0,4.0,7.3,5.3,5.4,4.0,4.0,4.0,4.0,4.0,4.0,4.0,4.0,4.0,4.0,6.9,5.7,4.0,5.4,4.0,4.0,4.0,4.0,4.0,4.0,6.6,4.0,4.0,4.0,4.0,7.7,5.7,4.0,4.0,5.2,4.0,6.3,4.0,4.0,5.6,4.0,4.0,6.8,6.4,6.2,7.0,6.6,4.0,5.7,5.8,5.5,5.5,4.0,4.0,5.5,6.5,4.0,5.4,4.0,5.5,6.2,7.5,5.4,6.2,5.8,4.0,4.0,5.5,4.0,4.0,6.2,4.0,7.6,4.0,4.0,4.0,4.0,4.0,4.0,4.0,4.0,4.0,4.0,6.2,6.8,4.0,5.5,4.0,4.0,4.0,4.0,4.0,4.0,4.0,4.0,4.0,6.6,6.1,4.0,4.0,4.0,4.0,4.0,4.0,5.4,4.0,4.0,4.0,4.0,4.0,4.0,4.0,4.0,4.0,4.0,4.0,4.0,4.0,4.0,4.0,4.0,7.0,4.0,4.0,4.0
856,4.0,4.0,4.0,4.0,8.3,4.0,4.0,4.0,8.4,4.0,4.0,4.0,5.6,4.0,4.0,6.2,7.0,4.0,4.0,4.0,4.0,4.0,4.0,4.0,4.0,4.0,4.0,4.0,4.0,6.2,4.0,4.0,4.0,4.0,4.0,4.0,4.0,4.0,4.0,4.0,4.0,7.4,5.9,6.4,6.8,4.0,6.8,4.0,4.0,6.8,8.0,5.2,4.0,5.0,4.0,4.0,4.0,4.0,4.0,4.0,4.0,4.0,6.9,8.0,6.6,6.8,4.0,4.0,4.0,4.0,4.0,4.0,7.4,4.0,4.0,4.0,4.0,6.8,5.9,4.0,4.0,5.6,4.0,6.2,4.0,4.0,6.1,4.0,4.0,6.0,5.7,5.2,4.0,5.5,4.0,4.0,4.0,4.0,4.0,4.0,5.8,5.8,5.5,5.2,4.0,5.5,5.4,6.6,6.7,5.7,6.5,7.5,4.0,4.0,5.8,4.0,5.8,5.3,4.0,6.6,4.0,5.1,5.1,5.1,4.0,4.0,4.0,4.0,4.0,5.2,5.1,4.0,4.0,4.0,4.0,4.0,4.0,4.0,4.0,4.0,5.3,4.0,4.0,6.5,5.8,4.0,5.7,4.0,4.0,5.5,4.0,5.5,4.0,4.0,4.0,4.0,4.0,4.0,4.0,4.0,4.0,4.0,4.0,4.0,4.0,4.0,4.0,4.0,5.9,4.0,4.0,4.0
858,7.7,8.8,7.2,5.2,4.0,4.0,6.9,7.1,4.0,4.0,5.3,4.0,6.8,4.0,4.0,7.3,7.8,4.0,4.0,5.9,6.1,5.4,4.0,4.0,4.0,4.0,4.0,4.0,7.2,4.0,4.0,5.6,5.4,4.0,4.0,4.0,4.0,6.0,7.5,4.0,4.0,8.3,8.0,4.0,8.4,4.0,9.0,4.0,6.0,4.0,7.8,6.7,6.2,6.5,4.0,4.0,4.0,4.0,4.0,4.0,4.0,5.9,8.0,4.0,8.0,8.3,5.5,4.0,4.0,4.0,4.0,4.0,8.0,4.0,4.0,4.0,4.0,4.0,6.8,4.0,4.0,6.6,4.0,7.1,6.2,4.0,7.2,4.0,7.0,4.0,8.4,8.1,9.1,7.6,6.2,7.1,7.1,6.6,7.1,5.9,6.8,7.1,7.6,6.5,6.6,5.7,6.1,7.8,4.0,8.2,7.4,8.3,7.1,4.0,6.3,5.8,7.0,7.4,5.4,8.3,5.8,5.8,6.2,6.2,6.0,4.0,6.6,5.6,4.0,6.0,7.0,7.5,5.5,6.5,4.0,4.0,6.4,6.2,4.0,4.0,5.1,4.0,4.0,8.0,7.9,4.0,6.8,4.0,5.8,5.6,4.0,6.6,6.2,6.3,4.0,4.0,4.0,4.0,4.0,4.0,4.0,4.0,4.0,4.0,4.0,4.0,4.0,4.0,7.9,4.0,4.0,4.0
859,7.7,7.9,6.7,5.1,4.0,4.0,6.5,6.9,4.0,4.0,4.0,4.0,7.0,4.0,4.0,7.0,7.5,4.0,4.0,4.0,5.9,4.0,4.0,4.0,4.0,4.0,4.0,4.0,7.2,4.0,4.0,5.6,5.5,4.0,4.0,4.0,4.0,5.9,7.1,4.0,4.0,8.2,7.5,4.0,8.4,4.0,4.0,4.0,6.1,4.0,7.8,6.6,6.0,6.2,4.0,4.0,4.0,4.0,4.0,4.0,4.0,5.9,7.8,4.0,7.9,8.4,5.6,4.0,4.0,4.0,4.0,4.0,7.9,4.0,4.0,4.0,4.0,4.0,7.1,4.0,4.0,6.5,4.0,6.7,6.2,4.0,7.2,4.0,6.6,7.9,7.8,8.1,7.9,7.6,6.4,6.9,6.9,6.8,6.9,6.3,6.9,7.4,7.7,6.6,6.9,5.7,6.0,7.7,4.0,7.8,7.5,8.9,7.6,4.0,6.4,4.0,7.0,7.3,4.0,8.0,5.6,5.5,5.4,6.1,6.0,4.0,6.8,5.4,5.9,5.8,6.6,7.4,5.7,6.0,4.0,4.0,6.4,6.2,4.0,4.0,5.1,4.0,4.0,8.1,8.1,4.0,6.7,4.0,5.7,5.8,4.0,6.6,6.1,6.1,4.0,4.0,5.5,4.0,4.0,4.0,4.0,4.0,4.0,4.0,6.1,4.0,4.0,4.0,7.9,4.0,4.0,4.0
864,4.0,4.0,4.0,4.0,6.8,4.0,4.0,7.6,6.3,4.0,4.0,4.0,4.0,4.0,4.0,4.0,5.9,4.0,4.0,6.8,6.5,5.7,4.0,5.3,4.0,4.0,4.0,4.0,4.0,5.5,4.0,4.0,4.0,4.0,4.0,5.9,4.0,4.0,4.0,4.0,4.0,4.0,4.0,5.7,6.0,4.0,6.5,4.0,5.9,6.3,4.0,5.8,4.0,4.0,4.0,4.0,7.9,4.0,4.0,4.0,4.0,6.8,5.2,4.0,4.0,5.1,4.0,5.3,4.0,4.0,4.0,4.0,4.0,4.0,6.8,4.0,4.0,6.5,6.6,4.0,4.0,6.1,4.0,5.8,6.8,4.0,4.0,4.0,4.0,5.6,5.9,5.1,7.3,6.6,4.0,5.8,6.0,5.8,5.7,5.3,4.0,5.5,4.0,5.8,4.0,4.0,4.0,5.9,5.6,4.0,6.0,4.0,5.7,4.0,7.9,4.0,4.0,6.6,5.8,5.9,5.2,5.4,4.0,4.0,4.0,4.0,5.1,6.4,4.0,4.0,5.8,4.0,5.3,4.0,4.0,4.0,5.4,5.6,4.0,4.0,4.0,4.0,4.0,6.9,4.0,4.0,4.0,4.0,4.0,4.0,4.0,6.4,5.2,4.0,4.0,4.0,4.0,4.0,4.0,4.0,4.0,4.0,4.0,4.0,4.0,4.0,4.0,4.0,6.0,4.0,4.0,4.0
865,4.0,4.0,4.0,4.0,7.0,4.0,5.9,6.8,7.0,4.0,4.0,4.0,4.0,4.0,4.0,6.8,7.2,4.0,4.0,6.8,6.1,4.0,4.0,4.0,4.0,4.0,4.0,4.0,5.6,6.0,4.0,4.0,4.0,4.0,4.0,4.0,4.0,4.0,4.0,4.0,4.0,4.0,4.0,6.1,5.7,4.0,6.8,4.0,4.0,6.2,5.4,6.6,4.0,4.0,4.0,4.0,8.0,4.0,4.0,4.0,4.0,6.3,4.0,4.0,4.0,5.7,4.0,4.0,4.0,4.0,4.0,4.0,4.0,4.0,6.2,4.0,4.0,7.0,6.5,4.0,4.0,5.9,4.0,4.0,4.0,4.0,4.0,4.0,4.0,5.2,5.5,5.5,7.7,6.6,4.0,7.1,7.5,7.0,5.7,4.0,4.0,6.9,4.0,6.2,4.0,5.4,4.0,6.3,6.1,5.5,5.6,6.8,6.1,4.0,6.5,4.0,4.0,6.4,5.8,6.7,5.7,6.3,5.9,4.0,4.0,4.0,4.0,6.6,4.0,4.0,5.3,5.7,4.0,5.6,4.0,4.0,5.5,5.4,4.0,4.0,4.0,4.0,4.0,6.6,6.1,4.0,4.0,4.0,4.0,4.0,4.0,4.0,4.0,4.0,4.0,4.0,4.0,4.0,4.0,4.0,4.0,4.0,4.0,4.0,4.0,4.0,4.0,4.0,6.3,4.0,4.0,4.0
866,4.0,4.0,4.0,4.0,8.5,4.0,5.6,7.0,4.0,4.0,5.5,4.0,6.5,4.0,4.0,6.9,8.0,4.0,4.0,4.0,6.5,5.4,4.0,6.1,4.0,4.0,4.0,4.0,7.6,7.3,4.0,5.8,5.7,4.0,4.0,4.0,4.0,6.2,5.8,4.0,4.0,8.1,6.8,8.3,8.3,4.0,7.2,4.0,4.0,8.1,8.1,6.2,4.0,4.0,4.0,4.0,4.0,4.0,4.0,4.0,4.0,4.0,8.0,4.0,4.0,8.2,5.4,4.0,4.0,4.0,4.0,4.0,8.2,4.0,4.0,4.0,4.0,8.1,7.3,4.0,4.0,6.4,4.0,6.5,6.1,4.0,7.3,4.0,4.0,7.8,7.9,7.3,7.9,7.3,6.3,7.4,6.2,7.0,7.1,6.6,6.1,6.5,7.7,5.4,6.0,5.8,6.0,8.3,4.0,8.1,7.5,9.1,4.0,4.0,6.9,4.0,6.3,7.3,4.0,6.1,6.3,5.4,5.6,5.9,4.0,4.0,7.2,6.0,4.0,4.0,7.0,6.5,5.2,6.6,4.0,4.0,6.0,5.8,4.0,5.9,4.0,4.0,4.0,6.6,6.3,4.0,6.1,6.5,4.0,5.8,5.8,6.8,6.4,4.0,4.0,4.0,4.0,4.0,4.0,4.0,4.0,4.0,4.0,4.0,4.0,4.0,4.0,4.0,7.2,4.0,4.0,4.0
1020,4.0,4.0,4.0,5.3,7.9,6.5,4.0,4.0,7.7,4.0,6.2,4.0,7.6,6.8,4.0,6.6,6.4,4.0,4.0,4.0,4.0,6.1,6.4,6.3,4.0,4.0,4.0,4.0,7.1,7.5,4.0,4.0,4.0,4.0,4.0,6.0,4.0,7.7,6.2,4.0,4.0,5.6,6.2,6.0,6.0,4.0,4.0,4.0,4.0,6.3,4.0,6.2,4.0,5.8,4.0,4.0,4.0,4.0,4.0,4.0,4.0,6.6,5.2,4.0,4.0,4.0,6.3,4.0,4.0,4.0,4.0,4.0,4.0,4.0,4.0,4.0,4.0,6.4,5.6,4.0,4.0,6.7,4.0,6.3,7.1,4.0,7.1,6.6,4.0,7.4,7.3,5.9,7.4,6.8,4.0,5.3,4.0,4.0,7.0,6.3,7.8,5.2,6.4,6.1,4.0,5.9,5.7,6.7,6.1,5.9,5.9,4.0,6.3,4.0,6.2,4.0,6.7,6.6,5.4,6.5,6.4,6.2,4.0,4.0,4.0,6.8,6.8,4.0,6.8,7.9,6.5,6.2,4.0,5.2,4.0,4.0,4.0,4.0,4.0,5.1,4.0,4.0,5.7,5.9,4.0,4.0,7.0,5.7,6.2,6.4,6.3,6.5,4.0,6.3,5.9,4.0,4.0,4.0,4.0,4.0,4.0,4.0,4.0,4.0,4.0,4.0,4.0,4.0,6.6,4.0,4.0,4.0
1054,6.9,4.0,6.3,5.4,7.2,4.0,6.4,7.5,7.0,7.8,6.3,6.7,4.0,6.6,6.4,4.0,4.0,4.0,6.7,6.9,6.0,6.4,5.6,4.0,6.3,4.0,5.9,4.0,6.4,6.3,4.0,6.2,6.6,6.1,5.2,5.8,4.0,7.1,6.3,4.0,4.0,4.0,7.2,6.3,5.8,4.0,7.3,4.0,6.9,5.9,5.9,6.7,6.4,5.3,7.6,4.0,4.0,4.0,4.0,4.0,4.0,7.1,5.9,5.2,4.0,5.9,5.9,4.0,4.0,4.0,6.8,4.0,4.0,4.0,7.7,4.0,4.0,6.1,6.0,4.0,4.0,7.2,4.0,6.4,4.0,4.0,6.1,5.9,4.0,6.1,6.5,5.2,8.9,7.9,7.3,7.6,8.2,7.1,7.6,4.0,5.6,7.0,6.6,5.5,6.0,6.0,6.5,6.3,5.5,6.9,5.7,4.0,7.0,6.5,7.3,7.1,4.0,7.4,7.8,6.2,6.0,5.9,5.7,4.0,5.4,7.1,6.3,4.0,6.6,5.7,5.9,6.0,5.3,5.2,4.0,4.0,6.2,6.3,4.0,5.8,5.1,5.9,4.0,6.2,4.0,4.0,4.0,4.0,4.0,6.7,6.3,4.0,4.0,4.0,7.7,4.0,4.0,4.0,4.0,4.0,4.0,4.0,4.0,4.0,4.0,4.0,6.6,6.4,7.9,4.0,4.0,6.0
1055,4.9,5.2,5.3,4.4,6.0,4.0,5.3,5.4,6.4,7.0,4.7,4.6,4.0,4.0,4.4,5.6,5.5,4.0,4.7,4.6,4.0,5.1,4.0,4.0,5.4,4.7,5.0,4.8,4.4,4.7,4.0,4.9,4.1,4.4,4.4,4.0,4.0,4.0,4.0,4.4,4.3,4.8,4.5,5.3,4.9,4.9,4.8,4.2,4.3,6.4,4.6,4.7,4.8,4.1,4.3,4.2,7.5,4.5,4.0,4.0,4.0,4.0,4.0,4.0,4.0,4.0,4.0,4.0,4.0,4.0,4.0,4.0,4.0,4.0,4.0,4.0,4.0,4.0,4.0,4.0,4.0,4.0,4.0,4.0,4.0,4.0,4.0,4.0,4.0,4.0,4.0,4.0,4.0,4.0,4.0,4.0,4.0,4.0,4.0,4.0,4.0,4.0,4.0,4.0,4.0,4.0,4.0,4.0,4.0,4.0,4.0,4.0,4.0,4.0,4.0,4.0,4.0,4.0,4.0,4.0,4.0,4.0,4.0,4.0,4.0,4.0,4.0,4.0,4.0,4.0,4.0,4.0,4.0,4.0,4.0,4.0,4.0,4.0,4.0,4.0,4.0,4.0,4.0,4.0,4.0,4.0,4.0,4.0,4.0,4.0,4.0,4.0,4.0,4.0,4.0,4.0,4.0,4.0,4.0,4.0,4.0,4.0,4.0,4.0,4.1,4.0,4.6,4.1,6.5,4.0,4.0,4.7
1061,4.0,4.0,4.0,5.5,8.0,4.0,6.6,8.1,8.2,4.0,6.2,4.0,6.6,6.4,4.0,4.0,4.0,4.0,4.0,6.8,7.1,5.9,4.0,4.0,4.0,4.0,4.0,4.0,7.1,7.7,4.0,6.4,7.1,4.0,5.1,4.0,4.0,6.8,6.5,4.0,4.0,6.4,7.2,6.7,6.2,4.0,7.1,4.0,7.5,6.5,6.6,7.0,6.8,5.8,4.0,4.0,4.0,4.0,4.0,4.0,4.0,7.4,6.6,5.3,5.4,6.6,4.0,5.2,4.0,4.0,6.4,4.0,6.2,4.0,6.3,4.0,4.0,6.6,7.2,4.0,4.0,7.1,4.0,6.4,4.0,4.0,6.4,5.9,4.0,6.3,6.5,5.8,9.3,4.0,7.9,7.8,8.1,8.1,8.1,7.5,5.6,8.0,4.0,5.8,6.8,6.6,6.6,6.5,6.6,7.1,6.4,4.0,7.0,6.2,8.0,4.0,6.8,8.3,8.5,4.0,6.9,5.9,6.6,5.4,5.8,6.9,7.5,4.0,6.5,5.7,5.6,6.5,5.4,5.9,4.0,4.0,6.8,7.5,4.0,5.5,6.1,4.0,4.0,6.5,6.1,4.0,4.0,4.0,5.9,7.2,4.0,7.2,5.3,4.0,6.9,4.0,4.0,4.0,4.0,4.0,4.0,4.0,4.0,4.0,4.0,4.0,4.0,4.0,8.0,4.0,4.0,4.0
1064,4.0,4.0,4.0,4.0,6.9,4.0,4.0,6.3,7.2,4.0,4.0,4.0,4.0,4.0,4.0,8.4,8.5,4.0,4.0,4.0,6.1,4.0,4.0,4.0,4.0,4.0,4.0,4.0,5.8,6.2,4.0,6.2,6.1,4.0,4.0,4.0,4.0,4.0,4.0,4.0,4.0,4.0,4.0,7.2,5.4,4.0,7.3,4.0,4.0,6.5,5.3,6.6,6.4,4.0,4.0,4.0,8.2,4.0,4.0,4.0,6.0,4.0,5.1,5.8,5.5,5.8,4.0,4.0,4.0,4.0,4.0,4.0,5.9,4.0,4.0,4.0,4.0,7.4,5.8,4.0,4.0,6.1,4.0,4.0,4.0,4.0,4.0,4.0,4.0,5.6,5.9,6.7,7.9,7.0,4.0,5.9,5.9,6.3,4.0,5.3,4.0,6.6,5.3,5.9,4.0,4.0,4.0,6.3,6.1,5.9,5.2,7.1,6.0,4.0,6.4,4.0,4.0,6.7,6.1,6.0,5.5,5.7,4.0,4.0,4.0,5.9,5.6,5.3,4.0,4.0,4.0,4.0,4.0,5.5,4.0,4.0,5.3,5.9,4.0,4.0,4.0,4.0,4.0,7.0,7.3,4.0,4.0,4.0,4.0,4.0,4.0,6.2,4.0,4.0,4.0,4.0,4.0,4.0,4.0,4.0,4.0,4.0,6.5,4.0,4.0,4.0,4.0,4.0,6.4,4.0,4.0,4.0
1067,7.0,5.9,6.9,5.2,7.8,4.0,6.6,7.3,7.5,4.0,5.8,4.0,6.3,6.4,4.0,4.0,4.0,4.0,4.0,6.7,4.0,5.4,4.0,4.0,4.0,4.0,4.0,4.0,6.5,6.3,4.0,6.1,6.7,4.0,4.0,4.0,4.0,6.7,6.0,4.0,4.0,4.0,7.0,5.9,6.1,4.0,6.7,4.0,6.8,4.0,6.1,6.5,6.9,5.6,4.0,6.8,4.0,4.0,4.0,4.0,5.5,7.0,6.1,5.8,5.4,6.6,4.0,4.0,4.0,4.0,6.0,4.0,5.9,5.7,5.9,4.0,4.0,4.0,7.0,4.0,4.0,6.7,4.0,4.0,4.0,4.0,4.0,4.0,4.0,6.3,6.3,5.2,9.2,4.0,7.7,7.9,8.4,7.7,7.5,6.6,5.2,7.1,6.3,5.4,6.1,5.9,5.8,5.5,6.3,6.5,5.8,6.5,6.5,6.1,7.1,4.0,6.3,8.0,8.2,6.9,6.3,5.7,6.5,4.0,4.0,6.3,6.4,4.0,6.1,5.5,5.6,5.9,5.4,5.7,4.0,4.0,6.7,6.9,5.1,6.0,5.2,4.0,4.0,6.8,6.0,4.0,4.0,4.0,4.0,4.0,4.0,4.0,4.0,4.0,4.0,4.0,4.0,4.0,4.0,4.0,4.0,4.0,4.0,4.0,4.0,4.0,4.0,4.0,7.9,4.0,4.0,4.0
1078,7.9,6.8,7.4,4.0,7.2,4.0,5.7,6.9,7.7,4.0,4.0,4.0,4.0,4.0,4.0,4.0,8.6,4.0,4.0,6.2,4.0,4.0,4.0,4.0,4.0,4.0,4.0,4.0,5.3,4.0,4.0,4.0,6.8,4.0,4.0,4.0,4.0,4.0,5.4,4.0,4.0,6.2,6.1,5.2,5.6,4.0,5.8,4.0,4.0,5.1,4.0,5.6,6.3,4.0,4.0,4.0,8.0,4.0,4.0,4.0,4.0,4.0,4.0,4.0,4.0,5.1,4.0,4.0,4.0,4.0,4.0,4.0,4.0,4.0,4.0,4.0,4.0,5.2,6.0,4.0,4.0,5.9,4.0,5.9,4.0,4.0,4.0,4.0,4.0,4.0,4.0,4.0,7.2,8.5,5.8,4.0,7.7,4.0,6.8,5.3,4.0,7.9,4.0,4.0,4.0,4.0,4.0,4.0,5.5,5.6,5.5,4.0,5.3,4.0,4.0,4.0,5.9,8.4,6.5,5.7,6.5,5.7,5.5,4.0,4.0,4.0,5.5,4.0,4.0,4.0,4.0,5.6,4.0,4.0,4.0,4.0,7.1,7.1,4.0,4.0,4.0,4.0,4.0,4.0,4.0,4.0,4.0,5.9,4.0,4.0,4.0,5.9,4.0,4.0,4.0,5.6,4.0,4.0,4.0,4.0,4.0,4.0,4.0,4.0,4.0,4.0,4.0,4.0,8.2,4.0,4.0,4.0
1140,4.0,4.0,6.8,4.0,4.0,4.0,5.3,4.0,6.2,5.8,4.0,4.0,4.0,4.0,4.0,6.4,6.7,4.0,4.0,4.0,4.0,4.0,4.0,4.0,4.0,4.0,4.0,4.0,4.0,4.0,4.0,4.0,4.0,4.0,4.0,4.0,4.0,4.0,4.0,4.0,4.0,4.0,6.3,4.0,4.0,7.2,4.0,4.0,4.0,8.4,6.1,4.0,4.0,4.0,4.0,4.0,6.9,4.0,4.0,4.0,4.0,4.0,4.0,7.0,6.6,6.4,4.0,4.0,4.0,4.0,4.0,4.0,4.0,4.0,4.0,4.0,4.0,8.5,6.5,4.0,4.0,5.3,4.0,4.0,4.0,4.0,4.0,4.0,4.0,5.6,5.5,6.6,4.0,6.7,6.2,4.0,5.6,4.0,4.0,5.9,4.0,6.9,5.8,5.4,6.6,4.0,4.0,7.3,7.8,6.0,5.9,8.1,7.1,4.0,4.0,4.0,4.0,6.4,4.0,6.1,5.7,6.4,6.1,5.2,4.0,4.0,5.6,4.0,4.0,5.6,5.1,6.0,4.0,4.0,4.0,4.0,5.5,6.1,4.0,4.0,4.0,4.0,4.0,8.9,8.5,4.0,4.0,4.0,4.0,4.0,4.0,5.2,4.0,4.0,4.0,4.0,4.0,4.0,4.0,4.0,4.0,4.0,4.0,4.0,4.0,4.0,4.0,4.0,5.9,4.0,4.0,4.0
1194,7.5,4.0,7.0,7.3,6.6,6.8,4.0,4.0,6.6,6.5,7.9,7.6,7.5,6.5,6.0,6.8,4.0,8.3,6.9,9.1,8.2,7.8,7.1,7.7,9.5,8.5,7.2,7.2,4.0,6.4,4.0,6.9,7.0,8.1,6.9,6.9,7.7,7.0,8.8,6.5,7.1,4.0,8.2,7.1,7.4,7.2,7.0,8.5,8.4,7.9,8.0,4.0,8.3,7.6,7.4,4.0,7.6,7.5,4.0,8.5,7.2,8.5,4.0,5.4,4.0,4.0,7.2,6.6,7.1,6.8,8.8,4.0,4.0,7.1,8.2,7.3,9.1,7.6,4.0,8.9,7.6,8.2,9.3,7.0,9.4,9.0,4.0,9.0,6.5,7.7,7.4,7.0,8.3,4.0,7.1,4.0,4.0,4.0,6.5,4.0,8.4,8.4,7.2,6.6,7.8,8.1,7.3,7.1,7.1,6.7,7.0,6.5,7.0,4.0,7.0,7.0,8.1,4.0,6.9,5.4,5.6,7.4,4.0,7.5,5.7,9.0,6.8,4.0,4.0,4.0,6.4,4.0,6.9,5.9,8.2,6.8,6.3,5.7,4.0,7.4,6.3,4.0,7.3,4.0,4.0,7.0,4.0,4.0,4.0,4.0,4.0,4.0,4.0,4.0,4.0,4.0,4.0,4.0,4.0,4.0,4.0,4.0,4.0,4.0,8.4,6.9,4.0,6.2,4.0,8.1,8.4,6.8
1198,4.0,4.0,4.0,6.4,7.8,4.0,5.2,7.5,7.3,4.0,7.0,7.6,8.4,7.6,4.0,7.0,6.9,7.5,4.0,9.1,8.2,7.3,6.9,4.0,4.0,4.0,4.0,4.0,7.2,7.2,4.0,8.6,8.2,4.0,6.7,7.1,6.9,8.3,7.8,4.0,4.0,4.0,7.7,7.0,7.5,4.0,5.9,7.0,7.9,6.1,7.6,8.5,8.8,7.7,4.0,6.6,4.0,6.0,4.0,8.4,6.1,7.7,5.3,6.5,5.9,6.6,7.4,6.3,4.0,6.7,7.4,6.2,4.0,6.7,8.2,4.0,4.0,6.7,6.4,4.0,4.0,7.5,4.0,6.2,7.2,4.0,6.9,7.3,6.5,6.9,7.2,5.3,7.5,8.1,7.5,6.2,6.5,4.0,7.3,7.6,6.9,6.5,6.5,7.0,8.0,7.1,7.1,6.9,6.6,7.0,7.1,7.0,7.0,6.8,6.7,6.7,7.5,7.6,8.4,7.1,7.0,5.9,4.0,6.5,4.0,7.8,6.5,4.0,7.7,7.8,5.6,5.6,6.1,5.7,5.6,6.9,7.4,6.8,4.0,6.5,6.5,4.0,6.5,5.9,4.0,6.6,8.1,4.0,7.4,8.1,7.0,7.4,4.0,8.0,8.5,4.0,4.0,4.0,4.0,4.0,4.0,4.0,4.0,4.0,7.3,6.8,4.0,4.0,8.1,7.0,4.0,4.0
1199,4.0,4.0,7.4,5.9,6.8,6.3,6.3,7.0,7.5,4.0,6.5,6.7,6.9,4.0,4.0,8.4,8.1,6.5,4.0,7.4,7.7,6.6,6.4,4.0,4.0,4.0,4.0,4.0,8.3,6.9,4.0,8.3,8.6,4.0,5.6,6.1,4.0,6.2,5.5,4.0,4.0,7.2,6.3,5.4,7.8,4.0,4.0,4.0,7.2,6.7,6.7,8.4,4.0,7.1,4.0,4.0,7.9,6.7,4.0,4.0,6.8,7.9,4.0,4.0,5.3,5.1,6.5,7.6,6.5,6.1,6.6,4.0,6.9,4.0,7.5,4.0,4.0,6.6,6.3,4.0,4.0,6.3,4.0,4.0,7.1,4.0,6.4,6.4,4.0,6.2,5.8,4.0,4.0,7.1,6.6,7.0,7.3,6.8,7.9,7.1,6.7,5.8,7.0,6.7,7.9,7.1,5.7,6.7,5.9,5.7,7.3,4.0,6.2,5.9,7.4,4.0,4.0,7.1,7.6,6.8,7.7,6.1,5.2,4.0,4.0,7.2,7.1,5.7,7.5,7.3,4.0,6.8,4.0,6.5,6.2,6.4,7.4,7.2,4.0,5.8,5.6,4.0,4.0,4.0,4.0,4.0,4.0,4.0,8.0,4.0,4.0,4.0,4.0,4.0,7.5,4.0,4.0,4.0,4.0,4.0,4.0,4.0,4.0,4.0,4.0,6.3,4.0,4.0,6.8,6.3,4.0,4.0
1200,4.0,4.0,4.0,5.5,6.0,6.5,6.2,6.8,7.0,4.0,6.4,7.0,6.6,4.0,4.0,8.1,7.9,6.8,4.0,7.5,7.6,6.3,6.2,4.0,4.0,4.0,4.0,4.0,7.7,6.7,4.0,8.4,8.4,4.0,5.6,4.0,4.0,5.9,5.5,4.0,4.0,6.4,6.0,5.7,7.0,4.0,4.0,4.0,7.2,5.4,5.8,8.0,7.9,6.6,4.0,6.1,6.5,6.4,7.3,5.8,6.4,7.7,7.5,4.0,4.0,4.0,6.4,7.3,6.7,5.8,6.3,4.0,6.5,6.1,7.3,4.0,4.0,5.8,6.1,4.0,4.0,6.0,4.0,4.0,7.2,4.0,6.2,6.2,4.0,5.9,5.7,4.0,4.0,6.5,6.4,6.8,7.1,6.6,7.2,6.6,6.4,5.3,6.1,6.1,7.4,6.8,4.0,5.9,5.1,5.7,6.9,4.0,5.5,6.2,7.4,4.0,4.0,6.3,7.1,6.6,6.8,5.4,5.5,4.0,4.0,7.2,6.2,4.0,8.0,6.9,4.0,6.6,4.0,6.0,6.5,6.4,6.8,6.4,4.0,5.3,5.4,4.0,6.4,4.0,4.0,4.0,4.0,4.0,8.0,4.0,4.0,4.0,4.0,4.0,7.2,4.0,4.0,4.0,4.0,4.0,4.0,4.0,4.0,4.0,6.4,6.6,4.0,4.0,6.4,6.5,4.0,4.0
1201,4.0,4.0,4.0,6.5,7.5,7.9,6.1,6.7,8.2,4.0,7.5,7.7,7.7,7.9,4.0,8.5,8.2,7.6,4.0,7.6,7.2,7.5,7.4,5.9,4.0,4.0,4.0,4.0,8.1,7.8,4.0,8.0,7.8,4.0,7.7,7.3,6.9,4.0,7.5,4.0,4.0,6.5,8.1,6.5,6.5,4.0,4.0,8.2,7.6,6.8,7.3,8.2,4.0,6.6,4.0,4.0,7.9,7.4,4.0,7.8,7.9,8.0,4.0,5.2,4.0,4.0,8.2,7.9,4.0,4.0,7.3,6.3,4.0,4.0,6.8,4.0,4.0,5.9,6.7,4.0,4.0,8.1,4.0,7.4,4.0,4.0,7.5,8.0,6.1,4.0,4.0,6.1,8.2,7.8,7.0,4.0,6.2,4.0,7.7,4.0,7.5,6.9,6.7,4.0,8.2,7.3,4.0,6.2,6.5,6.5,6.3,4.0,6.8,7.5,4.0,6.1,6.9,7.7,8.4,6.4,6.1,6.2,8.2,6.5,4.0,4.0,7.0,4.0,4.0,7.8,4.0,7.2,5.1,4.0,6.9,6.7,5.8,4.0,4.0,5.2,4.0,4.0,4.0,4.0,4.0,4.0,7.4,5.5,4.0,7.7,7.6,7.8,4.0,8.1,4.0,4.0,4.0,4.0,4.0,4.0,4.0,4.0,4.0,4.0,7.0,4.0,4.0,4.0,7.6,6.9,4.0,4.0
1202,4.0,4.0,4.0,5.2,6.4,6.5,4.0,6.5,5.7,4.0,6.7,7.1,7.8,7.2,4.0,6.0,5.7,5.9,4.0,8.4,6.9,7.0,6.3,4.0,4.0,4.0,4.0,4.0,6.4,6.2,4.0,6.5,6.9,4.0,5.2,6.9,7.0,4.0,6.2,4.0,4.0,4.0,6.1,6.3,4.0,4.0,4.0,6.3,7.1,6.3,6.4,7.7,7.6,6.8,4.0,4.0,6.6,5.7,4.0,7.4,4.0,6.9,4.0,4.0,4.0,5.1,6.7,4.0,6.4,6.1,6.8,4.0,4.0,4.0,7.6,4.0,4.0,6.8,5.2,4.0,4.0,6.2,4.0,5.9,7.5,4.0,5.7,7.1,4.0,5.6,6.0,4.0,6.2,6.7,7.0,5.5,5.7,4.0,5.7,6.5,6.1,5.8,5.6,6.0,6.6,6.0,4.0,5.6,5.1,5.9,6.2,4.0,5.8,6.6,5.9,5.8,5.9,6.1,6.2,4.0,6.0,5.2,4.0,4.0,4.0,7.1,5.7,4.0,6.0,6.7,4.0,4.0,5.2,4.0,5.9,6.9,5.5,4.0,4.0,5.1,6.0,4.0,6.8,4.0,4.0,6.0,7.9,4.0,4.0,7.4,7.0,5.7,4.0,7.0,6.5,4.0,4.0,6.9,4.0,4.0,4.0,4.0,4.0,4.0,6.7,6.8,4.0,4.0,6.4,6.7,4.0,4.0
1205,7.1,4.0,4.0,7.0,7.6,6.4,4.0,6.4,4.0,5.8,7.6,7.1,7.4,6.3,6.5,4.0,4.0,4.0,6.0,6.8,6.7,6.9,6.9,6.6,4.0,4.0,6.1,6.3,6.4,6.5,4.0,6.7,6.4,6.9,6.1,4.0,4.0,4.0,6.4,6.5,6.5,4.0,8.0,6.6,7.5,6.1,4.0,4.0,7.4,7.2,8.0,6.8,7.9,6.8,6.2,4.0,7.7,6.6,4.0,8.3,6.7,8.5,4.0,4.0,4.0,4.0,6.3,5.5,8.0,7.4,7.4,4.0,4.0,7.9,6.7,4.0,4.0,6.8,4.0,4.0,4.0,7.8,4.0,6.8,4.0,4.0,6.9,7.2,4.0,8.4,7.9,5.4,4.0,6.9,8.9,4.0,4.0,4.0,4.0,7.1,7.4,6.7,6.0,6.0,6.2,6.6,8.1,7.0,6.5,4.0,7.3,4.0,6.0,7.6,5.5,8.0,7.5,6.5,4.0,4.0,4.0,7.3,4.0,5.4,4.0,8.6,7.1,4.0,4.0,8.3,6.1,4.0,7.4,4.0,4.0,7.7,4.0,4.0,4.0,6.0,4.0,4.0,4.0,5.8,4.0,6.5,8.0,4.0,4.0,8.1,7.1,4.0,4.0,4.0,7.1,4.0,4.0,4.0,4.0,4.0,4.0,4.0,4.0,4.0,4.0,7.3,6.4,6.2,7.1,6.6,9.1,8.0
1209,7.2,4.0,6.2,4.0,6.4,8.2,5.6,6.7,5.8,6.8,7.1,7.0,7.4,6.7,4.0,5.5,4.0,7.7,6.0,8.6,7.2,7.7,7.5,4.0,7.5,7.6,6.9,7.0,6.3,6.2,4.0,7.4,7.0,6.3,4.0,6.6,6.7,6.3,6.9,6.8,4.0,4.0,7.0,7.0,7.3,5.9,6.0,7.1,7.8,6.6,6.9,4.0,7.6,7.6,6.5,6.6,7.6,6.9,6.0,4.0,4.0,4.0,4.0,4.0,4.0,4.0,4.0,4.0,4.0,4.0,4.0,4.0,4.0,4.0,4.0,4.0,4.0,4.0,4.0,4.0,4.0,4.0,4.0,4.0,4.0,4.0,4.0,4.0,4.0,4.0,4.0,4.0,4.0,4.0,4.0,4.0,4.0,4.0,4.0,4.0,4.0,4.0,4.0,4.0,4.0,4.0,4.0,4.0,4.0,4.0,4.0,4.0,4.0,4.0,4.0,4.0,4.0,4.0,4.0,4.0,4.0,4.0,4.0,4.0,4.0,4.0,4.0,4.0,4.0,4.0,4.0,4.0,4.0,4.0,4.0,4.0,4.0,4.0,4.0,4.0,4.0,4.0,4.0,4.0,4.0,4.0,4.0,4.0,4.0,4.0,4.0,4.0,4.0,4.0,4.0,4.0,4.0,8.5,4.0,4.0,4.0,4.0,4.0,4.0,7.0,6.4,5.9,5.4,6.7,4.0,7.2,6.9
1211,4.0,4.0,4.0,5.7,4.0,4.0,4.0,7.1,4.0,4.0,6.8,7.6,7.2,6.1,4.0,5.8,4.0,5.9,7.0,4.0,6.1,7.7,6.8,4.0,7.5,4.0,4.0,4.0,4.0,4.0,4.0,7.1,7.1,4.0,6.7,4.0,6.0,6.0,6.9,6.7,7.3,4.0,4.0,6.6,5.9,4.0,4.0,6.2,7.9,4.0,4.0,4.0,6.3,6.2,7.0,4.0,6.9,6.0,4.0,7.1,4.0,8.0,6.2,4.0,4.0,4.0,6.1,7.3,7.2,7.5,7.8,4.0,4.0,6.2,7.8,6.7,8.4,4.0,4.0,4.0,8.0,6.0,7.0,4.0,8.2,7.6,4.0,8.2,4.0,4.0,6.4,4.0,8.1,6.9,4.0,4.0,4.0,4.0,6.7,8.0,7.2,4.0,4.0,7.2,6.7,8.1,4.0,4.0,4.0,6.6,6.2,4.0,6.7,8.2,7.4,4.0,7.0,6.4,7.4,4.0,4.0,4.0,4.0,6.2,4.0,7.9,4.0,4.0,7.9,7.6,4.0,4.0,4.0,5.8,7.0,6.5,6.9,5.4,4.0,4.0,4.0,4.0,4.0,4.0,4.0,4.0,4.0,4.0,4.0,4.0,7.9,4.0,4.0,4.0,8.2,4.0,4.0,4.0,4.0,4.0,4.0,4.0,4.0,4.0,5.9,6.2,4.0,4.0,5.8,4.0,6.9,4.0
1212,6.4,4.0,4.0,6.0,6.3,5.8,4.0,7.0,6.4,6.1,6.2,5.8,6.1,4.0,4.0,4.0,4.0,8.4,4.0,6.1,4.0,6.3,5.9,5.9,8.6,8.1,4.0,5.5,4.0,4.0,5.9,8.1,7.5,6.1,5.6,4.0,4.0,4.0,5.5,4.0,6.0,4.0,6.1,4.0,6.5,4.0,4.0,8.8,6.4,4.0,6.3,7.8,7.4,5.5,5.9,4.0,7.8,6.7,4.0,6.6,6.7,8.4,5.9,4.0,4.0,4.0,8.3,5.7,7.5,7.2,6.3,4.0,4.0,7.3,4.0,5.8,6.5,4.0,4.0,8.9,8.5,5.8,6.4,6.5,8.3,6.2,4.0,4.0,4.0,6.5,6.1,4.0,6.5,5.7,6.5,4.0,4.0,4.0,6.5,6.3,6.7,6.6,5.3,5.9,6.5,5.7,6.5,4.0,4.0,5.1,6.0,4.0,5.4,4.0,5.4,4.0,5.8,6.1,7.0,6.1,7.0,6.1,4.0,4.0,4.0,7.7,5.3,4.0,8.0,5.8,5.2,5.2,5.2,6.3,4.0,7.1,4.0,4.0,4.0,6.0,4.0,4.0,4.0,5.9,4.0,6.1,4.0,4.0,6.9,4.0,4.0,4.0,4.0,4.0,5.9,4.0,4.0,4.0,4.0,4.0,4.0,4.0,4.0,4.0,7.6,6.3,4.0,4.0,5.5,4.0,7.4,4.0
1216,4.0,4.0,4.0,6.1,7.7,6.8,4.0,6.2,6.3,4.0,7.2,7.0,8.1,7.6,4.0,6.3,5.5,8.2,4.0,8.3,7.9,6.8,7.0,5.8,4.0,4.0,4.0,4.0,8.0,7.8,4.0,6.5,6.1,4.0,4.0,6.8,6.6,4.0,7.7,4.0,4.0,4.0,7.0,5.9,8.1,4.0,4.0,8.6,7.7,6.0,6.4,7.2,7.7,7.1,4.0,4.0,7.6,6.3,4.0,7.2,6.5,7.9,4.0,4.0,4.0,4.0,4.0,5.8,7.0,6.6,7.1,7.1,4.0,6.4,7.1,4.0,4.0,5.7,4.0,4.0,4.0,7.5,4.0,5.8,4.0,4.0,8.0,7.1,6.6,4.0,4.0,6.3,6.3,7.0,6.6,4.0,4.0,4.0,5.7,7.5,7.2,6.9,6.7,6.4,6.0,6.8,4.0,6.8,6.6,6.2,6.8,4.0,4.0,7.1,4.0,8.0,8.6,7.4,5.7,4.0,6.1,6.2,4.0,6.0,4.0,4.0,7.0,4.0,4.0,8.2,4.0,4.0,6.5,4.0,5.9,5.9,5.2,4.0,4.0,6.7,4.0,4.0,4.0,4.0,4.0,4.0,7.2,4.0,4.0,7.0,7.0,7.8,4.0,8.8,4.0,4.0,4.0,4.0,4.0,4.0,4.0,4.0,4.0,4.0,8.8,4.0,4.0,4.0,7.2,4.0,4.0,4.0
1217,4.0,4.0,4.0,4.0,5.7,6.6,4.0,6.7,5.4,4.0,6.6,7.4,7.8,6.5,4.0,6.2,6.1,4.0,4.0,7.7,6.5,7.1,5.7,4.0,4.0,4.0,4.0,4.0,5.9,5.9,4.0,6.5,7.0,4.0,4.0,6.4,6.1,4.0,5.3,4.0,4.0,4.0,5.8,5.2,4.0,4.0,4.0,4.0,7.1,4.0,5.9,7.1,7.8,6.2,4.0,7.6,6.5,4.0,4.0,6.7,4.0,7.2,4.0,4.0,4.0,4.0,6.3,4.0,6.2,5.9,6.6,5.9,4.0,4.0,7.2,4.0,4.0,4.0,4.0,4.0,4.0,6.0,4.0,4.0,6.8,4.0,5.4,6.4,4.0,5.8,6.1,4.0,4.0,7.0,6.6,4.0,5.4,4.0,5.9,6.4,5.6,4.0,5.2,6.0,5.7,6.1,5.7,5.8,4.0,5.7,6.0,4.0,5.4,6.2,6.0,4.0,4.0,6.3,5.6,4.0,5.4,5.2,4.0,4.0,4.0,6.4,5.5,4.0,4.0,6.5,4.0,4.0,4.0,4.0,4.0,6.2,5.5,4.0,4.0,4.0,4.0,4.0,6.9,4.0,4.0,4.0,7.2,4.0,4.0,7.3,6.5,5.6,4.0,6.7,6.2,4.0,4.0,4.0,4.0,4.0,4.0,4.0,4.0,4.0,6.6,4.0,4.0,4.0,6.7,4.0,4.0,4.0
1218,4.0,6.5,7.8,6.3,6.2,6.5,6.0,7.3,7.0,4.0,6.3,7.0,6.7,4.0,4.0,4.0,4.0,6.4,4.0,7.5,8.0,6.6,6.3,4.0,4.0,4.0,4.0,4.0,8.5,7.2,4.0,8.3,8.8,4.0,6.1,5.7,4.0,4.0,5.9,4.0,4.0,6.4,6.4,6.0,7.8,4.0,4.0,4.0,7.1,6.6,6.2,4.0,4.0,7.0,4.0,4.0,7.0,6.8,4.0,6.0,7.5,8.1,7.7,4.0,4.0,4.0,7.0,8.2,6.4,4.0,6.6,6.3,6.2,5.6,7.5,4.0,4.0,6.8,6.7,4.0,4.0,6.7,4.0,4.0,7.1,4.0,6.6,6.3,4.0,6.6,6.2,5.3,4.0,7.3,6.5,6.5,7.0,6.4,7.6,7.1,6.6,6.3,6.9,6.9,7.9,7.7,5.8,6.6,5.6,5.6,7.4,4.0,6.4,6.1,7.6,4.0,4.0,7.1,8.0,6.5,7.2,6.2,5.6,4.0,4.0,7.5,7.0,5.3,7.5,7.5,5.3,6.6,4.0,6.3,6.6,6.3,7.5,7.1,4.0,5.6,5.6,4.0,6.3,4.0,4.0,4.0,4.0,4.0,8.1,4.0,4.0,4.0,4.0,4.0,8.0,4.0,4.0,4.0,4.0,4.0,4.0,4.0,4.0,4.0,5.8,4.0,4.0,4.0,7.1,4.0,4.0,4.0
1239,4.0,4.0,4.0,4.0,4.0,7.1,4.0,4.0,4.0,4.0,5.9,6.9,7.1,6.9,4.0,5.8,5.7,6.0,4.0,7.8,6.5,6.4,5.9,7.0,4.0,4.0,4.0,4.0,5.7,6.1,4.0,6.9,6.5,4.0,4.0,5.7,5.6,6.4,4.0,4.0,4.0,4.0,4.0,4.0,5.2,4.0,4.0,6.0,4.0,4.0,5.7,8.0,7.6,5.2,4.0,4.0,5.1,4.0,4.0,5.5,4.0,7.6,4.0,4.0,4.0,4.0,6.1,6.1,4.0,4.0,6.2,4.0,4.0,4.0,6.2,4.0,4.0,4.0,4.0,4.0,4.0,5.7,4.0,4.0,6.7,4.0,5.7,6.3,4.0,5.4,4.0,4.0,4.0,6.4,4.0,4.0,4.0,4.0,4.0,6.4,6.2,4.0,5.6,5.5,5.3,5.8,4.0,4.0,4.0,4.0,5.7,4.0,8.6,5.8,5.9,4.0,4.0,6.2,4.0,4.0,5.2,4.0,4.0,4.0,4.0,6.1,6.4,4.0,6.7,6.0,4.0,5.5,4.0,4.0,4.0,5.7,4.0,4.0,4.0,4.0,5.1,4.0,4.0,4.0,4.0,4.0,6.7,4.0,6.5,6.6,6.1,5.6,4.0,6.0,6.6,4.0,4.0,4.0,4.0,4.0,4.0,4.0,4.0,4.0,4.0,6.6,4.0,4.0,5.1,4.0,4.0,4.0
1272,6.4,4.0,4.0,6.8,7.0,4.0,6.4,6.4,5.8,6.3,5.6,5.6,4.0,6.2,5.7,4.0,4.0,6.4,6.1,7.6,6.4,6.6,5.6,4.0,9.1,7.2,7.2,6.6,7.2,6.2,4.0,7.4,6.7,7.0,4.0,6.0,7.4,6.0,7.4,5.9,5.9,4.0,6.1,6.6,6.3,4.0,5.5,6.8,7.2,6.8,7.4,6.7,6.7,6.5,6.3,6.5,7.8,5.8,4.0,4.0,4.0,4.0,4.0,4.0,4.0,4.0,4.0,4.0,4.0,4.0,4.0,4.0,4.0,4.0,4.0,4.0,4.0,4.0,4.0,4.0,4.0,4.0,4.0,4.0,4.0,4.0,4.0,4.0,4.0,4.0,4.0,4.0,4.0,4.0,4.0,4.0,4.0,4.0,4.0,4.0,4.0,4.0,4.0,4.0,4.0,4.0,4.0,4.0,4.0,4.0,4.0,4.0,4.0,4.0,4.0,4.0,4.0,4.0,4.0,4.0,4.0,4.0,4.0,4.0,4.0,4.0,4.0,4.0,4.0,4.0,4.0,4.0,4.0,4.0,4.0,4.0,4.0,4.0,4.0,4.0,4.0,4.0,4.0,4.0,4.0,4.0,4.0,4.0,4.0,4.0,4.0,4.0,4.0,4.0,4.0,4.0,4.0,4.0,4.0,4.0,4.0,4.0,4.0,4.0,6.7,5.5,4.0,4.0,6.9,6.3,6.7,4.0
1316,4.0,4.0,4.0,5.4,6.7,4.0,4.0,6.3,4.0,4.0,4.0,4.0,6.4,4.0,4.0,4.0,4.0,4.0,4.0,4.0,4.0,4.0,6.4,4.0,4.0,4.0,4.0,4.0,5.8,5.6,4.0,5.6,5.6,4.0,5.3,5.6,4.0,4.0,5.5,4.0,4.0,5.4,7.4,5.1,6.8,4.0,6.2,4.0,7.0,6.8,5.2,7.0,4.0,5.5,4.0,4.0,7.3,4.0,4.0,4.0,4.0,5.7,5.5,5.3,6.3,5.3,4.0,4.0,4.0,4.0,4.0,4.0,6.0,4.0,4.0,4.0,4.0,7.2,5.3,4.0,4.0,6.4,4.0,7.1,4.0,4.0,5.2,4.0,5.9,5.6,5.6,5.6,4.0,4.0,7.0,6.3,6.5,5.7,5.5,4.0,5.2,4.0,5.4,5.4,5.8,4.0,6.0,5.5,5.1,6.1,5.5,4.0,5.8,4.0,5.7,4.0,4.0,5.3,4.0,6.2,5.6,4.0,5.1,5.3,5.4,4.0,4.0,5.2,5.8,5.5,5.3,5.5,4.0,5.1,4.0,4.0,4.0,4.0,5.2,6.2,5.2,4.0,4.0,6.5,4.0,4.0,4.0,4.0,4.0,4.0,4.0,4.0,5.2,4.0,4.0,4.0,4.0,4.0,4.0,4.0,4.0,4.0,4.0,4.0,4.0,4.0,4.0,4.0,5.5,4.0,4.0,4.0
1317,4.0,4.0,4.0,5.2,4.0,4.0,5.9,6.0,4.0,4.0,4.0,4.0,5.7,4.0,4.0,4.0,4.0,4.0,4.0,4.0,4.0,4.0,5.9,4.0,4.0,4.0,4.0,4.0,5.7,5.2,4.0,4.0,4.0,4.0,5.2,4.0,4.0,4.0,4.0,4.0,4.0,5.6,6.2,4.0,6.3,4.0,5.9,4.0,6.4,6.3,5.7,6.2,4.0,5.4,4.0,4.0,6.1,4.0,4.0,4.0,4.0,5.5,5.7,4.0,5.4,5.2,5.3,4.0,4.0,4.0,4.0,4.0,6.7,4.0,4.0,4.0,4.0,6.5,4.0,4.0,4.0,4.0,4.0,5.9,4.0,4.0,5.5,4.0,4.0,6.1,5.4,5.4,4.0,5.9,5.8,4.0,4.0,5.2,4.0,4.0,5.9,4.0,4.0,5.2,5.6,4.0,6.0,5.1,5.5,5.6,5.1,4.0,6.2,4.0,5.4,4.0,4.0,4.0,4.0,4.0,5.6,4.0,5.7,5.3,5.8,4.0,4.0,5.1,4.0,5.3,5.9,5.9,4.0,4.0,4.0,4.0,4.0,4.0,5.2,4.0,5.3,4.0,4.0,4.0,4.0,4.0,4.0,4.0,4.0,5.4,5.8,4.0,5.4,4.0,4.0,4.0,4.0,4.0,4.0,4.0,4.0,4.0,4.0,4.0,4.0,4.0,4.0,4.0,5.1,4.0,4.0,4.0
1318,4.0,6.1,4.0,4.0,8.3,6.4,6.0,6.3,7.4,4.0,5.9,6.7,6.6,4.0,4.0,4.0,7.9,4.0,4.0,7.1,6.3,6.0,4.0,6.0,4.0,4.0,4.0,4.0,7.7,7.4,4.0,6.7,6.6,4.0,6.0,4.0,4.0,6.3,4.0,4.0,4.0,5.1,5.9,4.0,8.4,4.0,4.0,4.0,6.1,6.0,5.4,7.3,7.4,6.3,4.0,4.0,4.0,4.0,4.0,4.0,4.0,6.8,5.4,4.0,4.0,4.0,5.4,6.6,4.0,4.0,6.1,4.0,4.0,4.0,6.3,4.0,4.0,5.9,6.5,4.0,4.0,6.1,4.0,4.0,6.8,4.0,5.9,4.0,4.0,6.3,6.5,4.0,7.6,7.7,6.2,6.5,7.2,6.0,7.4,6.8,6.0,5.9,6.5,6.4,6.4,4.0,5.6,6.2,4.0,5.4,7.9,4.0,5.5,4.0,7.7,4.0,4.0,7.7,5.5,6.0,7.1,6.3,4.0,4.0,4.0,6.5,6.5,6.2,7.1,6.3,5.4,6.4,4.0,4.0,4.0,4.0,6.3,6.2,4.0,5.2,5.8,6.1,4.0,4.0,4.0,4.0,6.1,6.6,6.9,6.9,4.0,6.2,4.0,4.0,7.1,5.7,4.0,4.0,4.0,4.0,4.0,4.0,4.0,4.0,4.0,4.0,4.0,4.0,7.9,4.0,4.0,4.0
1335,4.0,4.0,4.0,6.0,7.7,4.0,4.0,7.0,6.9,4.0,6.0,4.0,4.0,6.5,4.0,4.0,6.1,4.0,4.0,4.0,4.0,5.9,4.0,5.1,4.0,4.0,4.0,4.0,4.0,5.2,4.0,5.7,4.0,4.0,5.3,4.0,4.0,4.0,5.7,4.0,4.0,5.9,7.6,4.0,6.9,4.0,9.0,4.0,4.0,8.4,8.3,7.0,4.0,4.0,4.0,4.0,8.3,4.0,4.0,4.0,4.0,6.1,5.3,8.0,7.7,8.0,4.0,5.5,4.0,4.0,4.0,4.0,4.0,4.0,4.0,4.0,4.0,8.4,7.7,4.0,4.0,7.3,4.0,6.7,6.2,4.0,5.7,6.3,4.0,5.7,5.5,6.3,6.3,6.1,7.0,6.1,6.2,6.1,6.2,4.0,4.0,6.7,4.0,6.2,4.0,6.8,6.1,7.7,6.5,5.7,6.5,6.9,8.7,6.4,6.5,4.0,6.1,5.2,4.0,6.7,7.0,6.4,4.0,5.8,6.3,6.4,5.4,5.4,4.0,5.3,5.6,4.0,5.6,4.0,5.6,4.0,5.3,5.2,4.0,4.0,4.0,4.0,4.0,8.9,7.4,4.0,5.8,4.0,4.0,5.9,4.0,7.3,6.0,4.0,4.0,4.0,4.0,4.0,4.0,4.0,4.0,4.0,4.0,4.0,4.0,4.0,4.0,4.0,5.6,4.0,4.0,4.0
1337,4.0,4.0,4.0,6.0,6.1,4.0,4.0,5.9,6.1,4.0,4.0,4.0,4.0,4.0,4.0,4.0,7.1,4.0,4.0,6.4,4.0,5.1,4.0,4.0,4.0,4.0,4.0,4.0,4.0,5.3,4.0,4.0,4.0,4.0,5.1,4.0,4.0,4.0,4.0,4.0,4.0,6.3,5.8,6.4,6.1,4.0,7.2,4.0,4.0,7.5,6.8,6.7,4.0,4.0,4.0,4.0,7.2,4.0,4.0,4.0,4.0,6.1,5.9,5.7,5.7,5.9,4.0,5.1,4.0,4.0,4.0,4.0,4.0,4.0,4.0,4.0,4.0,7.3,6.8,4.0,4.0,4.0,4.0,4.0,5.7,4.0,4.0,4.0,4.0,4.0,4.0,7.0,4.0,5.9,6.7,4.0,4.0,4.0,4.0,4.0,4.0,6.2,4.0,5.3,4.0,4.0,4.0,7.3,6.7,6.1,6.1,4.0,7.2,4.0,6.7,4.0,4.0,6.3,5.5,5.6,5.8,6.2,4.0,4.0,4.0,4.0,4.0,5.3,4.0,5.1,4.0,4.0,4.0,5.2,4.0,4.0,4.0,4.0,4.0,4.0,4.0,4.0,4.0,8.3,6.6,4.0,4.0,4.0,4.0,4.0,4.0,5.2,4.0,4.0,4.0,4.0,4.0,4.0,4.0,4.0,4.0,4.0,4.0,4.0,4.0,4.0,4.0,4.0,5.2,4.0,4.0,4.0
1420,4.0,4.0,4.0,4.0,6.4,4.0,5.5,4.0,6.8,4.0,5.4,4.0,4.0,4.0,4.0,5.2,5.4,4.0,4.0,4.0,4.0,5.1,4.0,5.9,4.0,4.0,4.0,4.0,6.3,6.1,4.0,4.0,4.0,4.0,4.0,4.0,4.0,4.0,4.0,4.0,4.0,5.6,5.8,5.5,6.1,4.0,4.0,4.0,4.0,5.9,5.2,6.1,4.0,5.2,4.0,4.0,7.0,4.0,4.0,4.0,4.0,5.4,6.0,4.0,4.0,4.0,5.7,4.0,4.0,4.0,4.0,4.0,4.0,4.0,4.0,4.0,4.0,6.6,4.0,4.0,4.0,4.0,4.0,4.0,4.0,4.0,5.5,4.0,4.0,5.6,5.8,5.2,6.5,6.1,4.0,7.7,4.0,4.0,6.3,5.6,5.2,4.0,5.7,5.9,5.4,4.0,4.0,6.4,5.5,5.3,5.8,4.0,5.9,4.0,6.3,4.0,4.0,5.9,5.7,5.8,5.6,5.3,4.0,4.0,4.0,4.0,5.4,6.4,5.9,5.2,5.7,6.3,4.0,4.0,4.0,4.0,4.0,4.0,4.0,5.6,5.3,4.0,4.0,6.3,6.0,4.0,4.0,4.0,4.0,4.0,4.0,5.2,4.0,4.0,4.0,4.0,4.0,4.0,4.0,4.0,4.0,4.0,4.0,4.0,4.0,4.0,4.0,4.0,5.6,4.0,4.0,4.0
1513,6.6,4.0,4.0,6.8,6.1,7.4,4.0,4.0,4.0,4.0,7.6,7.4,8.5,7.2,4.0,4.0,4.0,4.0,6.1,6.0,4.0,7.7,7.7,5.7,6.5,4.0,6.9,6.8,6.2,7.6,4.0,5.5,4.0,7.6,6.3,6.6,7.0,6.7,5.7,6.6,8.2,4.0,7.1,4.0,5.9,4.0,5.8,4.0,8.3,4.0,6.5,7.1,4.0,4.0,4.0,7.3,7.0,4.0,4.0,7.3,4.0,5.9,4.0,4.0,4.0,4.0,5.8,4.0,4.0,4.0,7.4,7.7,5.9,4.0,6.7,6.8,5.8,5.4,5.9,6.8,6.2,6.9,7.0,7.5,4.0,7.0,6.7,7.9,4.0,6.5,6.1,4.0,4.0,4.0,5.8,4.0,4.0,4.0,4.0,5.9,4.0,4.0,8.0,4.0,5.3,6.0,6.0,6.2,5.7,4.0,5.7,6.0,7.0,7.2,4.0,4.0,6.3,4.0,4.0,4.0,4.0,6.4,4.0,4.0,4.0,4.0,7.5,4.0,4.0,6.7,4.0,5.8,4.0,4.0,4.0,4.0,4.0,4.0,4.0,5.3,5.1,4.0,4.0,4.0,4.0,4.0,6.6,4.0,4.0,7.0,7.2,6.9,4.0,4.0,4.0,4.0,4.0,4.0,4.0,4.0,4.0,4.0,4.0,4.0,6.2,5.7,4.0,4.0,4.0,7.0,4.0,5.9
1652,4.0,4.0,4.0,5.3,5.6,4.0,4.0,6.5,6.4,4.0,6.1,6.7,6.8,4.0,4.0,5.3,5.7,4.0,4.0,4.0,4.0,6.2,4.0,5.5,4.0,4.0,4.0,4.0,6.0,6.2,4.0,6.6,6.5,4.0,4.0,4.0,4.0,4.0,4.0,4.0,4.0,5.7,6.5,4.0,6.7,4.0,7.0,4.0,6.7,4.0,5.4,8.0,7.3,4.0,4.0,4.0,6.4,4.0,4.0,4.0,4.0,6.8,5.9,4.0,4.0,4.0,4.0,4.0,4.0,4.0,4.0,4.0,4.0,4.0,4.0,4.0,4.0,5.3,6.1,4.0,4.0,5.7,4.0,7.0,4.0,4.0,5.6,4.0,4.0,5.2,4.0,4.0,4.0,5.1,7.8,5.6,6.0,5.5,6.1,4.0,4.0,6.3,5.9,5.9,4.0,6.6,4.0,6.0,4.0,4.0,6.6,4.0,6.1,4.0,7.2,4.0,6.1,4.0,4.0,5.7,6.9,5.6,5.2,4.0,4.0,4.0,6.2,4.0,4.0,6.3,4.0,5.3,4.0,4.0,4.0,4.0,4.0,4.0,4.0,4.0,5.1,4.0,4.0,4.0,4.0,4.0,6.3,4.0,4.0,6.5,4.0,5.8,4.0,4.0,4.0,4.0,4.0,4.0,4.0,4.0,4.0,4.0,4.0,4.0,4.0,4.0,4.0,4.0,4.0,4.0,4.0,4.0
1675,4.0,5.5,4.0,7.2,5.3,4.0,4.0,6.6,5.3,4.0,4.0,4.0,5.7,4.0,4.0,6.6,6.6,4.0,4.0,4.0,6.4,5.2,4.0,4.0,4.0,4.0,4.0,4.0,7.0,6.7,4.0,6.5,4.0,4.0,5.6,4.0,4.0,6.2,4.0,4.0,4.0,6.0,6.5,4.0,5.8,4.0,6.5,4.0,4.0,5.3,5.9,6.2,6.0,7.2,6.2,4.0,5.6,4.0,5.5,4.0,5.8,5.8,5.8,5.7,5.8,5.5,4.0,6.1,6.3,5.9,4.0,4.0,6.5,4.0,4.0,4.0,4.0,4.0,4.0,4.0,4.0,5.6,4.0,6.1,6.5,4.0,5.5,4.0,5.8,6.0,5.6,4.0,4.0,6.3,6.3,5.7,5.3,5.5,4.0,5.6,6.7,4.0,4.0,6.2,5.6,5.4,6.4,6.4,5.7,5.2,4.0,6.6,5.6,4.0,7.5,6.1,4.0,7.1,4.0,6.2,4.0,6.0,5.8,4.0,5.4,4.0,5.5,6.1,5.9,5.0,4.0,5.2,4.0,4.0,4.0,4.0,5.8,5.5,5.8,5.7,4.0,6.4,4.0,4.0,4.0,4.0,4.0,4.0,4.0,5.9,4.0,4.0,4.0,4.0,6.7,4.0,4.0,4.0,4.0,4.0,4.0,4.0,6.9,4.0,4.0,4.0,4.0,4.0,7.6,4.0,4.0,4.0
1676,4.0,4.0,4.0,7.2,5.3,4.0,4.0,6.0,6.5,4.0,4.0,4.0,6.0,6.2,4.0,6.5,6.3,4.0,4.0,4.0,4.0,5.2,5.7,5.3,4.0,4.0,4.0,4.0,6.9,6.3,4.0,6.6,5.6,4.0,4.0,4.0,4.0,6.6,4.0,4.0,4.0,5.6,4.0,4.0,5.1,4.0,4.0,4.0,4.0,4.0,4.0,5.5,4.0,6.2,4.0,4.0,6.0,4.0,4.0,4.0,4.0,5.7,5.9,5.3,4.0,4.0,4.0,4.0,6.1,4.0,4.0,4.0,6.0,4.0,4.0,4.0,4.0,4.0,5.0,4.0,4.0,5.4,4.0,4.0,6.3,4.0,4.0,4.0,4.0,6.3,6.1,4.0,4.0,6.2,6.5,4.0,4.0,4.0,4.0,5.8,6.4,4.0,4.0,6.3,4.0,5.8,6.4,5.6,4.0,4.0,5.4,4.0,4.0,4.0,7.5,4.0,4.0,6.6,5.9,6.3,4.0,6.2,4.0,4.0,4.0,5.8,5.7,5.8,4.0,4.0,5.7,4.0,4.0,4.0,4.0,4.0,4.0,5.7,4.0,4.0,4.0,4.0,4.0,4.0,4.0,4.0,4.0,4.0,4.0,5.2,4.0,5.6,4.0,4.0,6.5,4.0,4.0,4.0,4.0,4.0,4.0,4.0,4.0,4.0,4.0,4.0,4.0,4.0,7.0,4.0,4.0,4.0
1746,5.1,7.6,6.1,4.2,7.2,4.5,5.1,5.7,7.4,7.9,4.3,4.5,4.0,4.1,4.8,5.4,5.4,4.4,4.7,5.1,4.2,5.2,4.2,4.1,6.4,5.5,5.0,5.0,5.4,5.6,4.0,5.3,4.7,4.9,4.0,4.0,4.1,4.0,4.1,4.5,4.6,5.1,4.7,5.6,5.6,6.9,5.2,4.6,4.4,6.6,4.9,5.0,4.8,4.3,4.4,4.1,8.7,4.5,4.0,4.0,4.0,4.0,4.0,4.0,4.0,4.0,4.0,4.0,4.0,4.0,4.0,4.0,4.0,4.0,4.0,4.0,4.0,4.0,4.0,4.0,4.0,4.0,4.0,4.0,4.0,4.0,4.0,4.0,4.0,4.0,4.0,4.0,4.0,4.0,4.0,4.0,4.0,4.0,4.0,4.0,4.0,4.0,4.0,4.0,4.0,4.0,4.0,4.0,4.0,4.0,4.0,4.0,4.0,4.0,4.0,4.0,4.0,4.0,4.0,4.0,4.0,4.0,4.0,4.0,4.0,4.0,4.0,4.0,4.0,4.0,4.0,4.0,4.0,4.0,4.0,4.0,4.0,4.0,4.0,4.0,4.0,4.0,4.0,4.0,4.0,4.0,4.0,4.0,4.0,4.0,4.0,4.0,4.0,4.0,4.0,4.0,4.0,4.0,4.0,4.0,4.0,4.0,4.0,4.0,4.9,4.0,4.8,4.9,6.9,4.6,4.3,5.4
1769,7.0,4.0,6.5,7.8,6.2,7.2,4.0,6.6,6.2,6.4,7.7,8.0,4.0,4.0,6.2,6.4,6.4,7.3,7.4,8.4,7.6,7.8,6.7,6.9,9.2,7.4,7.0,6.6,7.4,7.0,4.0,6.3,6.1,7.7,6.1,7.0,7.5,7.4,7.0,7.0,7.2,4.0,7.7,6.9,7.1,5.9,6.0,8.1,8.5,6.6,8.0,4.0,8.4,7.0,7.9,6.9,6.7,7.5,4.0,8.4,5.1,8.2,5.1,4.0,4.0,4.0,7.6,4.0,4.0,4.0,8.3,6.6,4.0,6.2,7.9,4.0,4.0,6.8,6.4,4.0,4.0,7.8,4.0,6.7,7.5,4.0,7.3,7.0,4.0,6.7,6.6,5.7,6.5,7.8,7.3,5.4,5.9,4.0,6.3,7.2,6.8,6.5,6.8,6.7,6.7,7.8,6.6,6.3,5.5,6.1,7.2,4.0,6.9,7.2,8.5,6.6,7.3,7.4,5.8,5.3,5.2,7.1,4.0,4.0,4.0,7.1,7.6,4.0,8.5,7.7,5.3,5.5,5.6,4.0,6.0,5.6,5.8,5.2,4.0,5.7,6.1,4.0,6.2,4.0,4.0,4.0,4.0,4.0,7.9,4.0,4.0,4.0,4.0,4.0,7.5,4.0,4.0,4.0,4.0,4.0,4.0,4.0,4.0,4.0,7.0,6.4,6.3,5.5,7.9,6.6,7.2,6.4
1859,4.0,4.0,4.0,4.0,6.2,4.0,5.2,4.0,6.7,4.0,5.5,4.0,5.6,4.0,4.0,4.0,5.4,4.0,4.0,4.0,4.0,5.7,4.0,5.6,4.0,4.0,4.0,4.0,5.9,5.9,4.0,4.0,4.0,4.0,4.0,4.0,4.0,4.0,4.0,4.0,4.0,6.0,5.8,5.5,6.0,4.0,4.0,4.0,4.0,5.9,4.0,6.3,4.0,4.0,4.0,4.0,7.0,4.0,4.0,4.0,4.0,5.5,6.6,4.0,4.0,4.0,6.1,4.0,4.0,4.0,5.7,4.0,4.0,4.0,4.0,4.0,4.0,6.6,5.5,4.0,4.0,4.0,4.0,4.0,6.2,4.0,5.3,5.9,4.0,5.5,5.6,4.0,6.2,5.7,4.0,4.0,4.0,4.0,6.7,5.3,4.0,4.0,5.5,5.6,4.0,4.0,4.0,6.1,5.3,4.0,5.7,4.0,5.9,4.0,6.6,4.0,4.0,6.0,5.6,5.5,5.3,5.4,4.0,4.0,4.0,4.0,5.4,6.3,5.8,4.0,6.0,5.9,4.0,4.0,4.0,4.0,4.0,4.0,4.0,4.0,4.0,4.0,4.0,6.5,4.0,4.0,4.0,4.0,4.0,5.4,4.0,4.0,4.0,4.0,4.0,4.0,4.0,4.0,4.0,4.0,4.0,4.0,4.0,4.0,4.0,4.0,4.0,4.0,5.4,4.0,4.0,4.0
1890,4.0,4.0,4.0,4.0,7.6,4.0,5.2,4.0,7.4,4.0,4.0,4.0,4.0,4.0,4.0,6.4,5.9,4.0,4.0,4.0,4.0,4.0,4.0,4.0,4.0,4.0,4.0,4.0,5.4,6.4,4.0,4.0,4.0,4.0,4.0,4.0,4.0,4.0,4.0,4.0,4.0,6.4,4.0,7.5,6.1,4.0,7.6,4.0,4.0,7.6,6.1,4.0,4.0,5.9,4.0,4.0,8.5,4.0,4.0,4.0,4.0,4.0,6.0,7.7,6.9,6.4,4.0,4.0,4.0,4.0,4.0,4.0,6.0,4.0,4.0,4.0,4.0,7.8,5.1,4.0,4.0,4.0,4.0,4.0,4.0,4.0,4.0,4.0,4.0,5.2,5.3,5.4,6.4,4.0,4.0,5.5,5.8,5.2,4.0,4.0,5.0,5.1,4.0,5.9,4.0,4.0,5.4,7.7,6.2,6.0,5.7,6.8,6.2,4.0,6.4,4.0,4.0,4.0,4.0,6.4,5.4,4.0,4.0,4.0,4.0,4.0,4.0,6.3,4.0,5.2,4.0,5.5,4.0,5.4,4.0,4.0,4.0,4.0,4.0,4.0,4.0,4.0,4.0,7.5,7.0,4.0,4.0,6.2,4.0,4.0,4.0,5.1,5.1,4.0,4.0,4.0,4.0,4.0,4.0,4.0,4.0,4.0,4.0,4.0,4.0,4.0,4.0,4.0,5.3,4.0,4.0,4.0
1896,4.0,4.0,4.0,5.4,4.0,4.0,4.0,7.2,8.4,4.0,5.6,6.5,6.6,4.0,4.0,7.6,7.9,4.0,4.0,6.0,4.0,6.1,4.0,6.1,4.0,4.0,4.0,4.0,4.0,4.0,4.0,5.6,4.0,4.0,4.0,4.0,4.0,4.0,5.3,4.0,4.0,7.1,6.5,8.0,4.0,4.0,4.0,4.0,4.0,7.7,7.6,6.1,4.0,4.0,4.0,4.0,4.0,4.0,4.0,4.0,4.0,6.2,4.0,7.9,6.7,7.6,4.0,6.1,5.8,4.0,4.0,6.2,4.0,4.0,4.0,4.0,4.0,8.0,7.3,4.0,4.0,6.4,4.0,4.0,4.0,4.0,6.1,4.0,5.5,4.0,4.0,6.7,4.0,6.8,6.4,4.0,4.0,4.0,4.0,4.0,5.8,6.6,4.0,4.0,4.0,6.6,4.0,4.0,7.3,6.4,6.5,4.0,8.2,4.0,4.0,4.0,4.0,6.8,6.4,4.0,4.0,4.0,4.0,6.1,4.0,4.0,4.0,4.0,4.0,4.0,4.0,6.1,4.0,4.0,4.0,4.0,5.7,5.1,4.0,4.0,4.0,4.0,4.0,4.0,4.0,4.0,4.0,4.0,4.0,7.0,4.0,6.5,6.8,4.0,4.0,4.0,4.0,4.0,4.0,4.0,4.0,4.0,4.0,4.0,4.0,4.0,4.0,4.0,6.5,4.0,4.0,4.0
1901,4.0,4.0,4.0,6.4,4.0,4.0,6.3,7.7,8.6,4.0,6.1,4.0,7.5,6.4,4.0,6.4,7.2,4.0,4.0,6.5,7.3,6.4,6.4,6.1,4.0,4.0,4.0,4.0,7.4,8.4,4.0,6.5,6.4,4.0,5.7,7.1,6.5,7.9,5.9,4.0,4.0,4.0,7.7,7.9,8.2,4.0,8.1,4.0,7.3,7.5,4.0,6.7,4.0,6.9,4.0,4.0,4.0,4.0,4.0,5.9,5.6,6.7,4.0,4.0,4.0,8.3,4.0,6.3,6.6,6.0,4.0,6.9,9.0,4.0,4.0,4.0,4.0,7.9,7.6,4.0,4.0,7.4,4.0,8.3,6.0,4.0,7.9,6.7,5.9,7.8,7.6,6.5,6.6,6.9,7.3,5.9,6.1,5.9,7.4,6.3,6.6,6.4,7.4,6.5,5.8,7.3,7.9,8.3,7.7,7.5,7.8,7.6,4.0,6.4,7.8,6.1,8.2,6.6,4.0,8.1,7.2,6.8,5.7,6.4,4.0,6.5,7.2,6.3,6.4,6.8,6.6,6.4,6.0,6.4,4.0,4.0,5.6,6.1,4.0,7.1,5.6,4.0,4.0,8.9,8.4,4.0,8.0,6.4,4.0,7.6,6.5,7.1,6.2,4.0,5.8,5.9,5.9,4.0,4.0,4.0,4.0,4.0,4.0,4.0,4.0,6.3,4.0,4.0,6.7,4.0,4.0,4.0
2004,4.0,4.0,4.0,4.0,5.4,6.2,5.5,4.0,4.0,4.0,6.5,6.8,5.7,7.5,4.0,4.0,4.0,4.0,4.0,4.0,4.0,6.7,7.2,6.4,4.0,4.0,4.0,4.0,4.0,5.8,4.0,4.0,5.6,4.0,4.0,4.0,6.5,6.5,4.0,4.0,4.0,4.0,4.0,5.8,5.5,4.0,4.0,4.0,8.0,5.3,6.8,5.9,4.0,5.7,4.0,4.0,6.2,4.0,4.0,4.0,4.0,6.0,4.0,4.0,4.0,5.1,5.4,4.0,6.7,6.2,5.9,6.3,4.0,8.1,4.0,4.0,4.0,5.5,4.0,4.0,4.0,4.0,4.0,4.0,5.7,4.0,5.4,8.0,4.0,4.0,4.0,5.2,4.0,4.0,4.0,4.0,4.0,4.0,4.0,4.0,5.0,4.0,4.0,4.0,4.0,4.0,4.0,4.0,4.0,4.0,5.4,4.0,6.3,7.4,4.0,4.0,4.0,4.0,4.0,4.0,4.0,4.0,4.0,4.0,4.0,8.5,4.0,4.0,4.0,5.8,4.0,6.7,4.0,4.0,6.9,6.7,4.0,4.0,4.0,4.0,5.3,4.0,4.0,4.0,4.0,6.3,4.0,4.0,4.0,6.2,7.7,5.6,4.0,4.0,4.0,4.0,4.0,4.0,4.0,4.0,4.0,4.0,4.0,4.0,4.0,7.2,4.0,4.0,4.0,6.6,4.0,4.0
2010,4.0,4.0,4.0,4.0,4.0,7.2,4.0,7.2,4.0,4.0,8.1,8.7,7.4,8.1,4.0,7.3,7.1,7.6,4.0,7.4,8.0,8.1,8.0,6.3,4.0,4.0,4.0,4.0,7.1,5.4,4.0,4.0,5.5,4.0,6.8,6.5,7.0,8.0,5.9,4.0,4.0,6.7,4.0,5.3,4.0,4.0,4.0,7.4,4.0,6.5,6.8,8.4,4.0,5.8,4.0,6.5,5.1,6.2,4.0,5.5,4.0,8.7,5.8,4.0,4.0,4.0,7.0,5.9,6.7,4.0,6.8,6.0,4.0,4.0,6.2,4.0,4.0,7.3,4.0,4.0,4.0,6.8,4.0,8.4,5.7,4.0,6.3,7.8,7.1,5.4,4.0,6.0,4.0,4.0,4.0,4.0,4.0,4.0,7.3,4.0,5.1,4.0,5.6,4.0,5.6,6.2,4.0,4.0,4.0,4.0,4.0,7.1,4.0,7.4,4.0,4.0,4.0,6.4,4.0,4.0,8.0,4.0,4.0,4.0,4.0,9.0,6.6,4.0,7.1,7.5,4.0,6.7,4.0,4.0,7.5,6.1,5.5,6.5,4.0,4.0,4.0,4.0,6.0,4.0,4.0,6.2,8.1,4.0,6.0,7.9,8.2,7.8,4.0,6.4,8.0,4.0,4.0,4.0,4.0,4.0,4.0,4.0,4.0,4.0,4.0,7.4,4.0,4.0,5.3,6.4,4.0,4.0
2012,4.0,4.0,4.0,4.0,4.0,7.0,4.0,7.1,4.0,4.0,8.0,8.3,7.2,7.6,4.0,7.3,6.9,6.6,4.0,7.5,7.2,7.6,6.8,5.5,4.0,4.0,4.0,4.0,4.0,4.0,4.0,4.0,5.5,4.0,6.5,6.7,6.8,4.0,5.5,4.0,4.0,6.1,4.0,5.2,4.0,4.0,4.0,4.0,4.0,7.2,6.3,7.8,8.1,4.0,4.0,4.0,4.0,6.1,4.0,6.0,4.0,7.3,4.0,4.0,4.0,4.0,7.0,5.3,6.3,4.0,7.1,6.9,4.0,4.0,6.0,4.0,4.0,7.1,4.0,4.0,4.0,6.9,4.0,4.0,4.0,4.0,6.0,7.3,6.4,4.0,4.0,5.0,4.0,4.0,5.1,4.0,4.0,4.0,4.0,4.0,4.0,4.0,4.0,4.0,4.0,5.7,4.0,4.0,5.4,4.0,4.0,4.0,7.0,7.2,4.0,4.0,4.0,5.9,4.0,4.0,4.0,4.0,4.0,5.2,4.0,4.0,4.0,4.0,4.0,4.0,4.0,6.7,4.0,4.0,7.0,4.0,5.6,6.3,4.0,4.0,4.0,4.0,4.0,4.0,4.0,4.0,4.0,4.0,4.0,7.5,7.5,7.3,4.0,4.0,4.0,5.6,4.0,4.0,4.0,4.0,4.0,4.0,4.0,4.0,4.0,4.0,4.0,4.0,5.6,6.3,4.0,4.0
2020,4.0,4.0,4.0,4.0,4.0,6.2,5.5,4.0,4.0,4.0,5.9,7.3,6.4,4.0,4.0,4.0,4.0,6.2,4.0,4.0,4.0,5.4,4.0,6.7,4.0,4.0,4.0,4.0,5.6,5.4,4.0,4.0,4.0,4.0,6.1,5.9,5.8,7.1,5.8,4.0,4.0,4.0,5.8,4.0,5.2,4.0,4.0,4.0,6.5,4.0,4.0,4.0,4.0,4.0,4.0,4.0,5.3,5.7,4.0,6.5,4.0,6.7,4.0,4.0,4.0,4.0,6.6,4.0,6.1,6.9,4.0,4.0,4.0,7.9,4.0,4.0,4.0,4.0,4.0,4.0,4.0,5.7,4.0,6.6,4.0,4.0,4.0,4.0,5.9,5.4,4.0,5.1,4.0,4.0,6.4,4.0,4.0,4.0,4.0,4.0,4.0,4.0,4.0,4.0,4.0,4.0,4.0,5.2,4.0,4.0,4.0,4.0,4.0,4.0,4.0,4.0,4.0,5.8,4.0,4.0,5.3,4.0,4.0,5.2,5.6,7.5,7.4,4.0,7.5,4.0,4.0,5.2,4.0,4.0,4.0,6.0,5.8,5.8,4.0,4.0,4.0,4.0,4.0,4.0,4.0,4.0,7.2,4.0,6.5,4.0,8.4,5.9,4.0,4.0,4.0,4.0,4.0,4.0,4.0,4.0,4.0,4.0,4.0,4.0,7.1,7.5,4.0,4.0,4.0,4.0,4.0,4.0
2024,4.0,4.0,4.0,4.0,4.0,6.2,5.5,4.0,4.0,4.0,5.9,7.3,6.4,4.0,4.0,4.0,4.0,6.2,4.0,4.0,4.0,5.4,4.0,6.7,4.0,4.0,4.0,4.0,5.6,5.4,4.0,4.0,4.0,4.0,6.1,5.9,5.8,7.1,5.8,4.0,4.0,4.0,5.8,4.0,5.2,4.0,4.0,4.0,6.5,6.2,4.0,8.0,8.1,6.0,4.0,4.0,5.3,5.7,4.0,6.5,4.0,6.7,4.0,4.0,4.0,4.0,6.6,4.0,6.1,6.9,4.0,4.0,4.0,7.9,4.0,4.0,4.0,6.4,4.0,4.0,4.0,5.7,4.0,6.6,6.8,4.0,5.5,4.0,5.9,5.4,4.0,5.1,4.0,4.0,6.4,4.0,4.0,4.0,4.0,4.0,4.0,4.0,4.0,4.0,4.0,4.0,4.0,5.2,4.0,4.0,4.0,6.3,5.9,6.7,4.0,4.0,4.0,5.8,4.0,4.0,5.3,4.0,4.0,5.2,5.6,7.5,7.4,4.0,7.5,5.9,4.0,5.2,4.0,4.0,4.0,6.0,5.8,5.8,4.0,4.0,4.0,4.0,4.0,4.0,4.0,6.9,7.2,4.0,6.5,4.0,8.4,5.9,4.0,4.0,4.0,4.0,4.0,4.0,4.0,4.0,4.0,4.0,4.0,4.0,7.1,7.5,4.0,4.0,4.0,4.0,4.0,4.0
2052,4.0,4.0,4.0,4.0,4.0,7.3,4.0,4.0,4.0,4.0,7.2,8.3,7.2,9.4,4.0,4.0,4.0,4.0,4.0,4.0,4.0,7.9,7.8,7.2,4.0,4.0,4.0,4.0,5.8,7.6,4.0,4.0,4.0,4.0,5.4,6.8,6.4,6.6,4.0,4.0,4.0,4.0,4.0,4.0,6.0,4.0,4.0,4.0,8.5,4.0,4.0,7.4,4.0,5.1,4.0,7.5,5.6,4.0,4.0,6.3,4.0,6.9,4.0,4.0,4.0,4.0,4.0,4.0,6.7,5.9,7.0,6.4,4.0,7.8,4.0,4.0,4.0,4.0,4.0,4.0,4.0,5.5,4.0,4.0,6.0,4.0,5.1,9.1,4.0,5.2,4.0,5.4,4.0,4.0,4.0,4.0,4.0,4.0,4.0,4.0,4.0,4.0,6.8,5.5,4.0,4.0,4.0,5.1,4.0,5.3,6.2,4.0,7.2,9.1,4.0,4.0,4.0,4.0,4.0,4.0,4.0,6.2,4.0,4.0,4.0,8.5,7.3,4.0,6.0,6.3,4.0,5.8,4.0,4.0,8.5,5.8,4.0,4.0,4.0,4.0,7.5,4.0,4.0,4.0,4.0,6.8,6.2,4.0,4.0,7.1,7.5,5.9,4.0,4.0,6.4,4.0,4.0,4.0,4.0,4.0,4.0,4.0,4.0,4.0,4.0,8.0,4.0,4.0,4.0,4.0,4.0,4.0
2079,6.8,5.5,4.0,5.9,6.0,6.0,6.0,7.0,4.0,6.1,5.5,4.0,4.0,6.2,4.0,5.6,4.0,6.7,4.0,6.2,6.0,6.4,5.7,4.0,7.9,8.0,6.3,5.9,7.7,7.3,4.0,4.0,4.0,6.7,4.0,4.0,5.6,4.0,8.0,5.9,6.4,5.7,6.1,6.8,7.1,6.4,4.0,6.5,7.1,7.2,6.4,4.0,4.0,5.8,4.0,6.5,7.1,6.0,4.0,5.9,4.0,6.9,8.0,4.0,4.0,6.5,4.0,4.0,4.0,4.0,4.0,4.0,7.0,5.7,5.9,6.7,6.9,7.6,4.0,6.8,6.3,6.6,6.6,4.0,8.2,7.8,6.9,6.9,6.2,6.4,6.4,5.7,7.2,7.0,7.0,6.0,6.3,5.6,6.1,7.2,7.3,5.9,7.0,6.4,6.0,7.4,6.6,6.3,6.9,7.2,6.9,6.0,6.9,6.8,6.1,7.1,7.1,5.4,5.3,5.4,5.3,5.4,5.4,5.4,5.5,8.0,7.7,8.0,8.5,8.3,4.0,4.0,4.0,4.0,4.0,4.0,4.0,4.0,4.0,4.0,4.0,4.0,4.0,4.0,4.0,4.0,4.0,4.0,4.0,4.0,4.0,4.0,4.0,4.0,4.0,4.0,4.0,4.0,4.0,4.0,4.0,4.0,4.0,4.0,7.2,5.6,4.0,4.0,6.5,6.6,6.1,4.0
2098,4.0,4.0,4.0,5.2,5.4,8.5,4.0,4.0,4.0,4.0,5.9,9.4,8.8,6.2,4.0,4.0,5.6,4.0,4.0,4.0,4.0,8.0,6.7,5.1,4.0,4.0,4.0,4.0,5.6,6.1,4.0,4.0,4.0,4.0,4.0,6.3,6.0,4.0,4.0,4.0,4.0,5.3,4.0,4.0,5.8,4.0,6.1,4.0,4.0,4.0,5.9,5.9,4.0,4.0,4.0,4.0,5.5,4.0,4.0,4.0,4.0,5.4,4.0,4.0,4.0,4.0,4.0,4.0,4.0,4.0,6.0,7.7,4.0,4.0,4.0,4.0,4.0,4.0,4.0,4.0,4.0,4.0,4.0,7.2,4.0,4.0,4.0,6.6,4.0,5.9,5.5,5.2,4.0,5.4,5.7,4.0,4.0,4.0,4.0,5.2,4.0,4.0,6.0,5.2,4.0,4.0,5.8,5.4,5.2,4.0,5.2,5.8,6.8,4.0,4.0,4.0,4.0,4.0,4.0,4.0,5.2,5.1,5.2,4.0,4.0,4.0,6.3,5.1,4.0,5.9,5.6,4.0,4.0,4.0,4.0,4.0,4.0,4.0,4.0,4.0,4.0,4.0,4.0,6.0,6.2,4.0,6.8,4.0,4.0,8.1,6.4,4.0,4.0,4.0,4.0,5.8,4.0,4.0,4.0,4.0,4.0,4.0,4.0,4.0,4.0,4.0,4.0,4.0,4.0,4.0,4.0,4.0
2119,7.5,8.1,6.7,5.8,8.3,6.6,6.0,7.0,7.2,7.6,6.9,6.6,4.0,6.4,6.1,6.6,6.2,6.0,6.0,7.2,6.8,7.2,6.2,6.3,7.8,7.9,5.7,4.0,6.3,6.2,5.5,6.4,5.8,6.8,4.0,5.5,6.8,6.3,6.1,5.8,5.9,5.7,7.2,6.1,6.0,6.5,4.0,6.9,6.4,6.1,5.9,6.8,6.7,5.7,5.6,5.8,9.0,6.3,4.0,4.0,4.0,4.0,4.0,4.0,4.0,4.0,4.0,4.0,4.0,4.0,4.0,4.0,4.0,4.0,4.0,4.0,4.0,4.0,4.0,4.0,4.0,4.0,4.0,4.0,4.0,4.0,4.0,4.0,4.0,4.0,4.0,4.0,4.0,4.0,4.0,4.0,4.0,4.0,4.0,4.0,4.0,4.0,4.0,4.0,4.0,4.0,4.0,4.0,4.0,4.0,4.0,4.0,4.0,4.0,4.0,4.0,4.0,4.0,4.0,4.0,4.0,4.0,4.0,4.0,4.0,4.0,4.0,4.0,4.0,4.0,4.0,4.0,4.0,4.0,4.0,4.0,4.0,4.0,4.0,4.0,4.0,4.0,4.0,4.0,4.0,4.0,4.0,4.0,4.0,4.0,4.0,4.0,4.0,4.0,4.0,4.0,4.0,4.0,4.0,4.0,4.0,4.0,4.0,4.0,7.2,5.6,5.8,6.6,7.9,6.2,7.0,6.1
2201,4.0,4.0,4.0,4.0,5.9,6.0,4.0,4.0,5.6,4.0,4.0,4.0,5.8,4.0,4.0,5.9,5.7,4.0,4.0,6.2,5.8,6.0,4.0,5.1,4.0,4.0,4.0,4.0,6.5,5.8,4.0,4.0,4.0,4.0,4.0,4.0,4.0,4.0,4.0,4.0,4.0,4.0,4.0,5.7,4.0,4.0,6.6,4.0,4.0,5.5,4.0,6.6,6.5,5.7,4.0,4.0,7.6,7.0,4.0,4.0,4.0,6.5,4.0,4.0,4.0,4.0,4.0,5.6,4.0,4.0,4.0,4.0,4.0,4.0,4.0,4.0,4.0,5.8,6.4,4.0,4.0,5.6,4.0,4.0,4.0,4.0,6.9,4.0,4.0,4.0,4.0,4.0,6.6,5.7,4.0,4.0,5.9,4.0,4.0,5.5,5.8,4.0,5.1,5.2,4.0,4.0,4.0,4.0,4.0,4.0,4.0,7.4,5.3,4.0,4.0,4.0,4.0,5.4,5.8,5.6,5.7,5.1,4.0,4.0,4.0,4.0,6.4,5.3,4.0,4.0,4.0,5.3,4.0,4.0,4.0,4.0,4.0,4.0,4.0,5.6,5.4,4.0,4.0,6.1,6.2,4.0,4.0,4.0,4.0,5.4,4.0,5.7,4.0,4.0,4.0,4.0,4.0,4.0,4.0,4.0,4.0,4.0,6.6,4.0,4.0,4.0,4.0,4.0,5.4,4.0,4.0,4.0
2230,7.2,5.6,6.1,4.0,5.5,6.2,4.0,4.0,4.0,5.9,6.3,5.8,7.0,6.1,4.0,6.7,6.4,6.3,4.0,6.1,5.7,6.8,5.8,4.0,6.4,4.0,6.4,5.6,6.4,4.0,6.0,5.7,5.5,5.9,5.8,6.3,6.7,6.2,5.9,4.0,6.2,5.4,6.5,6.0,4.0,5.9,4.0,5.3,6.7,5.9,6.3,6.6,7.3,4.0,6.0,5.7,6.8,6.0,4.0,4.0,4.0,4.0,4.0,4.0,4.0,4.0,4.0,4.0,4.0,4.0,4.0,4.0,4.0,4.0,4.0,4.0,4.0,4.0,4.0,4.0,4.0,4.0,4.0,4.0,4.0,4.0,4.0,4.0,4.0,4.0,4.0,4.0,4.0,4.0,4.0,4.0,4.0,4.0,4.0,4.0,4.0,4.0,4.0,4.0,4.0,4.0,4.0,4.0,4.0,4.0,4.0,4.0,4.0,4.0,4.0,4.0,4.0,4.0,4.0,4.0,4.0,4.0,4.0,4.0,4.0,4.0,4.0,4.0,4.0,4.0,4.0,4.0,4.0,4.0,4.0,4.0,4.0,4.0,4.0,4.0,4.0,4.0,4.0,4.0,4.0,4.0,4.0,4.0,4.0,4.0,4.0,4.0,4.0,4.0,4.0,4.0,4.0,4.0,4.0,4.0,4.0,4.0,4.0,4.0,5.6,4.0,6.1,5.6,7.6,6.8,4.0,4.0
2268,4.9,5.1,4.9,4.0,4.6,4.0,5.2,4.9,5.4,5.0,4.3,5.0,4.0,4.0,4.8,4.2,4.2,4.0,4.4,4.1,4.0,4.7,4.0,4.0,5.4,5.1,4.3,4.3,4.9,4.3,4.0,4.0,4.0,4.2,4.0,4.2,4.0,4.0,4.4,5.3,4.5,4.6,4.6,4.0,4.7,4.5,4.9,4.5,4.5,4.3,4.5,5.3,5.0,4.9,4.1,4.5,5.9,4.7,4.0,4.0,4.0,4.0,4.0,4.0,4.0,4.0,4.0,4.0,4.0,4.0,4.0,4.0,4.0,4.0,4.0,4.0,4.0,4.0,4.0,4.0,4.0,4.0,4.0,4.0,4.0,4.0,4.0,4.0,4.0,4.0,4.0,4.0,4.0,4.0,4.0,4.0,4.0,4.0,4.0,4.0,4.0,4.0,4.0,4.0,4.0,4.0,4.0,4.0,4.0,4.0,4.0,4.0,4.0,4.0,4.0,4.0,4.0,4.0,4.0,4.0,4.0,4.0,4.0,4.0,4.0,4.0,4.0,4.0,4.0,4.0,4.0,4.0,4.0,4.0,4.0,4.0,4.0,4.0,4.0,4.0,4.0,4.0,4.0,4.0,4.0,4.0,4.0,4.0,4.0,4.0,4.0,4.0,4.0,4.0,4.0,4.0,4.0,4.0,4.0,4.0,4.0,4.0,4.0,4.0,4.2,4.2,4.2,4.0,7.3,4.8,4.3,4.6
2325,6.7,4.0,4.0,5.9,6.5,6.5,5.9,4.0,6.6,4.0,6.3,7.1,8.1,6.6,4.0,5.7,5.9,4.0,4.0,7.3,6.4,6.6,6.2,5.7,4.0,4.0,4.0,4.0,7.4,6.5,4.0,5.9,4.0,4.0,5.3,7.2,6.9,8.2,5.8,4.0,4.0,4.0,6.9,5.2,4.0,4.0,4.0,4.0,7.3,6.3,6.1,7.2,6.9,5.4,6.8,4.0,7.1,4.0,4.0,7.7,4.0,6.7,4.0,4.0,4.0,4.0,6.2,4.0,4.0,4.0,6.8,4.0,4.0,4.0,4.0,4.0,4.0,6.0,5.9,4.0,4.0,6.0,4.0,6.3,5.9,4.0,6.2,6.7,4.0,5.3,5.5,4.0,4.0,6.1,6.5,5.8,6.3,4.0,5.9,6.5,6.0,4.0,5.9,5.5,6.0,5.8,6.0,6.3,5.4,5.9,4.0,4.0,6.3,6.8,7.1,4.0,6.3,6.4,5.9,4.0,4.0,5.3,4.0,4.0,4.0,6.2,6.7,4.0,7.1,6.5,5.4,6.6,4.0,4.0,4.0,4.0,4.0,4.0,4.0,5.8,4.0,4.0,5.9,4.0,4.0,4.0,7.2,5.7,6.6,6.8,6.6,7.1,4.0,6.5,7.8,4.0,4.0,4.0,4.0,4.0,4.0,4.0,6.6,4.0,6.4,4.0,4.0,4.0,6.4,6.8,4.0,4.0
2328,6.2,4.0,6.1,5.7,6.4,4.0,6.7,5.9,6.4,6.3,5.9,6.2,5.7,4.0,4.0,6.2,6.3,6.0,6.2,7.0,6.3,6.9,5.4,4.0,7.3,6.3,6.6,6.1,5.8,5.8,4.0,6.8,6.6,5.9,4.0,4.0,6.5,5.8,7.2,5.6,6.0,4.0,6.4,6.0,4.0,4.0,5.6,6.3,6.5,6.0,7.0,6.7,7.0,5.3,6.5,5.7,7.6,4.0,4.0,4.0,4.0,4.0,4.0,4.0,4.0,4.0,4.0,4.0,4.0,4.0,4.0,4.0,4.0,4.0,4.0,4.0,4.0,4.0,4.0,4.0,4.0,4.0,4.0,4.0,4.0,4.0,4.0,4.0,4.0,4.0,4.0,4.0,4.0,4.0,4.0,4.0,4.0,4.0,4.0,4.0,4.0,4.0,4.0,4.0,4.0,4.0,4.0,4.0,4.0,4.0,4.0,4.0,4.0,4.0,4.0,4.0,4.0,4.0,4.0,4.0,4.0,4.0,4.0,4.0,4.0,4.0,4.0,4.0,4.0,4.0,4.0,4.0,4.0,4.0,4.0,4.0,4.0,4.0,4.0,4.0,4.0,4.0,4.0,4.0,4.0,4.0,4.0,4.0,4.0,4.0,4.0,4.0,4.0,4.0,4.0,4.0,4.0,4.0,4.0,4.0,4.0,4.0,4.0,4.0,5.8,4.0,6.0,4.0,7.7,5.7,4.0,4.0
2329,6.7,4.0,4.0,5.9,6.5,6.5,5.9,4.0,6.6,4.0,6.3,7.1,8.1,6.6,4.0,5.7,5.9,4.0,4.0,7.3,6.4,6.6,6.2,5.7,4.0,4.0,4.0,4.0,7.4,6.5,4.0,5.9,4.0,4.0,5.3,7.2,6.9,8.2,5.8,4.0,4.0,4.0,6.9,5.2,4.0,4.0,4.0,4.0,7.3,6.3,6.1,7.2,6.9,5.4,6.8,4.0,7.1,4.0,4.0,7.7,4.0,6.7,4.0,4.0,4.0,4.0,6.2,4.0,4.0,4.0,6.8,4.0,4.0,4.0,6.6,4.0,4.0,6.0,5.9,4.0,4.0,6.0,4.0,6.3,5.9,4.0,6.2,6.7,4.0,5.3,5.5,4.0,4.0,6.1,6.5,5.8,6.3,4.0,5.9,6.5,6.0,4.0,5.9,5.5,6.0,5.8,6.0,6.3,5.4,5.9,4.0,4.0,6.3,6.8,7.1,4.0,6.3,6.4,5.9,4.0,4.0,5.3,4.0,4.0,4.0,6.2,6.7,4.0,7.1,6.5,5.4,6.6,4.0,4.0,4.0,4.0,4.0,4.0,4.0,5.8,4.0,4.0,5.9,4.0,4.0,4.0,7.2,5.7,6.6,6.8,6.6,7.1,4.0,6.5,7.8,4.0,4.0,4.0,4.0,4.0,4.0,4.0,6.6,4.0,6.4,4.0,4.0,4.0,6.4,6.8,4.0,4.0
2343,4.0,4.0,4.0,4.0,4.0,4.0,4.0,4.0,4.0,4.0,4.0,4.0,4.0,4.0,4.0,4.0,4.0,4.0,4.0,4.0,4.0,4.0,4.0,4.0,4.0,4.0,4.0,4.0,4.0,4.0,4.0,4.0,4.0,4.0,4.0,4.0,4.0,4.0,4.0,4.0,4.0,4.0,4.0,4.0,4.0,4.0,4.0,4.0,4.0,4.0,4.0,4.0,4.0,4.0,4.0,4.0,4.0,4.0,4.0,4.0,8.0,6.6,5.6,7.5,7.1,7.1,4.0,7.8,6.3,7.5,4.0,6.6,4.0,5.7,4.0,4.0,4.0,4.0,4.0,4.0,4.0,4.0,4.0,6.7,7.3,4.0,4.0,6.5,4.0,6.6,6.6,5.7,7.0,4.0,4.0,6.2,4.0,6.8,7.2,6.8,4.0,4.0,4.0,6.1,6.6,7.1,5.7,4.0,4.0,5.9,6.7,4.0,4.0,5.9,4.0,7.4,4.0,4.0,7.8,6.8,6.3,6.7,7.1,5.5,4.0,4.0,5.8,5.7,4.0,4.0,5.8,4.0,4.0,7.4,4.0,4.0,6.5,6.6,7.3,6.7,6.6,8.0,7.1,6.6,6.3,6.2,4.0,4.0,6.8,4.0,4.0,4.0,4.0,4.0,6.5,4.0,4.0,4.0,4.0,4.0,4.0,4.0,4.0,4.0,4.0,4.0,4.0,4.0,4.0,4.0,4.0,4.0
2344,4.0,4.0,4.0,4.0,4.0,5.7,4.0,4.0,4.0,4.0,4.0,6.5,4.0,6.1,4.0,6.7,7.3,6.4,4.0,4.0,4.0,4.0,4.0,4.0,4.0,4.0,4.0,4.0,4.0,6.4,4.0,4.0,4.0,4.0,6.3,6.1,4.0,5.9,5.4,4.0,4.0,4.0,7.5,4.0,6.2,4.0,6.6,4.0,6.4,4.0,6.9,4.0,7.4,5.2,4.0,7.6,4.0,4.0,4.0,4.0,7.1,6.0,4.0,6.9,6.5,6.5,4.0,7.1,4.0,7.4,4.0,5.9,4.0,4.0,4.0,4.0,4.0,4.0,4.0,4.0,4.0,4.0,4.0,6.1,6.5,4.0,4.0,5.8,4.0,5.9,4.0,4.0,6.1,4.0,4.0,5.4,4.0,4.0,6.4,6.0,4.0,4.0,4.0,5.4,5.8,6.6,5.3,4.0,4.0,5.5,6.0,4.0,4.0,5.7,4.0,6.8,4.0,4.0,7.1,5.6,4.0,5.7,6.6,4.0,4.0,4.0,5.1,4.0,4.0,4.0,4.0,4.0,4.0,6.9,4.0,4.0,6.0,6.1,6.8,5.8,5.8,6.9,6.4,6.0,6.0,4.0,4.0,4.0,4.0,4.0,4.0,4.0,4.0,4.0,4.0,4.0,4.0,4.0,4.0,4.0,4.0,4.0,4.0,4.0,4.0,6.4,4.0,4.0,4.0,4.0,4.0,4.0
2423,4.0,4.0,4.0,6.1,6.2,5.7,4.0,7.8,8.1,4.0,4.0,4.0,5.9,4.0,4.0,6.5,6.3,4.0,4.0,4.0,6.4,5.7,4.0,4.0,4.0,4.0,4.0,4.0,6.3,7.4,4.0,4.0,5.9,4.0,4.0,4.0,4.0,4.0,4.0,4.0,4.0,6.1,5.7,4.0,5.8,4.0,4.0,4.0,4.0,5.5,6.1,6.0,4.0,5.1,4.0,4.0,6.9,4.0,4.0,4.0,4.0,6.3,4.0,4.0,4.0,4.0,4.0,4.0,4.0,4.0,4.0,4.0,7.1,4.0,6.4,4.0,4.0,4.0,5.2,4.0,4.0,4.0,4.0,5.8,4.0,4.0,5.4,6.0,4.0,4.0,4.0,4.0,6.6,6.0,4.0,4.0,5.3,4.0,7.0,7.9,5.3,4.0,5.7,5.6,6.6,5.6,5.7,4.0,4.0,4.0,5.7,4.0,6.3,4.0,4.0,4.0,4.0,6.3,4.0,6.9,5.9,5.5,4.0,4.0,4.0,4.0,7.1,4.0,4.0,5.6,4.0,4.0,4.0,4.0,4.0,4.0,4.0,4.0,4.0,6.7,4.0,4.0,4.0,4.0,4.0,4.0,6.1,4.0,4.0,6.1,4.0,5.2,4.0,4.0,4.0,4.0,4.0,4.0,4.0,4.0,4.0,4.0,4.0,4.0,4.0,4.0,4.0,4.0,4.0,4.0,4.0,4.0
2438,4.0,4.0,4.0,6.9,4.0,5.9,4.0,7.8,6.0,4.0,5.6,7.6,6.3,4.0,4.0,6.3,6.1,4.0,4.0,4.0,4.0,6.8,4.0,6.3,4.0,4.0,4.0,4.0,4.0,6.6,4.0,4.0,5.6,4.0,6.5,4.0,4.0,4.0,4.0,4.0,4.0,6.1,6.6,4.0,6.8,4.0,6.6,4.0,6.6,6.2,4.0,7.7,6.9,4.0,4.0,4.0,6.2,6.3,4.0,4.0,6.5,7.8,4.0,4.0,4.0,4.0,4.0,7.8,4.0,4.0,5.9,4.0,4.0,4.0,4.0,4.0,4.0,6.3,6.0,4.0,4.0,6.6,4.0,7.3,4.0,4.0,4.0,4.0,4.0,4.0,4.0,5.2,6.9,6.5,7.7,4.0,7.2,4.0,4.0,6.0,4.0,6.4,4.0,7.6,6.5,7.3,4.0,6.0,4.0,4.0,6.9,4.0,4.0,5.4,4.0,6.8,7.2,6.4,6.5,5.3,6.3,6.5,5.8,4.0,4.0,4.0,6.5,4.0,4.0,5.7,4.0,4.0,4.0,4.0,4.0,4.0,4.0,4.0,4.0,4.0,6.2,4.0,4.0,4.0,4.0,4.0,6.5,4.0,4.0,7.3,4.0,6.5,5.3,4.0,4.0,4.0,4.0,4.0,4.0,4.0,4.0,4.0,4.0,4.0,4.0,4.0,4.0,4.0,5.9,4.0,4.0,4.0
2455,4.0,4.0,4.0,4.0,6.4,4.0,4.0,6.4,4.0,4.0,5.4,4.0,6.8,4.0,4.0,6.2,6.1,4.0,4.0,4.0,4.0,6.4,4.0,4.0,4.0,4.0,4.0,4.0,6.1,6.7,4.0,4.0,6.4,4.0,4.0,4.0,4.0,6.4,4.0,4.0,4.0,6.2,4.0,4.0,6.7,4.0,4.0,4.0,6.1,5.3,5.4,6.2,4.0,4.0,4.0,4.0,6.9,4.0,4.0,4.0,4.0,5.8,6.5,4.0,4.0,4.0,4.0,4.0,4.0,4.0,4.0,4.0,4.0,4.0,4.0,4.0,4.0,4.0,5.5,4.0,4.0,5.7,4.0,6.7,4.0,4.0,4.0,4.0,4.0,5.7,5.5,4.0,4.0,5.3,6.8,5.9,6.3,6.0,6.3,5.6,5.3,5.3,5.9,5.9,4.0,6.0,4.0,5.4,4.0,4.0,6.9,4.0,4.0,4.0,6.7,4.0,4.0,5.7,6.0,6.2,6.1,6.2,4.0,4.0,4.0,4.0,6.3,4.0,6.2,6.4,5.1,4.0,4.0,4.0,4.0,4.0,4.0,4.0,4.0,4.0,4.0,4.0,4.0,4.0,4.0,4.0,4.0,4.0,6.4,6.1,4.0,5.9,4.0,4.0,4.0,4.0,4.0,4.0,4.0,4.0,4.0,4.0,4.0,4.0,4.0,4.0,4.0,4.0,5.2,4.0,4.0,4.0
2472,4.0,4.0,4.0,6.8,7.3,6.6,6.1,7.1,8.1,4.0,7.6,8.0,8.5,6.7,4.0,8.4,8.5,4.0,4.0,6.8,7.6,7.6,6.9,4.0,4.0,4.0,4.0,4.0,8.1,4.0,4.0,6.9,6.9,4.0,6.2,7.7,7.1,4.0,6.7,4.0,4.0,5.8,8.4,5.4,4.0,4.0,4.0,4.0,7.9,6.5,7.4,8.4,7.8,5.8,4.0,6.9,8.2,6.7,4.0,6.9,4.0,7.9,5.9,4.0,5.4,4.0,5.8,4.0,4.0,4.0,7.9,4.0,6.0,4.0,6.6,4.0,4.0,7.3,7.8,4.0,4.0,7.4,4.0,8.2,4.0,4.0,4.0,6.8,4.0,7.1,6.7,4.0,6.9,4.0,6.8,5.6,5.5,5.8,6.9,7.7,5.8,6.8,4.0,6.9,6.3,7.8,6.8,8.2,5.9,5.9,7.3,6.1,6.9,6.8,8.4,4.0,6.5,7.7,6.3,4.0,5.7,7.9,5.9,5.7,4.0,7.5,4.0,4.0,5.9,6.9,6.6,7.1,6.2,5.5,6.1,4.0,5.5,5.2,5.1,6.0,6.7,6.4,6.7,6.9,6.5,4.0,7.7,4.0,4.0,8.5,6.4,7.2,4.0,6.6,4.0,4.0,4.0,4.0,4.0,4.0,4.0,4.0,4.0,4.0,6.2,7.1,4.0,4.0,4.0,4.0,4.0,4.0
2480,4.0,4.0,4.0,5.9,4.0,4.0,4.0,7.1,6.0,6.2,4.0,4.0,4.0,4.0,4.0,6.9,6.5,4.0,4.0,4.0,4.0,4.0,4.0,5.9,6.6,4.0,4.0,4.0,4.0,4.0,4.0,4.0,4.0,4.0,4.0,4.0,4.0,4.0,5.6,4.0,4.0,4.0,6.1,7.4,6.4,4.0,8.5,4.0,4.0,7.1,6.0,4.0,4.0,4.0,4.0,4.0,7.5,4.0,6.4,4.0,4.0,7.2,7.5,6.6,5.7,6.6,4.0,4.0,4.0,4.0,4.0,4.0,7.0,4.0,4.0,4.0,6.9,7.2,6.3,4.0,4.0,7.2,8.1,6.6,6.7,6.6,6.3,4.0,5.5,6.8,6.3,6.2,7.9,7.9,7.7,5.6,5.9,4.0,6.2,5.9,5.1,5.3,7.0,7.6,6.7,8.8,6.9,6.5,6.5,6.7,7.3,6.2,4.0,4.0,7.4,5.8,6.6,7.5,7.0,7.0,6.3,7.1,8.5,7.2,8.5,4.0,6.8,5.6,4.0,6.9,5.5,6.9,5.6,6.1,4.0,4.0,5.9,6.2,5.8,5.7,5.6,6.7,4.0,8.2,7.7,4.0,6.3,4.0,4.0,6.0,4.0,7.3,7.7,6.6,7.0,4.0,4.0,4.0,4.0,4.0,4.0,4.0,4.0,4.0,4.0,4.0,4.0,4.0,5.8,4.0,4.0,4.0
2481,4.0,4.0,4.0,5.6,4.0,5.6,4.0,6.2,6.5,4.0,4.0,6.4,5.8,4.0,4.0,6.8,6.0,4.0,4.0,4.0,6.0,4.0,5.9,5.3,4.0,4.0,4.0,4.0,4.0,4.0,4.0,6.8,5.8,4.0,4.0,4.0,4.0,4.0,5.9,4.0,4.0,5.9,6.4,7.3,4.0,4.0,4.0,4.0,4.0,6.4,5.5,6.1,5.5,4.0,4.0,4.0,4.0,4.0,4.0,4.0,4.0,6.8,4.0,6.1,5.5,6.0,4.0,4.0,6.8,4.0,4.0,4.0,4.0,4.0,5.7,4.0,4.0,6.5,6.2,4.0,4.0,6.9,4.0,4.0,4.0,4.0,6.3,5.9,4.0,4.0,4.0,5.5,4.0,6.9,7.4,4.0,4.0,4.0,4.0,4.0,4.0,4.0,4.0,4.0,4.0,7.7,4.0,4.0,6.1,6.0,6.1,4.0,4.0,4.0,4.0,4.0,4.0,6.5,4.0,4.0,4.0,4.0,6.6,6.3,4.0,4.0,4.0,4.0,4.0,4.0,4.0,6.4,4.0,4.0,4.0,4.0,5.3,5.5,5.5,4.0,4.0,4.0,4.0,4.0,4.0,4.0,4.0,6.8,4.0,5.4,4.0,7.1,7.1,4.0,4.0,6.6,4.0,4.0,4.0,4.0,4.0,4.0,4.0,4.0,4.0,4.0,4.0,4.0,6.7,4.0,4.0,4.0
2482,4.0,4.0,4.0,4.0,6.0,4.0,4.0,6.0,7.0,4.0,4.0,4.0,5.9,4.0,4.0,7.3,7.0,4.0,4.0,4.0,4.0,5.9,4.0,5.4,4.0,4.0,4.0,4.0,6.3,7.1,4.0,6.9,5.9,4.0,4.0,4.0,4.0,4.0,4.0,4.0,4.0,5.5,6.2,6.2,6.0,4.0,7.4,4.0,4.0,5.8,5.3,5.4,5.9,5.6,4.0,4.0,7.6,5.6,4.0,4.0,4.0,6.7,5.5,4.0,5.6,4.0,4.0,4.0,4.0,6.0,4.0,4.0,4.0,4.0,4.0,4.0,4.0,6.5,4.0,4.0,4.0,6.4,4.0,4.0,4.0,4.0,5.6,4.0,4.0,5.5,5.2,5.4,6.9,6.4,7.4,4.0,4.0,4.0,4.0,5.1,4.0,4.0,6.3,7.0,5.4,8.1,5.5,7.1,5.3,5.8,6.1,4.0,4.0,4.0,6.6,4.0,4.0,5.8,4.0,6.2,4.0,5.7,7.6,5.4,7.2,4.0,6.2,4.0,4.0,5.8,4.0,5.5,4.0,5.7,4.0,4.0,5.3,6.1,5.0,5.7,4.0,6.2,4.0,6.4,6.1,4.0,4.0,4.0,4.0,5.6,4.0,6.7,6.8,6.0,6.7,4.0,4.0,4.0,4.0,4.0,4.0,4.0,4.0,4.0,4.0,4.0,4.0,4.0,6.1,4.0,4.0,4.0
2516,6.8,7.8,8.4,4.0,4.0,4.0,8.1,6.4,9.1,9.2,4.0,4.0,4.0,4.0,5.6,8.2,8.2,4.0,4.0,7.7,6.0,6.1,5.6,4.0,6.5,4.0,5.7,4.0,6.7,5.8,4.0,6.4,6.3,4.0,4.0,4.0,4.0,4.0,4.0,4.0,4.0,5.8,4.0,6.4,7.2,7.2,6.0,4.0,4.0,6.9,7.3,6.2,4.0,6.6,4.0,4.0,9.2,4.0,4.0,4.0,4.0,6.3,6.4,5.1,4.0,5.2,4.0,4.0,4.0,4.0,4.0,4.0,4.0,4.0,4.0,4.0,4.0,6.5,5.8,4.0,4.0,6.3,4.0,4.0,4.0,4.0,4.0,4.0,4.0,4.0,5.2,5.9,9.7,7.2,5.9,7.6,7.6,8.0,7.6,7.0,6.2,7.5,5.8,7.1,7.3,4.0,4.0,7.7,6.8,6.6,6.5,4.0,4.0,4.0,7.6,4.0,4.0,7.2,6.7,8.0,6.4,5.2,4.0,4.0,6.1,5.7,4.0,4.0,4.0,5.0,4.0,7.8,4.0,8.0,4.0,4.0,7.1,7.2,4.0,5.9,4.0,4.0,4.0,6.1,4.0,4.0,4.0,4.0,4.0,4.0,4.0,4.0,6.1,4.0,4.0,4.0,4.0,4.0,4.0,4.0,4.0,4.0,4.0,4.0,4.0,4.0,4.0,4.0,6.5,4.0,5.9,5.7
2517,6.8,7.8,8.4,4.0,4.0,4.0,8.1,6.4,9.1,9.2,4.0,4.0,4.0,4.0,5.6,8.2,8.2,4.0,4.0,7.7,6.0,6.1,5.6,4.0,6.5,4.0,5.7,4.0,6.7,5.8,4.0,6.4,6.3,4.0,4.0,4.0,4.0,4.0,4.0,4.0,4.0,5.8,4.0,6.4,7.2,7.2,6.0,4.0,4.0,6.9,7.3,6.2,4.0,6.6,4.0,4.0,9.2,4.0,4.0,4.0,4.0,6.3,6.4,5.1,4.0,5.2,4.0,4.0,4.0,4.0,4.0,4.0,4.0,4.0,6.1,4.0,4.0,6.5,5.8,4.0,4.0,6.3,4.0,4.0,4.0,4.0,4.0,4.0,4.0,4.0,5.2,5.9,9.7,7.2,5.9,7.6,7.6,8.0,7.6,7.0,6.2,7.5,5.8,7.1,7.3,4.0,4.0,7.7,6.8,6.6,6.5,4.0,4.0,4.0,7.6,4.0,4.0,7.2,6.7,8.0,6.4,5.2,4.0,4.0,6.1,5.7,4.0,5.5,4.0,5.0,4.0,7.8,4.0,8.0,4.0,4.0,7.1,7.2,4.0,5.9,5.4,4.0,4.0,6.1,4.0,4.0,4.0,4.0,4.0,4.0,4.0,4.0,6.1,4.0,4.0,4.0,4.0,4.0,4.0,4.0,4.0,4.0,4.0,4.0,4.0,4.0,4.0,4.0,6.5,4.0,5.9,5.7
2519,4.0,4.0,4.0,4.0,6.3,4.0,5.8,6.2,5.8,4.0,5.3,4.0,5.7,4.0,4.0,7.2,7.1,4.0,4.0,4.0,4.0,5.7,4.0,5.6,4.0,4.0,4.0,4.0,7.3,5.9,4.0,5.8,5.4,4.0,4.0,4.0,4.0,4.0,4.0,4.0,4.0,5.7,5.9,5.4,5.8,4.0,4.0,4.0,4.0,4.0,5.6,5.4,4.0,4.0,5.9,4.0,6.8,4.0,4.0,4.0,5.6,5.8,5.3,4.0,4.0,4.0,4.0,6.4,4.0,4.0,5.8,4.0,4.0,4.0,4.0,4.0,4.0,4.0,5.4,4.0,4.0,4.0,4.0,6.1,5.8,4.0,5.4,4.0,4.0,5.5,5.8,4.0,6.1,6.3,6.3,6.1,5.9,5.6,6.4,6.1,5.3,5.1,4.0,6.0,5.6,4.0,4.0,5.2,5.1,4.0,5.6,4.0,4.0,4.0,5.6,4.0,4.0,5.9,5.3,4.0,6.5,5.1,4.0,4.0,4.0,6.4,6.1,6.2,5.8,6.6,5.1,5.9,4.0,4.0,4.0,4.0,4.0,4.0,4.0,4.0,6.1,4.0,4.0,4.0,4.0,4.0,4.0,4.0,5.8,4.0,4.0,4.0,4.0,4.0,4.0,4.0,4.0,4.0,4.0,4.0,4.0,4.0,6.1,4.0,4.0,4.0,4.0,4.0,6.6,4.0,4.0,4.0
2520,7.1,7.5,8.2,4.0,4.0,4.0,7.8,6.4,4.0,4.0,4.0,4.0,4.0,4.0,4.0,7.5,7.6,4.0,4.0,7.0,4.0,4.0,4.0,4.0,4.0,4.0,4.0,4.0,6.4,4.0,4.0,5.6,5.8,4.0,4.0,4.0,4.0,4.0,4.0,4.0,4.0,4.0,4.0,5.5,7.1,4.0,4.0,4.0,4.0,4.0,6.5,5.4,4.0,5.9,4.0,4.0,4.0,4.0,4.0,4.0,4.0,6.1,5.5,4.0,4.0,4.0,4.0,4.0,4.0,4.0,4.0,4.0,4.0,4.0,4.0,4.0,4.0,4.0,5.4,4.0,4.0,5.2,4.0,4.0,4.0,4.0,4.0,4.0,4.0,4.0,5.2,4.0,9.4,6.4,5.9,7.3,7.4,7.5,7.2,6.8,6.1,6.8,4.0,7.2,6.8,4.0,4.0,7.2,6.4,5.8,6.3,4.0,4.0,4.0,6.8,4.0,4.0,6.6,6.4,7.8,6.4,4.0,4.0,4.0,4.0,6.0,4.0,5.4,4.0,4.0,4.0,7.6,4.0,7.9,4.0,4.0,6.6,7.2,4.0,4.0,4.0,4.0,4.0,6.3,4.0,4.0,4.0,4.0,4.0,4.0,4.0,4.0,5.2,4.0,4.0,4.0,4.0,4.0,4.0,4.0,4.0,4.0,4.0,4.0,4.0,4.0,4.0,4.0,5.9,4.0,4.0,4.0
2527,4.0,4.0,4.0,4.0,4.0,7.8,5.8,4.0,4.0,4.0,8.0,7.5,8.8,4.0,4.0,4.0,4.0,4.0,4.0,4.0,4.0,7.5,4.0,6.3,4.0,4.0,4.0,4.0,5.5,6.6,4.0,4.0,4.0,4.0,5.8,5.9,5.7,6.5,6.7,4.0,4.0,5.2,4.0,4.0,6.7,4.0,4.0,4.0,8.1,5.2,4.0,6.4,4.0,5.2,4.0,4.0,4.0,4.0,4.0,7.6,4.0,5.5,4.0,4.0,5.5,5.1,6.6,4.0,7.5,7.9,7.6,7.8,4.0,8.5,4.0,4.0,4.0,4.0,4.0,4.0,4.0,6.3,4.0,6.4,6.0,4.0,6.6,4.0,5.5,5.6,5.4,5.8,4.0,4.0,7.2,4.0,4.0,4.0,4.0,4.0,6.2,4.0,5.6,5.6,4.0,5.7,5.4,4.0,5.8,4.0,7.1,4.0,6.1,4.0,4.0,4.0,4.0,4.0,4.0,4.0,4.0,5.5,4.0,6.5,4.0,4.0,7.2,4.0,6.7,5.4,5.4,7.6,5.4,4.0,4.0,8.1,5.5,4.0,4.0,4.0,5.8,4.0,4.0,4.0,4.0,8.2,6.9,4.0,4.0,7.5,4.0,6.6,4.0,4.0,4.0,4.0,4.0,4.0,4.0,4.0,4.0,4.0,4.0,4.0,6.7,9.1,4.0,4.0,4.0,8.4,4.0,4.0
2535,4.0,4.0,4.0,4.0,4.0,6.9,5.2,4.0,4.0,4.0,5.9,6.9,8.0,4.0,4.0,4.0,4.0,7.0,4.0,4.0,4.0,6.5,6.3,5.4,4.0,4.0,4.0,4.0,5.5,5.3,4.0,4.0,4.0,4.0,5.5,4.0,4.0,4.0,4.0,4.0,4.0,4.0,4.0,4.0,6.0,4.0,4.0,4.0,6.5,6.3,4.0,5.3,4.0,5.2,4.0,4.0,4.0,4.0,4.0,4.0,4.0,4.0,4.0,4.0,4.0,4.0,7.8,4.0,4.0,4.0,4.0,6.3,4.0,6.2,4.0,4.0,4.0,6.1,4.0,4.0,4.0,5.8,4.0,6.2,4.0,4.0,5.8,6.6,5.4,5.8,5.6,5.4,4.0,4.0,6.0,4.0,4.0,4.0,4.0,4.0,5.4,4.0,4.0,6.3,4.0,4.0,4.0,4.0,5.4,4.0,5.8,4.0,5.7,4.0,6.1,4.0,4.0,4.0,4.0,5.6,4.0,5.7,4.0,4.0,5.4,7.6,6.3,4.0,4.0,4.0,5.5,5.6,5.1,4.0,4.0,5.8,4.0,4.0,4.0,4.0,4.0,4.0,4.0,4.0,4.0,4.0,6.3,4.0,4.0,6.2,6.8,5.7,4.0,4.0,4.0,4.0,4.0,4.0,4.0,4.0,4.0,4.0,4.0,4.0,7.2,6.4,4.0,4.0,4.0,4.0,4.0,4.0
2556,5.7,4.0,4.0,4.0,6.1,6.9,6.5,6.6,4.0,5.8,6.3,6.7,5.7,7.1,5.7,5.6,5.7,6.7,6.8,7.9,6.5,7.2,7.0,4.0,8.9,7.1,7.1,6.3,6.6,5.8,4.0,7.1,6.3,7.6,4.0,5.8,6.4,6.0,7.3,6.8,6.7,4.0,6.9,6.1,6.2,5.7,4.0,6.4,8.1,6.5,7.0,6.9,6.8,7.2,7.1,6.5,6.4,6.3,4.0,4.0,4.0,4.0,4.0,4.0,4.0,4.0,4.0,4.0,4.0,4.0,4.0,4.0,4.0,4.0,4.0,4.0,4.0,4.0,4.0,4.0,4.0,4.0,4.0,4.0,4.0,4.0,4.0,4.0,4.0,4.0,4.0,4.0,4.0,4.0,4.0,4.0,4.0,4.0,4.0,4.0,4.0,4.0,4.0,4.0,4.0,4.0,4.0,4.0,4.0,4.0,4.0,4.0,4.0,4.0,4.0,4.0,4.0,4.0,4.0,4.0,4.0,4.0,4.0,4.0,4.0,4.0,4.0,4.0,4.0,4.0,4.0,4.0,4.0,4.0,4.0,4.0,4.0,4.0,4.0,4.0,4.0,4.0,4.0,4.0,4.0,4.0,4.0,4.0,4.0,4.0,4.0,4.0,4.0,4.0,4.0,4.0,4.0,4.0,4.0,4.0,4.0,4.0,4.0,4.0,6.9,6.8,4.0,4.0,6.3,7.0,7.1,6.3
2659,5.9,4.0,4.0,4.0,6.0,7.4,4.0,5.6,4.0,4.0,6.6,6.1,6.5,6.4,5.6,4.0,4.0,7.2,4.0,7.7,6.3,6.4,6.3,4.0,5.6,8.8,4.0,4.0,6.4,5.7,4.0,4.0,4.0,6.6,4.0,8.8,8.6,8.8,4.0,4.0,4.0,4.0,6.6,4.0,4.0,5.8,4.0,7.0,7.4,4.0,5.9,6.2,6.6,5.5,5.6,4.0,6.7,6.1,4.0,4.0,4.0,7.4,4.0,4.0,4.0,4.0,4.0,4.0,4.0,4.0,6.8,6.8,4.0,4.0,4.0,4.0,4.0,4.0,4.0,4.0,4.0,4.0,4.0,4.0,4.0,4.0,5.7,6.7,4.0,4.0,4.0,4.0,4.0,4.0,4.0,4.0,4.0,4.0,5.8,4.0,4.0,4.0,4.0,4.0,4.0,4.0,4.0,5.9,4.0,6.2,4.0,4.0,4.0,7.5,4.0,4.0,4.0,4.0,4.0,4.0,4.0,4.0,4.0,4.0,4.0,7.8,6.2,4.0,8.3,6.8,4.0,4.0,4.0,4.0,4.0,4.0,4.0,4.0,4.0,4.0,4.0,4.0,4.0,4.0,4.0,4.0,7.4,4.0,4.0,6.7,6.7,4.0,4.0,4.0,6.2,4.0,4.0,4.0,4.0,4.0,4.0,4.0,4.0,4.0,9.0,6.8,5.6,4.0,4.0,6.5,7.5,4.0
2677,4.0,4.0,4.0,4.0,6.0,4.0,4.0,4.0,5.4,4.0,5.3,8.3,9.0,4.0,4.0,4.0,5.3,4.0,4.0,4.0,4.0,7.7,4.0,4.0,4.0,4.0,4.0,4.0,6.3,5.2,4.0,4.0,4.0,4.0,4.0,5.3,6.0,4.0,4.0,4.0,4.0,4.0,4.0,6.1,5.1,4.0,6.5,4.0,7.2,6.3,5.2,6.9,6.0,4.0,4.0,4.0,7.1,4.0,4.0,4.0,4.0,6.3,4.0,5.1,4.0,5.1,4.0,4.0,4.0,4.0,4.0,4.0,4.0,4.0,4.0,4.0,4.0,6.8,5.9,4.0,4.0,5.5,4.0,4.0,4.0,4.0,6.1,4.0,4.0,4.0,5.2,4.0,4.0,5.4,4.0,4.0,5.3,4.0,4.0,4.0,4.0,4.0,4.0,6.2,4.0,4.0,5.3,4.0,5.1,4.0,4.0,6.7,5.7,4.0,4.0,4.0,4.0,5.4,4.0,5.5,6.8,4.0,4.0,4.0,4.0,6.6,6.0,4.0,4.0,5.7,4.0,5.2,4.0,4.0,4.0,4.0,4.0,4.0,4.0,5.1,4.0,4.0,4.0,6.4,6.0,4.0,5.8,4.0,4.0,6.9,4.0,5.6,4.0,4.0,4.0,4.0,4.0,4.0,4.0,4.0,4.0,4.0,4.0,7.3,4.0,4.0,4.0,4.0,5.2,4.0,4.0,4.0
2710,4.0,4.0,4.0,4.0,5.3,4.0,4.0,4.0,5.2,4.0,7.0,7.4,5.9,7.4,4.0,4.0,5.3,4.0,4.0,7.8,6.7,7.0,6.4,7.5,4.0,4.0,4.0,4.0,6.5,6.5,4.0,4.0,4.0,4.0,5.9,4.0,4.0,6.0,4.0,4.0,4.0,6.7,7.4,6.4,6.2,4.0,8.8,4.0,8.0,6.3,6.8,4.0,6.3,5.1,4.0,6.5,6.3,4.0,4.0,5.9,4.0,6.8,6.5,6.8,6.4,7.4,4.0,5.7,6.4,4.0,6.6,6.3,4.0,6.3,6.5,4.0,4.0,6.1,7.4,4.0,4.0,5.4,4.0,4.0,7.1,4.0,5.8,7.8,4.0,5.3,5.4,4.0,4.0,6.2,6.9,4.0,4.0,5.2,4.0,6.0,4.0,6.6,5.6,6.0,5.8,5.6,4.0,7.4,6.8,7.5,6.2,4.0,7.5,7.5,6.9,4.0,4.0,6.0,6.0,4.0,6.0,7.1,4.0,4.0,4.0,6.4,6.2,4.0,6.5,5.9,5.1,4.0,4.0,4.0,5.8,7.0,5.5,5.3,4.0,4.0,4.0,4.0,4.0,7.0,4.0,4.0,6.6,4.0,4.0,7.3,4.0,5.7,4.0,4.0,6.8,4.0,4.0,4.0,4.0,4.0,4.0,4.0,4.0,4.0,4.0,6.5,4.0,4.0,4.0,7.0,4.0,4.0
2801,5.3,4.0,4.0,5.8,6.6,4.9,5.5,5.7,6.2,6.6,4.8,5.3,4.6,4.0,5.5,5.0,4.6,4.9,5.1,6.0,5.4,6.6,4.2,5.7,6.4,5.8,5.9,5.2,4.4,5.4,4.0,4.0,4.0,5.5,4.0,4.5,5.5,4.0,5.3,4.0,4.0,4.9,5.2,5.8,4.9,5.1,4.0,5.2,5.6,6.4,5.4,4.7,5.4,4.0,4.0,4.8,7.3,4.4,4.0,4.0,4.0,4.0,4.0,4.0,4.0,4.0,4.0,4.0,4.0,4.0,4.0,4.0,4.0,4.0,4.0,4.0,4.0,4.0,4.0,4.0,4.0,4.0,4.0,4.0,4.0,4.0,4.0,4.0,4.0,4.0,4.0,4.0,4.0,4.0,4.0,4.0,4.0,4.0,4.0,4.0,4.0,4.0,4.0,4.0,4.0,4.0,4.0,4.0,4.0,4.0,4.0,4.0,4.0,4.0,4.0,4.0,4.0,4.0,4.0,4.0,4.0,4.0,4.0,4.0,4.0,4.0,4.0,4.0,4.0,4.0,4.0,4.0,4.0,4.0,4.0,4.0,4.0,4.0,4.0,4.0,4.0,4.0,4.0,4.0,4.0,4.0,4.0,4.0,4.0,4.0,4.0,4.0,4.0,4.0,4.0,4.0,4.0,4.0,4.0,4.0,4.0,4.0,4.0,4.0,5.3,4.0,5.0,5.0,5.5,5.1,5.2,5.1
2811,5.5,5.7,4.0,5.5,4.0,7.1,4.0,4.0,4.0,5.8,5.5,5.9,6.3,8.4,4.0,4.0,5.5,4.0,6.2,5.6,5.3,6.3,8.1,7.2,5.7,5.7,6.9,7.2,6.4,6.6,5.4,5.4,4.0,6.1,6.5,5.7,6.0,5.8,5.5,7.4,7.5,5.5,6.2,5.9,6.4,5.7,6.4,5.7,5.6,6.3,5.7,7.4,6.7,5.8,5.6,6.9,5.6,6.5,4.0,4.0,4.0,4.0,4.0,4.0,4.0,4.0,4.0,4.0,4.0,4.0,4.0,4.0,4.0,4.0,4.0,4.0,4.0,4.0,4.0,4.0,4.0,4.0,4.0,4.0,4.0,4.0,4.0,4.0,4.0,4.0,4.0,4.0,4.0,4.0,4.0,4.0,4.0,4.0,4.0,4.0,4.0,4.0,4.0,4.0,4.0,4.0,4.0,4.0,4.0,4.0,4.0,4.0,4.0,4.0,4.0,4.0,4.0,4.0,4.0,4.0,4.0,4.0,4.0,4.0,4.0,4.0,4.0,4.0,4.0,4.0,4.0,4.0,4.0,4.0,4.0,4.0,4.0,4.0,4.0,4.0,4.0,4.0,4.0,4.0,4.0,4.0,4.0,4.0,4.0,4.0,4.0,4.0,4.0,4.0,4.0,4.0,4.0,4.0,4.0,4.0,4.0,4.0,4.0,4.0,5.3,7.9,5.6,4.0,6.1,7.9,6.8,5.9
2812,4.0,4.0,4.0,4.0,5.9,8.4,4.0,4.0,5.3,4.0,8.8,9.2,7.3,7.4,4.0,4.0,4.0,4.0,4.0,6.6,6.6,8.2,7.1,7.1,4.0,4.0,4.0,4.0,7.1,8.5,4.0,4.0,4.0,4.0,7.9,6.0,5.5,4.0,4.0,4.0,4.0,5.3,4.0,4.0,5.8,4.0,4.0,4.0,4.0,5.3,5.4,6.8,6.4,6.4,4.0,4.0,7.2,5.7,4.0,5.9,4.0,6.0,4.0,4.0,4.0,4.0,5.4,4.0,6.6,6.0,8.6,6.5,4.0,4.0,6.7,4.0,4.0,5.2,5.2,4.0,4.0,5.8,4.0,4.0,4.0,4.0,7.2,7.5,4.0,5.2,5.3,4.0,4.0,4.0,4.0,4.0,5.2,4.0,4.0,4.0,4.0,4.0,7.6,5.6,6.1,4.0,5.3,4.0,4.0,4.0,6.1,4.0,6.3,7.3,4.0,4.0,4.0,4.0,5.5,4.0,4.0,5.8,4.0,4.0,4.0,4.0,7.9,4.0,4.0,7.8,5.1,5.4,4.0,4.0,6.5,4.0,4.0,4.0,4.0,4.0,6.1,4.0,4.0,4.0,4.0,4.0,6.6,4.0,4.0,7.9,7.3,6.0,4.0,4.0,4.0,4.0,4.0,4.0,4.0,4.0,4.0,4.0,4.0,4.0,4.0,4.0,4.0,4.0,4.0,8.7,4.0,4.0
2813,4.0,4.0,4.0,4.0,4.0,7.5,4.0,4.0,4.0,4.0,7.3,7.9,6.9,8.7,4.0,4.0,4.0,4.0,4.0,6.1,4.0,7.5,6.8,6.6,4.0,4.0,4.0,4.0,5.9,7.4,4.0,4.0,4.0,4.0,6.0,5.9,6.0,6.5,4.0,4.0,4.0,4.0,4.0,4.0,6.0,4.0,4.0,4.0,7.7,4.0,4.0,7.1,4.0,5.1,4.0,7.7,5.4,4.0,4.0,5.9,4.0,6.1,4.0,4.0,4.0,5.1,4.0,4.0,4.0,4.0,7.4,4.0,4.0,6.9,5.8,4.0,4.0,4.0,4.0,4.0,4.0,5.8,4.0,4.0,4.0,4.0,5.4,7.9,4.0,4.0,4.0,4.0,4.0,4.0,4.0,4.0,4.0,4.0,4.0,4.0,4.0,4.0,7.0,5.6,4.0,4.0,4.0,4.0,4.0,5.3,5.9,4.0,7.1,8.1,4.0,4.0,4.0,4.0,4.0,4.0,4.0,5.3,4.0,4.0,4.0,7.8,6.9,4.0,5.9,5.6,4.0,5.4,4.0,4.0,7.7,4.0,4.0,4.0,4.0,4.0,6.7,4.0,4.0,4.0,4.0,6.3,6.0,4.0,4.0,6.8,7.0,6.0,4.0,4.0,6.4,4.0,4.0,4.0,4.0,4.0,4.0,4.0,4.0,4.0,4.0,6.9,4.0,4.0,4.0,4.0,4.0,4.0
2848,4.0,4.0,4.0,4.0,6.4,7.7,5.7,4.0,4.0,4.0,5.9,7.7,8.3,6.1,4.0,4.0,4.0,4.0,4.0,6.7,6.2,7.0,6.0,4.0,4.0,4.0,4.0,4.0,5.8,6.7,4.0,4.0,4.0,4.0,4.0,6.6,6.3,7.7,4.0,4.0,4.0,4.0,4.0,4.0,5.3,4.0,4.0,4.0,7.5,5.3,6.8,7.4,6.3,4.0,4.0,4.0,6.4,4.0,4.0,6.4,4.0,6.4,4.0,4.0,4.0,4.0,6.8,4.0,4.0,4.0,6.1,4.0,4.0,4.0,6.0,4.0,4.0,4.0,5.7,4.0,4.0,5.7,4.0,4.0,4.0,4.0,6.2,7.0,5.3,6.2,6.1,4.0,4.0,4.0,7.1,4.0,5.7,5.4,4.0,5.7,6.0,4.0,5.9,4.0,4.0,5.7,6.0,5.9,4.0,4.0,5.3,4.0,6.9,5.7,6.9,4.0,4.0,4.0,4.0,4.0,4.0,5.6,4.0,4.0,4.0,5.8,6.3,4.0,6.5,5.8,5.2,6.5,4.0,4.0,4.0,4.0,4.0,4.0,4.0,4.0,4.0,4.0,4.0,4.0,4.0,4.0,7.4,4.0,4.0,6.5,6.3,5.8,4.0,6.5,6.1,4.0,4.0,4.0,4.0,4.0,4.0,4.0,4.0,4.0,6.7,4.0,4.0,4.0,4.0,4.0,4.0,4.0
2849,4.0,4.0,4.0,5.6,6.0,7.0,4.0,5.9,5.4,4.0,6.0,7.4,6.5,4.0,4.0,4.0,5.8,4.0,4.0,6.7,6.5,6.4,5.8,5.8,4.0,4.0,4.0,4.0,5.4,6.8,4.0,4.0,5.5,4.0,5.3,6.6,6.8,7.3,4.0,4.0,4.0,4.0,6.1,4.0,5.2,4.0,4.0,4.0,7.2,5.7,6.6,7.7,7.8,4.0,4.0,4.0,6.6,5.6,4.0,6.1,4.0,7.2,4.0,4.0,4.0,4.0,6.1,4.0,4.0,4.0,6.4,4.0,4.0,4.0,4.0,4.0,4.0,5.4,5.3,4.0,4.0,5.8,4.0,4.0,6.0,4.0,6.2,6.9,4.0,5.9,5.7,4.0,4.0,4.0,7.3,4.0,5.2,4.0,4.0,4.0,5.3,4.0,5.4,4.0,5.3,6.2,5.6,6.0,4.0,4.0,5.2,4.0,6.8,4.0,7.3,4.0,4.0,5.3,5.4,4.0,4.0,6.3,4.0,4.0,4.0,5.7,4.0,4.0,7.6,6.1,5.2,5.9,4.0,4.0,4.0,4.0,4.0,4.0,4.0,6.0,4.0,4.0,4.0,4.0,4.0,4.0,6.7,5.7,4.0,6.1,6.5,6.1,4.0,4.0,6.2,4.0,4.0,4.0,4.0,4.0,4.0,4.0,4.0,4.0,6.7,6.1,4.0,4.0,4.0,4.0,4.0,4.0
2853,7.0,4.0,6.3,5.6,6.2,4.0,4.0,4.0,6.0,4.0,5.9,6.5,7.1,4.0,4.0,7.0,6.8,4.0,4.0,6.3,6.3,6.0,5.8,4.0,4.0,4.0,4.0,4.0,6.4,7.3,4.0,4.0,5.8,4.0,4.0,6.9,6.9,4.0,4.0,4.0,4.0,5.4,6.9,4.0,4.0,4.0,4.0,4.0,6.7,5.2,5.9,6.6,6.2,5.7,4.0,4.0,6.6,4.0,4.0,4.0,4.0,6.0,5.3,4.0,4.0,4.0,4.0,4.0,4.0,4.0,6.5,4.0,4.0,4.0,5.7,4.0,4.0,5.7,6.0,4.0,4.0,6.2,4.0,6.4,6.4,4.0,7.5,5.9,4.0,5.8,5.7,4.0,4.0,7.3,6.1,4.0,4.0,4.0,6.0,5.8,5.7,6.3,6.0,5.2,4.0,5.9,6.1,6.1,4.0,4.0,6.0,4.0,5.3,4.0,7.1,4.0,4.0,6.5,4.0,4.0,5.2,6.2,4.0,4.0,4.0,7.6,6.8,4.0,4.0,6.2,4.0,5.5,4.0,4.0,4.0,4.0,4.0,4.0,4.0,4.0,4.0,4.0,4.0,4.0,4.0,4.0,6.2,4.0,4.0,6.4,4.0,6.3,4.0,4.0,4.0,4.0,4.0,4.0,4.0,4.0,4.0,4.0,4.0,4.0,4.0,4.0,4.0,4.0,8.1,4.0,4.0,4.0
2856,4.0,4.0,4.0,7.4,6.6,4.0,4.0,4.0,6.8,4.0,5.5,4.0,5.9,4.0,4.0,6.7,6.6,4.0,4.0,4.0,4.0,5.7,4.0,4.0,4.0,4.0,4.0,4.0,7.0,7.3,4.0,4.0,4.0,4.0,4.0,4.0,4.0,6.5,4.0,4.0,4.0,6.0,6.7,7.9,5.9,4.0,7.4,4.0,6.1,8.1,7.2,7.5,7.2,4.0,4.0,4.0,7.1,4.0,4.0,4.0,4.0,5.6,5.4,5.7,5.6,6.2,4.0,4.0,4.0,4.0,4.0,4.0,4.0,4.0,4.0,4.0,4.0,4.0,7.7,4.0,4.0,6.0,4.0,4.0,4.0,4.0,5.8,4.0,4.0,4.0,5.3,7.1,4.0,6.5,6.3,4.0,4.0,4.0,6.9,6.1,6.1,6.7,4.0,6.2,6.1,4.0,4.0,7.6,8.0,7.4,6.3,4.0,7.4,4.0,5.9,4.0,6.0,6.1,4.0,4.0,6.0,5.8,4.0,4.0,4.0,4.0,6.0,4.0,4.0,6.2,5.1,4.0,4.0,4.0,4.0,4.0,4.0,4.0,4.0,4.0,4.0,4.0,4.0,6.5,6.5,4.0,4.0,4.0,4.0,7.2,4.0,6.1,4.0,4.0,4.0,4.0,4.0,4.0,4.0,4.0,4.0,4.0,4.0,4.0,4.0,4.0,4.0,4.0,6.2,4.0,4.0,4.0
2866,4.5,4.9,4.0,4.0,4.6,4.5,5.0,4.5,4.4,4.9,4.6,4.1,4.0,4.0,4.5,4.3,4.3,4.0,4.0,4.5,4.2,4.6,4.1,4.0,5.7,4.8,5.0,4.4,4.1,4.1,4.8,4.8,4.3,4.5,4.0,4.0,4.0,4.0,4.7,4.0,4.9,4.0,4.8,5.0,4.2,4.3,4.0,4.1,4.9,5.3,4.4,4.8,4.4,4.0,4.2,4.2,5.8,4.0,4.0,4.0,4.0,4.0,4.0,4.0,4.0,4.0,4.0,4.0,4.0,4.0,4.0,4.0,4.0,4.0,4.0,4.0,4.0,4.0,4.0,4.0,4.0,4.0,4.0,4.0,4.0,4.0,4.0,4.0,4.0,4.0,4.0,4.0,4.0,4.0,4.0,4.0,4.0,4.0,4.0,4.0,4.0,4.0,4.0,4.0,4.0,4.0,4.0,4.0,4.0,4.0,4.0,4.0,4.0,4.0,4.0,4.0,4.0,4.0,4.0,4.0,4.0,4.0,4.0,4.0,4.0,4.0,4.0,4.0,4.0,4.0,4.0,4.0,4.0,4.0,4.0,4.0,4.0,4.0,4.0,4.0,4.0,4.0,4.0,4.0,4.0,4.0,4.0,4.0,4.0,4.0,4.0,4.0,4.0,4.0,4.0,4.0,4.0,4.0,4.0,4.0,4.0,4.0,4.0,4.0,4.2,4.2,4.4,4.0,5.3,4.3,4.6,4.4
2973,4.0,8.0,8.0,4.0,6.6,4.0,7.5,7.2,7.7,8.0,4.0,4.0,4.0,4.0,4.0,7.2,7.4,4.0,4.0,4.0,5.6,4.0,4.0,4.0,6.1,4.0,4.0,4.0,5.9,4.0,4.0,4.0,4.0,4.0,4.0,4.0,4.0,4.0,4.0,4.0,4.0,4.0,4.0,5.7,6.1,7.4,6.2,4.0,4.0,7.0,5.7,4.0,4.0,5.6,4.0,4.0,8.4,4.0,4.0,4.0,5.5,6.1,5.8,5.3,4.0,4.0,4.0,6.3,4.0,4.0,4.0,4.0,4.0,4.0,4.0,4.0,4.0,7.3,5.3,4.0,4.0,4.0,4.0,4.0,4.0,4.0,4.0,4.0,4.0,4.0,4.0,5.3,8.6,6.5,4.0,6.6,7.2,6.8,6.7,7.1,5.1,5.6,6.3,6.4,5.9,4.0,4.0,8.3,6.2,4.0,6.2,6.0,5.7,4.0,7.2,4.0,4.0,6.2,5.5,7.3,6.2,6.0,6.1,4.0,4.0,4.0,4.0,6.3,4.0,5.2,4.0,7.3,4.0,6.7,4.0,4.0,7.5,7.1,4.0,4.0,4.0,4.0,4.0,7.7,7.1,4.0,4.0,4.0,4.0,4.0,4.0,5.5,5.7,4.0,4.0,4.0,4.0,4.0,4.0,4.0,4.0,4.0,6.6,4.0,4.0,4.0,4.0,4.0,6.7,4.0,4.0,6.0
3002,4.0,5.8,4.0,5.4,4.0,5.8,4.0,4.0,4.0,4.0,5.6,4.0,4.0,5.8,4.0,5.6,5.7,4.0,4.0,6.2,4.0,5.7,5.9,4.0,6.2,4.0,4.0,4.0,6.5,6.4,4.0,5.7,4.0,4.0,4.0,4.0,4.0,4.0,5.8,4.0,4.0,4.0,4.0,4.0,4.0,4.0,4.0,5.8,6.5,5.0,4.0,4.0,6.1,4.0,4.0,4.0,4.0,4.0,4.0,6.7,4.0,7.3,4.0,5.1,4.0,4.0,4.0,4.0,4.0,4.0,6.1,4.0,4.0,6.5,5.9,4.0,4.0,4.0,4.0,4.0,4.0,6.2,4.0,4.0,4.0,4.0,5.5,6.3,4.0,4.0,5.2,4.0,6.7,6.6,6.4,4.0,4.0,4.0,4.0,6.9,5.3,4.0,6.3,4.0,4.0,6.9,5.9,4.0,4.0,4.0,4.0,4.0,4.0,6.6,5.9,4.0,4.0,5.7,4.0,4.0,4.0,5.2,4.0,4.0,4.0,6.6,4.0,4.0,4.0,5.7,4.0,5.2,4.0,4.0,5.6,4.0,5.4,4.0,4.0,4.0,5.7,4.0,4.0,4.0,4.0,4.0,4.0,4.0,4.0,4.0,4.0,4.0,4.0,4.0,4.0,4.0,4.0,4.0,4.0,4.0,4.0,4.0,4.0,4.0,5.9,4.0,4.0,4.0,4.0,5.9,6.5,7.4
3043,4.0,4.0,4.0,4.0,6.7,4.0,5.3,7.6,7.7,4.0,4.0,4.0,4.0,4.0,4.0,5.6,5.5,4.0,4.0,4.0,4.0,4.0,4.0,5.1,4.0,4.0,4.0,4.0,5.9,6.3,4.0,4.0,4.0,4.0,4.0,4.0,4.0,4.0,4.0,4.0,4.0,6.9,4.0,4.0,5.3,4.0,4.0,4.0,4.0,5.1,5.5,5.4,4.0,5.1,4.0,4.0,7.6,4.0,4.0,4.0,4.0,5.4,7.3,4.0,4.0,4.0,4.0,4.0,4.0,4.0,4.0,4.0,6.6,4.0,4.0,4.0,4.0,4.0,5.3,4.0,4.0,4.0,4.0,6.0,4.0,4.0,4.0,4.0,4.0,5.9,5.8,4.0,7.3,4.0,4.0,5.6,6.4,5.4,6.8,6.1,5.3,4.0,5.5,6.9,4.0,4.0,6.5,4.0,4.0,4.0,5.4,4.0,5.5,4.0,6.2,5.9,6.1,5.2,7.7,6.8,5.9,5.3,4.0,4.0,4.0,4.0,5.9,5.6,4.0,4.0,5.6,5.6,4.0,5.9,4.0,4.0,4.0,5.1,4.0,5.5,4.0,4.0,4.0,4.0,4.0,4.0,4.0,4.0,4.0,4.0,5.8,4.0,4.0,4.0,4.0,4.0,4.0,4.0,4.0,4.0,4.0,4.0,6.4,4.0,4.0,4.0,4.0,4.0,4.0,4.0,4.0,4.0
3047,4.0,4.0,4.0,5.4,5.9,4.0,5.2,4.0,6.7,4.0,5.9,6.5,6.5,6.5,4.0,4.0,5.3,4.0,4.0,6.8,6.0,6.6,4.0,5.2,4.0,4.0,4.0,4.0,6.9,6.8,4.0,6.1,5.8,4.0,4.0,7.0,6.3,6.5,4.0,4.0,4.0,5.7,4.0,4.0,6.2,4.0,4.0,4.0,6.3,6.5,5.8,6.9,4.0,5.2,4.0,4.0,7.1,4.0,4.0,5.9,4.0,6.3,5.9,4.0,4.0,4.0,5.8,4.0,4.0,4.0,4.0,4.0,4.0,4.0,4.0,4.0,4.0,5.6,5.7,4.0,4.0,6.3,4.0,5.8,6.8,4.0,5.9,6.4,4.0,5.6,5.5,5.2,4.0,5.9,4.0,4.0,5.6,5.4,5.9,5.2,4.0,5.3,6.4,6.6,4.0,5.4,5.5,5.7,4.0,4.0,5.9,4.0,5.4,6.0,7.5,4.0,4.0,6.5,5.8,5.9,6.2,5.7,4.0,4.0,4.0,4.0,6.1,4.0,6.1,5.5,5.4,5.6,4.0,4.0,4.0,4.0,4.0,4.0,4.0,4.0,6.1,4.0,4.0,6.1,4.0,4.0,6.2,4.0,4.0,5.9,4.0,6.7,4.0,4.0,7.5,4.0,4.0,4.0,4.0,4.0,4.0,4.0,4.0,4.0,4.0,4.0,4.0,4.0,5.6,7.3,4.0,4.0
3048,5.7,4.0,4.0,4.0,5.4,5.7,5.9,5.6,5.7,5.7,5.4,5.5,6.0,5.3,6.0,5.8,5.6,4.0,5.7,5.6,6.1,6.1,5.3,4.0,5.6,5.8,5.9,6.3,5.8,5.9,4.0,5.3,4.0,5.6,6.0,6.1,6.1,6.2,6.2,5.9,5.8,5.6,5.9,6.0,5.9,6.0,6.0,5.6,5.8,5.5,5.6,6.1,5.8,6.1,5.5,5.8,6.0,5.6,4.0,4.0,4.0,4.0,4.0,4.0,4.0,4.0,4.0,4.0,4.0,4.0,4.0,4.0,4.0,4.0,4.0,4.0,4.0,4.0,4.0,4.0,4.0,4.0,4.0,4.0,4.0,4.0,4.0,4.0,4.0,4.0,4.0,4.0,4.0,4.0,4.0,4.0,4.0,4.0,4.0,4.0,4.0,4.0,4.0,4.0,4.0,4.0,4.0,4.0,4.0,4.0,4.0,4.0,4.0,4.0,4.0,4.0,4.0,4.0,4.0,4.0,4.0,4.0,4.0,4.0,4.0,4.0,4.0,4.0,4.0,4.0,4.0,4.0,4.0,4.0,4.0,4.0,4.0,4.0,4.0,4.0,4.0,4.0,4.0,4.0,4.0,4.0,4.0,4.0,4.0,4.0,4.0,4.0,4.0,4.0,4.0,4.0,4.0,4.0,4.0,4.0,4.0,4.0,4.0,4.0,5.8,5.3,5.7,5.4,5.6,5.7,5.6,5.9
3050,4.0,4.0,4.0,4.0,5.5,7.6,4.0,4.0,5.5,4.0,5.3,6.7,6.7,7.8,4.0,5.9,5.6,6.7,4.0,6.4,4.0,7.2,8.1,6.2,4.0,4.0,4.0,4.0,4.0,5.3,4.0,7.3,6.3,4.0,5.1,5.8,6.0,4.0,6.0,4.0,4.0,4.0,4.0,4.0,4.0,4.0,4.0,7.0,4.0,4.0,4.0,5.9,6.2,5.6,4.0,4.0,5.7,4.0,4.0,6.8,4.0,6.4,4.0,4.0,4.0,4.0,7.4,5.6,6.4,4.0,4.0,4.0,4.0,4.0,4.0,4.0,4.0,4.0,4.0,4.0,4.0,5.4,4.0,4.0,4.0,4.0,4.0,7.1,4.0,4.0,4.0,4.0,4.0,4.0,4.0,4.0,4.0,4.0,4.0,5.9,5.6,4.0,5.1,5.2,5.3,4.0,4.0,4.0,4.0,4.0,4.0,4.0,4.0,7.3,4.0,4.0,4.0,5.4,5.4,4.0,4.0,4.0,4.0,5.2,4.0,4.0,5.2,4.0,4.0,6.3,4.0,4.0,4.0,4.0,6.9,4.0,5.4,4.0,4.0,4.0,5.4,4.0,4.0,4.0,4.0,4.0,6.0,4.0,4.0,4.0,7.1,5.4,4.0,7.4,4.0,4.0,4.0,4.0,4.0,4.0,4.0,4.0,4.0,4.0,4.0,4.0,4.0,4.0,4.0,4.0,4.0,4.0
3071,4.0,4.0,4.0,4.0,6.3,6.2,4.0,6.1,5.8,4.0,5.4,9.2,8.8,4.0,4.0,5.1,5.2,4.0,4.0,6.3,6.1,4.0,6.7,5.9,4.0,4.0,4.0,4.0,6.7,6.9,4.0,4.0,5.8,4.0,5.9,8.5,8.4,4.0,4.0,4.0,4.0,4.0,5.8,4.0,5.5,4.0,4.0,6.7,4.0,6.4,5.5,8.4,7.6,5.2,4.0,4.0,6.7,6.6,4.0,4.0,4.0,6.9,4.0,4.0,4.0,4.0,4.0,5.3,4.0,4.0,4.0,6.7,4.0,4.0,4.0,4.0,4.0,6.5,5.6,4.0,4.0,5.3,4.0,7.0,6.6,4.0,6.5,6.7,4.0,5.3,4.0,4.0,4.0,4.0,6.6,4.0,4.0,4.0,6.4,6.9,5.2,4.0,6.5,7.6,5.7,5.7,4.0,5.2,5.2,4.0,5.9,5.9,4.0,4.0,5.7,4.0,4.0,5.6,4.0,6.3,8.3,5.1,4.0,5.1,4.0,6.0,7.5,4.0,4.0,6.8,5.5,4.0,4.0,4.0,7.2,4.0,6.0,7.0,4.0,5.3,5.3,4.0,4.0,5.9,4.0,4.0,8.1,4.0,4.0,8.2,6.0,5.4,4.0,7.7,4.0,4.0,4.0,4.0,4.0,4.0,4.0,4.0,4.0,4.0,8.4,4.0,4.0,4.0,4.0,4.0,4.0,4.0
3134,4.0,4.0,4.0,4.0,6.4,4.0,5.8,4.0,5.6,4.0,5.3,4.0,4.0,4.0,4.0,4.0,5.7,5.9,4.0,4.0,4.0,6.6,6.4,4.0,4.0,4.0,4.0,4.0,6.3,6.5,4.0,4.0,5.9,4.0,5.3,6.5,6.1,7.6,4.0,4.0,4.0,6.2,5.8,4.0,5.8,4.0,4.0,4.0,7.3,5.9,5.5,6.9,6.6,4.0,4.0,4.0,6.8,4.0,4.0,6.7,4.0,4.0,5.6,4.0,4.0,4.0,5.6,4.0,4.0,4.0,4.0,4.0,4.0,4.0,4.0,4.0,4.0,5.8,5.6,4.0,4.0,5.9,4.0,4.0,4.0,4.0,6.5,6.4,4.0,5.4,5.4,4.0,4.0,5.1,6.2,4.0,4.0,4.0,5.6,5.8,6.8,4.0,6.1,4.0,5.2,4.0,5.6,5.6,4.0,4.0,5.3,4.0,5.6,6.3,6.9,4.0,4.0,5.2,5.9,4.0,5.6,5.3,4.0,4.0,4.0,6.1,6.7,4.0,5.9,6.0,4.0,6.9,4.0,4.0,4.0,4.0,4.0,4.0,4.0,4.0,5.2,4.0,4.0,4.0,4.0,4.0,4.0,4.0,4.0,6.4,7.8,5.8,4.0,4.0,6.3,4.0,4.0,4.0,4.0,4.0,4.0,4.0,4.0,4.0,6.1,4.0,4.0,4.0,5.0,4.0,4.0,4.0
3145,4.0,4.0,4.0,4.0,4.0,4.0,4.0,4.0,4.0,4.0,5.4,6.9,5.9,4.0,4.0,4.0,4.0,6.6,4.0,7.0,6.2,5.2,7.3,7.0,4.0,4.0,4.0,4.0,6.5,4.0,4.0,4.0,4.0,4.0,4.0,5.9,6.0,8.3,4.0,4.0,4.0,4.0,4.0,4.0,6.2,4.0,4.0,6.4,4.0,4.0,4.0,7.3,7.1,6.7,4.0,6.6,4.0,7.8,4.0,6.6,4.0,6.3,4.0,4.0,4.0,4.0,6.4,4.0,4.0,4.0,5.8,4.0,4.0,4.0,4.0,4.0,4.0,4.0,4.0,4.0,4.0,5.3,4.0,4.0,8.8,4.0,5.5,6.0,4.0,4.0,4.0,4.0,4.0,5.2,4.0,4.0,4.0,4.0,4.0,6.7,5.3,4.0,5.9,4.0,5.5,4.0,5.5,5.7,4.0,4.0,5.8,4.0,5.8,4.0,4.0,6.2,4.0,5.3,4.0,4.0,4.0,4.0,4.0,4.0,4.0,6.5,7.3,4.0,7.5,7.4,4.0,4.0,5.8,4.0,6.6,4.0,4.0,4.0,4.0,4.0,5.1,4.0,4.0,4.0,4.0,4.0,8.0,4.0,7.3,5.8,5.9,6.2,4.0,6.8,6.1,4.0,4.0,4.0,4.0,4.0,4.0,4.0,4.0,4.0,7.9,4.0,4.0,4.0,4.0,4.0,4.0,4.0
3160,4.0,4.0,4.0,5.6,7.3,5.6,5.2,6.9,6.7,4.0,6.9,4.0,4.0,7.0,4.0,7.1,7.0,7.6,4.0,7.9,7.7,7.8,6.7,4.0,4.0,4.0,4.0,4.0,7.8,7.4,4.0,7.4,7.4,4.0,5.8,6.0,5.8,7.0,6.3,4.0,4.0,5.5,6.8,5.9,7.2,4.0,4.0,4.0,7.5,5.5,6.7,8.6,6.6,6.8,4.0,6.1,8.3,4.0,4.0,7.0,5.2,4.0,4.0,4.0,5.1,4.0,6.9,4.0,6.4,5.8,4.0,4.0,4.0,4.0,7.8,4.0,4.0,5.7,5.9,4.0,4.0,6.5,4.0,6.0,7.6,4.0,7.1,4.0,4.0,6.7,6.9,4.0,7.4,7.6,6.6,5.9,6.4,4.0,6.7,7.5,7.3,5.2,6.3,4.0,7.2,6.4,5.8,6.7,5.9,6.5,6.7,4.0,6.3,6.9,7.5,4.0,6.1,7.3,7.4,4.0,7.0,6.7,4.0,5.2,4.0,7.4,6.8,4.0,7.3,7.6,5.7,5.3,5.3,5.5,7.0,6.3,6.0,5.5,4.0,5.4,6.2,4.0,4.0,4.0,4.0,4.0,4.0,4.0,7.5,8.3,7.6,6.1,4.0,4.0,7.4,4.0,4.0,4.0,4.0,4.0,4.0,4.0,4.0,4.0,6.5,4.0,4.0,4.0,7.3,4.0,4.0,4.0
3161,4.0,4.0,4.0,4.0,6.7,4.0,4.0,4.0,5.8,4.0,7.1,4.0,4.0,7.2,4.0,6.2,6.3,5.9,4.0,8.3,8.1,7.2,7.0,4.0,4.0,4.0,4.0,4.0,7.1,6.6,4.0,4.0,5.5,4.0,4.0,7.0,6.8,8.3,4.0,4.0,4.0,4.0,6.4,4.0,5.9,4.0,4.0,4.0,6.8,4.0,5.9,7.8,6.9,6.5,4.0,4.0,7.0,4.0,4.0,6.4,4.0,4.0,4.0,4.0,4.0,4.0,4.0,4.0,5.9,4.0,4.0,4.0,4.0,4.0,6.8,4.0,4.0,5.5,5.4,4.0,4.0,6.5,4.0,4.0,8.1,4.0,6.4,4.0,4.0,6.3,6.5,4.0,4.0,7.0,4.0,5.4,5.6,4.0,4.0,6.3,5.9,4.0,5.7,4.0,6.1,6.4,5.4,7.0,5.4,5.2,5.7,4.0,4.0,7.2,6.5,4.0,4.0,6.7,5.3,4.0,5.9,6.4,4.0,4.0,4.0,8.0,6.3,4.0,6.0,6.6,5.8,4.0,5.6,4.0,6.7,5.6,4.0,4.0,4.0,5.4,5.6,4.0,4.0,4.0,4.0,6.0,4.0,4.0,4.0,7.6,7.4,6.3,4.0,4.0,7.2,4.0,4.0,4.0,4.0,4.0,4.0,4.0,4.0,4.0,7.1,4.0,4.0,4.0,7.1,4.0,4.0,4.0
3177,4.0,4.0,4.0,6.3,7.6,6.2,7.3,7.7,4.0,4.0,5.7,6.7,6.1,4.0,4.0,6.2,5.5,4.0,4.0,6.2,6.3,6.5,6.6,5.9,4.0,4.0,4.0,4.0,8.3,4.0,4.0,7.2,7.1,4.0,6.2,4.0,4.0,4.0,4.0,4.0,4.0,6.6,7.5,4.0,8.4,4.0,5.8,4.0,4.0,6.6,5.6,7.8,6.5,6.0,4.0,4.0,8.2,7.9,4.0,4.0,6.3,7.5,4.0,5.7,4.0,4.0,5.3,6.0,6.4,4.0,4.0,4.0,5.9,4.0,4.0,4.0,4.0,6.4,6.0,4.0,4.0,7.3,4.0,6.4,4.0,4.0,5.8,6.3,4.0,4.0,4.0,5.1,7.0,5.8,7.8,4.0,8.4,4.0,6.6,4.0,6.3,6.3,7.2,7.8,8.3,7.1,6.8,7.4,5.7,5.5,8.1,4.0,6.1,4.0,4.0,6.3,6.6,6.6,6.4,8.1,6.6,7.4,5.9,4.0,4.0,4.0,6.9,4.0,4.0,6.3,4.0,7.5,4.0,4.0,4.0,4.0,6.6,6.9,5.9,6.5,6.8,7.2,4.0,4.0,4.0,4.0,7.3,6.9,4.0,6.3,4.0,7.1,4.0,6.2,4.0,6.8,4.0,4.0,4.0,4.0,4.0,4.0,4.0,4.0,4.0,4.0,4.0,4.0,5.9,6.3,4.0,4.0
3202,5.2,4.3,4.0,4.0,5.7,5.5,4.7,5.5,5.4,6.1,5.1,4.6,4.6,4.0,5.2,5.2,5.2,5.1,4.6,5.6,5.4,6.0,4.0,4.0,6.4,4.0,5.9,5.4,4.2,5.1,4.0,4.4,4.0,5.6,4.0,4.1,4.0,4.0,5.1,4.0,4.0,4.3,4.9,5.6,4.2,5.0,4.0,4.9,5.1,5.6,5.4,4.0,5.0,4.0,4.3,4.6,7.1,4.3,4.0,4.0,4.0,4.0,4.0,4.0,4.0,4.0,4.0,4.0,4.0,4.0,4.0,4.0,4.0,4.0,4.0,4.0,4.0,4.0,4.0,4.0,4.0,4.0,4.0,4.0,4.0,4.0,4.0,4.0,4.0,4.0,4.0,4.0,4.0,4.0,4.0,4.0,4.0,4.0,4.0,4.0,4.0,4.0,4.0,4.0,4.0,4.0,4.0,4.0,4.0,4.0,4.0,4.0,4.0,4.0,4.0,4.0,4.0,4.0,4.0,4.0,4.0,4.0,4.0,4.0,4.0,4.0,4.0,4.0,4.0,4.0,4.0,4.0,4.0,4.0,4.0,4.0,4.0,4.0,4.0,4.0,4.0,4.0,4.0,4.0,4.0,4.0,4.0,4.0,4.0,4.0,4.0,4.0,4.0,4.0,4.0,4.0,4.0,4.0,4.0,4.0,4.0,4.0,4.0,4.0,5.3,4.3,5.2,4.8,4.0,4.0,4.8,4.9
3222,4.4,5.0,5.1,5.1,4.3,4.9,5.1,4.8,5.4,5.5,4.5,4.0,4.6,4.1,4.0,4.4,4.8,4.0,4.0,4.4,4.1,4.3,4.0,5.4,4.9,4.7,4.8,4.2,4.7,4.6,4.4,4.6,4.0,4.4,4.0,4.8,4.2,4.6,4.0,4.0,4.6,4.7,4.3,4.5,4.0,4.2,4.0,4.0,4.6,4.5,4.5,4.7,4.7,4.0,4.0,4.5,5.8,4.6,4.0,4.0,4.0,4.0,4.0,4.0,4.0,4.0,4.0,4.0,4.0,4.0,4.0,4.0,4.0,4.0,4.0,4.0,4.0,4.0,4.0,4.0,4.0,4.0,4.0,4.0,4.0,4.0,4.0,4.0,4.0,4.0,4.0,4.0,4.0,4.0,4.0,4.0,4.0,4.0,4.0,4.0,4.0,4.0,4.0,4.0,4.0,4.0,4.0,4.0,4.0,4.0,4.0,4.0,4.0,4.0,4.0,4.0,4.0,4.0,4.0,4.0,4.0,4.0,4.0,4.0,4.0,4.0,4.0,4.0,4.0,4.0,4.0,4.0,4.0,4.0,4.0,4.0,4.0,4.0,4.0,4.0,4.0,4.0,4.0,4.0,4.0,4.0,4.0,4.0,4.0,4.0,4.0,4.0,4.0,4.0,4.0,4.0,4.0,4.0,4.0,4.0,4.0,4.0,4.0,4.0,4.4,4.0,4.6,4.2,5.1,4.7,4.3,4.0
3224,4.0,4.0,4.0,4.0,6.7,4.0,6.0,6.4,7.1,4.0,4.0,4.0,4.0,4.0,4.0,6.7,5.8,4.0,4.0,4.0,4.0,5.9,4.0,5.4,4.0,4.0,4.0,4.0,5.8,6.1,4.0,4.0,4.0,4.0,5.1,4.0,4.0,4.0,4.0,4.0,4.0,5.8,4.0,5.8,6.1,4.0,4.0,4.0,6.1,6.5,5.6,6.5,6.3,4.0,4.0,4.0,7.9,4.0,4.0,4.0,4.0,6.4,6.1,4.0,4.0,4.0,4.0,4.0,4.0,4.0,4.0,4.0,4.0,4.0,4.0,4.0,4.0,6.4,6.8,4.0,4.0,5.4,4.0,5.8,5.8,4.0,5.5,4.0,4.0,5.6,5.6,4.0,6.1,5.8,5.8,5.8,5.9,5.9,6.0,5.9,5.7,4.0,5.3,6.2,4.0,4.0,5.9,6.3,4.0,5.2,6.0,4.0,6.3,4.0,7.4,4.0,4.0,5.6,6.1,6.5,5.2,5.7,4.0,4.0,4.0,4.0,4.0,5.4,4.0,6.0,5.4,7.3,4.0,5.7,4.0,4.0,4.0,4.0,4.0,5.2,4.0,4.0,5.7,4.0,4.0,4.0,6.6,4.0,4.0,5.9,4.0,5.5,5.2,4.0,4.0,4.0,4.0,4.0,4.0,4.0,4.0,4.0,4.0,4.0,4.0,4.0,4.0,4.0,6.0,4.0,4.0,4.0
3240,5.0,4.8,5.0,4.2,5.2,4.4,5.0,5.7,5.3,5.7,4.4,4.1,4.3,4.0,4.7,4.9,4.9,4.0,4.5,4.5,4.0,4.4,4.0,4.8,4.9,4.8,4.7,4.6,4.3,4.4,4.0,4.7,4.0,4.4,4.0,4.1,4.0,4.6,4.0,4.2,4.3,4.3,5.2,5.0,4.3,4.4,4.7,4.3,4.6,6.1,4.4,4.5,4.6,4.1,4.1,4.6,7.1,4.4,4.0,4.0,4.0,4.0,4.0,4.0,4.0,4.0,4.0,4.0,4.0,4.0,4.0,4.0,4.0,4.0,4.0,4.0,4.0,4.0,4.0,4.0,4.0,4.0,4.0,4.0,4.0,4.0,4.0,4.0,4.0,4.0,4.0,4.0,4.0,4.0,4.0,4.0,4.0,4.0,4.0,4.0,4.0,4.0,4.0,4.0,4.0,4.0,4.0,4.0,4.0,4.0,4.0,4.0,4.0,4.0,4.0,4.0,4.0,4.0,4.0,4.0,4.0,4.0,4.0,4.0,4.0,4.0,4.0,4.0,4.0,4.0,4.0,4.0,4.0,4.0,4.0,4.0,4.0,4.0,4.0,4.0,4.0,4.0,4.0,4.0,4.0,4.0,4.0,4.0,4.0,4.0,4.0,4.0,4.0,4.0,4.0,4.0,4.0,4.0,4.0,4.0,4.0,4.0,4.0,4.0,4.1,4.0,4.6,4.2,5.3,4.0,4.0,4.1
3245,4.7,5.3,5.4,5.6,4.3,4.8,4.7,4.7,5.7,5.4,4.5,4.7,4.8,4.3,4.8,4.5,4.7,4.1,4.8,4.4,4.0,4.4,4.0,5.8,5.2,5.4,4.1,4.4,5.0,4.2,4.4,4.5,4.0,4.3,5.5,4.8,4.0,4.6,4.2,4.9,4.5,4.3,4.8,4.8,5.0,4.7,5.0,4.4,4.9,4.1,4.4,4.6,5.1,4.0,5.1,5.1,6.3,5.2,4.0,4.0,4.0,4.0,4.0,4.0,4.0,4.0,4.0,4.0,4.0,4.0,4.0,4.0,4.0,4.0,4.0,4.0,4.0,4.0,4.0,4.0,4.0,4.0,4.0,4.0,4.0,4.0,4.0,4.0,4.0,4.0,4.0,4.0,4.0,4.0,4.0,4.0,4.0,4.0,4.0,4.0,4.0,4.0,4.0,4.0,4.0,4.0,4.0,4.0,4.0,4.0,4.0,4.0,4.0,4.0,4.0,4.0,4.0,4.0,4.0,4.0,4.0,4.0,4.0,4.0,4.0,4.0,4.0,4.0,4.0,4.0,4.0,4.0,4.0,4.0,4.0,4.0,4.0,4.0,4.0,4.0,4.0,4.0,4.0,4.0,4.0,4.0,4.0,4.0,4.0,4.0,4.0,4.0,4.0,4.0,4.0,4.0,4.0,4.0,4.0,4.0,4.0,4.0,4.0,4.0,4.5,4.5,4.7,4.8,5.2,4.9,4.3,4.8
3256,4.7,4.0,5.6,4.0,5.1,4.4,5.0,4.9,5.8,5.5,5.0,5.0,4.0,4.0,5.3,4.6,4.7,4.1,4.9,4.8,5.0,4.0,4.0,4.0,5.8,5.6,4.3,4.1,5.0,4.9,4.7,4.6,4.2,4.6,4.0,4.0,4.0,4.6,4.8,6.0,4.6,4.5,4.0,5.0,5.2,5.1,5.4,4.9,5.3,4.0,4.5,4.0,5.0,5.0,4.1,5.5,6.3,4.8,4.0,4.0,4.0,4.0,4.0,4.0,4.0,4.0,4.0,4.0,4.0,4.0,4.0,4.0,4.0,4.0,4.0,4.0,4.0,4.0,4.0,4.0,4.0,4.0,4.0,4.0,4.0,4.0,4.0,4.0,4.0,4.0,4.0,4.0,4.0,4.0,4.0,4.0,4.0,4.0,4.0,4.0,4.0,4.0,4.0,4.0,4.0,4.0,4.0,4.0,4.0,4.0,4.0,4.0,4.0,4.0,4.0,4.0,4.0,4.0,4.0,4.0,4.0,4.0,4.0,4.0,4.0,4.0,4.0,4.0,4.0,4.0,4.0,4.0,4.0,4.0,4.0,4.0,4.0,4.0,4.0,4.0,4.0,4.0,4.0,4.0,4.0,4.0,4.0,4.0,4.0,4.0,4.0,4.0,4.0,4.0,4.0,4.0,4.0,4.0,4.0,4.0,4.0,4.0,4.0,4.0,4.4,4.6,4.8,4.8,5.1,4.4,4.9,6.5
3258,4.0,4.0,4.0,4.0,6.3,5.7,4.0,5.9,6.9,4.0,4.0,6.4,6.1,4.0,4.0,5.7,5.6,6.2,4.0,4.0,4.0,5.8,4.0,5.8,4.0,4.0,4.0,4.0,4.0,6.5,4.0,4.0,4.0,4.0,4.0,4.0,4.0,4.0,4.0,4.0,4.0,5.9,6.2,5.6,6.2,4.0,5.8,4.0,4.0,6.1,4.0,6.0,5.8,5.6,4.0,4.0,7.1,4.0,4.0,4.0,4.0,6.0,6.3,4.0,4.0,5.1,6.2,4.0,4.0,4.0,5.8,4.0,4.0,4.0,4.0,4.0,4.0,6.6,5.5,4.0,4.0,4.0,4.0,4.0,5.7,4.0,5.6,4.0,4.0,5.8,5.7,4.0,6.5,6.3,4.0,4.0,4.0,4.0,4.0,4.0,4.0,4.0,4.0,4.0,4.0,4.0,5.4,6.4,4.0,4.0,5.9,6.3,5.7,4.0,6.0,4.0,4.0,6.3,5.9,4.0,4.0,5.2,4.0,4.0,4.0,4.0,4.0,6.1,4.0,5.6,5.4,6.2,4.0,4.0,4.0,4.0,4.0,4.0,4.0,5.6,4.0,4.0,4.0,6.0,6.0,4.0,4.0,4.0,4.0,5.4,4.0,4.0,4.0,4.0,6.1,4.0,5.5,4.0,4.0,4.0,4.0,4.0,4.0,4.0,4.0,4.0,4.0,4.0,5.7,4.0,4.0,4.0
3259,4.0,4.0,4.0,4.0,6.0,4.0,4.0,6.8,7.0,4.0,4.0,4.0,4.0,4.0,4.0,6.0,5.4,4.0,4.0,4.0,4.0,4.0,4.0,4.0,4.0,4.0,4.0,4.0,4.0,6.1,4.0,4.0,4.0,4.0,4.0,4.0,4.0,6.1,4.0,4.0,4.0,6.9,4.0,4.0,5.7,4.0,6.2,4.0,5.9,5.4,4.0,4.0,5.8,5.7,4.0,6.0,7.0,4.0,4.0,4.0,4.0,4.0,7.9,4.0,4.0,4.0,4.0,5.1,4.0,4.0,4.0,4.0,6.8,4.0,4.0,4.0,4.0,6.0,4.0,4.0,4.0,4.0,4.0,4.0,5.9,4.0,4.0,4.0,4.0,5.3,5.4,5.3,6.9,5.3,4.0,4.0,4.0,4.0,6.7,4.0,4.0,4.0,4.0,5.2,4.0,4.0,5.5,5.8,4.0,4.0,5.5,6.1,6.1,4.0,6.3,5.9,4.0,5.1,6.9,6.0,5.3,4.0,4.0,4.0,4.0,5.7,4.0,6.5,4.0,4.0,5.1,5.6,4.0,4.0,4.0,4.0,4.0,4.0,4.0,5.2,4.0,6.0,5.7,5.9,5.8,5.8,6.0,4.0,6.0,4.0,4.0,4.0,4.0,4.0,6.5,5.6,4.0,4.0,4.0,4.0,4.0,4.0,4.0,4.0,5.9,6.2,4.0,4.0,4.0,4.0,4.0,4.0
3334,4.0,4.0,4.0,4.0,7.1,6.4,5.7,6.4,6.9,4.0,5.4,4.0,6.5,4.0,4.0,6.9,6.9,4.0,4.0,4.0,4.0,5.2,4.0,6.3,4.0,4.0,4.0,4.0,5.3,6.1,4.0,4.0,4.0,4.0,4.0,4.0,4.0,6.5,4.0,4.0,4.0,5.3,4.0,7.2,7.7,4.0,6.8,4.0,4.0,7.9,6.4,5.5,4.0,6.0,4.0,4.0,7.7,5.9,4.0,4.0,4.0,5.6,4.0,5.2,5.7,5.2,5.5,5.2,4.0,4.0,4.0,4.0,4.0,4.0,4.0,4.0,4.0,8.5,5.1,4.0,4.0,5.9,4.0,5.9,6.3,4.0,5.7,4.0,4.0,5.9,6.0,6.6,6.2,6.6,4.0,6.2,6.5,5.6,4.0,6.8,6.1,4.0,5.6,5.2,4.0,4.0,4.0,7.5,7.8,6.2,7.1,6.7,6.2,4.0,4.0,4.0,4.0,6.2,4.0,7.4,5.6,4.0,4.0,4.0,5.6,6.1,5.6,4.0,5.8,5.4,5.4,6.4,4.0,4.0,5.7,4.0,5.4,5.6,4.0,5.1,4.0,4.0,4.0,6.7,6.4,4.0,4.0,4.0,4.0,6.0,5.8,5.7,5.2,4.0,5.8,4.0,4.0,4.0,4.0,4.0,4.0,4.0,4.0,4.0,4.0,4.0,4.0,4.0,5.7,4.0,4.0,4.0
3353,6.0,6.0,7.0,9.0,4.0,5.9,5.9,6.1,7.2,6.8,6.0,6.4,6.4,5.7,6.0,5.4,5.9,5.7,5.7,6.0,6.4,5.7,5.3,7.6,6.6,6.9,6.1,5.8,6.6,6.3,6.2,5.8,5.6,6.0,6.9,6.2,5.9,6.3,5.9,7.0,6.4,6.0,6.3,6.1,6.4,6.4,6.4,6.1,6.5,6.1,6.0,6.2,6.3,5.9,6.5,6.2,7.6,7.0,4.0,4.0,4.0,4.0,4.0,4.0,4.0,4.0,4.0,4.0,4.0,4.0,4.0,4.0,4.0,4.0,4.0,4.0,4.0,4.0,4.0,4.0,4.0,4.0,4.0,4.0,4.0,4.0,4.0,4.0,4.0,4.0,4.0,4.0,4.0,4.0,4.0,4.0,4.0,4.0,4.0,4.0,4.0,4.0,4.0,4.0,4.0,4.0,4.0,4.0,4.0,4.0,4.0,4.0,4.0,4.0,4.0,4.0,4.0,4.0,4.0,4.0,4.0,4.0,4.0,4.0,4.0,4.0,4.0,4.0,4.0,4.0,4.0,4.0,4.0,4.0,4.0,4.0,4.0,4.0,4.0,4.0,4.0,4.0,4.0,4.0,4.0,4.0,4.0,4.0,4.0,4.0,4.0,4.0,4.0,4.0,4.0,4.0,4.0,4.0,4.0,4.0,4.0,4.0,4.0,4.0,6.0,6.1,6.3,6.3,7.1,6.2,6.2,6.3
3358,4.0,4.0,4.0,4.0,5.8,4.0,5.3,6.1,6.5,4.0,5.4,4.0,4.0,4.0,4.0,7.6,7.5,4.0,4.0,4.0,4.0,4.0,4.0,5.4,4.0,4.0,4.0,4.0,6.4,6.4,4.0,5.6,4.0,4.0,4.0,4.0,4.0,4.0,4.0,4.0,4.0,6.6,5.8,5.4,4.0,4.0,6.8,4.0,4.0,5.2,5.4,5.6,6.1,5.1,5.9,4.0,6.9,4.0,4.0,4.0,5.4,6.0,5.9,4.0,4.0,4.0,4.0,5.6,4.0,4.0,4.0,4.0,6.2,4.0,4.0,4.0,4.0,5.5,6.1,4.0,4.0,5.3,4.0,6.3,4.0,4.0,4.0,4.0,4.0,5.6,5.6,6.3,7.4,4.0,4.0,6.0,6.4,5.7,6.6,6.1,4.0,4.0,5.6,6.2,7.3,4.0,4.0,6.1,5.7,4.0,4.0,5.8,5.3,4.0,7.0,4.0,4.0,5.2,7.0,6.9,7.9,4.0,4.0,4.0,4.0,4.0,5.5,4.0,4.0,6.1,5.5,5.3,4.0,5.6,4.0,4.0,4.0,5.2,4.0,5.7,6.5,4.0,4.0,4.0,4.0,4.0,4.0,4.0,4.0,4.0,4.0,5.2,4.0,4.0,4.0,4.0,4.0,4.0,4.0,4.0,4.0,4.0,6.1,4.0,4.0,4.0,4.0,4.0,4.0,4.0,4.0,4.0
3414,5.7,5.4,4.0,4.0,4.0,6.5,4.0,5.4,4.0,6.1,5.8,7.0,6.9,5.6,4.0,5.7,5.9,4.0,6.0,5.9,5.7,9.0,6.0,4.0,5.9,5.7,6.0,5.7,6.0,5.9,4.0,5.5,5.4,6.1,6.0,6.1,7.2,7.4,5.5,7.1,8.0,5.7,6.2,5.9,6.0,6.0,5.7,4.0,8.1,5.8,6.7,7.7,6.2,5.7,5.5,6.1,4.0,6.3,4.0,4.0,4.0,4.0,4.0,4.0,4.0,4.0,4.0,4.0,4.0,4.0,4.0,4.0,4.0,4.0,4.0,4.0,4.0,4.0,4.0,4.0,4.0,4.0,4.0,4.0,4.0,4.0,4.0,4.0,4.0,4.0,4.0,4.0,4.0,4.0,4.0,4.0,4.0,4.0,4.0,4.0,4.0,4.0,4.0,4.0,4.0,4.0,4.0,4.0,4.0,4.0,4.0,4.0,4.0,4.0,4.0,4.0,4.0,4.0,4.0,4.0,4.0,4.0,4.0,4.0,4.0,4.0,4.0,4.0,4.0,4.0,4.0,4.0,4.0,4.0,4.0,4.0,4.0,4.0,4.0,4.0,4.0,4.0,4.0,4.0,4.0,4.0,4.0,4.0,4.0,4.0,4.0,4.0,4.0,4.0,4.0,4.0,4.0,4.0,4.0,4.0,4.0,4.0,4.0,4.0,5.7,4.0,5.6,5.5,4.0,6.4,5.5,4.0
3461,4.0,4.0,4.0,5.4,6.2,6.2,4.0,8.6,6.1,4.0,6.3,7.3,4.0,6.4,4.0,5.4,5.8,4.0,4.0,6.1,6.4,6.8,6.7,6.1,4.0,4.0,4.0,4.0,4.0,4.0,4.0,4.0,4.0,4.0,6.2,4.0,6.1,4.0,4.0,4.0,4.0,6.9,7.6,4.0,4.0,4.0,4.0,4.0,4.0,4.0,4.0,6.9,6.1,4.0,4.0,4.0,6.1,6.9,4.0,4.0,8.2,7.1,4.0,4.0,4.0,4.0,5.5,7.5,4.0,4.0,6.1,4.0,4.0,4.0,4.0,4.0,4.0,4.0,4.0,4.0,4.0,5.7,4.0,4.0,4.0,4.0,6.7,7.2,4.0,4.0,4.0,4.0,4.0,5.5,6.0,5.6,4.0,4.0,4.0,4.0,7.9,5.3,4.0,4.0,6.0,4.0,4.0,5.3,4.0,4.0,5.4,4.0,7.4,5.8,4.0,4.0,5.9,5.4,6.8,4.0,6.0,6.6,5.7,4.0,4.0,4.0,6.4,4.0,4.0,4.0,4.0,4.0,4.0,4.0,5.5,4.0,4.0,4.0,4.0,4.0,4.0,4.0,4.0,4.0,4.0,4.0,6.6,4.0,4.0,7.0,6.4,6.0,4.0,6.3,4.0,4.0,4.0,4.0,4.0,4.0,4.0,4.0,4.0,4.0,6.2,4.0,4.0,4.0,4.0,4.0,4.0,4.0
3513,4.0,7.9,4.0,5.4,4.0,4.0,5.6,8.4,4.0,4.0,4.0,4.0,5.8,4.0,4.0,4.0,4.0,4.0,4.0,4.0,5.9,4.0,4.0,4.0,4.0,4.0,4.0,4.0,7.2,4.0,4.0,4.0,4.0,4.0,4.0,4.0,4.0,4.0,6.4,4.0,4.0,4.0,7.9,4.0,4.0,4.0,4.0,4.0,4.0,8.1,7.8,5.5,4.0,7.5,4.0,5.7,4.0,4.0,4.0,4.0,4.0,5.6,4.0,4.0,8.2,4.0,4.0,4.0,4.0,4.0,4.0,4.0,8.9,4.0,4.0,4.0,4.0,7.7,7.2,4.0,4.0,7.2,4.0,7.8,6.4,4.0,7.1,4.0,6.3,8.3,8.0,4.0,8.0,8.0,7.1,7.2,6.8,7.1,4.0,6.5,6.4,6.2,8.4,6.2,6.5,6.7,5.6,7.6,4.0,4.0,6.6,7.1,7.9,4.0,6.3,7.1,7.5,7.5,6.1,4.0,7.6,5.7,5.8,5.7,6.6,4.0,7.1,4.0,4.0,6.7,7.0,6.5,6.1,6.9,4.0,4.0,6.0,5.8,4.0,6.2,4.0,4.0,4.0,7.8,7.5,4.0,4.0,4.0,4.0,5.5,4.0,7.1,6.4,5.8,4.0,4.0,4.0,4.0,4.0,4.0,4.0,4.0,4.0,4.0,4.0,4.0,4.0,4.0,7.2,4.0,4.0,4.0
3566,4.0,4.0,4.0,5.6,6.5,7.6,4.0,7.2,4.0,4.0,7.0,6.7,7.3,7.6,4.0,6.1,5.5,7.6,4.0,8.4,6.8,6.5,7.0,6.7,4.0,4.0,4.0,4.0,6.5,7.3,4.0,4.0,4.0,4.0,5.5,8.1,7.8,8.5,6.8,4.0,4.0,4.0,7.2,6.0,5.1,4.0,4.0,6.9,8.5,6.1,5.7,7.3,7.1,5.5,4.0,4.0,7.3,4.0,4.0,7.0,4.0,7.9,4.0,4.0,4.0,5.4,7.6,4.0,7.1,4.0,7.2,4.0,4.0,5.8,7.3,4.0,4.0,5.3,4.0,4.0,4.0,7.0,4.0,6.9,8.3,4.0,7.3,7.8,4.0,6.0,6.0,5.3,4.0,5.5,7.1,4.0,4.0,4.0,4.0,5.6,6.2,4.0,6.6,4.0,4.0,6.3,6.4,6.2,4.0,6.3,4.0,4.0,6.7,8.1,6.5,4.0,5.9,5.2,4.0,5.5,5.2,5.7,4.0,5.5,4.0,7.9,7.3,4.0,7.5,6.6,5.2,4.0,4.0,4.0,6.4,4.0,4.0,4.0,4.0,5.6,5.3,4.0,6.0,6.4,6.3,6.8,7.7,4.0,4.0,7.0,7.6,7.1,4.0,7.6,7.8,4.0,4.0,4.0,4.0,4.0,4.0,4.0,4.0,4.0,6.6,7.0,4.0,4.0,4.0,6.6,4.0,4.0
3579,4.0,4.0,4.0,7.0,5.1,4.0,5.5,4.0,4.0,4.0,4.0,4.0,4.0,4.0,4.0,4.0,4.0,4.0,4.0,4.0,4.0,5.2,5.8,5.5,4.0,4.0,4.0,4.0,5.7,6.3,4.0,4.0,4.0,4.0,4.0,4.0,4.0,4.0,5.9,4.0,4.0,5.7,5.7,4.0,7.0,4.0,4.0,4.0,4.0,5.7,5.7,5.3,4.0,5.8,4.0,4.0,5.8,4.0,5.5,4.0,5.2,4.0,5.3,5.4,5.4,5.4,4.0,5.1,6.6,4.0,4.0,4.0,4.0,4.0,4.0,4.0,4.0,5.8,4.0,4.0,4.0,5.6,4.0,6.2,4.0,4.0,5.4,6.2,4.0,5.7,5.2,5.4,4.0,5.5,7.7,5.7,5.6,5.6,4.0,5.6,5.4,5.2,5.1,4.0,5.2,4.0,6.3,6.0,5.1,4.0,6.7,6.0,5.6,4.0,6.3,6.3,7.1,4.0,4.0,4.0,5.2,5.2,5.3,5.4,4.0,4.0,4.0,4.0,6.1,6.1,4.0,4.0,5.8,4.0,4.0,6.2,4.0,4.0,4.0,5.2,5.1,4.0,4.0,5.8,4.0,4.0,4.0,4.0,4.0,4.0,4.0,5.6,4.0,4.0,6.1,5.7,4.0,4.0,4.0,4.0,4.0,4.0,4.0,4.0,4.0,6.1,4.0,4.0,5.2,4.0,4.0,4.0
3598,4.4,4.9,4.0,4.6,5.3,4.0,4.8,5.1,5.5,5.7,4.2,4.9,4.0,4.0,4.6,4.2,4.3,4.0,4.5,4.0,4.0,5.7,4.6,4.9,5.7,5.4,5.3,5.2,5.0,6.1,4.0,4.1,4.0,5.7,4.5,4.0,4.2,4.0,4.0,4.6,4.3,4.7,4.8,4.9,4.9,4.4,4.1,4.0,4.9,4.6,5.0,5.8,5.1,4.1,4.4,4.8,6.4,4.7,4.0,4.0,4.0,4.0,4.0,4.0,4.0,4.0,4.0,4.0,4.0,4.0,4.0,4.0,4.0,4.0,4.0,4.0,4.0,4.0,4.0,4.0,4.0,4.0,4.0,4.0,4.0,4.0,4.0,4.0,4.0,4.0,4.0,4.0,4.0,4.0,4.0,4.0,4.0,4.0,4.0,4.0,4.0,4.0,4.0,4.0,4.0,4.0,4.0,4.0,4.0,4.0,4.0,4.0,4.0,4.0,4.0,4.0,4.0,4.0,4.0,4.0,4.0,4.0,4.0,4.0,4.0,4.0,4.0,4.0,4.0,4.0,4.0,4.0,4.0,4.0,4.0,4.0,4.0,4.0,4.0,4.0,4.0,4.0,4.0,4.0,4.0,4.0,4.0,4.0,4.0,4.0,4.0,4.0,4.0,4.0,4.0,4.0,4.0,4.0,4.0,4.0,4.0,4.0,4.0,4.0,5.0,4.0,4.0,4.5,5.2,5.4,4.4,5.0
3601,4.0,4.0,4.0,4.0,7.2,4.0,5.2,6.1,6.1,4.0,5.3,4.0,5.6,7.0,4.0,4.0,6.0,8.3,4.0,4.0,4.0,5.9,4.0,4.0,4.0,4.0,4.0,4.0,6.1,6.0,4.0,4.0,5.6,4.0,4.0,4.0,4.0,5.9,4.0,4.0,4.0,5.5,4.0,5.7,5.9,4.0,4.0,4.0,7.4,5.6,5.3,6.0,4.0,5.5,4.0,4.0,7.9,4.0,4.0,4.0,4.0,6.3,5.7,5.5,5.5,4.0,5.3,5.7,4.0,4.0,4.0,4.0,4.0,4.0,5.9,4.0,4.0,5.9,6.9,4.0,4.0,5.8,4.0,4.0,6.2,4.0,4.0,4.0,4.0,5.4,4.0,4.0,6.1,4.0,4.0,4.0,5.8,5.8,6.6,6.3,4.0,4.0,5.8,6.0,5.9,4.0,4.0,5.9,6.1,5.3,6.2,4.0,5.9,4.0,5.9,4.0,4.0,4.0,6.3,6.0,5.7,5.6,4.0,4.0,4.0,4.0,5.5,5.1,4.0,5.2,4.0,4.0,4.0,5.2,4.0,4.0,4.0,4.0,4.0,6.4,5.9,4.0,4.0,6.0,4.0,4.0,5.8,4.0,4.0,6.4,4.0,5.6,4.0,4.0,4.0,4.0,4.0,4.0,4.0,4.0,4.0,4.0,4.0,4.0,4.0,4.0,4.0,4.0,5.1,6.4,4.0,4.0
3629,7.2,7.7,7.9,8.6,7.7,8.1,5.9,8.7,8.6,8.3,7.4,8.3,7.9,7.3,7.6,7.8,7.5,7.6,8.3,9.1,8.7,8.2,7.6,7.0,9.4,8.5,8.2,6.2,8.3,8.8,4.0,7.0,5.7,9.6,5.6,8.2,9.1,8.7,8.1,8.1,9.1,5.5,9.5,9.1,7.4,8.7,9.5,7.0,8.6,9.1,8.8,8.7,8.6,8.0,8.9,8.0,8.7,7.0,4.0,8.1,5.9,8.1,4.0,4.0,8.0,8.2,7.9,5.7,7.6,7.5,7.4,6.8,8.5,4.0,4.0,8.3,8.5,9.3,8.1,9.7,7.3,9.4,9.1,9.5,9.3,9.2,9.4,8.8,7.9,4.0,4.0,8.4,4.0,4.0,8.0,4.0,4.0,4.0,6.9,4.0,8.0,6.3,4.0,4.0,4.0,8.9,4.0,9.1,4.0,8.5,8.6,4.0,8.3,7.7,8.6,4.0,4.0,8.4,5.8,4.0,4.0,4.0,7.1,8.3,4.0,4.0,9.2,4.0,8.5,4.0,4.0,4.0,4.0,4.0,6.6,4.0,6.7,6.7,4.0,4.0,4.0,4.0,4.0,4.0,4.0,4.0,4.0,7.3,4.0,8.2,8.2,8.1,7.3,4.0,8.5,6.6,4.0,5.7,4.0,4.0,4.0,4.0,4.0,4.0,8.3,7.1,8.4,8.5,8.4,7.0,8.8,7.2
3641,4.0,4.0,4.0,4.0,4.0,7.1,4.0,4.0,4.0,4.0,7.3,8.1,4.0,4.0,4.0,4.0,4.0,4.0,5.7,4.0,4.0,8.4,5.8,6.1,7.7,4.0,4.0,4.0,6.5,6.8,5.5,4.0,4.0,6.6,4.0,4.0,5.9,4.0,5.6,8.2,9.2,4.0,6.6,4.0,4.0,4.0,4.0,4.0,6.8,4.0,6.1,8.1,7.8,4.0,5.8,4.0,4.0,5.8,4.0,4.0,4.0,7.7,4.0,4.0,4.0,4.0,4.0,4.0,4.0,4.0,7.2,8.0,4.0,4.0,6.5,4.0,4.0,5.5,4.0,4.0,4.0,6.0,4.0,4.0,4.0,4.0,6.4,6.3,4.0,5.3,5.2,4.0,4.0,5.1,4.0,4.0,4.0,4.0,4.0,5.2,4.0,4.0,6.4,5.2,4.0,5.7,5.4,6.0,4.0,4.0,4.0,4.0,5.6,4.0,4.0,4.0,5.9,4.0,5.5,4.0,4.0,6.6,4.0,4.0,4.0,4.0,6.6,4.0,4.0,6.6,4.0,4.0,5.2,4.0,4.0,4.0,4.0,4.0,4.0,5.2,5.9,4.0,4.0,4.0,4.0,4.0,6.8,4.0,4.0,7.7,6.5,6.3,4.0,4.0,4.0,4.0,4.0,4.0,4.0,4.0,4.0,4.0,4.0,4.0,5.7,4.0,4.0,4.0,4.0,8.5,4.0,4.0
3664,6.2,6.6,7.3,6.4,4.0,6.6,6.1,6.1,6.9,7.2,6.8,4.0,6.5,6.1,7.1,6.5,7.0,6.4,5.6,6.3,6.2,5.8,5.8,6.3,4.0,7.1,6.4,6.7,6.4,4.0,6.0,6.2,6.4,6.2,6.3,6.9,6.1,6.9,6.1,6.0,6.5,7.1,6.4,7.0,5.7,6.1,6.2,5.4,6.9,6.0,6.3,6.3,6.8,5.6,4.0,7.0,7.4,7.3,4.0,4.0,4.0,4.0,4.0,4.0,4.0,4.0,4.0,4.0,4.0,4.0,4.0,4.0,4.0,4.0,4.0,4.0,4.0,4.0,4.0,4.0,4.0,4.0,4.0,4.0,4.0,4.0,4.0,4.0,4.0,4.0,4.0,4.0,4.0,4.0,4.0,4.0,4.0,4.0,4.0,4.0,4.0,4.0,4.0,4.0,4.0,4.0,4.0,4.0,4.0,4.0,4.0,4.0,4.0,4.0,4.0,4.0,4.0,4.0,4.0,4.0,4.0,4.0,4.0,4.0,4.0,4.0,4.0,4.0,4.0,4.0,4.0,4.0,4.0,4.0,4.0,4.0,4.0,4.0,4.0,4.0,4.0,4.0,4.0,4.0,4.0,4.0,4.0,4.0,4.0,4.0,4.0,4.0,4.0,4.0,4.0,4.0,4.0,4.0,4.0,4.0,4.0,4.0,4.0,4.0,6.2,5.8,6.5,6.8,6.5,6.0,6.2,4.0
3673,7.3,4.0,4.0,6.2,4.0,6.9,4.0,7.7,4.0,6.6,7.2,7.6,8.4,4.0,4.0,6.0,5.9,4.0,6.2,7.6,6.5,7.5,7.5,6.5,6.7,4.0,6.3,6.5,5.6,5.4,4.0,4.0,4.0,6.4,4.0,7.2,6.7,7.1,6.4,7.4,7.2,4.0,6.3,4.0,4.0,4.0,4.0,5.5,8.0,4.0,5.4,7.3,7.8,6.1,6.8,4.0,6.3,4.0,4.0,6.8,4.0,7.6,4.0,4.0,4.0,4.0,5.7,4.0,4.0,4.0,7.0,6.4,4.0,5.9,6.7,4.0,4.0,4.0,4.0,4.0,4.0,5.5,4.0,4.0,6.7,4.0,5.4,7.2,4.0,4.0,4.0,4.0,4.0,4.0,4.0,4.0,4.0,4.0,6.8,5.3,6.4,4.0,5.4,4.0,4.0,5.9,4.0,4.0,4.0,5.6,4.0,4.0,6.1,7.8,6.6,4.0,4.0,4.0,4.0,4.0,5.4,5.3,4.0,5.6,4.0,7.4,7.0,4.0,6.5,6.3,4.0,4.0,4.0,4.0,5.6,4.0,4.0,4.0,4.0,4.0,4.0,4.0,4.0,4.0,4.0,4.0,4.0,4.0,4.0,4.0,4.0,4.0,4.0,4.0,6.5,4.0,4.0,4.0,4.0,4.0,4.0,4.0,4.0,4.0,4.0,6.3,4.0,4.0,4.0,6.7,6.0,7.5
3675,6.2,6.2,6.4,6.0,4.0,5.8,6.0,5.4,6.2,6.1,5.9,5.6,6.3,5.7,6.0,6.2,6.2,5.9,5.6,5.7,5.3,5.7,4.0,6.7,6.2,6.0,6.0,6.2,5.9,5.3,6.0,5.9,5.5,5.8,5.9,6.0,5.6,5.8,5.3,5.9,6.0,5.7,5.8,6.0,5.5,5.9,5.6,5.2,5.9,6.0,5.6,6.0,6.7,6.5,5.5,6.3,6.2,6.6,4.0,4.0,4.0,4.0,4.0,4.0,4.0,4.0,4.0,4.0,4.0,4.0,4.0,4.0,4.0,4.0,4.0,4.0,4.0,4.0,4.0,4.0,4.0,4.0,4.0,4.0,4.0,4.0,4.0,4.0,4.0,4.0,4.0,4.0,4.0,4.0,4.0,4.0,4.0,4.0,4.0,4.0,4.0,4.0,4.0,4.0,4.0,4.0,4.0,4.0,4.0,4.0,4.0,4.0,4.0,4.0,4.0,4.0,4.0,4.0,4.0,4.0,4.0,4.0,4.0,4.0,4.0,4.0,4.0,4.0,4.0,4.0,4.0,4.0,4.0,4.0,4.0,4.0,4.0,4.0,4.0,4.0,4.0,4.0,4.0,4.0,4.0,4.0,4.0,4.0,4.0,4.0,4.0,4.0,4.0,4.0,4.0,4.0,4.0,4.0,4.0,4.0,4.0,4.0,4.0,4.0,5.6,5.4,6.3,6.0,5.6,5.8,5.4,5.5
3697,4.0,4.0,4.0,4.0,5.4,4.0,4.0,5.9,6.3,4.0,4.0,4.0,4.0,4.0,4.0,4.0,5.2,4.0,4.0,4.0,4.0,4.0,4.0,5.4,4.0,4.0,4.0,4.0,5.8,6.0,4.0,4.0,4.0,4.0,4.0,4.0,4.0,5.9,4.0,4.0,4.0,5.1,4.0,5.6,5.4,4.0,6.4,4.0,6.5,6.7,6.5,5.3,4.0,4.0,4.0,4.0,6.3,4.0,4.0,4.0,4.0,5.5,5.2,4.0,4.0,5.4,4.0,5.2,5.9,4.0,4.0,4.0,4.0,4.0,4.0,4.0,4.0,7.2,6.2,4.0,4.0,5.5,4.0,6.2,4.0,4.0,5.3,4.0,4.0,5.3,5.6,5.8,4.0,5.5,4.0,5.6,5.7,5.2,4.0,5.1,5.1,5.2,5.8,5.9,4.0,4.0,4.0,6.3,5.5,4.0,5.3,4.0,6.6,4.0,7.2,4.0,4.0,4.0,4.0,6.0,5.7,4.0,4.0,4.0,4.0,5.9,6.4,4.0,6.2,4.0,5.5,5.6,4.0,4.0,4.0,4.0,4.0,4.0,4.0,5.9,5.6,4.0,6.1,5.8,4.0,6.0,6.1,4.0,4.0,4.0,4.0,5.5,4.0,4.0,6.0,4.0,4.0,4.0,4.0,4.0,4.0,4.0,4.0,4.0,4.0,4.0,4.0,4.0,4.0,4.0,4.0,4.0
3710,4.0,4.0,4.0,4.0,4.0,4.0,4.0,7.5,5.4,4.0,5.6,4.0,5.6,7.0,4.0,4.0,6.5,4.0,4.0,4.0,4.0,5.5,4.0,4.0,4.0,4.0,4.0,4.0,5.8,6.1,4.0,4.0,4.0,4.0,4.0,6.4,4.0,4.0,4.0,4.0,4.0,7.6,5.9,4.0,4.0,4.0,4.0,4.0,4.0,4.0,6.7,5.9,4.0,5.8,4.0,5.9,4.0,5.6,4.0,4.0,6.4,4.0,8.1,5.7,5.5,5.1,4.0,6.4,4.0,4.0,4.0,4.0,7.5,4.0,4.0,4.0,4.0,4.0,5.8,4.0,4.0,4.0,4.0,5.8,6.6,4.0,4.0,6.2,4.0,6.7,6.0,4.0,6.1,4.0,5.8,4.0,4.0,5.5,6.5,5.9,4.0,4.0,4.0,5.9,5.7,4.0,4.0,4.0,4.0,5.3,6.3,6.3,6.4,4.0,4.0,4.0,4.0,4.0,7.1,5.3,6.0,5.4,5.7,4.0,4.0,4.0,4.0,5.9,4.0,5.7,4.0,4.0,4.0,4.0,4.0,4.0,4.0,4.0,5.8,6.3,5.8,5.8,4.0,4.0,4.0,4.0,4.0,4.0,4.0,6.0,4.0,4.0,4.0,4.0,4.0,4.0,4.0,4.0,4.0,4.0,4.0,4.0,4.0,4.0,4.0,4.0,4.0,4.0,4.0,7.1,4.0,4.0
3726,4.0,4.0,4.0,4.0,4.0,4.0,7.0,6.3,4.0,4.0,5.3,4.0,4.0,4.0,4.0,7.6,7.6,4.0,4.0,5.9,6.3,4.0,4.0,4.0,4.0,4.0,4.0,4.0,6.1,5.9,4.0,5.5,5.5,4.0,4.0,4.0,4.0,4.0,4.0,4.0,4.0,5.4,4.0,5.4,6.7,4.0,4.0,4.0,4.0,5.9,5.6,5.8,4.0,6.3,4.0,4.0,4.0,4.0,4.0,4.0,5.2,6.5,5.9,4.0,4.0,5.1,4.0,5.3,4.0,4.0,4.0,4.0,4.0,4.0,4.0,4.0,4.0,6.5,4.0,4.0,4.0,6.0,4.0,4.0,4.0,4.0,4.0,4.0,4.0,4.0,5.7,5.3,8.2,6.3,4.0,7.1,7.2,7.1,7.1,6.5,5.8,6.4,5.5,6.7,6.1,5.9,4.0,7.6,6.1,5.8,6.0,4.0,4.0,4.0,6.7,4.0,4.0,6.0,6.1,8.0,6.2,4.0,4.0,4.0,4.0,5.9,4.0,4.0,4.0,4.0,5.4,6.8,4.0,7.3,4.0,4.0,6.6,6.3,4.0,5.6,4.0,4.0,4.0,6.1,4.0,4.0,4.0,4.0,4.0,4.0,4.0,4.0,5.3,4.0,4.0,4.0,4.0,4.0,4.0,4.0,4.0,4.0,4.0,4.0,4.0,4.0,4.0,4.0,5.4,4.0,4.0,4.0
3733,4.0,4.0,4.0,4.0,6.0,4.0,4.0,4.0,5.6,4.0,6.5,4.0,6.6,6.6,4.0,5.3,5.3,4.0,4.0,8.3,8.3,5.9,6.4,4.0,4.0,4.0,4.0,4.0,6.9,5.6,4.0,4.0,4.0,4.0,4.0,4.0,5.6,7.1,5.3,4.0,4.0,5.5,6.8,4.0,5.8,4.0,4.0,6.5,6.7,5.3,5.5,7.6,8.0,5.3,4.0,4.0,6.6,4.0,4.0,6.1,4.0,7.1,5.3,4.0,4.0,4.0,4.0,4.0,4.0,4.0,5.9,4.0,4.0,4.0,7.2,4.0,4.0,5.8,4.0,4.0,4.0,6.7,4.0,5.9,7.7,4.0,6.6,5.8,4.0,6.4,6.3,5.3,4.0,6.8,5.9,4.0,5.1,4.0,4.0,5.4,5.9,4.0,5.3,6.3,5.4,5.6,6.6,6.8,5.9,5.2,4.0,6.2,5.7,5.7,6.4,4.0,4.0,5.6,4.0,4.0,4.0,5.6,4.0,4.0,4.0,6.9,5.9,6.1,6.6,6.2,5.4,4.0,5.5,4.0,4.0,5.6,4.0,4.0,4.0,4.0,5.2,4.0,4.0,4.0,4.0,4.0,4.0,4.0,6.5,6.4,5.9,7.1,4.0,7.0,5.9,4.0,4.0,4.0,4.0,4.0,4.0,4.0,4.0,4.0,7.3,6.2,4.0,4.0,5.8,4.0,4.0,4.0
3734,6.3,6.5,6.8,7.4,4.0,5.7,5.8,5.6,6.7,6.4,6.3,5.7,6.4,5.7,6.2,6.0,6.4,4.0,5.7,5.7,5.4,5.6,4.0,7.5,6.1,6.8,6.2,6.4,6.3,5.3,5.4,6.2,5.6,5.8,6.5,6.4,5.5,6.2,4.0,6.2,6.1,6.4,6.1,6.3,6.1,6.4,4.0,5.6,5.9,5.5,6.1,6.1,6.6,5.4,5.8,6.5,7.1,6.9,4.0,4.0,4.0,4.0,4.0,4.0,4.0,4.0,4.0,4.0,4.0,4.0,4.0,4.0,4.0,4.0,4.0,4.0,4.0,4.0,4.0,4.0,4.0,4.0,4.0,4.0,4.0,4.0,4.0,4.0,4.0,4.0,4.0,4.0,4.0,4.0,4.0,4.0,4.0,4.0,4.0,4.0,4.0,4.0,4.0,4.0,4.0,4.0,4.0,4.0,4.0,4.0,4.0,4.0,4.0,4.0,4.0,4.0,4.0,4.0,4.0,4.0,4.0,4.0,4.0,4.0,4.0,4.0,4.0,4.0,4.0,4.0,4.0,4.0,4.0,4.0,4.0,4.0,4.0,4.0,4.0,4.0,4.0,4.0,4.0,4.0,4.0,4.0,4.0,4.0,4.0,4.0,4.0,4.0,4.0,4.0,4.0,4.0,4.0,4.0,4.0,4.0,4.0,4.0,4.0,4.0,5.9,5.9,6.3,6.0,6.1,6.1,4.0,5.9
3735,4.0,4.0,4.0,4.0,6.4,4.0,5.3,4.0,7.0,4.0,5.5,6.4,5.7,4.0,4.0,4.0,5.3,4.0,4.0,6.1,4.0,6.2,4.0,5.5,4.0,4.0,4.0,4.0,5.7,6.1,4.0,4.0,4.0,4.0,4.0,4.0,4.0,5.9,4.0,4.0,4.0,5.8,4.0,5.4,6.0,4.0,4.0,4.0,4.0,6.2,4.0,6.3,4.0,4.0,4.0,4.0,7.1,4.0,4.0,4.0,4.0,5.5,5.9,4.0,4.0,4.0,6.0,4.0,4.0,4.0,4.0,4.0,4.0,4.0,4.0,4.0,4.0,6.6,5.4,4.0,4.0,4.0,4.0,4.0,6.2,4.0,5.4,4.0,4.0,5.6,5.8,4.0,6.3,5.7,4.0,4.0,4.0,4.0,6.6,5.2,4.0,4.0,5.5,5.4,4.0,4.0,4.0,6.2,5.2,4.0,5.8,4.0,5.3,4.0,6.9,4.0,4.0,6.1,5.4,5.9,4.0,5.6,4.0,4.0,4.0,4.0,5.2,6.3,4.0,4.0,5.9,6.0,4.0,4.0,5.9,4.0,4.0,4.0,4.0,4.0,4.0,4.0,4.0,6.3,4.0,4.0,4.0,4.0,4.0,5.8,4.0,4.0,4.0,4.0,4.0,4.0,4.0,4.0,4.0,4.0,4.0,4.0,4.0,4.0,4.0,4.0,4.0,4.0,5.4,4.0,4.0,4.0
3737,6.2,4.0,4.0,6.3,5.6,6.1,4.0,4.0,4.0,7.5,7.3,7.3,7.1,6.5,6.1,7.3,7.7,4.0,4.0,6.9,7.1,7.9,6.1,6.3,6.9,5.9,5.7,5.6,6.4,4.0,6.1,4.0,5.6,7.4,4.0,6.1,7.0,7.0,7.1,6.5,7.3,4.0,6.2,4.0,4.0,4.0,4.0,7.9,7.9,4.0,6.8,4.0,7.6,5.4,4.0,4.0,6.0,4.0,4.0,6.9,5.2,7.9,4.0,4.0,4.0,4.0,6.3,5.2,5.8,4.0,7.6,6.7,4.0,4.0,7.3,4.0,4.0,4.0,5.1,4.0,4.0,4.0,4.0,5.9,7.7,4.0,7.4,7.2,4.0,4.0,4.0,4.0,4.0,6.8,6.9,4.0,4.0,4.0,4.0,6.2,6.1,5.8,4.0,5.1,4.0,7.3,5.5,5.7,5.5,5.4,4.0,4.0,4.0,6.9,5.6,6.0,4.0,6.1,5.6,4.0,4.0,5.9,4.0,6.5,4.0,7.1,4.0,4.0,6.9,7.4,4.0,4.0,4.0,4.0,7.3,5.7,4.0,4.0,4.0,5.5,4.0,4.0,4.0,4.0,4.0,4.0,4.0,4.0,4.0,4.0,6.7,4.0,4.0,4.0,6.8,4.0,4.0,4.0,4.0,4.0,4.0,4.0,4.0,4.0,5.9,6.7,5.8,4.0,6.8,4.0,5.8,6.6
3738,8.0,4.0,4.0,4.0,5.9,6.8,4.0,6.1,4.0,4.0,7.9,7.4,4.0,7.3,4.0,4.0,4.0,4.0,4.0,6.7,6.3,7.0,7.2,7.0,6.1,7.5,4.0,4.0,6.4,5.7,4.0,4.0,4.0,7.2,4.0,6.1,6.4,6.6,5.5,4.0,4.0,4.0,7.8,4.0,6.3,4.0,4.0,7.6,8.8,4.0,4.0,7.8,8.1,5.4,4.0,4.0,5.8,4.0,4.0,6.7,4.0,8.2,4.0,4.0,4.0,4.0,4.0,4.0,6.4,4.0,7.5,4.0,4.0,6.4,4.0,4.0,4.0,4.0,4.0,4.0,4.0,7.3,4.0,6.1,8.1,4.0,6.4,7.4,4.0,5.8,5.7,4.0,4.0,6.3,4.0,4.0,4.0,4.0,4.0,4.0,4.0,4.0,4.0,4.0,4.0,4.0,6.1,5.3,5.2,4.0,5.9,4.0,4.0,8.3,4.0,4.0,6.3,5.5,4.0,4.0,4.0,6.4,4.0,4.0,4.0,8.9,7.8,4.0,6.9,7.4,5.1,4.0,7.4,4.0,7.5,4.0,4.0,4.0,4.0,4.0,4.0,4.0,4.0,4.0,4.0,7.3,4.0,4.0,7.7,6.8,7.5,7.2,4.0,4.0,6.3,4.0,4.0,4.0,4.0,4.0,4.0,4.0,4.0,4.0,7.6,6.7,4.0,4.0,5.9,8.6,7.0,6.9
3745,6.0,6.3,4.0,4.0,5.9,4.0,4.0,4.0,4.0,6.8,4.0,4.0,4.0,4.0,6.2,4.0,4.0,4.0,4.0,4.0,4.0,4.0,4.0,6.0,7.7,6.4,4.0,4.0,4.0,4.0,4.0,4.0,4.0,5.7,4.0,4.0,4.0,4.0,5.8,4.0,4.0,4.0,4.0,7.1,6.4,8.1,6.3,4.0,4.0,6.8,5.9,6.0,4.0,4.0,4.0,4.0,6.8,4.0,4.0,4.0,4.0,5.8,4.0,5.9,4.0,5.6,4.0,4.0,4.0,4.0,4.0,4.0,4.0,4.0,4.0,4.0,4.0,7.6,4.0,4.0,4.0,4.0,4.0,4.0,4.0,4.0,5.6,4.0,4.0,5.5,4.0,5.4,4.0,6.0,4.0,4.0,4.0,4.0,4.0,5.1,5.6,4.0,5.5,5.7,4.0,6.2,4.0,6.7,6.8,5.6,6.0,6.2,6.3,4.0,5.4,4.0,4.0,6.2,4.0,4.0,4.0,5.4,4.0,4.0,5.4,4.0,5.5,5.3,4.0,5.3,5.4,4.0,4.0,4.0,4.0,4.0,4.0,4.0,4.0,4.0,4.0,4.0,4.0,6.2,4.0,4.0,4.0,4.0,4.0,4.0,4.0,5.2,4.0,4.0,4.0,4.0,4.0,4.0,4.0,4.0,4.0,4.0,4.0,4.0,5.7,4.0,4.0,5.4,4.0,4.0,4.0,6.0
3750,4.0,4.0,4.0,6.5,6.1,5.9,4.0,8.1,8.3,4.0,4.0,4.0,6.3,4.0,4.0,5.9,5.8,4.0,4.0,4.0,6.1,5.7,4.0,4.0,4.0,4.0,4.0,4.0,6.4,7.4,4.0,4.0,5.4,4.0,4.0,4.0,4.0,4.0,4.0,4.0,4.0,6.2,6.0,4.0,5.5,4.0,4.0,4.0,4.0,5.3,6.5,6.7,4.0,5.1,4.0,4.0,6.9,4.0,4.0,4.0,4.0,6.8,4.0,4.0,4.0,4.0,4.0,4.0,4.0,4.0,4.0,4.0,6.6,4.0,6.0,4.0,4.0,4.0,5.3,4.0,4.0,5.3,4.0,5.9,4.0,4.0,5.2,6.1,4.0,4.0,4.0,4.0,6.5,4.0,6.7,4.0,5.2,4.0,7.0,7.9,5.7,4.0,6.5,5.9,6.9,4.0,6.5,5.2,4.0,4.0,5.6,4.0,6.3,4.0,4.0,4.0,4.0,6.1,4.0,6.3,5.9,5.5,4.0,4.0,4.0,4.0,7.1,4.0,4.0,6.4,4.0,4.0,4.0,4.0,4.0,4.0,4.0,4.0,4.0,7.6,4.0,4.0,4.0,4.0,4.0,4.0,6.4,4.0,4.0,6.4,4.0,5.3,4.0,4.0,4.0,4.0,4.0,4.0,4.0,4.0,4.0,4.0,4.0,4.0,4.0,4.0,4.0,4.0,4.0,4.0,4.0,4.0
3782,6.7,7.3,7.7,7.5,7.1,6.9,6.9,7.0,7.6,7.8,7.2,7.1,7.2,6.6,7.1,6.4,7.1,6.6,7.3,7.1,6.7,6.3,6.5,7.0,7.0,7.7,7.0,6.9,7.1,6.8,6.7,6.9,7.1,7.0,7.5,7.0,6.5,7.1,6.8,7.3,7.2,7.1,7.3,7.1,6.7,6.9,6.7,6.8,7.3,6.8,6.9,7.1,7.4,6.4,6.9,7.4,8.1,8.1,4.0,4.0,4.0,4.0,4.0,4.0,4.0,4.0,4.0,4.0,4.0,4.0,4.0,4.0,4.0,4.0,4.0,4.0,4.0,4.0,4.0,4.0,4.0,4.0,4.0,4.0,4.0,4.0,4.0,4.0,4.0,4.0,4.0,4.0,4.0,4.0,4.0,4.0,4.0,4.0,4.0,4.0,4.0,4.0,4.0,4.0,4.0,4.0,4.0,4.0,4.0,4.0,4.0,4.0,4.0,4.0,4.0,4.0,4.0,4.0,4.0,4.0,4.0,4.0,4.0,4.0,4.0,4.0,4.0,4.0,4.0,4.0,4.0,4.0,4.0,4.0,4.0,4.0,4.0,4.0,4.0,4.0,4.0,4.0,4.0,4.0,4.0,4.0,4.0,4.0,4.0,4.0,4.0,4.0,4.0,4.0,4.0,4.0,4.0,4.0,4.0,4.0,4.0,4.0,4.0,4.0,7.0,6.8,7.3,7.4,7.4,7.1,7.2,6.9
3803,4.0,4.0,4.0,4.0,4.0,4.0,4.0,4.0,4.0,4.0,6.1,5.9,6.4,5.5,4.0,4.0,4.0,4.0,4.0,6.6,4.0,6.5,6.9,6.1,6.2,6.3,5.9,5.7,4.0,4.0,4.0,4.0,4.0,6.1,4.0,6.5,6.5,6.2,5.4,4.0,6.4,4.0,5.6,4.0,4.0,4.0,4.0,4.0,7.9,4.0,4.0,8.3,8.5,7.1,4.0,5.9,4.0,4.0,6.7,7.2,4.0,7.6,4.0,4.0,4.0,4.0,6.0,4.0,5.8,4.0,6.2,4.0,4.0,4.0,6.7,4.0,6.4,4.0,4.0,4.0,5.7,5.4,6.0,7.4,6.8,6.0,4.0,7.5,4.0,4.0,4.0,4.0,4.0,4.0,4.0,4.0,4.0,4.0,4.0,4.0,5.6,4.0,5.2,4.0,4.0,5.6,4.0,5.3,4.0,4.0,5.3,4.0,5.5,6.8,4.0,4.0,4.0,4.0,4.0,4.0,4.0,5.2,4.0,5.1,4.0,4.0,6.8,4.0,4.0,6.3,4.0,4.0,4.0,4.0,6.2,4.0,4.0,4.0,4.0,4.0,5.1,4.0,4.0,4.0,4.0,4.0,6.7,4.0,4.0,5.8,6.6,6.0,5.1,4.0,4.0,4.0,4.0,4.0,4.0,4.0,4.0,4.0,4.0,4.0,5.6,5.8,4.0,4.0,4.0,7.8,4.0,5.9
3833,6.2,6.9,7.4,7.3,6.7,5.9,6.9,6.6,7.5,7.1,6.4,6.7,5.6,5.7,6.8,6.0,6.4,4.0,6.9,5.9,6.1,4.0,4.0,6.8,6.9,7.1,5.8,6.0,6.6,6.4,5.5,5.8,6.4,6.3,7.2,6.7,4.0,6.4,6.1,6.7,6.0,6.2,6.8,6.3,6.4,6.6,6.2,6.5,6.5,6.0,6.2,6.6,6.9,5.9,6.3,7.0,7.7,7.3,4.0,4.0,4.0,4.0,4.0,4.0,4.0,4.0,4.0,4.0,4.0,4.0,4.0,4.0,4.0,4.0,4.0,4.0,4.0,4.0,4.0,4.0,4.0,4.0,4.0,4.0,4.0,4.0,4.0,4.0,4.0,4.0,4.0,4.0,4.0,4.0,4.0,4.0,4.0,4.0,4.0,4.0,4.0,4.0,4.0,4.0,4.0,4.0,4.0,4.0,4.0,4.0,4.0,4.0,4.0,4.0,4.0,4.0,4.0,4.0,4.0,4.0,4.0,4.0,4.0,4.0,4.0,4.0,4.0,4.0,4.0,4.0,4.0,4.0,4.0,4.0,4.0,4.0,4.0,4.0,4.0,4.0,4.0,4.0,4.0,4.0,4.0,4.0,4.0,4.0,4.0,4.0,4.0,4.0,4.0,4.0,4.0,4.0,4.0,4.0,4.0,4.0,4.0,4.0,4.0,4.0,6.2,6.4,6.3,6.7,6.9,6.4,6.6,6.7
3835,7.7,4.0,4.0,4.0,4.0,8.6,4.0,6.7,4.0,4.0,4.0,4.0,8.8,6.6,4.0,4.0,4.0,6.2,4.0,4.0,4.0,7.9,7.5,5.6,4.0,4.0,7.4,7.3,4.0,7.5,4.0,4.0,4.0,7.6,4.0,6.1,6.0,6.1,4.0,4.0,9.0,4.0,7.2,4.0,4.0,4.0,4.0,6.5,8.6,4.0,4.0,6.2,4.0,4.0,4.0,4.0,4.0,4.0,4.0,7.6,4.0,6.5,5.8,4.0,4.0,4.0,6.7,4.0,4.0,4.0,6.4,4.0,4.0,4.0,4.0,6.7,4.0,6.0,6.5,6.2,4.0,6.7,4.0,4.0,4.0,6.5,7.0,7.2,5.9,7.6,7.4,4.0,4.0,4.0,7.5,6.0,6.2,6.3,6.6,6.9,6.0,4.0,7.1,4.0,4.0,6.0,7.8,5.6,5.3,4.0,6.4,6.4,6.4,6.2,6.1,6.2,6.7,4.0,4.0,6.0,5.8,6.8,4.0,4.0,4.0,6.9,7.8,4.0,7.2,7.1,5.9,7.0,5.4,4.0,4.0,4.0,4.0,4.0,4.0,4.0,4.0,4.0,5.8,4.0,4.0,4.0,7.8,4.0,6.9,7.6,7.1,6.7,4.0,6.9,4.0,4.0,4.0,4.0,4.0,4.0,7.2,4.0,4.0,4.0,4.0,4.0,4.0,6.8,4.0,4.0,4.0,4.0
3844,4.0,4.0,4.0,5.9,6.2,6.9,6.5,6.4,6.9,4.0,6.6,6.7,7.3,4.0,4.0,5.9,6.5,4.0,4.0,4.0,4.0,6.2,5.7,4.0,4.0,4.0,4.0,4.0,7.3,6.5,4.0,6.9,7.3,4.0,5.2,5.9,6.1,8.1,4.0,4.0,4.0,6.3,4.0,4.0,7.0,4.0,4.0,4.0,7.2,5.7,6.4,8.0,4.0,5.3,4.0,6.0,7.2,6.3,4.0,4.0,4.0,6.7,6.7,4.0,4.0,4.0,6.3,4.0,4.0,4.0,6.8,5.9,6.5,4.0,5.9,4.0,4.0,5.5,6.6,4.0,4.0,8.4,4.0,6.4,4.0,4.0,6.5,6.7,4.0,6.0,5.8,4.0,6.0,7.1,6.3,4.0,5.7,6.0,6.7,4.0,6.8,5.3,6.7,6.5,6.0,6.2,6.2,4.0,4.0,6.5,6.8,4.0,6.9,4.0,7.4,4.0,4.0,6.0,6.3,6.5,5.7,6.1,4.0,4.0,4.0,7.2,4.0,6.0,7.3,5.5,5.2,7.5,4.0,4.0,4.0,5.4,4.0,4.0,4.0,4.0,6.3,4.0,6.3,4.0,4.0,4.0,4.0,4.0,7.1,7.8,6.0,4.0,4.0,4.0,7.2,4.0,4.0,4.0,4.0,4.0,4.0,4.0,4.0,4.0,4.0,4.0,4.0,4.0,6.0,4.0,4.0,4.0
3857,7.7,4.0,7.2,4.0,6.9,4.0,4.0,6.0,4.0,4.0,6.2,6.1,6.4,5.7,5.6,7.1,7.0,6.1,4.0,7.1,6.0,6.4,6.3,4.0,6.8,6.5,4.0,5.6,5.8,6.2,4.0,4.0,5.8,6.6,4.0,6.4,7.4,4.0,6.7,4.0,6.0,4.0,6.4,6.8,5.9,6.4,6.1,9.2,6.5,5.7,6.3,7.2,6.9,6.7,5.7,4.0,7.2,6.6,4.0,7.1,4.0,6.2,4.0,4.0,4.0,4.0,6.3,4.0,4.0,4.0,6.2,4.0,4.0,4.0,6.5,5.5,6.7,5.7,5.6,6.5,6.6,6.7,7.3,7.1,7.9,6.7,6.3,6.4,4.0,5.4,5.6,5.2,4.0,7.1,6.1,5.4,5.4,4.0,6.7,5.7,6.4,7.2,6.2,4.0,4.0,6.0,4.0,6.1,5.8,5.2,5.9,4.0,5.5,6.3,5.9,4.0,5.8,7.2,6.0,4.0,6.3,5.3,4.0,5.4,4.0,7.4,6.9,4.0,4.0,6.6,4.0,4.0,4.0,4.0,5.9,4.0,5.6,4.0,4.0,5.8,5.3,4.0,7.0,4.0,4.0,4.0,6.7,4.0,4.0,6.6,7.0,6.5,4.0,8.5,4.0,4.0,4.0,4.0,4.0,4.0,4.0,4.0,4.0,4.0,6.7,5.7,4.0,4.0,7.8,4.0,5.9,4.0
1,6.9,9.4,8.6,6.6,9.1,7.0,8.5,9.2,9.8,9.5,7.1,7.3,7.8,7.8,7.6,4.0,4.0,5.9,7.1,7.9,8.6,8.4,7.0,6.4,8.9,8.4,8.7,8.4,4.0,4.0,4.0,7.3,7.9,8.3,6.3,6.8,6.5,8.0,8.0,6.9,6.5,4.0,8.6,8.7,4.0,8.8,8.4,5.6,8.0,8.5,4.0,6.8,6.5,7.2,7.3,6.3,9.5,7.5,4.0,7.3,7.1,8.1,4.0,7.3,6.5,7.2,6.7,6.4,6.6,4.0,6.7,6.9,8.5,4.0,7.5,4.0,4.0,4.0,6.9,4.0,4.0,8.0,4.0,8.7,7.4,4.0,8.5,6.6,6.5,8.1,8.0,4.0,4.0,4.0,6.9,8.5,8.5,8.5,4.0,4.0,8.2,8.1,8.8,4.0,8.4,7.4,7.4,4.0,7.9,7.7,7.9,7.4,7.7,6.6,8.5,7.3,7.8,4.0,4.0,4.0,4.0,7.4,6.1,6.2,6.7,7.4,4.0,6.1,4.0,8.5,7.5,4.0,6.4,4.0,4.0,5.7,7.8,7.9,4.0,7.3,4.0,6.3,4.0,7.9,7.3,6.6,4.0,4.0,6.6,8.2,6.5,7.4,6.8,4.0,6.5,4.0,4.0,4.0,4.0,4.0,4.0,4.0,4.0,4.0,6.7,4.0,6.2,7.1,9.2,6.8,6.2,7.0
2,5.9,6.9,5.9,7.0,7.0,5.7,6.1,6.4,7.9,8.0,5.9,6.5,6.1,5.9,5.7,6.0,5.9,6.7,6.1,5.6,6.0,7.0,5.9,6.5,6.5,6.6,7.7,7.4,6.1,6.8,6.1,6.2,6.1,6.0,5.7,6.7,6.8,6.7,5.6,6.4,6.8,6.8,6.1,7.1,6.1,6.3,6.1,5.8,6.1,6.3,6.0,6.2,6.3,5.7,6.0,6.3,8.6,6.7,4.0,4.0,4.0,4.0,4.0,4.0,4.0,4.0,4.0,4.0,4.0,4.0,4.0,4.0,4.0,4.0,4.0,4.0,4.0,4.0,4.0,4.0,4.0,4.0,4.0,4.0,4.0,4.0,4.0,4.0,4.0,4.0,4.0,4.0,7.1,4.0,4.0,4.0,4.0,4.0,4.0,4.0,4.0,4.0,4.0,4.0,4.0,4.0,4.0,4.0,4.0,4.0,4.0,4.0,4.0,4.0,4.0,4.0,4.0,4.0,4.0,4.0,4.0,4.0,4.0,4.0,4.0,4.0,4.0,4.0,4.0,4.0,4.0,4.0,4.0,4.0,4.0,4.0,4.0,4.0,4.0,4.0,4.0,4.0,4.0,4.0,4.0,4.0,4.0,4.0,4.0,4.0,4.0,4.0,4.0,4.0,4.0,4.0,4.0,4.0,4.0,4.0,4.0,4.0,4.0,4.0,6.1,5.6,6.0,5.9,6.4,6.2,5.9,6.4
3,6.0,8.4,7.1,4.0,7.9,5.7,6.2,6.0,8.3,8.1,6.4,6.2,5.5,5.4,4.0,6.7,6.5,4.0,7.4,5.9,6.2,7.4,6.0,5.8,7.8,6.7,7.1,6.9,6.8,7.5,5.9,6.7,6.2,7.3,4.0,6.1,6.6,6.2,6.0,6.3,6.5,5.6,5.9,7.8,6.2,8.0,6.2,5.3,6.7,7.2,6.1,5.9,5.9,5.9,7.1,4.0,8.8,6.0,4.0,4.0,4.0,4.0,4.0,4.0,4.0,4.0,4.0,4.0,4.0,4.0,4.0,4.0,4.0,4.0,4.0,4.0,4.0,4.0,4.0,4.0,4.0,4.0,4.0,4.0,4.0,4.0,4.0,4.0,4.0,4.0,4.0,4.0,8.2,4.0,4.0,4.0,4.0,4.0,4.0,4.0,4.0,4.0,4.0,4.0,4.0,4.0,4.0,4.0,4.0,4.0,4.0,4.0,4.0,4.0,4.0,4.0,4.0,4.0,4.0,4.0,4.0,4.0,4.0,4.0,4.0,4.0,4.0,4.0,4.0,4.0,4.0,4.0,4.0,4.0,4.0,4.0,4.0,4.0,4.0,4.0,4.0,4.0,4.0,4.0,4.0,4.0,4.0,4.0,4.0,4.0,4.0,4.0,4.0,4.0,4.0,4.0,4.0,4.0,4.0,4.0,4.0,4.0,4.0,4.0,6.2,4.0,5.7,6.1,7.2,6.5,6.1,6.6
4,5.6,6.8,4.0,5.7,6.9,4.0,5.4,6.7,7.4,7.3,4.0,6.3,4.0,5.3,4.0,6.5,6.2,5.7,6.2,4.0,5.5,7.3,6.1,5.8,6.7,6.3,7.4,7.0,5.9,6.8,5.9,6.5,5.9,6.0,4.0,6.4,6.6,6.6,5.4,6.0,6.7,4.0,5.6,7.0,5.8,6.4,6.4,4.0,6.4,6.5,5.8,5.8,5.8,5.5,6.1,5.6,4.0,6.3,4.0,4.0,4.0,4.0,4.0,4.0,4.0,4.0,4.0,4.0,4.0,4.0,4.0,4.0,4.0,4.0,4.0,4.0,4.0,7.3,4.0,4.0,4.0,4.0,4.0,4.0,4.0,4.0,4.0,4.0,4.0,4.0,4.0,4.0,7.9,6.0,4.0,4.0,4.0,4.0,6.7,4.0,6.8,4.0,4.0,4.0,4.0,4.0,4.0,4.0,4.0,4.0,4.0,4.0,4.0,4.0,4.0,4.0,4.0,4.0,4.0,4.0,4.0,4.0,4.0,4.0,4.0,4.0,4.0,4.0,4.0,4.0,4.0,4.0,4.0,4.0,4.0,4.0,4.0,4.0,4.0,4.0,4.0,4.0,4.0,4.0,4.0,4.0,4.0,4.0,4.0,4.0,4.0,4.0,4.0,4.0,4.0,4.0,4.0,4.0,4.0,4.0,4.0,4.0,4.0,4.0,5.6,4.0,4.0,5.5,6.2,6.3,5.6,6.3
8,4.0,4.0,4.0,5.6,4.0,6.7,6.1,7.3,4.0,4.0,6.7,7.0,7.7,7.3,4.0,4.0,8.6,4.0,4.0,6.7,7.7,7.1,6.8,4.0,4.0,4.0,4.0,4.0,7.6,8.5,4.0,5.6,5.7,4.0,5.7,7.4,7.0,8.5,6.7,4.0,4.0,6.9,7.3,7.5,6.3,4.0,4.0,4.0,6.8,6.5,7.2,7.0,6.6,7.1,4.0,4.0,4.0,5.9,4.0,6.3,6.1,7.8,6.9,6.1,5.2,6.0,6.2,6.2,8.3,7.0,6.7,6.6,4.0,4.0,6.0,4.0,4.0,6.7,6.3,4.0,4.0,7.2,4.0,7.0,7.1,4.0,7.3,7.6,4.0,7.6,7.5,7.5,8.8,7.1,7.3,6.6,6.5,6.8,8.5,7.2,8.4,6.8,4.0,8.2,6.3,6.9,6.8,7.9,7.4,6.9,6.6,4.0,7.7,6.1,6.7,6.2,6.6,7.3,7.4,4.0,7.4,6.9,5.7,5.8,6.7,6.7,7.2,5.3,7.7,4.0,6.5,7.6,5.1,6.9,6.1,5.9,5.8,6.1,4.0,5.8,6.4,4.0,4.0,7.0,6.6,6.2,4.0,4.0,4.0,7.7,7.0,7.3,6.5,4.0,7.0,4.0,4.0,4.0,4.0,4.0,4.0,4.0,4.0,4.0,5.7,4.0,4.0,4.0,6.8,6.3,4.0,4.0
9,6.9,9.4,8.6,6.6,9.1,7.0,8.5,9.2,9.8,9.5,7.1,7.3,7.8,7.8,7.6,4.0,4.0,5.9,7.1,7.9,8.6,8.4,7.0,6.4,8.9,8.4,8.7,8.4,4.0,4.0,4.0,7.3,7.9,8.3,6.3,6.8,6.5,8.0,8.0,6.9,6.5,4.0,8.6,8.7,4.0,8.8,8.4,5.6,8.0,8.5,4.0,6.8,6.5,7.2,7.3,6.3,9.5,7.5,4.0,7.3,7.1,8.1,4.0,7.3,6.5,7.2,6.7,6.4,6.6,4.0,6.7,6.9,8.5,4.0,7.5,4.0,4.0,4.0,6.9,4.0,4.0,8.0,4.0,8.7,7.4,4.0,8.5,6.6,6.5,8.1,8.0,4.0,4.0,4.0,6.9,8.5,8.5,8.5,4.0,4.0,8.2,8.1,8.8,4.0,8.4,7.4,7.4,4.0,7.9,7.7,7.9,7.4,7.7,6.6,8.5,7.3,7.8,4.0,4.0,4.0,4.0,7.4,6.1,6.2,6.7,7.4,4.0,6.1,4.0,8.5,7.5,4.0,6.4,4.0,4.0,5.7,7.8,7.9,4.0,7.3,7.3,6.3,4.0,7.9,7.3,6.6,4.0,4.0,6.6,8.2,6.5,7.4,6.8,4.0,6.5,4.0,4.0,4.0,4.0,4.0,4.0,4.0,4.0,4.0,6.7,4.0,6.2,7.1,9.2,6.8,6.2,7.0
11,4.0,4.0,4.0,6.4,4.0,6.7,7.3,8.6,4.0,4.0,6.6,6.9,7.5,8.2,4.0,4.0,4.0,4.0,4.0,8.2,8.3,7.4,7.5,4.0,4.0,4.0,4.0,4.0,4.0,4.0,4.0,6.2,6.9,4.0,5.8,7.0,6.5,8.0,7.2,4.0,4.0,4.0,7.9,8.0,7.7,4.0,7.6,4.0,8.0,7.8,4.0,6.7,4.0,6.8,4.0,4.0,4.0,5.9,4.0,7.2,6.7,7.5,8.2,6.6,6.0,7.2,5.4,6.5,7.0,7.2,6.9,6.8,7.6,6.4,7.2,4.0,4.0,8.4,6.4,4.0,4.0,7.1,4.0,7.3,7.0,4.0,4.0,7.6,4.0,7.2,7.2,8.5,4.0,4.0,7.2,8.2,7.8,7.8,8.1,8.6,8.0,7.4,4.0,7.3,6.7,6.5,6.7,4.0,8.2,7.0,7.5,4.0,7.4,6.8,7.2,7.2,7.5,7.9,7.7,8.1,7.6,6.3,5.3,5.7,6.5,8.0,4.0,7.2,4.0,8.4,6.5,7.4,5.6,8.1,4.0,6.6,7.1,6.8,4.0,6.6,7.3,4.0,5.7,7.8,8.2,6.9,4.0,4.0,4.0,7.6,4.0,6.9,6.4,4.0,6.1,4.0,4.0,4.0,4.0,4.0,4.0,4.0,4.0,4.0,6.9,6.6,4.0,4.0,4.0,6.7,4.0,4.0
12,7.1,7.9,6.9,6.2,8.1,5.9,7.0,4.0,8.6,4.0,6.0,6.4,8.3,4.0,4.0,7.3,7.4,4.0,4.0,7.1,8.0,6.2,5.9,4.0,4.0,4.0,4.0,4.0,6.9,7.4,4.0,6.0,6.3,4.0,5.2,6.5,4.0,6.6,7.5,4.0,4.0,7.6,6.9,7.5,7.5,4.0,8.9,4.0,7.7,7.5,6.4,6.4,4.0,5.2,4.0,4.0,9.0,4.0,4.0,5.8,6.6,7.8,7.6,6.0,5.5,6.5,4.0,5.6,4.0,5.9,4.0,4.0,6.9,4.0,6.2,4.0,4.0,7.9,6.5,4.0,4.0,7.2,4.0,4.0,5.7,4.0,6.7,6.0,4.0,7.0,7.1,7.0,9.7,7.1,6.3,6.6,6.6,7.1,8.2,7.7,7.4,7.5,7.4,7.7,5.9,7.2,6.3,8.1,7.1,6.7,7.0,4.0,6.3,4.0,8.8,6.7,7.4,7.2,7.1,7.6,6.8,6.2,5.5,4.0,6.6,6.5,6.5,6.3,6.5,6.7,6.9,6.9,5.6,6.8,4.0,4.0,6.9,6.8,4.0,5.8,5.8,4.0,4.0,7.4,6.3,4.0,4.0,4.0,4.0,4.0,4.0,4.0,6.6,4.0,4.0,4.0,4.0,4.0,4.0,4.0,4.0,4.0,4.0,4.0,4.0,4.0,4.0,4.0,7.4,6.2,4.0,4.0
13,8.7,4.0,8.2,6.3,4.0,6.6,7.2,7.9,4.0,4.0,7.0,7.0,7.7,8.4,4.0,4.0,4.0,5.8,4.0,8.8,8.6,7.4,7.4,4.0,4.0,4.0,4.0,4.0,4.0,4.0,4.0,6.1,6.2,4.0,5.5,7.2,6.6,8.2,7.3,4.0,4.0,4.0,8.2,4.0,7.6,4.0,7.8,4.0,8.1,8.1,4.0,6.5,4.0,6.9,4.0,4.0,4.0,5.7,4.0,8.0,6.1,7.4,8.3,6.9,6.3,7.6,5.3,5.7,7.3,7.8,7.8,7.1,7.6,6.3,7.3,4.0,4.0,8.5,6.3,4.0,4.0,7.2,4.0,7.0,7.5,4.0,4.0,8.5,4.0,7.5,7.4,4.0,4.0,4.0,7.1,4.0,7.9,8.3,8.1,4.0,8.2,7.1,4.0,7.2,6.3,6.1,6.7,4.0,8.4,7.5,7.2,4.0,8.2,7.2,7.2,7.8,8.0,8.4,7.0,7.3,7.4,6.2,4.0,6.0,6.6,8.5,4.0,7.7,4.0,4.0,6.5,7.3,5.6,8.1,4.0,6.9,7.1,6.6,4.0,6.7,7.8,5.9,4.0,8.5,8.9,7.5,4.0,4.0,4.0,7.8,4.0,6.9,6.5,4.0,6.6,4.0,4.0,4.0,4.0,4.0,4.0,4.0,4.0,4.0,5.7,6.7,4.0,4.0,4.0,6.7,4.0,4.0
15,7.1,7.5,7.2,6.2,7.7,5.8,6.1,8.6,7.7,8.1,4.0,6.4,4.0,4.0,6.3,6.3,6.1,4.0,5.8,4.0,5.9,6.1,5.6,4.0,7.6,5.7,6.6,4.0,6.6,4.0,4.0,6.3,6.1,6.6,5.9,4.0,4.0,4.0,6.9,4.0,4.0,7.4,7.7,7.9,7.9,4.0,7.9,4.0,4.0,8.1,6.1,6.4,4.0,5.6,6.4,4.0,8.4,4.0,4.0,4.0,7.6,4.0,6.1,7.0,6.6,5.9,4.0,4.0,4.0,4.0,6.1,4.0,7.0,4.0,4.0,4.0,4.0,8.4,6.6,4.0,4.0,7.2,4.0,7.9,6.1,4.0,6.6,6.2,4.0,6.9,7.5,7.1,9.3,7.0,6.2,6.2,6.1,6.0,7.6,6.4,6.1,6.3,8.5,7.6,6.6,7.5,7.1,8.0,7.3,6.9,7.9,4.0,7.4,4.0,8.0,6.1,7.9,6.7,6.4,8.4,6.6,6.3,6.0,6.9,6.6,4.0,6.5,5.9,4.0,6.7,6.7,6.7,5.5,6.6,4.0,4.0,7.1,7.6,4.0,5.3,5.5,4.0,4.0,8.6,7.5,4.0,4.0,4.0,4.0,5.8,6.4,4.0,7.2,4.0,4.0,4.0,4.0,4.0,4.0,4.0,4.0,4.0,4.0,4.0,4.0,4.0,4.0,6.7,6.7,6.4,4.0,4.0
17,4.0,4.0,4.0,4.0,6.1,5.6,5.2,4.0,6.7,4.0,4.0,4.0,6.8,7.5,4.0,6.4,6.6,4.0,4.0,4.0,5.9,4.0,6.3,4.0,4.0,4.0,4.0,4.0,5.9,7.2,4.0,4.0,5.7,4.0,5.4,6.2,5.6,8.2,5.6,4.0,4.0,5.2,6.0,4.0,6.3,4.0,4.0,4.0,4.0,5.8,5.7,5.6,6.2,5.1,4.0,4.0,7.1,4.0,4.0,5.9,4.0,4.0,4.0,4.0,4.0,4.0,4.0,4.0,7.5,6.4,4.0,4.0,4.0,7.1,4.0,4.0,4.0,6.5,5.7,4.0,4.0,6.6,4.0,6.2,6.3,4.0,6.5,6.5,4.0,6.4,6.7,5.8,4.0,5.8,4.0,5.7,5.4,4.0,4.0,5.4,6.2,4.0,6.6,6.4,6.6,4.0,5.6,6.4,5.3,4.0,6.2,4.0,5.4,6.6,6.2,4.0,5.9,6.0,6.5,6.3,5.9,5.5,4.0,4.0,4.0,7.2,6.2,4.0,4.0,6.5,6.0,5.7,4.0,5.9,4.0,7.0,4.0,4.0,4.0,5.5,5.7,4.0,4.0,4.0,4.0,6.5,6.6,4.0,4.0,5.6,6.5,6.6,5.2,4.0,6.7,4.0,4.0,4.0,4.0,4.0,4.0,4.0,4.0,4.0,6.1,4.0,4.0,4.0,5.8,7.1,4.0,4.0
20,4.0,4.0,4.0,6.1,7.9,6.0,6.1,8.1,8.2,4.0,5.5,6.7,6.3,6.4,4.0,7.6,7.4,4.0,4.0,6.0,6.4,5.8,6.3,4.0,4.0,4.0,4.0,4.0,6.7,8.0,4.0,5.7,5.8,4.0,5.9,4.0,4.0,6.9,5.7,4.0,4.0,7.0,6.6,6.1,7.2,4.0,6.0,4.0,6.4,6.5,7.2,5.8,5.9,5.5,4.0,4.0,4.0,5.9,4.0,6.8,6.1,6.8,7.3,4.0,4.0,5.1,4.0,6.1,4.0,4.0,4.0,4.0,6.3,4.0,4.0,4.0,4.0,7.1,5.9,4.0,4.0,6.5,4.0,7.2,4.0,4.0,6.2,6.0,4.0,6.0,6.4,5.9,9.5,6.7,6.3,6.5,6.6,6.8,7.5,7.3,6.4,6.8,7.3,7.1,5.9,6.0,6.3,7.1,6.3,6.1,7.1,5.8,6.1,6.3,7.2,4.0,6.6,6.2,7.4,7.8,6.9,5.8,4.0,4.0,5.8,6.0,6.0,5.6,6.2,6.8,6.0,6.8,5.2,7.4,5.8,5.7,6.1,6.5,4.0,5.8,5.6,4.0,4.0,6.0,4.0,4.0,4.0,4.0,4.0,4.0,4.0,4.0,4.0,4.0,4.0,4.0,4.0,4.0,4.0,4.0,4.0,4.0,4.0,4.0,4.0,6.2,4.0,4.0,6.2,6.4,4.0,4.0
22,7.1,7.9,6.9,6.2,8.1,5.9,7.0,4.0,8.6,4.0,6.0,6.4,8.3,4.0,4.0,7.3,7.4,4.0,4.0,7.1,8.0,6.2,5.9,4.0,4.0,4.0,4.0,4.0,6.9,7.4,4.0,6.0,6.3,4.0,5.2,6.5,4.0,6.6,7.5,4.0,4.0,7.6,6.9,7.5,7.5,4.0,8.9,4.0,7.7,7.5,6.4,6.4,4.0,4.0,4.0,4.0,9.0,4.0,4.0,5.8,6.6,7.8,7.6,6.0,5.5,6.5,4.0,5.6,4.0,5.9,4.0,4.0,6.9,4.0,4.0,4.0,4.0,7.9,6.5,4.0,4.0,7.2,4.0,4.0,5.7,4.0,6.7,6.0,4.0,7.0,7.1,7.0,9.7,7.1,6.3,6.6,6.6,7.1,8.2,7.7,7.4,7.5,7.4,7.7,5.9,7.2,6.3,8.1,7.1,6.7,7.0,4.0,6.3,4.0,8.8,6.7,7.4,7.2,7.1,7.6,6.8,6.2,5.5,4.0,6.6,6.5,6.5,4.0,6.5,6.7,6.9,6.9,5.6,6.8,4.0,4.0,6.9,6.8,4.0,5.8,4.0,4.0,4.0,7.4,6.3,4.0,4.0,4.0,4.0,4.0,4.0,4.0,6.6,4.0,4.0,4.0,4.0,4.0,4.0,4.0,4.0,4.0,4.0,4.0,4.0,4.0,4.0,4.0,7.4,6.2,4.0,4.0
23,5.7,8.0,6.8,4.0,8.1,4.0,4.0,6.7,4.0,4.0,4.0,4.0,6.9,4.0,4.0,6.7,6.5,4.0,6.2,5.9,5.9,5.7,4.0,4.0,4.0,4.0,4.0,4.0,6.4,7.1,4.0,6.0,6.1,4.0,5.3,6.0,4.0,6.7,4.0,5.9,4.0,6.6,6.1,6.7,6.9,4.0,6.8,4.0,4.0,7.2,6.2,6.2,4.0,5.6,6.3,4.0,4.0,4.0,4.0,4.0,4.0,6.9,6.4,5.1,4.0,5.6,4.0,4.0,4.0,4.0,4.0,4.0,4.0,4.0,5.8,4.0,4.0,7.2,7.0,4.0,4.0,6.7,4.0,7.3,6.0,4.0,5.8,4.0,4.0,6.7,6.9,6.9,8.5,7.3,6.0,4.0,5.4,5.4,7.1,6.2,7.2,6.1,7.5,7.4,6.3,6.6,6.4,7.1,6.5,6.1,6.7,4.0,6.5,4.0,7.2,4.0,6.3,7.7,6.1,7.5,5.8,6.1,5.7,5.4,5.8,5.7,6.2,5.6,5.9,5.8,6.9,6.6,4.0,6.6,4.0,4.0,5.9,6.7,4.0,4.0,4.0,4.0,4.0,6.9,6.3,4.0,4.0,4.0,4.0,4.0,4.0,4.0,5.5,4.0,4.0,4.0,4.0,4.0,4.0,4.0,4.0,4.0,4.0,4.0,4.0,4.0,4.0,6.6,6.7,4.0,5.4,4.0
24,7.1,6.7,6.3,6.8,6.7,4.0,4.0,8.3,7.7,8.5,4.0,4.0,4.0,4.0,7.3,6.2,6.1,4.0,6.3,6.2,6.0,4.0,4.0,4.0,7.6,6.5,7.0,4.0,6.8,7.4,4.0,5.8,5.6,6.5,5.9,4.0,4.0,6.5,7.3,4.0,4.0,6.7,7.6,8.4,6.7,4.0,8.3,4.0,6.5,7.5,4.0,6.4,4.0,5.6,6.8,4.0,7.7,4.0,4.0,6.2,6.7,5.5,4.0,7.5,7.1,6.2,4.0,4.0,4.0,4.0,4.0,4.0,5.7,4.0,4.0,4.0,4.0,4.0,6.4,4.0,4.0,7.9,4.0,8.5,6.6,4.0,6.7,4.0,4.0,6.5,7.4,6.9,8.8,6.7,7.2,5.7,5.8,5.7,7.2,6.0,6.8,6.5,8.2,7.3,5.7,7.4,7.5,7.7,6.9,6.9,6.8,4.0,7.2,4.0,7.8,7.2,8.3,6.2,5.4,7.7,6.3,6.2,5.9,6.4,6.6,5.9,6.8,5.6,6.1,6.9,6.3,5.9,5.8,6.4,4.0,4.0,6.9,7.0,4.0,4.0,4.0,6.0,4.0,8.0,7.0,4.0,4.0,4.0,4.0,5.3,4.0,4.0,7.4,4.0,6.0,4.0,4.0,4.0,4.0,4.0,4.0,4.0,4.0,4.0,4.0,4.0,6.4,6.8,6.3,4.0,5.5,4.0
27,5.9,7.6,6.9,6.1,7.0,4.0,5.9,7.3,7.4,7.7,4.0,4.0,4.0,4.0,4.0,7.7,6.3,4.0,4.0,4.0,4.0,5.9,4.0,4.0,7.3,4.0,6.7,6.1,7.0,4.0,4.0,4.0,4.0,5.7,5.8,4.0,4.0,4.0,4.0,4.0,4.0,5.7,6.8,6.4,7.3,6.7,6.3,4.0,4.0,7.2,6.7,5.9,4.0,4.0,4.0,4.0,8.1,4.0,4.0,4.0,6.2,4.0,4.0,5.7,5.4,4.0,5.3,4.0,4.0,4.0,4.0,4.0,4.0,4.0,4.0,4.0,4.0,7.3,6.5,4.0,4.0,6.2,4.0,7.1,6.0,4.0,5.8,4.0,4.0,6.5,6.9,6.6,9.4,7.1,4.0,6.3,6.1,5.8,7.1,6.3,5.7,6.1,8.2,7.2,5.9,6.6,5.9,6.9,6.2,6.4,8.0,4.0,6.8,4.0,7.9,4.0,6.6,6.9,6.4,7.8,6.1,6.1,5.8,4.0,5.5,6.0,6.0,4.0,4.0,5.9,6.7,6.4,4.0,5.5,4.0,4.0,6.8,6.9,4.0,4.0,4.0,4.0,4.0,7.3,6.2,4.0,4.0,4.0,4.0,6.3,4.0,4.0,5.7,4.0,4.0,4.0,4.0,4.0,4.0,4.0,4.0,4.0,4.0,4.0,4.0,4.0,4.0,6.0,7.1,4.0,4.0,4.0
33,4.0,4.0,4.0,6.0,6.3,4.0,5.6,6.3,6.4,4.0,4.0,6.5,5.8,4.0,4.0,7.5,7.6,4.0,4.0,4.0,6.4,5.1,4.0,4.0,4.0,4.0,4.0,4.0,6.2,6.1,4.0,4.0,4.0,4.0,5.4,4.0,4.0,4.0,5.5,4.0,4.0,6.0,6.9,7.7,4.0,4.0,4.0,4.0,6.3,7.6,6.4,7.2,6.3,5.5,4.0,4.0,7.5,4.0,4.0,4.0,4.0,6.9,5.8,6.1,5.7,6.4,4.0,4.0,4.0,4.0,4.0,4.0,4.0,4.0,4.0,4.0,4.0,8.4,7.0,4.0,4.0,6.1,4.0,4.0,4.0,4.0,5.3,4.0,4.0,5.5,5.6,6.4,6.3,6.2,7.4,6.4,6.5,6.2,6.4,6.4,5.6,6.9,5.8,6.7,6.8,5.6,5.5,7.1,6.6,6.8,6.5,6.5,7.4,4.0,7.7,6.4,7.2,6.3,4.0,4.0,6.8,6.1,6.0,4.0,4.0,4.0,5.9,4.0,4.0,5.7,5.1,6.5,4.0,4.0,4.0,4.0,6.2,5.9,4.0,4.0,5.6,4.0,4.0,7.3,6.7,4.0,6.2,4.0,4.0,5.4,4.0,5.9,4.0,4.0,4.0,4.0,4.0,4.0,4.0,4.0,4.0,4.0,4.0,4.0,4.0,4.0,4.0,4.0,6.1,4.0,4.0,4.0
34,4.0,4.0,4.0,5.3,4.0,4.0,6.6,7.8,4.0,4.0,5.6,6.7,6.6,6.7,4.0,4.0,8.6,4.0,4.0,6.0,6.6,6.2,6.3,4.0,4.0,4.0,4.0,4.0,7.2,7.5,4.0,5.6,5.4,4.0,5.4,4.0,5.4,6.6,6.1,4.0,4.0,7.4,6.7,6.8,4.0,4.0,4.0,4.0,6.1,7.1,6.4,6.7,4.0,6.0,4.0,4.0,4.0,5.8,4.0,6.5,4.0,6.1,7.5,5.6,5.6,5.5,4.0,4.0,4.0,4.0,4.0,4.0,6.4,4.0,4.0,4.0,4.0,7.8,5.7,4.0,4.0,6.8,4.0,7.3,6.1,4.0,5.9,6.5,4.0,5.9,6.1,7.3,8.5,7.0,6.1,7.8,7.8,7.8,8.6,7.5,6.4,7.5,6.5,6.0,6.5,5.6,5.9,7.2,6.8,7.2,6.7,6.0,6.8,6.3,7.2,6.7,7.4,6.5,7.1,4.0,7.5,5.6,5.4,4.0,5.9,6.0,7.0,4.0,4.0,7.0,5.8,7.8,4.0,7.8,4.0,5.6,6.7,6.4,4.0,5.5,5.6,6.1,6.3,7.1,6.9,4.0,6.2,4.0,4.0,6.4,6.5,6.5,5.9,4.0,4.0,4.0,4.0,4.0,4.0,4.0,4.0,4.0,4.0,4.0,4.0,4.0,4.0,4.0,6.6,4.0,4.0,4.0
35,4.0,4.0,4.0,4.0,7.7,6.4,6.1,7.8,8.3,4.0,4.0,4.0,5.8,4.0,4.0,7.5,7.0,4.0,4.0,6.7,6.0,5.2,4.0,4.0,4.0,4.0,4.0,4.0,7.5,8.2,4.0,4.0,5.6,4.0,5.9,4.0,4.0,4.0,6.2,4.0,4.0,7.0,6.7,7.2,7.2,4.0,7.0,4.0,6.0,6.9,6.6,5.8,4.0,4.0,4.0,4.0,4.0,4.0,4.0,4.0,4.0,6.3,6.7,5.4,5.6,5.5,4.0,5.7,4.0,4.0,4.0,4.0,4.0,4.0,4.0,4.0,4.0,7.5,5.2,4.0,4.0,7.2,4.0,6.7,4.0,4.0,6.5,4.0,4.0,5.5,5.8,6.0,9.0,6.2,6.1,5.4,5.3,5.6,7.1,6.3,5.9,8.1,4.0,6.7,5.8,6.8,4.0,7.2,6.3,6.2,7.3,4.0,5.7,4.0,7.3,6.4,6.9,6.0,6.3,4.0,6.4,4.0,5.1,4.0,4.0,4.0,7.1,5.2,4.0,5.4,4.0,6.8,4.0,6.1,4.0,4.0,6.3,6.4,4.0,5.5,6.1,4.0,4.0,6.3,6.3,4.0,4.0,4.0,4.0,5.4,4.0,7.1,5.2,4.0,4.0,4.0,4.0,4.0,4.0,4.0,4.0,4.0,4.0,4.0,4.0,4.0,4.0,4.0,5.9,4.0,4.0,4.0
36,4.0,4.0,4.0,4.0,8.5,5.6,5.6,6.3,7.9,4.0,5.6,6.4,6.5,4.0,4.0,7.2,7.2,4.0,4.0,6.6,6.5,6.5,5.9,4.0,4.0,4.0,4.0,4.0,7.5,7.1,4.0,4.0,4.0,4.0,5.4,4.0,4.0,6.8,5.7,4.0,4.0,5.5,5.8,6.4,7.1,4.0,6.7,4.0,6.1,6.6,6.6,7.0,4.0,5.4,4.0,4.0,4.0,4.0,4.0,4.0,4.0,6.2,5.4,5.9,5.3,5.5,4.0,4.0,4.0,6.0,4.0,4.0,4.0,4.0,4.0,4.0,4.0,7.0,6.0,4.0,4.0,6.6,4.0,6.0,6.1,4.0,6.1,6.1,4.0,5.9,6.1,6.4,7.6,7.5,4.0,5.9,5.9,5.9,6.6,6.6,5.9,6.3,4.0,7.0,5.9,4.0,4.0,7.0,6.1,5.9,6.5,4.0,6.5,5.7,6.9,4.0,4.0,6.9,5.9,4.0,5.7,5.4,4.0,5.2,4.0,5.7,6.7,5.4,5.8,6.3,5.8,5.9,4.0,6.1,4.0,6.2,5.9,5.8,4.0,6.2,5.5,4.0,4.0,4.0,4.0,4.0,4.0,4.0,4.0,4.0,6.0,4.0,5.6,4.0,4.0,4.0,4.0,4.0,4.0,4.0,4.0,4.0,4.0,4.0,4.0,4.0,4.0,4.0,7.1,4.0,4.0,4.0
39,4.0,4.0,4.0,6.4,8.4,6.7,6.7,8.9,4.0,4.0,6.6,6.7,6.7,7.0,4.0,7.8,8.0,4.0,4.0,7.6,8.0,6.7,6.3,4.0,4.0,4.0,4.0,4.0,8.4,8.0,4.0,7.0,7.1,4.0,5.9,6.3,5.8,7.3,7.2,4.0,4.0,4.0,7.9,7.5,7.3,4.0,7.5,4.0,7.8,7.4,8.0,6.4,4.0,6.0,4.0,4.0,4.0,6.7,4.0,7.2,7.4,7.6,4.0,6.3,5.8,6.8,5.4,7.0,5.9,4.0,6.2,6.0,7.7,4.0,7.1,4.0,4.0,8.3,6.5,4.0,4.0,7.0,4.0,7.9,7.1,4.0,8.0,6.2,4.0,7.0,7.0,7.8,9.4,7.3,7.2,7.3,7.3,7.4,7.9,7.8,6.9,7.0,7.5,7.1,6.8,6.5,6.6,8.3,7.6,7.0,7.2,4.0,6.8,6.1,7.1,6.9,7.4,6.9,8.1,8.4,7.1,6.5,5.4,5.8,6.1,6.9,7.5,7.4,4.0,7.7,6.4,7.2,5.7,7.5,5.7,4.0,6.7,6.6,4.0,6.7,5.9,4.0,4.0,7.9,8.0,6.0,4.0,4.0,4.0,7.2,4.0,7.1,5.9,4.0,4.0,4.0,4.0,4.0,4.0,4.0,4.0,4.0,4.0,4.0,6.6,4.0,4.0,4.0,7.1,4.0,4.0,4.0
40,7.6,4.0,8.4,6.1,4.0,7.0,7.5,7.6,4.0,4.0,7.5,7.5,7.8,7.9,4.0,4.0,4.0,4.0,4.0,7.7,7.4,7.8,7.2,4.0,4.0,4.0,4.0,4.0,4.0,4.0,4.0,4.0,6.6,4.0,5.2,6.7,6.4,7.9,7.1,4.0,4.0,7.2,8.3,8.0,7.7,4.0,7.4,4.0,8.1,7.6,4.0,7.0,4.0,6.6,4.0,4.0,4.0,4.0,4.0,7.8,5.7,7.6,7.4,6.9,6.2,7.5,5.4,5.2,7.1,7.3,7.7,7.2,7.4,6.3,7.5,4.0,4.0,8.0,6.2,4.0,4.0,7.3,4.0,7.6,7.4,4.0,7.9,7.1,4.0,7.0,7.4,7.6,4.0,7.7,7.0,8.6,7.9,8.1,4.0,7.8,7.7,7.0,4.0,7.4,6.0,6.4,6.9,4.0,7.6,7.3,7.3,4.0,7.3,6.8,7.5,6.8,7.8,7.4,7.0,7.7,7.8,6.4,5.2,5.8,6.2,7.5,8.1,5.6,4.0,7.7,6.8,7.6,5.7,6.9,4.0,6.6,6.9,6.6,4.0,6.8,6.5,4.0,4.0,8.5,8.5,6.7,4.0,4.0,4.0,7.9,4.0,7.0,5.9,4.0,4.0,4.0,4.0,4.0,4.0,4.0,4.0,4.0,4.0,4.0,7.3,6.5,4.0,4.0,7.9,4.0,4.0,4.0
43,7.7,7.0,6.7,7.5,6.9,5.8,5.4,7.9,7.6,4.0,4.0,4.0,7.3,4.0,4.0,6.9,6.4,4.0,4.0,7.3,6.5,4.0,4.0,4.0,4.0,4.0,4.0,4.0,6.9,4.0,4.0,6.0,5.7,4.0,6.0,4.0,4.0,6.5,7.3,4.0,4.0,6.5,7.6,8.5,7.3,4.0,7.6,4.0,6.3,8.1,8.1,6.5,4.0,5.7,4.0,4.0,7.8,4.0,4.0,6.5,4.0,6.9,6.9,7.1,6.4,7.3,4.0,5.6,4.0,4.0,4.0,4.0,6.0,4.0,4.0,4.0,4.0,4.0,6.0,4.0,4.0,7.9,4.0,7.9,6.1,4.0,6.6,4.0,4.0,6.6,7.6,7.2,8.8,6.6,7.3,5.9,5.9,6.0,6.8,5.8,6.7,6.2,7.1,7.1,6.1,7.5,7.5,8.0,6.9,7.0,7.4,4.0,7.2,4.0,7.3,7.3,8.4,6.2,5.5,7.3,6.0,6.4,5.6,6.5,6.8,4.0,7.0,6.0,4.0,6.9,6.5,6.0,5.8,6.7,4.0,4.0,6.8,6.9,4.0,5.2,4.0,4.0,4.0,8.1,8.3,4.0,4.0,4.0,4.0,5.5,4.0,7.5,6.6,4.0,4.0,4.0,4.0,4.0,4.0,4.0,4.0,4.0,4.0,4.0,4.0,4.0,4.0,4.0,6.7,4.0,4.0,4.0
44,8.0,8.1,8.5,7.2,7.8,4.0,7.2,4.0,4.0,4.0,6.1,4.0,7.4,6.5,4.0,7.6,7.5,4.0,4.0,6.7,7.2,6.4,5.9,4.0,4.0,4.0,4.0,4.0,8.0,4.0,4.0,5.7,6.4,4.0,6.0,5.9,4.0,7.2,7.9,4.0,4.0,4.0,8.3,4.0,7.7,4.0,4.0,4.0,7.5,8.1,4.0,6.6,4.0,6.4,4.0,4.0,4.0,4.0,4.0,6.8,6.2,6.9,8.4,7.9,7.2,8.4,4.0,6.4,4.0,4.0,4.0,6.8,7.9,4.0,6.6,4.0,4.0,7.3,6.5,4.0,4.0,7.3,4.0,4.0,6.8,4.0,7.3,4.0,4.0,6.4,7.5,8.3,9.3,7.9,7.8,7.3,7.3,7.5,8.4,7.6,4.0,7.6,8.2,7.3,6.9,6.9,8.6,8.2,7.5,8.3,7.6,4.0,8.1,4.0,7.8,8.3,8.4,7.6,7.0,8.3,7.4,6.5,5.7,6.1,7.3,6.0,6.9,6.5,4.0,4.0,6.2,7.1,6.6,7.7,4.0,4.0,7.5,7.1,4.0,6.0,5.5,4.0,4.0,7.9,8.2,6.9,4.0,4.0,4.0,6.6,4.0,7.2,7.3,4.0,4.0,4.0,4.0,4.0,4.0,4.0,4.0,4.0,4.0,4.0,6.2,4.0,4.0,4.0,7.9,4.0,4.0,4.0
45,6.5,8.6,7.2,5.7,7.3,6.3,5.5,7.0,7.5,4.0,4.0,6.5,6.9,4.0,4.0,6.8,6.8,4.0,4.0,4.0,5.9,5.4,5.7,4.0,4.0,4.0,4.0,4.0,6.6,7.6,4.0,4.0,6.0,4.0,5.4,4.0,4.0,5.9,5.6,4.0,4.0,4.0,7.0,6.5,7.4,4.0,6.5,4.0,4.0,7.4,6.0,5.5,4.0,4.0,4.0,4.0,8.3,4.0,4.0,4.0,6.1,4.0,4.0,5.5,5.9,4.0,4.0,4.0,4.0,4.0,4.0,4.0,4.0,4.0,4.0,4.0,4.0,7.6,6.3,4.0,4.0,6.5,4.0,6.7,4.0,4.0,4.0,4.0,4.0,6.5,6.8,6.0,9.2,6.9,4.0,6.0,6.0,5.8,7.1,6.1,6.1,5.6,8.2,6.8,5.6,6.2,6.1,6.6,6.1,6.3,7.3,4.0,6.9,4.0,7.4,4.0,6.5,6.7,6.0,7.6,5.9,5.6,5.5,5.0,4.0,4.0,6.4,4.0,5.8,5.5,6.7,6.3,4.0,5.5,4.0,4.0,6.4,6.5,4.0,5.1,4.0,4.0,4.0,6.8,6.3,4.0,4.0,4.0,5.7,6.2,4.0,4.0,4.0,4.0,4.0,4.0,4.0,4.0,4.0,4.0,4.0,4.0,4.0,4.0,4.0,4.0,4.0,4.0,6.8,4.0,4.0,4.0
47,6.1,7.1,4.0,5.8,8.2,6.3,5.6,7.9,7.2,8.2,4.0,4.0,6.1,4.0,6.3,4.0,4.0,4.0,4.0,4.0,4.0,4.0,5.6,4.0,6.2,4.0,5.8,4.0,6.1,6.5,4.0,4.0,4.0,5.9,5.3,4.0,4.0,4.0,4.0,4.0,4.0,7.4,6.9,8.0,7.2,4.0,7.4,4.0,5.9,7.2,4.0,6.0,4.0,4.0,4.0,4.0,8.6,4.0,4.0,4.0,4.0,5.6,7.1,6.9,6.3,7.0,5.4,4.0,4.0,4.0,4.0,6.1,6.5,4.0,4.0,4.0,4.0,7.6,6.2,4.0,4.0,7.0,4.0,7.0,4.0,4.0,6.0,4.0,4.0,4.0,6.4,6.0,7.7,6.2,4.0,6.2,6.0,5.6,7.7,4.0,4.0,4.0,6.7,6.1,6.1,5.6,6.2,7.1,7.7,6.3,7.1,4.0,7.3,4.0,6.5,6.3,4.0,5.7,4.0,8.6,6.0,5.7,5.4,5.3,6.4,6.6,5.7,4.0,4.0,6.0,5.7,6.2,4.0,6.3,4.0,4.0,5.9,5.9,4.0,4.0,4.0,4.0,4.0,8.4,7.2,4.0,4.0,4.0,5.8,6.5,4.0,4.0,5.5,4.0,6.0,4.0,4.0,4.0,4.0,4.0,4.0,4.0,4.0,4.0,4.0,4.0,4.0,5.9,6.3,4.0,4.0,4.0
48,7.0,7.2,7.7,6.5,7.5,7.0,5.6,7.2,7.2,4.0,4.0,4.0,7.3,4.0,4.0,5.9,4.0,4.0,4.0,4.0,5.9,4.0,5.6,4.0,4.0,4.0,4.0,4.0,6.2,6.9,4.0,4.0,4.0,4.0,5.1,4.0,4.0,6.1,6.1,4.0,4.0,6.6,7.2,7.6,7.7,4.0,7.4,4.0,4.0,7.6,5.9,7.0,4.0,5.5,4.0,4.0,8.2,4.0,4.0,4.0,4.0,5.9,6.8,6.4,5.7,6.6,4.0,4.0,4.0,4.0,4.0,6.4,4.0,4.0,4.0,4.0,4.0,6.9,6.5,4.0,4.0,7.4,4.0,6.8,4.0,4.0,6.1,4.0,4.0,6.5,7.4,6.6,8.7,6.1,5.9,4.0,5.3,5.5,6.7,4.0,5.5,4.0,6.8,6.9,5.8,6.4,6.8,7.4,6.9,6.7,7.3,4.0,7.2,4.0,7.1,6.7,4.0,5.9,4.0,7.5,5.4,6.0,5.8,5.5,6.1,4.0,6.0,4.0,4.0,6.2,6.6,6.3,4.0,5.4,5.6,4.0,6.1,6.1,4.0,4.0,4.0,4.0,4.0,7.4,6.7,4.0,4.0,4.0,4.0,6.5,4.0,4.0,5.6,4.0,4.0,4.0,4.0,4.0,4.0,4.0,4.0,4.0,4.0,4.0,4.0,4.0,4.0,4.0,6.1,4.0,4.0,4.0
49,6.8,7.1,7.5,6.7,7.0,6.7,5.4,6.9,7.0,4.0,4.0,4.0,7.0,4.0,4.0,5.7,4.0,4.0,4.0,4.0,6.1,4.0,5.7,4.0,4.0,4.0,4.0,4.0,6.3,7.1,4.0,4.0,4.0,4.0,4.0,4.0,4.0,4.0,5.8,4.0,4.0,6.5,7.2,7.5,7.4,4.0,7.7,4.0,4.0,7.6,4.0,6.4,4.0,4.0,4.0,6.3,7.8,6.5,4.0,4.0,4.0,5.7,6.9,6.5,5.7,6.8,4.0,4.0,4.0,4.0,4.0,4.0,4.0,4.0,4.0,4.0,4.0,7.4,6.4,4.0,4.0,7.1,4.0,6.5,4.0,4.0,6.0,4.0,4.0,6.3,7.3,6.6,8.6,6.3,5.8,5.2,4.0,4.0,6.7,4.0,5.3,4.0,6.9,7.3,4.0,6.6,6.4,7.1,7.0,6.1,7.3,4.0,7.6,4.0,7.1,6.6,4.0,5.9,4.0,6.9,5.2,5.7,5.8,5.4,6.3,6.0,5.8,4.0,4.0,5.8,6.4,6.3,4.0,4.0,4.0,4.0,6.0,6.0,4.0,4.0,4.0,4.0,4.0,7.4,6.6,4.0,4.0,4.0,4.0,8.1,4.0,4.0,5.1,4.0,4.0,4.0,4.0,4.0,4.0,4.0,4.0,4.0,4.0,4.0,4.0,4.0,4.0,4.0,6.0,4.0,4.0,4.0
50,6.4,8.6,6.4,5.6,7.5,4.0,4.0,7.5,7.3,7.9,4.0,6.7,4.0,6.1,4.0,6.9,6.1,4.0,5.6,5.8,4.0,5.6,4.0,4.0,7.1,6.6,6.1,4.0,6.0,6.5,4.0,6.0,6.0,6.1,5.7,4.0,5.4,7.2,5.9,4.0,4.0,6.4,6.5,6.7,6.8,4.0,6.3,4.0,4.0,7.2,6.2,6.2,4.0,4.0,5.8,4.0,8.4,7.9,4.0,4.0,5.5,6.5,6.4,6.0,5.7,6.4,4.0,4.0,4.0,4.0,4.0,4.0,4.0,4.0,4.0,4.0,4.0,7.6,6.5,4.0,4.0,7.0,4.0,6.8,4.0,4.0,4.0,4.0,4.0,6.0,6.7,6.1,9.1,6.5,4.0,6.0,6.3,5.8,7.2,4.0,5.7,4.0,6.9,6.8,5.9,6.0,5.7,6.4,7.2,6.5,6.7,4.0,7.1,4.0,6.9,6.5,4.0,6.7,6.9,7.6,6.6,5.4,5.5,5.3,4.0,6.3,5.6,5.1,6.6,6.7,6.6,6.3,4.0,5.8,4.0,4.0,6.6,6.7,5.3,5.8,5.6,4.0,4.0,6.5,6.4,4.0,4.0,4.0,6.4,7.9,4.0,4.0,5.4,4.0,4.0,4.0,4.0,4.0,4.0,4.0,4.0,4.0,4.0,4.0,5.6,4.0,4.0,6.1,6.0,4.0,4.0,4.0
51,4.0,4.0,4.0,5.7,4.0,5.7,5.2,6.0,8.3,4.0,6.5,6.6,7.2,4.0,4.0,7.1,6.7,4.0,4.0,6.6,7.5,6.3,6.5,6.3,4.0,4.0,4.0,4.0,7.6,8.3,4.0,4.0,4.0,4.0,5.4,7.0,7.1,8.2,6.4,4.0,4.0,6.0,6.7,6.9,6.7,4.0,4.0,5.9,6.5,6.5,5.7,6.8,7.0,6.4,4.0,4.0,4.0,5.9,4.0,6.7,5.1,7.4,5.8,5.3,4.0,5.4,7.1,4.0,6.7,6.3,6.4,4.0,4.0,4.0,4.0,4.0,4.0,6.0,5.8,4.0,4.0,7.0,4.0,6.9,7.4,4.0,8.0,6.6,4.0,7.0,6.9,5.6,6.8,7.0,6.0,5.4,5.7,5.5,7.4,6.4,4.0,4.0,6.8,6.7,5.6,4.0,6.4,7.0,6.3,7.0,6.3,6.0,7.3,6.3,5.4,4.0,6.9,7.5,6.0,7.1,6.5,6.7,4.0,5.2,5.6,6.9,7.2,5.1,7.5,8.3,6.0,6.5,4.0,6.2,5.4,4.0,4.0,4.0,4.0,6.2,4.0,4.0,6.2,6.9,7.0,5.9,7.7,6.2,7.4,7.0,6.3,6.8,5.1,7.0,6.3,5.6,4.0,4.0,4.0,4.0,4.0,4.0,4.0,4.0,6.9,4.0,4.0,4.0,7.0,4.0,4.0,4.0
52,6.3,8.1,7.3,4.0,7.7,4.0,6.2,7.5,8.1,4.0,4.0,4.0,4.0,4.0,4.0,7.1,7.1,4.0,4.0,6.1,6.3,5.9,4.0,4.0,4.0,4.0,4.0,4.0,7.2,7.4,4.0,4.0,6.0,4.0,4.0,4.0,4.0,4.0,5.5,4.0,4.0,6.1,6.7,7.0,6.5,4.0,7.3,4.0,4.0,6.8,4.0,5.6,4.0,4.0,4.0,4.0,4.0,4.0,4.0,4.0,4.0,5.8,5.8,5.2,4.0,5.4,4.0,4.0,4.0,4.0,4.0,4.0,4.0,4.0,4.0,4.0,4.0,7.0,4.0,4.0,4.0,5.6,4.0,7.0,4.0,4.0,5.7,4.0,4.0,4.0,4.0,7.3,4.0,6.7,4.0,6.3,6.2,6.3,7.7,6.5,5.5,5.9,7.2,5.4,6.1,4.0,4.0,6.5,5.8,5.4,6.0,6.3,6.0,4.0,7.4,5.9,6.7,6.3,5.8,4.0,6.3,4.0,4.0,4.0,4.0,4.0,5.9,4.0,4.0,5.6,4.0,6.7,4.0,6.7,4.0,4.0,6.1,6.0,4.0,4.0,4.0,4.0,6.1,6.5,6.1,4.0,6.4,4.0,4.0,5.7,4.0,5.5,4.0,4.0,4.0,4.0,4.0,4.0,4.0,4.0,4.0,4.0,4.0,4.0,4.0,4.0,4.0,4.0,7.0,4.0,4.0,4.0
53,4.0,4.0,4.0,6.0,7.6,7.1,5.8,8.6,4.0,4.0,6.1,4.0,4.0,6.7,4.0,4.0,8.3,4.0,4.0,7.4,7.2,6.9,5.7,4.0,4.0,4.0,4.0,4.0,8.1,8.4,4.0,5.6,6.1,4.0,5.5,4.0,4.0,4.0,6.3,4.0,4.0,7.9,7.5,7.8,6.5,4.0,7.0,4.0,6.4,7.1,8.3,6.3,6.4,5.5,4.0,4.0,8.0,4.0,4.0,4.0,6.7,6.6,7.7,6.1,4.0,6.2,5.5,6.4,4.0,4.0,4.0,6.4,7.0,4.0,5.9,4.0,4.0,7.7,5.5,4.0,4.0,6.4,4.0,7.4,4.0,4.0,7.3,4.0,4.0,5.5,5.7,4.0,4.0,6.7,6.4,6.6,6.1,6.8,8.4,7.1,5.6,4.0,4.0,6.4,6.6,6.9,4.0,7.5,6.9,7.3,6.6,6.1,6.5,4.0,7.3,6.7,7.0,6.0,7.6,4.0,7.2,5.7,4.0,5.4,5.4,5.7,7.6,5.4,4.0,6.9,5.2,6.9,5.1,7.4,4.0,4.0,6.8,6.2,4.0,4.0,6.2,4.0,4.0,4.0,4.0,4.0,4.0,4.0,4.0,6.5,4.0,6.4,5.8,4.0,4.0,4.0,4.0,4.0,4.0,4.0,4.0,4.0,4.0,4.0,4.0,4.0,4.0,4.0,6.6,4.0,4.0,4.0
54,6.4,4.0,6.7,5.5,7.8,5.9,6.0,7.9,7.9,4.0,4.0,6.8,6.2,4.0,4.0,7.4,7.2,4.0,4.0,4.0,6.6,5.7,5.6,4.0,4.0,4.0,4.0,4.0,6.5,7.7,4.0,5.7,6.0,4.0,5.9,4.0,4.0,7.4,5.4,4.0,4.0,7.1,6.5,6.0,6.9,4.0,6.3,4.0,6.6,6.4,6.8,6.0,4.0,5.7,4.0,4.0,4.0,5.8,4.0,6.7,5.7,6.9,7.0,5.3,4.0,5.4,4.0,5.7,4.0,4.0,4.0,4.0,6.0,4.0,4.0,4.0,4.0,6.9,5.6,4.0,4.0,6.3,4.0,7.0,4.0,4.0,6.0,4.0,4.0,5.8,6.3,5.8,9.1,6.3,6.3,6.4,6.6,6.7,7.3,7.0,6.4,6.9,7.1,7.1,5.9,6.1,6.2,6.7,6.1,6.0,6.8,5.8,5.9,4.0,7.4,4.0,6.7,5.9,7.1,7.2,6.9,5.5,4.0,4.0,5.8,4.0,5.9,4.0,6.1,6.4,5.8,6.6,5.3,6.9,4.0,4.0,6.1,6.2,4.0,5.7,5.3,4.0,4.0,6.1,4.0,4.0,4.0,4.0,4.0,4.0,4.0,4.0,4.0,4.0,4.0,4.0,4.0,4.0,4.0,4.0,4.0,4.0,4.0,4.0,4.0,6.0,4.0,4.0,6.0,4.0,4.0,4.0
56,7.4,4.0,6.6,5.4,8.2,4.0,6.1,7.7,7.9,4.0,5.5,6.4,5.7,4.0,4.0,8.2,7.9,4.0,4.0,6.0,6.7,6.0,4.0,4.0,4.0,4.0,4.0,4.0,7.0,7.8,4.0,5.6,5.7,4.0,6.1,4.0,4.0,7.0,5.6,4.0,4.0,6.9,6.8,6.3,6.9,4.0,6.2,4.0,6.5,6.8,7.2,5.9,4.0,5.5,4.0,4.0,4.0,4.0,4.0,6.1,5.9,7.1,7.0,5.2,4.0,5.3,4.0,5.7,6.7,4.0,4.0,4.0,6.4,7.8,4.0,4.0,4.0,7.6,5.2,4.0,4.0,6.6,4.0,7.1,4.0,4.0,6.4,4.0,4.0,6.6,7.2,6.2,9.6,6.8,6.2,6.7,7.0,7.2,7.3,6.9,6.3,6.9,7.3,7.5,5.7,6.4,6.1,7.3,6.5,6.2,6.8,5.9,6.2,4.0,7.5,4.0,6.8,6.2,6.5,6.9,6.9,5.8,4.0,5.2,5.7,4.0,6.1,5.0,4.0,6.5,6.8,6.7,5.3,5.8,4.0,4.0,6.3,6.2,4.0,5.9,4.0,4.0,5.8,6.3,6.0,4.0,4.0,4.0,4.0,4.0,4.0,4.0,4.0,4.0,4.0,4.0,4.0,4.0,4.0,4.0,4.0,4.0,4.0,4.0,4.0,4.0,4.0,4.0,5.8,4.0,4.0,4.0
57,7.3,4.0,6.9,6.1,8.1,6.3,6.6,8.6,4.0,4.0,5.9,6.9,5.9,6.2,4.0,7.9,7.9,4.0,4.0,7.1,7.2,6.4,5.9,4.0,4.0,4.0,4.0,4.0,6.8,7.6,4.0,5.9,6.4,4.0,5.8,4.0,4.0,6.5,6.2,4.0,4.0,7.6,7.1,6.7,7.5,4.0,6.7,4.0,7.1,6.8,7.0,6.3,4.0,5.9,4.0,4.0,4.0,5.8,4.0,6.7,6.3,7.2,7.6,5.6,4.0,6.0,4.0,6.6,4.0,4.0,4.0,4.0,6.3,4.0,6.2,4.0,4.0,7.5,6.0,4.0,4.0,6.8,4.0,7.8,5.9,4.0,6.3,5.9,4.0,6.9,7.1,6.4,9.3,7.0,6.7,7.4,7.6,7.7,8.0,7.9,7.4,7.6,7.1,7.4,6.5,6.3,7.3,7.2,6.4,6.7,7.3,4.0,6.7,4.0,7.7,7.0,7.5,6.5,7.7,7.9,7.1,5.7,4.0,4.0,6.0,4.0,6.2,6.5,4.0,7.2,6.7,7.4,5.7,8.1,4.0,4.0,6.5,6.5,4.0,6.0,5.6,4.0,5.9,6.8,7.3,4.0,4.0,4.0,4.0,6.4,4.0,6.6,6.4,4.0,6.0,4.0,4.0,4.0,4.0,4.0,4.0,4.0,4.0,4.0,4.0,4.0,4.0,4.0,6.4,4.0,4.0,4.0
58,4.0,4.0,4.0,5.7,8.0,5.6,6.0,8.1,8.0,4.0,5.4,4.0,6.0,4.0,4.0,7.9,8.0,4.0,4.0,5.9,7.0,6.0,4.0,4.0,4.0,4.0,4.0,4.0,7.2,7.9,4.0,4.0,5.6,4.0,5.3,4.0,4.0,7.5,5.7,4.0,4.0,7.0,6.6,7.2,6.8,4.0,6.6,4.0,6.9,6.7,7.1,5.9,4.0,5.5,4.0,4.0,4.0,4.0,4.0,4.0,6.0,7.4,7.0,5.7,4.0,5.8,4.0,5.6,4.0,4.0,4.0,4.0,6.8,4.0,4.0,4.0,4.0,7.7,5.4,4.0,4.0,6.7,4.0,7.4,4.0,4.0,6.4,4.0,4.0,7.1,7.6,7.2,9.2,7.1,6.2,6.8,6.9,7.1,7.3,7.3,7.3,6.6,7.1,7.7,5.4,6.8,6.9,7.6,6.8,6.4,6.8,6.2,6.5,4.0,7.5,4.0,7.1,6.6,6.7,7.4,6.9,5.7,4.0,4.0,5.7,5.7,6.5,6.5,6.2,6.6,7.0,6.7,5.5,6.1,4.0,4.0,6.2,6.0,4.0,6.2,5.6,4.0,5.8,6.1,4.0,4.0,4.0,4.0,4.0,4.0,4.0,4.0,4.0,4.0,4.0,4.0,4.0,4.0,4.0,4.0,4.0,4.0,4.0,4.0,4.0,4.0,4.0,4.0,6.2,4.0,4.0,4.0
59,4.0,4.0,4.0,5.5,7.5,6.8,5.8,8.4,7.9,4.0,5.5,6.7,6.0,4.0,4.0,7.5,7.5,4.0,4.0,7.0,7.0,6.0,4.0,4.0,4.0,4.0,4.0,4.0,6.6,7.7,4.0,5.8,5.9,4.0,5.4,6.6,4.0,6.6,5.7,4.0,4.0,7.0,6.6,7.0,6.9,4.0,6.9,4.0,7.4,7.2,7.2,5.8,4.0,5.6,4.0,4.0,4.0,4.0,4.0,6.1,5.9,7.4,6.8,5.2,4.0,5.6,4.0,5.5,4.0,4.0,4.0,4.0,6.0,4.0,5.7,4.0,4.0,7.8,5.5,4.0,4.0,6.6,4.0,7.8,4.0,4.0,6.4,4.0,4.0,7.2,7.6,6.6,9.5,6.6,6.6,6.5,6.6,7.2,7.2,6.9,7.2,6.6,6.9,7.4,5.3,6.4,6.6,7.6,6.3,5.8,6.6,4.0,4.0,4.0,7.9,6.9,7.1,6.2,6.1,6.9,6.4,5.7,4.0,4.0,5.5,6.4,6.2,6.0,5.8,6.1,6.8,6.8,5.5,6.0,4.0,4.0,6.2,6.1,4.0,5.9,5.3,4.0,4.0,7.3,6.3,4.0,4.0,4.0,6.0,4.0,4.0,4.0,6.2,4.0,4.0,4.0,4.0,4.0,4.0,4.0,4.0,4.0,4.0,4.0,4.0,4.0,4.0,4.0,5.9,4.0,4.0,4.0
60,7.3,4.0,6.8,4.0,4.0,6.1,6.7,8.3,8.3,4.0,6.1,6.9,6.3,4.0,4.0,8.3,8.1,4.0,4.0,6.9,6.7,6.4,5.9,4.0,4.0,4.0,4.0,4.0,7.2,7.9,4.0,5.7,6.4,4.0,6.6,4.0,4.0,6.0,6.2,4.0,4.0,6.9,6.9,6.8,7.4,4.0,7.0,4.0,7.0,6.9,7.4,6.3,4.0,4.0,4.0,4.0,4.0,4.0,4.0,5.9,6.4,7.2,6.7,5.5,4.0,5.5,4.0,7.1,6.9,4.0,6.8,4.0,4.0,4.0,4.0,4.0,4.0,7.7,5.4,4.0,4.0,6.9,4.0,7.4,4.0,4.0,6.6,6.0,4.0,6.7,7.1,6.4,4.0,6.8,6.7,7.4,7.6,7.5,7.0,6.9,6.5,7.4,7.5,7.7,6.3,6.1,6.6,7.1,6.1,6.4,7.6,4.0,6.4,4.0,7.3,6.3,6.9,6.6,6.8,7.6,7.0,5.6,4.0,6.0,5.6,6.7,6.7,4.0,4.0,6.3,6.7,7.0,4.0,6.0,4.0,4.0,6.5,6.6,4.0,6.1,5.3,4.0,5.8,6.5,7.0,4.0,4.0,4.0,4.0,6.9,4.0,6.8,5.5,4.0,4.0,4.0,4.0,4.0,4.0,4.0,4.0,4.0,4.0,4.0,6.2,4.0,4.0,4.0,6.2,4.0,4.0,4.0
61,6.9,4.0,6.9,5.4,7.0,6.8,6.0,7.2,7.9,4.0,4.0,6.6,7.3,4.0,4.0,7.1,6.7,4.0,4.0,6.8,6.4,5.3,6.0,4.0,4.0,4.0,4.0,4.0,6.8,7.9,4.0,5.6,5.6,4.0,5.0,4.0,4.0,4.0,5.3,4.0,4.0,6.3,6.2,6.1,7.4,4.0,4.0,4.0,4.0,7.0,6.6,5.3,4.0,4.0,4.0,4.0,8.0,4.0,4.0,4.0,4.0,6.1,5.9,5.2,4.0,5.2,4.0,4.0,4.0,4.0,4.0,4.0,4.0,4.0,4.0,4.0,4.0,7.7,6.2,4.0,4.0,6.3,4.0,6.4,4.0,4.0,6.3,4.0,4.0,6.4,6.7,6.0,9.1,6.6,4.0,7.1,7.8,7.4,6.6,5.6,5.8,5.2,7.2,6.8,5.4,6.2,5.7,6.7,6.2,5.6,7.1,4.0,6.1,4.0,7.2,4.0,6.2,6.3,5.7,6.9,5.3,5.6,4.0,4.0,4.0,4.0,6.2,4.0,4.0,5.6,6.4,6.9,4.0,5.2,4.0,4.0,6.2,6.6,4.0,5.3,4.0,4.0,4.0,6.6,4.0,4.0,4.0,4.0,4.0,4.0,4.0,4.0,4.0,4.0,4.0,4.0,4.0,4.0,4.0,4.0,4.0,4.0,4.0,4.0,4.0,4.0,4.0,4.0,6.1,4.0,4.0,4.0
62,4.0,7.9,4.0,6.4,8.3,6.8,7.0,8.2,8.7,4.0,5.7,6.5,6.2,4.0,4.0,7.9,7.6,4.0,4.0,7.4,7.8,6.4,5.7,4.0,4.0,4.0,4.0,4.0,7.9,4.0,4.0,5.9,6.6,4.0,5.5,4.0,4.0,6.7,6.2,4.0,4.0,7.6,7.1,6.5,8.0,4.0,6.8,4.0,7.1,7.2,7.3,6.3,4.0,5.7,4.0,4.0,4.0,5.7,4.0,6.1,6.9,7.1,7.3,5.6,4.0,5.7,4.0,6.2,4.0,4.0,4.0,4.0,6.4,4.0,6.5,4.0,4.0,7.6,6.1,4.0,4.0,6.8,4.0,7.0,4.0,4.0,7.1,4.0,4.0,7.3,7.1,7.1,9.4,7.3,6.6,7.0,7.0,7.2,7.6,8.0,6.9,7.5,8.2,7.4,7.2,6.5,6.8,7.4,6.5,6.5,7.7,4.0,6.5,4.0,7.9,6.4,7.0,7.4,7.3,7.8,6.9,6.4,5.4,4.0,5.8,6.1,7.3,6.8,4.0,7.1,6.8,7.3,5.6,7.9,4.0,4.0,7.0,7.2,4.0,5.5,6.0,4.0,4.0,7.5,7.6,4.0,4.0,4.0,4.0,6.9,4.0,6.7,5.9,4.0,4.0,4.0,4.0,4.0,4.0,4.0,4.0,4.0,4.0,4.0,4.0,4.0,4.0,4.0,7.0,4.0,4.0,4.0
63,4.0,4.0,4.0,6.4,8.2,7.2,6.8,8.5,8.6,4.0,5.7,4.0,6.1,6.4,4.0,7.9,7.6,4.0,4.0,8.2,7.5,6.6,5.8,4.0,4.0,4.0,4.0,4.0,7.4,8.2,4.0,5.9,6.6,4.0,5.6,5.7,4.0,6.8,5.9,4.0,4.0,7.6,7.1,6.5,7.6,4.0,6.4,4.0,7.1,7.2,7.2,6.5,4.0,5.8,4.0,4.0,4.0,5.9,4.0,7.1,6.9,7.2,7.6,5.7,4.0,5.7,4.0,6.4,4.0,4.0,4.0,6.4,6.4,4.0,6.5,4.0,4.0,7.9,6.1,4.0,4.0,6.8,4.0,7.3,4.0,4.0,6.7,4.0,4.0,7.2,7.3,7.1,9.4,7.4,6.7,6.8,7.0,7.1,7.7,7.9,6.6,7.1,7.6,7.5,7.0,6.5,6.7,7.6,6.4,6.7,7.6,4.0,6.6,4.0,7.8,6.8,7.4,7.2,7.6,8.0,7.1,6.3,5.3,4.0,5.7,4.0,6.9,6.6,4.0,6.9,6.9,7.4,5.5,8.2,4.0,4.0,6.9,6.9,4.0,5.6,5.9,4.0,5.9,7.3,7.8,4.0,4.0,4.0,4.0,6.8,4.0,6.7,5.9,4.0,4.0,4.0,4.0,4.0,4.0,4.0,4.0,4.0,4.0,4.0,4.0,4.0,4.0,4.0,7.1,4.0,4.0,4.0
64,6.7,7.8,7.8,5.8,6.5,6.1,7.1,7.6,8.3,7.9,5.6,5.6,6.4,4.0,4.0,6.9,6.8,4.0,4.0,6.1,6.1,6.9,4.0,4.0,7.9,5.7,7.0,4.0,6.8,7.3,4.0,6.1,6.4,4.0,5.6,4.0,4.0,6.3,6.2,6.2,4.0,6.3,7.0,6.6,4.0,6.9,6.1,4.0,4.0,7.9,6.3,6.0,4.0,4.0,6.5,4.0,4.0,5.6,4.0,4.0,4.0,6.4,6.5,5.4,4.0,5.7,4.0,4.0,4.0,4.0,4.0,4.0,4.0,4.0,6.2,4.0,6.0,7.8,6.2,5.8,6.5,6.6,6.8,7.7,4.0,6.9,4.0,4.0,4.0,6.8,7.6,6.5,9.3,7.2,5.8,7.0,6.7,6.5,7.0,6.5,6.1,6.3,7.8,7.9,6.5,6.8,4.0,7.3,6.6,6.3,7.3,4.0,6.9,4.0,8.4,4.0,7.0,6.8,6.6,7.9,6.1,6.4,5.4,5.5,5.7,6.2,6.5,4.0,4.0,5.9,7.2,6.9,4.0,6.3,4.0,4.0,6.6,7.1,4.0,5.8,5.3,4.0,4.0,7.5,7.2,4.0,4.0,4.0,4.0,6.2,4.0,7.4,5.3,4.0,4.0,4.0,4.0,4.0,4.0,4.0,4.0,4.0,4.0,4.0,5.3,4.0,4.0,6.9,7.0,4.0,4.0,4.0
65,4.0,4.0,4.0,5.2,7.3,7.2,6.6,7.5,8.0,4.0,4.0,6.4,7.4,4.0,4.0,7.6,7.1,4.0,4.0,4.0,4.0,4.0,5.6,4.0,4.0,4.0,4.0,4.0,7.5,7.8,4.0,4.0,5.4,4.0,5.3,4.0,4.0,6.7,5.7,4.0,4.0,6.2,5.9,6.8,6.9,4.0,6.3,4.0,4.0,7.1,6.5,6.1,4.0,5.1,4.0,4.0,8.3,5.8,4.0,4.0,4.0,6.3,6.0,5.4,4.0,5.9,4.0,4.0,4.0,4.0,4.0,4.0,4.0,4.0,4.0,4.0,4.0,7.4,6.0,4.0,4.0,6.9,4.0,6.2,4.0,4.0,6.6,4.0,4.0,6.3,6.4,6.2,8.9,7.5,4.0,7.1,7.3,7.5,7.3,4.0,5.7,5.8,7.6,6.9,5.8,5.9,5.5,6.3,6.1,5.8,7.2,4.0,6.7,4.0,6.8,6.4,4.0,6.4,6.0,7.2,5.9,4.0,4.0,5.1,4.0,4.0,4.0,4.0,6.0,6.0,6.3,7.3,4.0,6.4,4.0,4.0,6.9,6.8,4.0,4.0,5.1,4.0,4.0,6.4,5.9,4.0,4.0,4.0,4.0,7.7,4.0,4.0,4.0,4.0,4.0,4.0,4.0,4.0,4.0,4.0,4.0,4.0,4.0,4.0,4.0,4.0,4.0,4.0,6.7,4.0,4.0,4.0
66,6.4,8.1,6.9,6.0,7.5,5.9,6.2,7.5,8.1,8.6,4.0,6.8,4.0,4.0,4.0,6.9,4.0,4.0,5.6,4.0,5.9,5.8,4.0,4.0,7.3,4.0,6.8,4.0,6.6,4.0,4.0,5.9,6.1,6.2,5.3,4.0,4.0,7.2,5.7,4.0,4.0,5.7,6.7,6.4,7.4,4.0,6.3,4.0,4.0,6.9,6.2,6.2,4.0,4.0,6.1,4.0,8.3,4.0,4.0,4.0,6.2,4.0,4.0,5.4,4.0,4.0,4.0,4.0,4.0,4.0,4.0,4.0,4.0,4.0,4.0,4.0,4.0,7.4,6.5,4.0,4.0,6.6,4.0,7.3,6.3,4.0,6.1,4.0,4.0,6.2,6.5,5.8,9.0,6.6,5.8,6.9,7.1,7.1,7.0,6.4,6.1,6.0,7.9,7.1,5.9,6.3,5.8,6.6,6.1,5.8,7.2,4.0,6.4,4.0,7.3,4.0,6.8,6.4,5.9,7.6,5.8,5.4,5.1,5.1,4.0,6.2,6.2,4.0,4.0,5.8,6.2,6.8,4.0,6.0,4.0,4.0,6.6,7.0,4.0,5.4,4.0,4.0,6.2,6.9,4.0,4.0,4.0,4.0,4.0,6.2,4.0,4.0,4.0,4.0,4.0,4.0,4.0,4.0,4.0,4.0,4.0,4.0,4.0,4.0,4.0,4.0,4.0,6.3,6.1,4.0,4.0,4.0
67,4.0,4.0,4.0,4.0,7.7,4.0,7.1,7.7,8.2,4.0,4.0,4.0,7.0,4.0,4.0,7.7,7.2,4.0,4.0,6.1,6.0,5.2,4.0,4.0,4.0,4.0,4.0,4.0,7.6,8.1,4.0,4.0,5.5,4.0,4.0,4.0,4.0,4.0,4.0,4.0,4.0,6.2,6.4,5.6,7.3,4.0,4.0,4.0,4.0,6.9,6.6,4.0,4.0,4.0,4.0,4.0,8.4,4.0,4.0,4.0,4.0,5.4,6.1,4.0,4.0,4.0,4.0,4.0,4.0,4.0,4.0,4.0,4.0,4.0,4.0,4.0,4.0,7.6,5.7,4.0,4.0,6.1,4.0,5.8,4.0,4.0,6.1,4.0,4.0,5.5,6.2,6.0,9.0,6.6,4.0,7.8,8.1,8.2,7.6,7.1,5.5,4.0,7.9,7.3,4.0,4.0,4.0,6.5,5.4,4.0,7.0,4.0,5.4,4.0,6.8,4.0,4.0,6.5,6.5,6.9,6.6,4.0,4.0,4.0,4.0,4.0,6.9,4.0,4.0,5.5,6.0,7.3,4.0,6.1,4.0,4.0,5.9,6.3,4.0,5.4,4.0,4.0,4.0,4.0,4.0,4.0,4.0,4.0,4.0,4.0,4.0,4.0,4.0,4.0,4.0,4.0,4.0,4.0,4.0,4.0,4.0,4.0,4.0,4.0,4.0,4.0,4.0,4.0,6.6,4.0,4.0,4.0
69,7.0,4.0,7.1,5.2,7.3,6.4,4.0,8.1,7.4,4.0,4.0,4.0,6.0,4.0,4.0,6.7,6.2,4.0,4.0,4.0,4.0,5.3,5.8,4.0,4.0,4.0,4.0,4.0,6.5,7.1,4.0,4.0,5.6,4.0,5.1,4.0,4.0,4.0,5.6,4.0,4.0,6.1,6.0,6.7,7.3,4.0,6.4,4.0,4.0,4.0,7.3,5.8,4.0,4.0,4.0,4.0,8.6,4.0,4.0,4.0,4.0,6.3,5.9,4.0,4.0,5.3,4.0,4.0,4.0,4.0,4.0,4.0,4.0,4.0,4.0,4.0,4.0,7.4,6.1,4.0,4.0,7.7,4.0,8.0,4.0,4.0,4.0,4.0,4.0,6.4,6.5,5.6,9.6,6.1,4.0,5.8,6.1,4.0,6.8,4.0,5.4,5.1,6.7,6.8,4.0,5.8,4.0,6.4,6.3,5.8,6.7,4.0,6.6,4.0,7.1,4.0,4.0,5.8,6.1,7.3,5.7,5.0,4.0,5.2,4.0,5.8,6.0,4.0,4.0,5.4,6.3,6.0,4.0,5.3,4.0,4.0,6.0,6.3,4.0,4.0,4.0,4.0,4.0,6.7,4.0,4.0,4.0,4.0,4.0,4.0,4.0,4.0,4.0,4.0,4.0,4.0,4.0,4.0,4.0,4.0,4.0,4.0,4.0,4.0,4.0,4.0,4.0,5.9,5.6,4.0,4.0,4.0
71,7.0,4.0,7.1,5.2,7.3,6.4,4.0,8.1,7.4,4.0,4.0,4.0,6.0,4.0,4.0,6.7,6.2,4.0,4.0,4.0,4.0,5.3,5.8,4.0,4.0,4.0,4.0,4.0,6.5,7.1,4.0,4.0,5.6,4.0,5.1,4.0,4.0,4.0,5.6,4.0,4.0,6.1,6.0,6.7,7.3,4.0,6.4,4.0,4.0,4.0,7.3,5.8,4.0,5.4,4.0,4.0,8.6,4.0,4.0,4.0,4.0,6.3,5.9,4.0,4.0,5.3,4.0,4.0,4.0,4.0,4.0,4.0,4.0,4.0,4.0,4.0,4.0,7.4,6.1,4.0,4.0,7.7,4.0,8.0,4.0,4.0,5.7,4.0,4.0,6.4,6.5,5.6,9.6,6.1,4.0,5.8,6.1,4.0,6.8,4.0,5.4,5.1,6.7,6.8,4.0,5.8,4.0,6.4,6.3,5.8,6.7,4.0,6.6,4.0,7.1,6.4,4.0,5.8,6.1,7.3,5.7,5.0,4.0,5.2,4.0,5.8,6.0,4.0,4.0,5.4,6.3,6.0,4.0,5.3,4.0,4.0,6.0,6.3,4.0,4.0,4.0,4.0,4.0,6.7,4.0,4.0,4.0,4.0,4.0,4.0,4.0,4.0,4.0,4.0,4.0,4.0,4.0,4.0,4.0,4.0,4.0,4.0,4.0,4.0,4.0,4.0,4.0,5.9,5.6,4.0,4.0,4.0
72,6.5,4.0,6.5,5.1,7.7,5.9,5.5,8.2,8.2,4.0,4.0,6.4,6.0,4.0,4.0,7.6,7.1,4.0,4.0,4.0,6.1,5.4,4.0,4.0,4.0,4.0,4.0,4.0,6.2,7.5,4.0,4.0,4.0,4.0,5.6,4.0,4.0,4.0,5.6,4.0,4.0,7.3,6.1,5.3,6.7,4.0,4.0,4.0,6.7,4.0,7.2,5.7,4.0,5.3,4.0,4.0,4.0,4.0,4.0,4.0,5.6,6.8,6.9,4.0,4.0,5.1,4.0,5.6,4.0,4.0,4.0,4.0,6.1,4.0,4.0,4.0,4.0,4.0,4.0,4.0,4.0,5.7,4.0,6.6,4.0,4.0,6.0,4.0,4.0,4.0,4.0,5.2,9.2,6.7,4.0,6.4,6.5,7.0,7.3,6.8,6.4,4.0,6.8,6.9,5.3,4.0,4.0,6.5,4.0,5.5,6.5,4.0,5.7,4.0,7.4,4.0,6.0,5.7,6.9,6.8,6.4,4.0,4.0,5.1,4.0,4.0,5.4,4.0,4.0,6.2,4.0,6.8,4.0,6.8,4.0,4.0,5.9,6.5,5.0,5.5,4.0,4.0,4.0,4.0,4.0,4.0,4.0,4.0,4.0,4.0,4.0,4.0,5.5,4.0,4.0,4.0,4.0,4.0,4.0,4.0,4.0,4.0,4.0,4.0,4.0,4.0,4.0,4.0,6.0,4.0,4.0,4.0
73,4.0,4.0,4.0,4.0,6.5,4.0,4.0,4.0,6.7,4.0,4.0,4.0,6.4,6.5,4.0,5.3,5.9,4.0,4.0,4.0,5.8,4.0,5.9,4.0,4.0,4.0,4.0,4.0,5.8,6.9,4.0,4.0,5.7,4.0,4.0,6.1,5.5,7.6,4.0,4.0,4.0,4.0,4.0,4.0,5.4,4.0,4.0,4.0,4.0,4.0,5.1,5.4,4.0,5.1,4.0,4.0,7.4,4.0,4.0,4.0,4.0,5.4,4.0,4.0,4.0,4.0,5.3,4.0,4.0,4.0,4.0,4.0,4.0,5.7,4.0,4.0,4.0,5.7,5.5,4.0,4.0,5.8,4.0,4.0,6.3,4.0,6.0,4.0,5.7,6.3,6.2,5.7,4.0,6.1,4.0,4.0,4.0,4.0,4.0,5.7,6.0,5.3,6.4,6.1,5.4,4.0,6.4,5.7,5.6,5.2,5.3,4.0,5.4,5.9,6.3,4.0,6.0,6.1,6.4,6.4,6.1,4.0,4.0,4.0,4.0,5.9,6.6,5.2,7.1,5.8,5.8,5.5,5.3,5.4,4.0,6.9,4.0,4.0,4.0,5.7,5.1,4.0,4.0,4.0,4.0,4.0,6.8,4.0,6.6,5.6,5.9,5.6,4.0,5.8,6.3,4.0,4.0,4.0,4.0,4.0,4.0,4.0,4.0,4.0,6.5,4.0,4.0,4.0,6.2,4.0,4.0,4.0
80,6.0,4.0,4.0,5.5,5.9,4.0,4.0,6.6,6.1,4.0,4.0,6.4,7.7,4.0,4.0,7.0,6.8,4.0,4.0,4.0,4.0,6.1,5.9,5.7,4.0,4.0,4.0,4.0,7.3,7.0,4.0,4.0,4.0,4.0,4.0,4.0,4.0,7.3,4.0,4.0,4.0,6.2,6.9,5.6,5.5,4.0,4.0,4.0,5.9,5.6,5.7,6.1,6.4,4.0,6.4,4.0,7.0,4.0,4.0,4.0,5.9,5.8,5.8,4.0,4.0,4.0,4.0,5.5,4.0,5.9,5.8,4.0,4.0,4.0,4.0,4.0,4.0,5.9,4.0,4.0,4.0,6.0,4.0,8.1,6.7,4.0,6.1,6.0,4.0,6.6,6.6,5.3,6.7,5.6,6.0,6.3,6.6,5.9,5.8,5.6,6.2,4.0,6.2,6.2,4.0,6.1,5.4,6.8,5.4,4.0,5.5,4.0,5.5,4.0,6.4,4.0,6.5,5.4,4.0,4.0,5.5,5.7,4.0,4.0,6.0,6.4,6.4,5.9,5.9,6.6,6.4,6.0,4.0,4.0,4.0,4.0,5.3,4.0,4.0,4.0,5.7,4.0,4.0,4.0,4.0,5.8,6.1,4.0,4.0,6.1,4.0,5.9,6.3,4.0,6.2,4.0,4.0,4.0,4.0,4.0,4.0,4.0,6.2,4.0,4.0,4.0,4.0,4.0,5.7,4.0,4.0,4.0
82,4.0,4.0,4.0,4.0,6.5,4.0,4.0,4.0,6.6,4.0,5.3,4.0,6.7,6.8,4.0,6.3,6.2,4.0,4.0,4.0,6.0,4.0,5.8,4.0,4.0,4.0,4.0,4.0,6.0,7.1,4.0,4.0,5.6,4.0,5.7,4.0,4.0,8.2,5.5,4.0,4.0,4.0,6.1,4.0,6.3,4.0,4.0,4.0,4.0,5.7,5.7,5.5,6.0,5.0,4.0,4.0,7.0,4.0,4.0,4.0,4.0,4.0,4.0,4.0,4.0,4.0,4.0,4.0,6.9,6.5,4.0,4.0,4.0,6.3,4.0,4.0,4.0,6.4,5.6,4.0,4.0,6.7,4.0,6.2,6.1,4.0,5.8,6.6,4.0,6.5,6.6,5.9,4.0,5.8,4.0,4.0,4.0,4.0,4.0,5.7,6.1,4.0,6.6,6.5,6.5,5.6,5.6,6.0,4.0,5.1,6.2,4.0,4.0,5.9,5.7,4.0,6.0,5.7,5.9,6.5,6.3,5.4,4.0,4.0,4.0,6.5,7.0,4.0,6.8,6.4,6.1,5.8,4.0,5.8,4.0,6.9,4.0,4.0,4.0,5.1,5.7,4.0,4.0,4.0,4.0,6.0,6.9,4.0,5.9,5.3,6.1,6.8,5.1,6.0,6.6,4.0,4.0,4.0,4.0,4.0,4.0,4.0,4.0,4.0,4.0,4.0,4.0,4.0,5.9,4.0,4.0,4.0
90,4.0,7.0,4.0,4.0,4.0,6.2,5.3,4.0,8.0,4.0,6.2,4.0,7.1,4.0,4.0,7.1,6.6,4.0,6.8,4.0,6.8,6.6,6.2,6.6,4.0,4.0,4.0,4.0,7.3,8.1,4.0,4.0,4.0,4.0,5.1,6.8,6.6,7.5,6.1,4.0,4.0,4.0,6.1,5.9,7.0,4.0,4.0,4.0,4.0,6.1,4.0,6.2,6.5,6.4,4.0,4.0,4.0,5.9,4.0,6.1,4.0,6.8,5.5,4.0,4.0,4.0,6.6,4.0,6.0,4.0,4.0,4.0,4.0,4.0,4.0,4.0,4.0,5.8,4.0,4.0,4.0,6.8,4.0,6.7,7.4,4.0,7.3,6.2,4.0,6.7,6.7,5.9,7.0,6.6,4.0,5.4,5.7,5.5,7.9,6.4,7.6,4.0,6.2,6.6,5.8,5.9,6.3,6.8,6.0,5.9,6.2,4.0,6.1,6.2,5.8,6.0,7.2,6.9,4.0,7.3,6.8,6.6,4.0,4.0,5.4,6.5,7.1,5.1,7.0,7.5,5.7,6.0,4.0,6.1,4.0,4.0,4.0,4.0,4.0,5.6,5.5,4.0,4.0,7.3,7.1,4.0,7.5,4.0,4.0,6.5,6.2,6.5,4.0,6.5,6.3,4.0,4.0,4.0,4.0,4.0,4.0,4.0,4.0,4.0,4.0,4.0,4.0,4.0,6.4,4.0,4.0,4.0
91,4.0,4.0,4.0,4.0,4.0,4.0,5.4,4.0,8.3,4.0,5.6,4.0,6.4,4.0,4.0,5.4,5.5,4.0,4.0,4.0,5.8,5.8,4.0,5.6,4.0,4.0,4.0,4.0,6.4,6.8,4.0,4.0,4.0,4.0,4.0,6.2,5.8,7.2,4.0,4.0,4.0,5.7,5.5,4.0,6.9,4.0,4.0,4.0,4.0,5.6,6.1,4.0,5.8,6.9,4.0,4.0,4.0,4.0,4.0,4.0,4.0,6.4,6.0,4.0,4.0,4.0,4.0,4.0,4.0,4.0,4.0,4.0,4.0,4.0,4.0,4.0,4.0,4.0,5.1,4.0,4.0,5.8,4.0,4.0,4.0,4.0,6.2,4.0,4.0,6.5,6.2,4.0,6.2,6.8,4.0,5.7,6.3,6.3,7.5,5.4,4.0,5.8,5.8,6.8,4.0,5.6,5.7,6.3,5.7,6.4,6.5,4.0,6.3,4.0,5.9,4.0,7.0,7.7,5.6,7.5,7.0,6.1,4.0,4.0,4.0,5.7,5.9,4.0,6.4,7.0,5.3,6.9,4.0,6.0,4.0,4.0,4.0,4.0,4.0,5.5,4.0,4.0,4.0,4.0,4.0,4.0,6.9,5.6,5.9,6.1,4.0,5.7,4.0,5.9,4.0,4.0,4.0,4.0,4.0,4.0,4.0,4.0,4.0,4.0,4.0,4.0,4.0,4.0,5.8,4.0,4.0,4.0
92,4.0,5.7,4.0,5.3,4.0,4.0,5.4,4.0,4.0,4.0,5.9,4.0,7.0,4.0,4.0,5.7,5.6,4.0,4.0,4.0,4.0,6.4,4.0,5.4,4.0,4.0,4.0,4.0,6.1,7.1,4.0,4.0,5.7,4.0,4.0,6.4,5.8,7.4,4.0,4.0,4.0,6.2,5.6,5.5,8.1,4.0,4.0,4.0,6.5,5.6,4.0,6.0,4.0,6.4,4.0,4.0,4.0,6.0,4.0,5.9,4.0,5.8,6.2,4.0,4.0,4.0,4.0,4.0,5.9,4.0,4.0,4.0,4.0,4.0,4.0,4.0,4.0,5.3,5.1,4.0,4.0,5.8,4.0,5.8,6.3,4.0,6.5,4.0,4.0,6.1,5.9,5.1,6.1,7.5,6.0,4.0,5.6,5.2,7.1,6.0,7.6,6.5,6.3,6.7,5.5,6.0,5.5,6.1,5.8,6.8,7.5,4.0,5.8,4.0,7.0,4.0,6.4,7.6,4.0,7.4,7.1,5.6,4.0,4.0,4.0,6.5,5.6,4.0,6.8,6.5,5.3,6.2,4.0,6.1,4.0,4.0,4.0,4.0,4.0,5.6,4.0,4.0,4.0,6.0,5.9,4.0,6.9,5.8,4.0,6.3,4.0,5.7,4.0,4.0,4.0,5.8,4.0,4.0,4.0,4.0,4.0,4.0,4.0,4.0,4.0,4.0,4.0,4.0,6.8,4.0,4.0,4.0
107,5.7,4.0,6.8,6.1,6.5,4.0,5.4,7.6,6.9,4.0,4.0,4.0,4.0,4.0,4.0,7.7,7.5,4.0,4.0,5.8,6.1,5.3,4.0,4.0,4.0,4.0,4.0,4.0,6.4,6.9,4.0,4.0,4.0,4.0,5.8,4.0,4.0,4.0,4.0,4.0,4.0,6.4,6.3,5.5,6.1,4.0,4.0,4.0,4.0,6.2,6.9,5.4,4.0,4.0,4.0,4.0,7.2,4.0,4.0,4.0,5.6,6.0,6.5,4.0,4.0,4.0,4.0,5.8,4.0,4.0,4.0,4.0,7.1,4.0,4.0,4.0,4.0,6.7,4.0,4.0,4.0,6.2,4.0,6.5,4.0,4.0,5.5,4.0,4.0,5.5,5.7,6.2,8.8,5.5,6.2,6.0,6.1,6.0,6.2,5.7,4.0,6.4,6.7,6.0,4.0,6.9,4.0,7.1,6.5,6.2,6.2,4.0,5.4,4.0,7.4,4.0,6.0,4.0,6.4,6.1,6.0,5.2,4.0,4.0,5.7,4.0,5.6,5.1,4.0,6.1,5.2,5.8,4.0,5.7,4.0,4.0,5.4,5.1,4.0,4.0,4.0,4.0,4.0,4.0,4.0,4.0,4.0,4.0,4.0,4.0,4.0,4.0,4.0,4.0,4.0,4.0,4.0,4.0,4.0,4.0,4.0,4.0,4.0,4.0,4.0,4.0,4.0,4.0,4.0,4.0,4.0,4.0
110,4.0,4.0,4.0,5.9,6.3,4.0,5.4,8.4,7.4,4.0,4.0,4.0,5.9,4.0,4.0,7.5,7.5,4.0,4.0,6.0,6.0,6.0,4.0,4.0,4.0,4.0,4.0,4.0,6.3,6.5,4.0,4.0,5.6,4.0,5.7,4.0,4.0,4.0,4.0,4.0,4.0,7.1,6.2,5.7,6.5,4.0,6.6,4.0,6.0,6.0,6.8,6.2,4.0,5.2,4.0,4.0,6.9,4.0,4.0,5.9,5.1,5.8,7.2,4.0,4.0,4.0,4.0,5.4,4.0,4.0,4.0,4.0,4.0,4.0,4.0,4.0,4.0,6.2,5.2,4.0,4.0,5.9,4.0,6.8,4.0,4.0,5.5,4.0,4.0,5.4,4.0,6.0,8.4,6.1,6.4,5.8,5.8,5.8,7.0,5.9,4.0,6.9,4.0,6.1,5.6,6.7,4.0,6.9,6.3,6.1,6.5,4.0,5.3,4.0,7.2,6.2,6.4,5.4,7.0,4.0,6.5,5.2,4.0,4.0,4.0,4.0,6.7,4.0,4.0,6.6,4.0,6.1,4.0,6.8,4.0,4.0,5.9,5.6,4.0,5.5,4.0,4.0,4.0,4.0,4.0,4.0,4.0,4.0,4.0,4.0,4.0,4.0,5.9,4.0,4.0,4.0,4.0,4.0,4.0,4.0,4.0,4.0,4.0,4.0,4.0,4.0,4.0,4.0,5.5,4.0,4.0,4.0
404,6.4,9.2,8.0,4.0,6.4,8.2,6.7,6.2,4.0,6.5,8.1,8.5,7.5,6.3,4.0,6.2,6.3,6.8,6.5,4.0,4.0,8.9,7.3,4.0,6.9,6.9,6.1,5.7,6.7,6.2,6.4,6.1,6.4,6.1,6.9,8.4,9.0,9.1,4.0,7.5,7.6,5.9,6.5,4.0,4.0,4.0,4.0,7.5,8.8,6.9,6.4,8.1,7.2,6.7,4.0,7.6,7.0,7.5,4.0,4.0,4.0,4.0,4.0,4.0,4.0,4.0,4.0,4.0,4.0,4.0,4.0,4.0,4.0,4.0,4.0,4.0,4.0,4.0,4.0,4.0,4.0,4.0,4.0,4.0,4.0,4.0,4.0,4.0,4.0,4.0,4.0,4.0,4.0,4.0,4.0,4.0,4.0,4.0,4.0,4.0,4.0,4.0,4.0,4.0,4.0,4.0,4.0,4.0,4.0,4.0,4.0,4.0,4.0,4.0,4.0,4.0,4.0,4.0,4.0,4.0,4.0,4.0,4.0,4.0,4.0,4.0,4.0,4.0,4.0,4.0,4.0,4.0,4.0,4.0,4.0,4.0,4.0,4.0,4.0,4.0,4.0,4.0,4.0,4.0,4.0,4.0,4.0,4.0,4.0,4.0,4.0,4.0,4.0,4.0,4.0,4.0,4.0,4.0,4.0,4.0,4.0,4.0,4.0,4.0,6.2,6.4,6.6,5.9,6.9,6.5,6.4,5.4
414,4.0,4.0,4.0,5.4,7.2,7.5,7.1,6.8,7.9,4.0,5.8,7.1,7.1,7.5,4.0,6.9,6.6,4.0,4.0,4.0,6.0,6.3,7.6,6.2,4.0,4.0,4.0,4.0,7.8,6.4,4.0,6.5,6.2,4.0,5.8,6.0,6.4,4.0,5.5,4.0,4.0,7.4,5.9,5.1,5.5,4.0,6.1,4.0,4.0,6.0,5.4,7.2,7.8,7.1,4.0,4.0,8.1,4.0,4.0,6.8,6.2,6.8,4.0,5.6,5.6,5.5,4.0,6.4,6.5,6.0,4.0,6.2,7.7,4.0,4.0,4.0,4.0,6.7,6.1,4.0,4.0,6.1,4.0,6.6,4.0,4.0,6.1,8.9,4.0,6.3,6.0,5.9,7.8,5.7,6.1,8.4,8.3,4.0,6.3,6.1,6.0,5.5,5.6,7.1,6.9,6.1,6.0,5.3,4.0,5.4,5.7,6.3,5.8,6.3,4.0,6.1,4.0,6.0,7.3,7.0,7.5,5.8,6.0,5.2,4.0,4.0,8.0,6.4,4.0,6.9,5.7,6.9,4.0,4.0,4.0,6.3,5.6,5.7,5.4,6.4,7.2,6.7,4.0,4.0,4.0,4.0,6.3,6.5,4.0,6.4,7.3,6.2,4.0,4.0,4.0,6.6,5.9,4.0,4.0,4.0,4.0,4.0,7.2,4.0,4.0,4.0,4.0,4.0,5.2,6.3,4.0,4.0
420,4.0,4.0,4.0,4.0,4.0,8.9,5.2,4.0,4.0,4.0,6.1,8.3,4.0,6.8,4.0,4.0,4.0,4.0,4.0,4.0,4.0,7.8,7.4,6.0,4.0,4.0,4.0,4.0,5.6,6.5,4.0,4.0,4.0,4.0,5.6,4.0,6.0,6.5,4.0,4.0,4.0,4.0,4.0,4.0,4.0,4.0,4.0,4.0,6.7,6.1,6.0,8.2,7.5,4.0,4.0,4.0,5.5,6.0,4.0,4.0,4.0,7.0,4.0,4.0,4.0,4.0,5.9,6.2,6.3,6.6,5.8,4.0,4.0,4.0,4.0,4.0,4.0,6.6,5.3,4.0,4.0,5.7,4.0,4.0,4.0,4.0,6.0,8.1,4.0,5.5,5.6,4.0,4.0,4.0,4.0,6.2,5.8,5.4,4.0,5.6,5.5,4.0,5.9,6.0,4.0,4.0,4.0,4.0,4.0,4.0,4.0,7.3,6.0,6.7,4.0,4.0,4.0,4.0,4.0,4.0,6.5,5.2,4.0,4.0,5.7,6.2,6.8,4.0,6.5,5.7,4.0,5.8,4.0,4.0,4.0,7.9,4.0,4.0,4.0,4.0,5.6,4.0,4.0,4.0,4.0,5.9,6.5,4.0,4.0,7.0,7.2,5.4,4.0,4.0,4.0,4.0,4.0,4.0,4.0,4.0,6.0,4.0,4.0,4.0,5.9,6.2,4.0,4.0,4.0,6.5,4.0,4.0
425,4.0,4.0,4.0,4.0,6.7,8.9,6.5,6.5,6.2,4.0,4.0,4.0,9.1,7.6,4.0,6.5,6.1,4.0,4.0,4.0,6.5,4.0,7.7,6.6,4.0,4.0,4.0,4.0,7.2,6.6,4.0,4.0,6.7,4.0,6.8,8.5,4.0,4.0,4.0,4.0,4.0,5.8,5.5,4.0,5.8,4.0,4.0,7.4,8.7,6.8,4.0,8.5,6.7,7.5,4.0,7.6,6.8,7.0,4.0,6.8,4.0,7.8,6.3,4.0,4.0,4.0,6.9,6.3,4.0,4.0,7.9,7.2,4.0,7.1,6.6,4.0,4.0,7.1,6.2,4.0,4.0,5.9,4.0,6.8,8.3,4.0,6.3,7.8,6.3,7.4,8.1,5.4,6.3,6.2,4.0,6.0,6.6,5.8,6.3,6.8,5.5,4.0,5.5,7.3,6.4,4.0,5.3,5.8,4.0,4.0,6.0,4.0,7.0,8.0,5.8,4.0,4.0,5.8,4.0,6.1,8.4,6.3,4.0,5.7,5.9,4.0,8.5,6.1,7.4,8.1,6.6,7.0,4.0,5.4,8.6,5.6,4.0,4.0,4.0,6.0,6.3,4.0,6.4,4.0,4.0,6.3,9.2,4.0,7.1,4.0,8.0,5.9,4.0,7.0,6.9,4.0,4.0,4.0,4.0,4.0,4.0,4.0,4.0,4.0,7.3,7.7,4.0,4.0,5.9,7.3,4.0,4.0
427,4.0,4.0,4.0,4.0,5.8,8.1,4.0,4.0,5.5,4.0,8.2,8.9,8.4,7.8,4.0,4.0,4.0,4.0,4.0,7.4,6.7,8.3,8.0,5.8,4.0,4.0,4.0,4.0,7.4,7.5,4.0,4.0,5.8,4.0,6.6,6.7,6.9,8.7,4.0,4.0,4.0,4.0,4.0,4.0,5.7,4.0,4.0,6.7,8.0,6.8,4.0,8.3,7.5,5.5,4.0,4.0,4.0,6.9,4.0,6.4,4.0,7.1,4.0,4.0,4.0,4.0,6.9,6.2,4.0,4.0,7.6,7.7,4.0,4.0,6.0,4.0,4.0,6.3,5.3,4.0,4.0,6.7,4.0,7.1,4.0,4.0,6.6,7.8,4.0,4.0,5.2,4.0,4.0,5.6,5.9,5.3,5.7,4.0,4.0,5.4,5.6,4.0,6.3,5.3,4.0,5.6,5.6,4.0,4.0,4.0,5.9,4.0,7.0,7.7,6.2,4.0,4.0,5.9,4.0,5.5,6.9,5.5,4.0,4.0,4.0,7.7,8.2,4.0,7.2,8.4,4.0,5.3,4.0,4.0,7.2,4.0,4.0,4.0,4.0,5.2,5.6,4.0,4.0,4.0,4.0,4.0,7.6,4.0,5.7,8.3,8.3,6.8,4.0,4.0,7.5,4.0,4.0,4.0,4.0,4.0,4.0,4.0,4.0,4.0,7.7,7.2,4.0,4.0,5.7,8.3,4.0,4.0
428,4.0,4.0,4.0,4.0,6.7,7.6,5.5,7.0,5.4,4.0,8.5,9.2,8.8,9.0,4.0,5.8,7.6,6.8,4.0,6.8,7.0,8.5,4.0,4.0,4.0,4.0,4.0,4.0,7.7,8.5,4.0,4.0,8.0,4.0,7.3,8.0,7.5,4.0,4.0,4.0,4.0,7.4,6.0,4.0,6.2,4.0,4.0,4.0,8.5,7.1,7.9,4.0,8.1,7.6,4.0,8.5,6.0,8.0,4.0,8.6,4.0,7.3,7.5,4.0,4.0,4.0,7.3,7.1,7.2,7.3,8.7,7.4,6.4,7.6,6.8,4.0,4.0,7.1,5.5,4.0,4.0,6.4,4.0,7.3,4.0,4.0,7.6,4.0,4.0,4.0,5.5,4.0,4.0,4.0,6.2,4.0,4.0,4.0,7.6,7.9,6.5,4.0,8.5,6.7,7.1,7.4,5.8,4.0,5.7,4.0,6.5,6.4,8.2,8.7,5.4,4.0,4.0,5.2,4.0,6.7,8.1,4.0,4.0,5.5,5.4,4.0,4.0,4.0,8.5,4.0,4.0,5.4,4.0,4.0,8.0,4.0,7.2,7.5,4.0,6.0,7.7,4.0,7.6,4.0,4.0,6.4,4.0,4.0,4.0,4.0,4.0,4.0,4.0,4.0,4.0,4.0,4.0,4.0,4.0,4.0,4.0,4.0,4.0,4.0,8.1,8.2,4.0,4.0,4.0,8.6,4.0,4.0
429,4.0,4.0,4.0,5.4,6.1,8.1,5.5,6.5,4.0,4.0,8.4,9.3,9.0,7.8,4.0,4.0,5.9,6.6,4.0,7.4,6.5,8.3,9.0,4.0,4.0,4.0,4.0,4.0,7.1,6.6,4.0,4.0,6.6,4.0,6.9,8.0,7.7,4.0,6.1,4.0,4.0,5.8,6.6,4.0,4.0,4.0,4.0,7.1,8.5,7.3,6.9,4.0,7.8,7.5,4.0,4.0,5.6,7.5,4.0,7.7,4.0,7.5,5.7,4.0,4.0,4.0,7.1,4.0,4.0,4.0,7.6,8.1,4.0,4.0,6.3,4.0,4.0,7.7,5.8,4.0,4.0,6.5,4.0,7.6,4.0,4.0,6.6,8.1,6.5,5.8,5.9,4.0,4.0,4.0,6.7,6.0,5.5,5.2,7.0,5.9,5.7,4.0,6.7,6.9,6.1,6.3,6.0,5.7,5.9,4.0,6.9,4.0,7.7,7.8,6.1,4.0,6.0,4.0,4.0,4.0,8.5,5.5,5.1,6.1,6.3,8.7,4.0,4.0,7.1,7.2,5.6,5.8,4.0,4.0,7.8,6.3,4.0,5.7,4.0,5.4,6.4,4.0,7.1,6.0,4.0,7.7,4.0,4.0,4.0,4.0,8.2,6.6,5.2,6.8,6.7,4.0,4.0,4.0,4.0,4.0,4.0,4.0,4.0,4.0,8.1,6.8,4.0,4.0,5.4,8.5,4.0,4.0
434,4.0,4.0,4.0,4.0,4.0,8.3,4.0,4.0,4.0,4.0,7.0,9.3,8.9,7.5,4.0,4.0,4.0,4.0,4.0,4.0,5.9,8.4,7.5,6.1,4.0,4.0,4.0,4.0,6.4,6.2,4.0,4.0,4.0,4.0,6.3,7.2,7.0,4.0,4.0,4.0,4.0,4.0,4.0,4.0,5.4,4.0,4.0,5.8,4.0,6.4,4.0,8.3,7.3,5.8,4.0,4.0,5.1,6.5,4.0,6.4,4.0,7.2,4.0,4.0,4.0,4.0,6.1,5.4,4.0,4.0,7.2,8.4,4.0,4.0,4.0,4.0,4.0,7.3,4.0,4.0,4.0,5.4,4.0,4.0,4.0,4.0,6.3,7.5,4.0,4.0,4.0,4.0,4.0,4.0,4.0,5.2,5.4,4.0,4.0,4.0,4.0,4.0,6.3,6.3,5.4,4.0,4.0,4.0,4.0,4.0,4.0,6.4,7.2,6.6,4.0,4.0,4.0,4.0,4.0,4.0,6.8,4.0,4.0,4.0,4.0,4.0,8.2,4.0,4.0,6.5,4.0,4.0,4.0,4.0,6.6,4.0,4.0,4.0,4.0,5.9,6.6,4.0,4.0,4.0,4.0,4.0,7.8,4.0,4.0,4.0,7.4,5.5,4.0,4.0,4.0,4.0,4.0,4.0,4.0,4.0,4.0,4.0,5.9,4.0,4.0,4.0,4.0,4.0,4.0,7.9,4.0,4.0
435,4.0,4.0,4.0,4.0,5.5,4.0,5.7,4.0,4.0,4.0,7.3,9.7,4.0,7.7,4.0,4.0,4.0,4.0,4.0,6.2,6.8,4.0,8.8,7.1,4.0,4.0,4.0,4.0,7.5,7.4,4.0,4.0,4.0,4.0,7.2,7.7,7.2,4.0,6.0,4.0,4.0,5.4,4.0,4.0,5.4,4.0,4.0,6.3,4.0,6.5,4.0,4.0,4.0,6.3,4.0,4.0,4.0,8.2,4.0,7.6,4.0,7.9,4.0,4.0,4.0,4.0,7.1,5.8,6.1,6.0,7.6,9.1,4.0,4.0,5.9,4.0,4.0,6.9,4.0,4.0,4.0,6.6,4.0,5.9,4.0,4.0,7.9,8.7,4.0,4.0,4.0,4.0,4.0,4.0,6.4,5.9,6.1,4.0,4.0,4.0,5.1,4.0,7.4,7.0,5.8,4.0,4.0,5.8,5.2,4.0,5.9,6.7,7.1,7.1,4.0,4.0,4.0,4.0,4.0,6.1,7.1,5.7,4.0,4.0,4.0,4.0,4.0,4.0,4.0,7.8,4.0,4.0,4.0,4.0,6.4,5.7,4.0,4.0,4.0,5.2,6.1,4.0,4.0,4.0,4.0,4.0,8.4,4.0,4.0,4.0,8.0,7.1,4.0,4.0,4.0,4.0,4.0,4.0,4.0,4.0,4.0,4.0,4.0,4.0,4.0,4.0,4.0,4.0,4.0,8.6,4.0,4.0
441,4.0,4.0,4.0,4.0,4.0,8.9,4.0,6.2,4.0,4.0,7.3,8.8,4.0,7.6,4.0,4.0,4.0,4.0,4.0,4.0,4.0,4.0,8.7,6.8,4.0,4.0,4.0,4.0,7.2,7.3,4.0,4.0,4.0,4.0,6.7,6.7,6.6,7.3,4.0,4.0,4.0,4.0,4.0,4.0,4.0,4.0,4.0,4.0,8.0,6.6,4.0,4.0,7.7,6.3,4.0,4.0,4.0,7.2,4.0,6.6,4.0,7.8,5.2,4.0,4.0,4.0,6.8,5.6,4.0,4.0,7.2,7.0,4.0,6.6,4.0,4.0,4.0,6.4,5.3,4.0,4.0,6.2,4.0,4.0,4.0,4.0,7.6,9.1,5.4,4.0,4.0,4.0,4.0,4.0,6.5,4.0,4.0,4.0,4.0,4.0,5.6,4.0,6.9,5.6,4.0,5.7,5.3,5.7,4.0,4.0,5.4,4.0,5.9,7.6,5.4,4.0,4.0,4.0,4.0,4.0,7.0,5.8,4.0,5.5,6.2,7.5,4.0,4.0,7.5,7.2,4.0,4.0,4.0,4.0,4.0,6.2,4.0,4.0,4.0,4.0,5.1,4.0,5.8,4.0,4.0,6.2,7.8,4.0,6.9,4.0,8.3,6.3,4.0,4.0,6.6,4.0,4.0,4.0,4.0,4.0,4.0,4.0,4.0,4.0,5.8,7.7,4.0,4.0,4.0,7.9,4.0,4.0
443,4.0,4.0,4.0,4.0,4.0,7.9,4.0,4.0,4.0,4.0,7.2,9.2,8.3,7.3,4.0,4.0,4.0,4.0,4.0,6.6,6.2,8.3,8.2,6.0,4.0,4.0,4.0,4.0,7.1,6.3,4.0,4.0,4.0,4.0,6.6,6.6,6.4,8.1,4.0,4.0,4.0,4.0,6.0,4.0,4.0,4.0,4.0,7.2,4.0,6.7,5.4,4.0,7.3,5.3,4.0,4.0,4.0,6.4,4.0,4.0,4.0,6.8,4.0,4.0,4.0,4.0,6.5,6.2,4.0,4.0,6.9,7.6,4.0,6.2,5.8,4.0,4.0,6.1,4.0,4.0,4.0,5.9,4.0,6.2,5.8,4.0,6.5,7.7,6.2,4.0,4.0,5.0,4.0,4.0,4.0,4.0,5.4,4.0,4.0,4.0,4.0,4.0,6.8,4.0,4.0,4.0,4.0,4.0,4.0,4.0,4.0,6.3,4.0,6.7,4.0,4.0,4.0,4.0,4.0,4.0,7.0,4.0,4.0,4.0,4.0,7.7,4.0,4.0,6.2,7.1,4.0,4.0,4.0,4.0,6.5,4.0,4.0,4.0,4.0,4.0,5.6,4.0,4.0,4.0,4.0,4.0,7.7,4.0,4.0,8.6,7.8,6.2,4.0,4.0,6.8,4.0,4.0,4.0,4.0,4.0,4.0,4.0,4.0,4.0,6.4,4.0,4.0,4.0,4.0,7.4,4.0,4.0
444,4.0,4.0,4.0,4.0,4.0,8.0,4.0,4.0,4.0,4.0,6.6,6.9,8.6,7.1,4.0,4.0,4.0,4.0,4.0,4.0,6.2,7.8,8.3,6.0,5.9,4.0,4.0,4.0,7.1,4.0,4.0,4.0,4.0,4.0,6.8,6.5,5.8,7.6,4.0,4.0,4.0,4.0,4.0,4.0,4.0,4.0,6.0,6.0,7.9,4.0,4.0,7.8,8.0,4.0,4.0,4.0,4.0,6.5,4.0,6.1,4.0,6.9,4.0,4.0,4.0,4.0,5.7,6.2,4.0,4.0,6.1,4.0,4.0,6.1,4.0,4.0,4.0,6.2,4.0,4.0,4.0,5.7,4.0,6.0,4.0,4.0,6.8,8.3,4.0,4.0,4.0,5.4,4.0,4.0,5.9,5.4,5.8,4.0,4.0,4.0,4.0,4.0,6.8,4.0,4.0,4.0,4.0,4.0,4.0,4.0,4.0,6.4,4.0,6.7,4.0,5.9,5.8,4.0,4.0,4.0,7.1,4.0,4.0,4.0,4.0,7.0,4.0,4.0,5.9,6.7,4.0,4.0,4.0,4.0,4.0,4.0,4.0,4.0,4.0,6.1,5.1,6.1,4.0,5.8,5.9,4.0,7.8,4.0,5.8,7.8,7.7,5.6,4.0,4.0,4.0,4.0,4.0,4.0,4.0,4.0,4.0,4.0,4.0,4.0,6.0,6.9,4.0,4.0,4.0,7.7,4.0,4.0
445,4.0,4.0,4.0,4.0,5.2,7.9,4.0,6.0,4.0,4.0,7.1,9.4,8.2,8.7,4.0,4.0,5.9,4.0,4.0,6.7,4.0,4.0,8.9,7.6,4.0,4.0,4.0,4.0,8.5,5.7,4.0,4.0,4.0,4.0,5.3,7.3,7.1,9.3,4.0,4.0,4.0,4.0,6.5,4.0,4.0,4.0,6.2,4.0,4.0,5.5,4.0,7.9,6.0,7.4,4.0,4.0,4.0,6.5,4.0,4.0,5.1,4.0,4.0,4.0,5.6,4.0,5.3,5.1,4.0,4.0,4.0,7.9,4.0,6.4,4.0,4.0,4.0,4.0,4.0,4.0,4.0,5.7,4.0,4.0,4.0,4.0,6.6,8.7,4.0,4.0,4.0,5.8,4.0,5.2,5.9,5.5,5.2,4.0,4.0,4.0,4.0,4.0,7.1,6.8,4.0,4.0,5.9,4.0,5.1,4.0,4.0,6.3,4.0,8.3,4.0,6.2,5.9,4.0,4.0,4.0,7.8,4.0,5.6,4.0,4.0,8.6,4.0,4.0,4.0,7.5,4.0,4.0,4.0,4.0,5.9,4.0,4.0,4.0,4.0,5.4,7.5,4.0,4.0,4.0,4.0,4.0,7.3,4.0,4.0,8.6,8.9,5.6,4.0,4.0,7.5,4.0,4.0,4.0,4.0,4.0,4.0,4.0,4.0,4.0,5.7,4.0,4.0,4.0,4.0,8.1,4.0,4.0
446,4.0,4.0,4.0,5.5,5.9,8.9,5.9,6.6,4.0,4.0,8.1,4.0,4.0,7.8,4.0,4.0,4.0,4.0,4.0,4.0,4.0,8.4,4.0,6.3,4.0,4.0,4.0,4.0,7.7,7.0,4.0,4.0,6.6,4.0,7.2,7.4,7.4,8.7,6.0,4.0,4.0,5.6,5.8,4.0,6.6,4.0,4.0,6.8,4.0,6.7,6.6,4.0,8.8,6.8,4.0,6.5,5.8,8.0,4.0,4.0,4.0,7.4,4.0,4.0,5.1,4.0,7.5,4.0,4.0,4.0,7.0,8.1,4.0,4.0,4.0,4.0,4.0,7.0,6.1,4.0,4.0,6.7,4.0,6.8,6.1,4.0,7.3,8.0,6.1,6.0,5.8,5.7,4.0,4.0,6.4,6.4,5.9,5.9,6.3,5.5,5.9,4.0,6.8,6.0,5.7,6.2,6.1,5.8,5.6,4.0,7.1,6.0,6.8,8.0,6.8,4.0,4.0,5.2,4.0,5.7,7.5,6.0,4.0,6.2,6.1,8.4,4.0,4.0,7.9,7.7,5.7,6.0,4.0,4.0,7.3,6.8,4.0,5.6,4.0,4.0,5.8,4.0,4.0,4.0,5.8,6.7,8.6,4.0,7.1,4.0,8.3,6.7,4.0,6.5,7.2,4.0,5.6,4.0,4.0,4.0,4.0,4.0,4.0,4.0,4.0,8.3,4.0,4.0,4.0,9.6,4.0,4.0
447,4.0,4.0,4.0,4.0,4.0,8.9,4.0,4.0,5.3,4.0,7.6,9.6,4.0,6.9,4.0,4.0,4.0,4.0,4.0,4.0,4.0,4.0,7.3,4.0,4.0,4.0,4.0,4.0,6.6,7.0,4.0,4.0,4.0,4.0,6.3,7.3,7.0,8.6,4.0,4.0,4.0,4.0,4.0,4.0,5.4,4.0,4.0,4.0,4.0,6.3,5.7,4.0,7.7,5.7,4.0,4.0,5.8,7.4,4.0,4.0,4.0,6.9,4.0,4.0,4.0,4.0,6.6,6.5,4.0,4.0,6.9,7.3,4.0,4.0,4.0,4.0,4.0,6.3,5.5,4.0,4.0,5.8,4.0,4.0,4.0,4.0,7.3,7.5,4.0,4.0,4.0,4.0,4.0,4.0,4.0,5.5,5.5,4.0,4.0,4.0,5.4,4.0,6.8,6.0,4.0,4.0,4.0,4.0,4.0,4.0,5.4,4.0,5.8,6.6,5.8,4.0,4.0,5.5,4.0,5.6,6.8,5.4,4.0,4.0,5.6,7.2,4.0,4.0,7.4,6.5,4.0,5.2,4.0,4.0,5.9,6.2,4.0,4.0,4.0,4.0,4.0,4.0,4.0,4.0,4.0,6.0,7.6,4.0,6.8,7.9,7.4,6.0,4.0,4.0,6.6,4.0,4.0,4.0,4.0,4.0,4.0,4.0,4.0,4.0,4.0,7.2,4.0,4.0,4.0,7.1,4.0,4.0
448,4.0,4.0,4.0,4.0,5.5,8.1,4.0,6.1,5.4,4.0,7.7,9.1,4.0,7.1,4.0,4.0,5.7,4.0,4.0,4.0,4.0,4.0,7.6,5.5,4.0,4.0,4.0,4.0,7.1,7.1,4.0,4.0,4.0,4.0,6.9,7.3,6.8,8.7,5.6,4.0,4.0,4.0,6.0,4.0,5.2,4.0,4.0,6.4,4.0,6.5,7.1,4.0,8.7,6.1,4.0,6.8,5.6,7.0,4.0,4.0,4.0,7.5,4.0,4.0,4.0,4.0,6.1,5.7,4.0,4.0,7.2,8.0,4.0,4.0,4.0,4.0,4.0,7.1,5.8,4.0,4.0,6.4,4.0,6.0,5.8,4.0,6.6,7.6,5.6,5.4,4.0,5.3,4.0,4.0,4.0,4.0,4.0,4.0,4.0,5.4,4.0,4.0,7.1,6.6,6.4,5.9,5.5,4.0,4.0,4.0,5.9,4.0,7.6,6.9,4.0,4.0,4.0,4.0,5.4,6.0,6.9,5.7,5.1,5.6,4.0,7.6,4.0,4.0,7.3,7.8,4.0,4.0,4.0,4.0,6.8,4.0,4.0,5.2,5.1,5.7,4.0,4.0,4.0,4.0,4.0,6.3,8.2,4.0,4.0,4.0,7.4,6.8,4.0,6.2,7.2,4.0,4.0,4.0,4.0,4.0,4.0,4.0,4.0,4.0,4.0,7.3,4.0,4.0,4.0,7.9,4.0,4.0
451,4.0,4.0,4.0,4.0,4.0,8.6,4.0,4.0,5.3,4.0,7.5,4.0,8.9,7.5,4.0,4.0,4.0,4.0,4.0,4.0,4.0,4.0,8.3,5.3,4.0,4.0,4.0,4.0,7.0,7.3,4.0,4.0,5.5,4.0,6.7,7.1,7.1,8.4,5.5,4.0,4.0,5.4,4.0,4.0,5.2,4.0,4.0,6.5,4.0,6.6,6.8,4.0,8.3,6.1,4.0,6.3,5.2,7.5,4.0,4.0,4.0,7.4,4.0,4.0,4.0,4.0,7.1,5.8,4.0,4.0,6.7,7.7,4.0,4.0,4.0,4.0,4.0,6.6,5.8,4.0,4.0,6.3,4.0,6.1,5.7,4.0,7.2,8.8,4.0,5.4,4.0,4.0,4.0,4.0,6.6,5.2,5.1,4.0,4.0,4.0,5.0,4.0,7.1,7.2,6.3,5.6,6.1,4.0,4.0,4.0,6.1,6.1,7.0,7.5,5.6,4.0,4.0,4.0,4.0,4.0,6.9,5.9,4.0,5.0,5.5,7.3,4.0,4.0,7.8,7.6,4.0,5.3,4.0,4.0,6.5,5.5,4.0,4.0,4.0,5.1,5.5,4.0,4.0,4.0,4.0,7.2,8.2,4.0,6.4,4.0,8.0,6.6,4.0,5.9,7.2,4.0,4.0,4.0,4.0,4.0,4.0,4.0,4.0,4.0,4.0,7.3,4.0,4.0,4.0,7.9,4.0,4.0
453,4.0,4.0,4.0,4.0,5.1,8.3,4.0,5.9,5.2,4.0,7.5,9.3,4.0,7.3,4.0,4.0,5.9,4.0,4.0,4.0,4.0,8.3,8.2,6.0,4.0,4.0,4.0,4.0,6.9,7.3,4.0,4.0,5.6,4.0,6.6,7.0,6.8,8.2,5.7,4.0,4.0,5.4,4.0,4.0,5.5,4.0,4.0,6.7,4.0,6.6,6.8,4.0,8.3,6.0,4.0,6.1,5.3,7.4,4.0,4.0,4.0,7.3,4.0,4.0,4.0,4.0,6.9,5.7,4.0,4.0,6.9,8.0,4.0,4.0,4.0,4.0,4.0,6.7,5.9,4.0,4.0,6.2,4.0,6.3,5.8,4.0,6.6,8.7,4.0,5.6,5.2,5.2,4.0,4.0,6.7,5.3,5.2,4.0,4.0,4.0,5.3,4.0,7.0,7.1,6.3,5.7,6.2,5.2,4.0,4.0,6.2,6.4,7.1,7.2,5.5,4.0,4.0,5.2,4.0,4.0,6.6,5.7,5.1,5.2,5.6,7.6,4.0,4.0,7.7,7.7,4.0,4.0,4.0,4.0,6.3,4.0,4.0,4.0,4.0,5.4,5.3,4.0,4.0,4.0,4.0,6.9,7.9,4.0,7.0,4.0,7.7,6.7,4.0,5.8,7.1,4.0,4.0,4.0,4.0,4.0,4.0,4.0,4.0,4.0,4.0,7.0,4.0,4.0,4.0,8.6,4.0,4.0
459,4.0,4.0,4.0,5.2,4.0,8.5,4.0,6.1,4.0,4.0,7.0,9.0,8.4,6.8,4.0,4.0,5.6,4.0,4.0,7.2,6.3,8.4,6.9,6.0,4.0,4.0,4.0,4.0,4.0,4.0,4.0,4.0,6.2,4.0,5.9,7.4,7.3,4.0,4.0,4.0,4.0,5.2,5.1,4.0,4.0,4.0,4.0,4.0,4.0,6.8,6.3,8.6,7.5,4.0,4.0,4.0,4.0,6.7,4.0,6.4,5.4,7.9,4.0,4.0,5.2,4.0,6.1,6.3,6.5,5.9,6.2,6.7,4.0,4.0,4.0,4.0,4.0,6.4,5.3,4.0,4.0,5.9,4.0,4.0,4.0,4.0,6.5,7.6,5.7,4.0,4.0,5.1,4.0,5.3,5.5,4.0,4.0,4.0,4.0,4.0,5.0,4.0,4.0,4.0,4.0,4.0,4.0,4.0,4.0,4.0,4.0,4.0,7.4,6.2,4.0,4.0,4.0,4.0,4.0,4.0,4.0,4.0,5.3,4.0,4.0,4.0,4.0,4.0,4.0,4.0,4.0,6.4,4.0,4.0,7.0,5.7,5.3,5.9,4.0,4.0,4.0,4.0,4.0,4.0,4.0,4.0,4.0,4.0,4.0,7.5,7.2,6.2,4.0,4.0,4.0,5.7,4.0,4.0,4.0,4.0,4.0,4.0,4.0,4.0,4.0,4.0,4.0,4.0,4.0,6.6,4.0,4.0
466,4.0,4.0,4.0,4.0,5.8,8.3,5.2,4.0,4.0,4.0,7.3,9.3,8.5,6.3,4.0,4.0,6.3,4.0,4.0,6.4,6.0,8.2,6.8,5.7,4.0,4.0,4.0,4.0,6.5,6.1,4.0,4.0,5.9,4.0,6.2,6.8,6.6,4.0,4.0,4.0,4.0,5.5,4.0,4.0,5.9,4.0,6.1,6.4,4.0,6.8,6.6,8.6,7.4,7.1,4.0,4.0,5.4,6.5,4.0,6.2,4.0,6.9,4.0,4.0,4.0,4.0,6.0,4.0,4.0,4.0,6.7,7.5,4.0,4.0,5.8,4.0,4.0,7.1,5.5,4.0,4.0,6.4,4.0,6.8,4.0,4.0,5.7,6.9,4.0,5.9,5.8,4.0,4.0,4.0,6.0,5.9,5.5,4.0,6.4,5.1,4.0,4.0,6.4,6.2,5.4,5.9,5.7,5.2,5.5,4.0,6.0,7.4,8.2,6.5,4.0,4.0,4.0,5.1,4.0,5.5,8.0,4.0,5.3,5.5,4.0,4.0,8.1,5.1,4.0,6.7,5.6,4.0,4.0,4.0,6.6,4.0,4.0,6.2,4.0,4.0,5.8,4.0,4.0,6.0,6.0,4.0,8.6,4.0,4.0,8.4,6.7,6.4,4.0,6.0,4.0,4.0,4.0,4.0,4.0,4.0,4.0,4.0,6.4,4.0,4.0,4.0,4.0,4.0,4.0,6.6,4.0,4.0
475,4.0,4.0,4.0,5.1,6.8,8.8,5.4,6.8,6.7,4.0,7.1,8.6,4.0,7.9,4.0,5.6,4.0,4.0,4.0,6.6,5.9,8.1,7.9,7.2,4.0,4.0,4.0,4.0,7.1,7.7,4.0,6.2,5.5,4.0,5.5,6.9,6.8,4.0,4.0,4.0,4.0,6.0,4.0,7.0,6.1,4.0,5.9,4.0,4.0,6.3,4.0,7.4,6.6,5.5,4.0,4.0,8.2,4.0,4.0,7.5,4.0,6.7,4.0,6.4,5.8,5.8,5.7,5.4,6.2,4.0,7.4,9.2,4.0,4.0,4.0,4.0,4.0,7.0,5.7,4.0,4.0,6.2,4.0,6.0,4.0,4.0,6.3,8.2,4.0,5.4,5.6,5.3,7.5,5.5,6.3,5.6,5.9,4.0,5.8,5.6,5.3,4.0,7.1,6.8,5.4,5.5,5.7,6.2,5.9,5.6,6.0,6.7,8.0,7.4,4.0,4.0,4.0,5.3,4.0,6.3,5.7,5.8,4.0,4.0,4.0,4.0,6.5,5.2,4.0,6.0,5.4,6.2,4.0,4.0,6.4,5.6,4.0,4.0,4.0,5.3,6.4,4.0,4.0,7.3,7.7,4.0,6.2,4.0,4.0,7.5,7.6,6.6,5.5,6.0,4.0,5.8,4.0,4.0,4.0,4.0,4.0,4.0,6.4,4.0,6.5,4.0,4.0,4.0,4.0,7.8,4.0,4.0
485,4.0,4.0,4.0,5.6,4.0,4.0,6.2,4.0,6.2,4.0,4.0,6.7,4.0,4.0,4.0,4.0,5.2,4.0,4.0,4.0,4.0,6.8,6.6,5.7,4.0,4.0,4.0,4.0,6.7,7.0,4.0,5.6,7.4,4.0,5.4,4.0,4.0,4.0,4.0,4.0,4.0,4.0,4.0,4.0,5.0,4.0,6.8,4.0,8.0,5.5,5.8,4.0,7.4,6.1,4.0,4.0,6.0,4.0,4.0,4.0,4.0,7.5,4.0,5.1,4.0,5.1,4.0,4.0,6.2,4.0,4.0,4.0,5.9,4.0,4.0,4.0,4.0,4.0,6.2,4.0,4.0,5.8,4.0,4.0,4.0,4.0,5.5,6.1,4.0,4.0,4.0,5.1,4.0,4.0,7.0,4.0,6.2,5.7,4.0,4.0,4.0,4.0,7.0,5.5,5.3,6.2,4.0,4.0,4.0,4.0,5.4,4.0,6.3,4.0,4.0,4.0,4.0,4.0,4.0,4.0,4.0,5.8,4.0,4.0,4.0,6.5,7.3,4.0,6.5,5.8,4.0,5.9,4.0,4.0,5.8,4.0,4.0,5.3,5.0,4.0,5.6,4.0,5.8,4.0,4.0,4.0,7.7,4.0,4.0,6.0,6.9,5.7,4.0,4.0,4.0,4.0,4.0,4.0,4.0,4.0,4.0,4.0,4.0,4.0,4.0,4.0,4.0,4.0,5.1,6.3,4.0,4.0
486,4.0,4.0,4.0,5.3,4.0,7.9,4.0,4.0,4.0,4.0,7.0,9.0,8.8,8.1,4.0,6.1,7.3,4.0,4.0,4.0,6.0,8.4,8.6,7.5,4.0,4.0,4.0,4.0,4.0,4.0,4.0,4.0,4.0,4.0,7.5,7.7,7.1,4.0,5.7,4.0,4.0,4.0,4.0,4.0,4.0,4.0,4.0,4.0,4.0,6.5,6.2,4.0,8.5,4.0,4.0,4.0,4.0,5.9,4.0,7.8,5.7,7.5,5.9,4.0,6.0,5.9,5.6,6.0,4.0,4.0,7.0,7.4,4.0,4.0,4.0,4.0,4.0,6.7,4.0,4.0,4.0,6.2,4.0,4.0,4.0,4.0,7.0,8.2,6.1,4.0,4.0,5.8,4.0,6.4,4.0,4.0,4.0,4.0,4.0,4.0,5.9,4.0,4.0,4.0,4.0,6.1,4.0,4.0,4.0,5.1,6.4,4.0,4.0,7.2,4.0,4.0,4.0,4.0,4.0,4.0,4.0,4.0,6.4,5.5,4.0,4.0,4.0,4.0,4.0,4.0,4.0,5.6,4.0,4.0,4.0,4.0,5.8,4.0,5.8,4.0,4.0,4.0,4.0,4.0,4.0,4.0,4.0,4.0,4.0,7.7,7.8,6.5,4.0,4.0,4.0,6.9,4.0,4.0,4.0,4.0,4.0,4.0,4.0,4.0,4.0,4.0,4.0,4.0,5.4,8.0,4.0,4.0
487,5.4,7.3,6.0,4.0,4.0,8.4,4.0,4.0,4.0,4.0,6.9,8.7,4.0,7.1,4.0,4.0,5.6,4.0,7.4,5.9,4.0,4.0,8.4,4.0,7.4,6.7,6.9,6.6,7.4,8.2,6.8,4.0,4.0,7.8,7.3,7.7,7.9,8.7,4.0,9.4,9.3,4.0,5.8,4.0,4.0,4.0,4.0,5.8,9.6,6.4,5.9,4.0,8.7,6.0,4.0,6.6,4.0,6.4,4.0,7.9,5.7,8.2,4.0,4.0,5.3,4.0,5.7,6.4,6.0,4.0,7.1,8.5,4.0,4.0,6.1,4.0,4.0,7.2,5.3,4.0,4.0,6.4,4.0,4.0,4.0,4.0,7.7,8.6,4.0,4.0,4.0,4.0,4.0,5.9,4.0,4.0,4.0,4.0,4.0,4.0,6.0,4.0,4.0,4.0,4.0,6.1,4.0,4.0,4.0,4.0,4.0,4.0,7.2,7.2,4.0,4.0,4.0,4.0,4.0,4.0,4.0,4.0,5.9,4.0,4.0,4.0,4.0,4.0,4.0,4.0,4.0,5.7,4.0,4.0,7.6,4.0,5.9,4.0,4.0,4.0,4.0,4.0,4.0,4.0,4.0,4.0,4.0,4.0,4.0,8.2,8.6,5.4,4.0,4.0,4.0,6.4,4.0,4.0,4.0,4.0,4.0,4.0,4.0,4.0,6.5,7.8,6.2,4.0,4.0,9.0,7.0,7.2
488,4.0,4.0,4.0,4.0,5.6,7.6,4.0,4.0,4.0,4.0,6.1,8.2,8.2,7.7,4.0,4.0,4.0,4.0,4.0,4.0,4.0,8.2,7.4,4.0,4.0,4.0,4.0,4.0,6.8,6.9,4.0,4.0,4.0,4.0,6.3,7.9,6.9,7.4,4.0,4.0,4.0,4.0,5.8,4.0,4.0,4.0,4.0,6.2,7.9,6.0,5.3,4.0,4.0,6.4,4.0,6.5,5.4,6.3,4.0,6.5,4.0,6.9,4.0,4.0,4.0,4.0,5.4,4.0,4.0,4.0,4.0,6.6,4.0,4.0,4.0,4.0,4.0,6.4,4.0,4.0,4.0,4.0,4.0,4.0,4.0,4.0,6.9,8.1,4.0,4.0,4.0,4.0,4.0,4.0,5.9,4.0,4.0,4.0,7.4,4.0,4.0,4.0,6.5,5.8,4.0,4.0,4.0,4.0,4.0,4.0,5.7,4.0,5.4,7.2,5.9,5.8,4.0,4.0,4.0,4.0,5.8,4.0,4.0,4.0,4.0,7.1,4.0,4.0,6.9,6.8,4.0,4.0,4.0,4.0,6.8,4.0,4.0,4.0,4.0,4.0,4.0,4.0,4.0,4.0,4.0,4.0,7.2,4.0,4.0,7.2,6.9,5.7,4.0,4.0,6.3,4.0,4.0,4.0,4.0,4.0,4.0,4.0,4.0,4.0,6.5,7.2,4.0,4.0,4.0,8.9,4.0,4.0
489,4.0,4.0,4.0,4.0,4.0,7.7,4.0,4.0,4.0,4.0,5.9,8.1,8.6,7.4,4.0,4.0,4.0,4.0,6.0,4.0,4.0,7.9,6.8,5.0,4.0,4.0,4.0,4.0,6.3,6.7,4.0,4.0,4.0,4.0,5.9,7.5,6.6,7.2,4.0,4.0,4.0,4.0,4.0,4.0,4.0,4.0,4.0,5.8,7.4,5.9,4.0,4.0,4.0,6.0,4.0,6.1,5.1,6.3,4.0,6.2,4.0,6.9,4.0,4.0,4.0,4.0,5.6,4.0,4.0,4.0,4.0,6.2,4.0,5.8,4.0,4.0,4.0,5.9,5.3,4.0,4.0,4.0,4.0,4.0,5.8,4.0,6.2,7.5,4.0,5.2,4.0,4.0,4.0,4.0,4.0,4.0,4.0,4.0,7.5,4.0,4.0,4.0,6.3,6.0,4.0,4.0,4.0,4.0,4.0,4.0,4.0,4.0,5.2,7.0,5.4,4.0,4.0,4.0,4.0,4.0,4.0,4.0,4.0,4.0,4.0,6.9,4.0,4.0,6.5,6.2,4.0,4.0,4.0,4.0,6.6,5.5,4.0,4.0,4.0,4.0,4.0,4.0,4.0,4.0,4.0,4.0,7.1,4.0,4.0,7.0,6.7,5.4,4.0,4.0,4.0,4.0,4.0,4.0,4.0,4.0,4.0,4.0,4.0,4.0,5.9,7.0,4.0,4.0,4.0,8.5,4.0,4.0
505,4.0,4.0,4.0,4.0,4.0,8.1,4.0,5.5,4.0,4.0,8.5,9.8,4.0,7.6,4.0,4.0,4.0,4.0,4.0,7.2,6.4,4.0,8.5,4.0,4.0,7.6,4.0,4.0,7.3,6.4,4.0,4.0,6.1,4.0,6.7,7.9,8.0,4.0,6.1,8.5,4.0,4.0,4.0,4.0,4.0,4.0,4.0,4.0,8.7,6.9,4.0,4.0,7.9,7.1,4.0,4.0,6.4,7.5,6.7,7.5,4.0,7.6,4.0,4.0,4.0,4.0,6.6,4.0,4.0,4.0,8.2,8.0,4.0,4.0,5.9,4.0,4.0,7.2,5.6,4.0,4.0,6.3,4.0,6.9,9.0,4.0,6.2,7.4,5.7,4.0,5.6,4.0,4.0,4.0,6.0,5.8,4.0,4.0,7.6,5.6,5.4,4.0,6.8,6.9,5.8,6.0,4.0,5.2,5.6,4.0,5.6,4.0,7.5,7.9,4.0,4.0,4.0,4.0,4.0,4.0,8.2,4.0,4.0,6.0,4.0,8.1,4.0,4.0,4.0,7.7,5.2,6.1,4.0,4.0,8.0,6.0,5.5,5.4,4.0,4.0,6.1,4.0,5.7,4.0,4.0,7.7,4.0,4.0,4.0,4.0,8.2,6.2,4.0,6.5,4.0,4.0,4.0,4.0,4.0,4.0,4.0,4.0,4.0,4.0,6.9,4.0,4.0,4.0,4.0,8.5,4.0,4.0
508,4.0,4.0,4.0,4.0,6.0,8.3,4.0,4.0,4.0,4.0,7.8,10.3,9.5,7.9,4.0,4.0,4.0,6.5,4.0,6.7,6.5,9.5,9.1,4.0,4.0,6.6,4.0,4.0,7.2,6.5,4.0,4.0,5.7,4.0,7.2,6.7,7.7,8.3,6.3,9.9,10.0,4.0,4.0,4.0,5.2,4.0,4.0,4.0,8.8,6.5,5.9,9.9,8.1,6.9,4.0,6.4,5.6,6.8,4.0,7.7,4.0,7.7,4.0,4.0,4.0,4.0,6.4,4.0,4.0,6.8,7.8,7.7,4.0,6.5,4.0,4.0,4.0,6.7,6.0,4.0,4.0,6.9,4.0,6.3,4.0,4.0,6.8,8.1,5.6,5.3,5.4,4.0,4.0,4.0,4.0,4.0,4.0,4.0,7.8,4.0,4.0,4.0,4.0,4.0,4.0,4.0,5.3,4.0,5.5,4.0,5.7,6.8,6.9,7.5,4.0,4.0,4.0,4.0,4.0,4.0,7.4,5.5,4.0,6.0,5.8,8.2,9.7,4.0,6.7,7.6,5.4,4.0,4.0,4.0,7.2,7.0,4.0,4.0,4.0,4.0,4.0,4.0,6.1,4.0,4.0,6.6,4.0,4.0,6.1,8.9,8.1,6.7,4.0,4.0,6.5,4.0,4.0,4.0,4.0,4.0,4.0,4.0,4.0,4.0,8.0,7.8,4.0,4.0,4.0,9.3,4.0,4.0
510,5.6,7.8,4.0,4.0,6.2,7.8,4.0,4.0,5.9,6.3,7.7,7.6,7.5,6.2,5.5,5.9,6.1,6.3,6.8,7.0,4.0,8.2,8.3,4.0,7.1,7.2,6.5,6.4,8.0,6.0,6.8,6.2,7.3,7.5,8.1,7.6,8.3,8.3,5.5,8.1,7.7,6.4,6.5,6.4,6.0,6.5,4.0,7.4,7.5,8.1,6.6,8.6,8.5,6.4,4.0,8.2,6.5,8.2,4.0,4.0,4.0,4.0,4.0,4.0,4.0,4.0,4.0,4.0,4.0,4.0,4.0,4.0,4.0,4.0,4.0,4.0,4.0,4.0,4.0,4.0,4.0,4.0,4.0,4.0,4.0,4.0,4.0,4.0,4.0,4.0,4.0,4.0,4.0,4.0,4.0,4.0,4.0,4.0,4.0,4.0,4.0,4.0,4.0,4.0,4.0,4.0,4.0,4.0,4.0,4.0,4.0,4.0,4.0,4.0,4.0,4.0,4.0,4.0,4.0,4.0,4.0,4.0,4.0,4.0,4.0,4.0,4.0,4.0,4.0,4.0,4.0,4.0,4.0,4.0,4.0,4.0,4.0,4.0,4.0,4.0,4.0,4.0,4.0,4.0,4.0,4.0,4.0,4.0,4.0,4.0,4.0,4.0,4.0,4.0,4.0,4.0,4.0,4.0,4.0,4.0,4.0,4.0,4.0,4.0,6.7,7.3,5.9,5.7,5.7,8.9,6.7,6.2
512,6.2,5.6,4.0,4.0,4.0,4.0,6.2,4.0,4.0,4.0,7.5,8.6,4.0,4.0,4.0,4.0,4.0,5.9,6.1,6.2,4.0,4.0,8.0,7.6,7.2,7.5,7.3,7.1,6.8,7.3,6.8,4.0,5.9,6.8,6.2,6.8,7.3,7.3,5.4,8.4,8.6,5.4,6.3,4.0,6.6,4.0,4.0,4.0,9.0,5.7,4.0,7.5,6.3,5.8,4.0,7.7,5.8,5.9,4.0,6.9,4.0,6.4,5.5,4.0,4.0,4.0,6.2,4.0,6.2,5.9,7.8,8.6,4.0,8.2,6.2,4.0,4.0,5.7,4.0,4.0,4.0,6.2,4.0,6.1,6.3,4.0,6.6,8.4,4.0,6.2,5.7,5.1,4.0,5.9,6.2,5.3,5.2,4.0,4.0,5.5,6.1,4.0,7.3,6.8,5.4,4.0,5.8,5.1,4.0,5.9,6.8,4.0,6.6,4.0,6.2,4.0,4.0,5.7,4.0,5.8,6.5,6.5,4.0,4.0,5.6,4.0,7.7,4.0,7.3,6.4,5.2,6.0,4.0,4.0,8.1,4.0,4.0,4.0,4.0,5.1,8.1,4.0,4.0,4.0,4.0,6.9,6.7,4.0,7.4,8.2,8.9,6.3,5.6,6.4,7.8,4.0,4.0,4.0,4.0,4.0,4.0,4.0,4.0,4.0,6.9,7.1,4.0,4.0,5.6,4.0,7.4,9.0
514,4.0,4.0,4.0,4.0,5.4,4.0,4.0,6.3,4.0,4.0,4.0,4.0,7.5,7.8,4.0,5.4,5.5,4.0,4.0,4.0,4.0,5.1,8.8,4.0,4.0,4.0,4.0,4.0,5.7,6.6,4.0,4.0,4.0,4.0,6.1,4.0,4.0,6.0,5.6,4.0,4.0,5.6,4.0,4.0,5.7,4.0,6.1,4.0,4.0,5.4,6.5,4.0,8.6,6.0,4.0,4.0,5.5,4.0,4.0,7.1,4.0,6.3,5.5,5.5,5.6,5.2,4.0,6.7,4.0,4.0,4.0,4.0,6.7,4.0,4.0,4.0,4.0,4.0,4.0,4.0,4.0,5.5,4.0,4.0,4.0,4.0,4.0,9.0,4.0,4.0,4.0,5.5,4.0,5.7,4.0,5.4,5.5,6.8,4.0,5.2,5.1,4.0,4.0,4.0,4.0,4.0,5.9,4.0,5.2,4.0,5.3,6.3,6.0,7.4,4.0,4.0,4.0,4.0,4.0,4.0,5.2,5.5,5.7,5.3,5.5,6.5,8.0,6.0,6.2,5.9,4.0,4.0,5.1,4.0,4.0,4.0,5.4,5.4,5.5,4.0,5.2,4.0,4.0,4.0,4.0,6.8,6.9,4.0,4.0,5.4,8.5,5.3,4.0,4.0,6.4,4.0,5.4,4.0,4.0,4.0,4.0,4.0,7.0,4.0,4.0,6.9,4.0,4.0,5.7,4.0,4.0,4.0
515,4.0,4.0,4.0,5.7,4.0,4.0,4.0,6.2,4.0,4.0,7.7,4.0,4.0,8.5,4.0,4.0,4.0,4.0,4.0,4.0,4.0,4.0,4.0,6.4,4.0,8.1,4.0,4.0,7.7,7.2,4.0,4.0,6.4,4.0,7.8,8.3,8.0,4.0,6.3,8.6,4.0,6.1,6.3,4.0,6.1,4.0,4.0,7.4,9.6,7.3,4.0,4.0,9.0,7.1,4.0,7.4,5.8,9.0,4.0,4.0,4.0,7.8,5.7,5.3,4.0,5.5,8.0,4.0,4.0,4.0,7.8,8.7,4.0,4.0,4.0,4.0,4.0,7.5,6.4,4.0,4.0,7.0,4.0,7.3,7.4,4.0,7.0,8.5,6.5,6.1,5.9,6.1,4.0,4.0,6.2,6.6,6.1,5.7,6.9,5.6,6.4,4.0,7.1,6.4,6.0,6.1,6.4,6.1,5.5,4.0,6.9,6.9,7.4,8.8,6.7,4.0,5.8,4.0,4.0,5.9,7.6,6.2,4.0,6.6,6.3,4.0,4.0,5.5,6.8,7.9,5.9,5.9,4.0,4.0,8.1,7.6,4.0,4.0,5.5,4.0,6.0,4.0,4.0,4.0,4.0,7.7,9.0,4.0,7.3,4.0,9.2,7.1,4.0,6.9,6.4,4.0,5.9,4.0,4.0,4.0,4.0,4.0,4.0,4.0,6.6,9.0,4.0,4.0,4.0,4.0,4.0,4.0
522,4.0,4.0,4.0,5.7,4.0,4.0,4.0,4.0,5.2,4.0,4.0,4.0,4.0,6.9,4.0,4.0,4.0,4.0,4.0,4.0,6.3,5.2,7.8,6.7,4.0,4.0,4.0,4.0,8.3,4.0,4.0,4.0,4.0,4.0,5.5,5.9,5.5,5.9,4.0,4.0,4.0,5.5,7.5,4.0,5.3,4.0,8.0,4.0,7.2,5.8,6.5,4.0,4.0,5.5,4.0,4.0,5.4,6.5,4.0,6.1,5.1,7.9,4.0,4.0,4.0,5.0,4.0,4.0,4.0,4.0,4.0,4.0,6.2,4.0,4.0,4.0,4.0,4.0,4.0,4.0,4.0,7.5,4.0,6.6,4.0,4.0,6.7,7.9,4.0,4.0,4.0,5.6,4.0,4.0,4.0,4.0,4.0,4.0,4.0,6.1,7.0,4.0,7.9,7.0,4.0,7.6,6.2,4.0,5.4,4.0,6.0,4.0,6.3,6.0,6.0,4.0,4.0,7.2,4.0,4.0,6.1,8.5,4.0,4.0,4.0,6.4,8.3,5.1,4.0,7.8,4.0,4.0,4.0,5.3,4.0,4.0,4.0,4.0,4.0,5.5,7.3,4.0,5.8,4.0,4.0,4.0,8.5,4.0,5.9,4.0,7.4,6.7,4.0,4.0,6.5,4.0,4.0,4.0,4.0,4.0,4.0,4.0,4.0,4.0,4.0,4.0,4.0,4.0,5.1,4.0,4.0,4.0
551,4.0,4.0,4.0,4.0,5.4,8.5,4.0,4.0,4.0,4.0,7.7,9.6,4.0,7.9,4.0,4.0,4.0,4.0,4.0,4.0,4.0,8.5,4.0,5.8,4.0,4.0,4.0,4.0,7.3,6.9,4.0,4.0,6.2,4.0,7.3,7.4,7.2,8.8,5.9,4.0,4.0,4.0,4.0,4.0,5.9,4.0,4.0,6.6,4.0,6.6,6.3,4.0,8.4,6.7,4.0,6.4,4.0,7.7,4.0,4.0,4.0,7.5,4.0,4.0,4.0,4.0,7.1,4.0,4.0,4.0,7.1,7.9,4.0,4.0,4.0,4.0,4.0,6.7,5.8,4.0,4.0,6.3,4.0,6.3,6.4,4.0,7.2,8.2,5.8,5.6,5.3,4.0,4.0,4.0,5.9,5.6,4.0,4.0,5.5,4.0,5.1,4.0,6.7,5.9,4.0,5.8,4.0,5.6,5.2,4.0,6.6,5.8,6.6,8.3,6.1,4.0,4.0,4.0,4.0,4.0,7.0,5.8,4.0,5.5,4.0,7.9,4.0,4.0,8.1,7.6,5.4,5.2,4.0,4.0,7.5,6.7,4.0,4.0,4.0,4.0,4.0,4.0,4.0,4.0,4.0,7.2,8.2,4.0,7.0,4.0,8.4,6.5,4.0,5.9,7.2,4.0,4.0,4.0,4.0,4.0,4.0,4.0,4.0,4.0,4.0,8.4,4.0,4.0,4.0,4.0,4.0,4.0
553,4.0,4.0,4.0,5.4,4.0,7.3,4.0,7.1,5.8,4.0,6.3,8.9,7.3,4.0,4.0,4.0,4.0,4.0,4.0,4.0,4.0,8.1,7.3,5.4,4.0,4.0,4.0,4.0,6.0,8.2,4.0,4.0,5.8,4.0,5.4,6.5,6.4,8.0,4.0,4.0,4.0,4.0,4.0,4.0,5.5,4.0,4.0,4.0,4.0,4.0,5.5,4.0,8.1,5.8,4.0,4.0,5.9,5.7,4.0,4.0,4.0,7.8,4.0,4.0,4.0,4.0,5.8,4.0,4.0,4.0,4.0,4.0,4.0,4.0,4.0,4.0,4.0,4.0,5.7,4.0,4.0,5.9,4.0,5.9,6.1,4.0,6.2,6.4,4.0,5.7,5.5,4.0,4.0,4.0,4.0,4.0,4.0,4.0,4.0,4.0,4.0,4.0,7.1,4.0,4.0,6.5,5.4,4.0,4.0,4.0,5.7,4.0,5.3,5.8,4.0,4.0,4.0,4.0,4.0,4.0,5.8,5.4,4.0,4.0,4.0,4.0,7.6,4.0,7.1,7.1,5.2,4.0,4.0,4.0,7.0,5.7,4.0,4.0,4.0,4.0,5.7,4.0,4.0,4.0,4.0,4.0,7.3,4.0,6.5,6.7,7.2,6.0,4.0,4.0,7.3,4.0,4.0,4.0,4.0,4.0,4.0,4.0,4.0,4.0,4.0,6.7,4.0,4.0,4.0,4.0,4.0,4.0
554,4.0,4.0,4.0,4.0,4.0,7.2,4.0,6.5,4.0,4.0,5.8,9.4,7.7,4.0,4.0,4.0,4.0,4.0,4.0,4.0,4.0,4.0,7.6,5.1,4.0,4.0,4.0,4.0,5.5,8.1,4.0,4.0,5.5,4.0,5.3,6.2,6.3,8.8,4.0,4.0,4.0,4.0,4.0,4.0,4.0,4.0,6.2,4.0,4.0,4.0,5.5,4.0,7.4,5.7,4.0,4.0,5.2,4.0,4.0,4.0,4.0,7.7,4.0,4.0,4.0,4.0,5.5,4.0,4.0,4.0,4.0,6.1,4.0,4.0,4.0,4.0,4.0,4.0,5.4,4.0,4.0,5.5,4.0,4.0,5.9,4.0,5.9,6.5,4.0,5.2,4.0,5.2,4.0,4.0,4.0,4.0,4.0,4.0,4.0,4.0,4.0,4.0,7.3,4.0,4.0,4.0,5.5,4.0,4.0,4.0,5.4,4.0,4.0,6.2,4.0,4.0,4.0,4.0,4.0,4.0,5.5,5.1,4.0,5.1,4.0,6.4,7.3,5.0,7.5,6.9,4.0,4.0,4.0,4.0,7.0,6.2,4.0,4.0,4.0,4.0,5.7,4.0,4.0,4.0,4.0,4.0,7.4,4.0,6.6,7.8,7.5,5.4,4.0,4.0,7.2,4.0,4.0,4.0,4.0,4.0,4.0,4.0,4.0,4.0,4.0,6.0,4.0,4.0,4.0,4.0,4.0,4.0
556,4.0,4.0,4.0,4.0,4.0,4.0,4.0,4.0,5.7,4.0,4.0,6.7,4.0,4.0,4.0,4.0,4.0,4.0,4.0,4.0,4.0,6.6,6.8,4.0,4.0,5.8,4.0,4.0,6.8,8.2,4.0,6.4,6.5,4.0,7.3,4.0,4.0,6.6,4.0,6.4,4.0,4.0,6.2,4.0,5.7,4.0,4.0,4.0,7.0,5.2,4.0,4.0,4.0,5.5,4.0,4.0,5.3,4.0,4.0,7.0,8.1,4.0,4.0,4.0,4.0,4.0,4.0,4.0,4.0,4.0,4.0,4.0,4.0,4.0,4.0,4.0,4.0,5.5,5.3,4.0,4.0,7.6,4.0,4.0,4.0,4.0,5.8,7.1,4.0,5.3,4.0,4.0,4.0,4.0,4.0,4.0,4.0,4.0,4.0,6.0,5.7,4.0,7.5,5.6,5.6,6.2,4.0,5.3,4.0,4.0,6.0,4.0,6.9,4.0,5.6,4.0,4.0,4.0,4.0,4.0,6.0,6.6,4.0,4.0,4.0,7.0,7.6,4.0,4.0,6.8,4.0,4.0,4.0,4.0,4.0,5.9,4.0,4.0,4.0,4.0,5.8,4.0,6.3,4.0,4.0,4.0,7.7,4.0,6.3,7.1,7.2,7.7,4.0,4.0,6.1,4.0,4.0,4.0,4.0,4.0,4.0,4.0,4.0,4.0,4.0,5.9,4.0,4.0,4.0,4.0,4.0,4.0
558,4.0,4.0,4.0,5.4,7.3,6.3,7.7,7.3,4.0,4.0,5.8,6.8,5.8,6.8,4.0,7.7,7.6,4.0,4.0,5.9,6.3,5.7,6.5,6.0,4.0,4.0,4.0,4.0,8.4,6.9,4.0,6.7,6.5,4.0,5.7,5.9,5.5,4.0,4.0,4.0,4.0,7.6,6.0,4.0,5.7,4.0,4.0,4.0,4.0,6.3,4.0,7.2,7.5,7.5,4.0,4.0,4.0,6.2,4.0,6.3,6.4,7.4,4.0,4.0,4.0,4.0,4.0,7.0,6.2,6.1,4.0,4.0,8.1,4.0,6.0,4.0,4.0,6.1,6.6,4.0,4.0,6.1,4.0,6.4,4.0,4.0,6.5,7.4,4.0,6.3,5.9,6.0,9.0,6.0,6.6,4.0,4.0,4.0,6.5,6.0,5.8,4.0,5.8,7.7,8.0,5.7,5.9,6.3,6.1,5.9,5.8,6.1,5.6,6.0,4.0,4.0,4.0,5.9,8.3,7.6,8.3,5.7,6.1,5.5,4.0,4.0,7.7,6.5,4.0,7.5,5.5,7.3,4.0,4.0,4.0,6.0,5.3,5.6,4.0,6.1,7.9,6.4,4.0,4.0,4.0,4.0,6.2,7.0,4.0,6.3,6.7,6.6,5.6,4.0,4.0,6.9,5.4,4.0,4.0,4.0,4.0,4.0,6.5,4.0,4.0,4.0,4.0,4.0,5.5,4.0,4.0,4.0
571,4.0,4.0,4.0,4.0,5.9,4.0,5.3,6.8,4.0,4.0,4.0,4.0,4.0,8.1,4.0,4.0,4.0,4.0,4.0,4.0,4.0,4.0,4.0,6.5,4.0,4.0,4.0,4.0,7.8,7.0,4.0,4.0,7.0,4.0,7.4,8.1,8.0,4.0,5.8,4.0,4.0,5.7,4.0,4.0,6.8,4.0,4.0,7.4,4.0,7.5,7.1,4.0,8.5,7.5,4.0,7.5,5.5,8.3,4.0,4.0,4.0,7.6,4.0,4.0,4.0,4.0,8.0,4.0,4.0,4.0,8.6,8.6,4.0,4.0,4.0,4.0,4.0,7.6,6.1,4.0,4.0,6.7,4.0,6.7,6.9,4.0,7.0,8.2,6.3,6.3,6.0,5.6,4.0,4.0,4.0,6.2,5.2,4.0,6.4,5.5,5.6,4.0,6.9,7.0,5.5,6.8,6.0,5.6,5.5,4.0,7.0,7.1,7.7,9.0,6.3,4.0,4.0,5.2,4.0,5.3,8.3,5.6,4.0,6.0,6.0,8.5,4.0,4.0,7.8,7.8,5.7,5.1,4.0,4.0,8.4,6.4,4.0,5.5,5.1,4.0,6.5,4.0,4.0,4.0,4.0,6.8,4.0,4.0,7.0,4.0,4.0,6.8,4.0,6.8,7.1,4.0,4.0,4.0,4.0,4.0,4.0,4.0,4.0,4.0,4.0,8.3,4.0,4.0,4.0,4.0,4.0,4.0
591,4.0,4.0,4.0,4.0,4.0,4.0,4.0,7.8,5.6,4.0,4.0,4.0,4.0,4.0,4.0,5.3,5.7,4.0,4.0,4.0,4.0,5.4,5.8,5.9,4.0,4.0,4.0,4.0,6.4,6.3,4.0,4.0,4.0,4.0,5.5,4.0,4.0,4.0,4.0,4.0,4.0,4.0,6.0,4.0,4.0,4.0,4.0,4.0,7.0,4.0,5.3,8.4,6.2,4.0,4.0,4.0,5.5,4.0,4.0,5.9,4.0,7.5,4.0,4.0,4.0,4.0,4.0,4.0,4.0,4.0,4.0,4.0,4.0,4.0,4.0,4.0,4.0,4.0,6.2,4.0,4.0,5.9,4.0,6.1,4.0,4.0,5.2,4.0,4.0,6.4,6.3,4.0,4.0,4.0,7.1,4.0,5.2,5.2,5.9,4.0,4.0,4.0,6.1,5.8,6.0,5.6,4.0,4.0,4.0,5.2,5.3,4.0,5.9,4.0,4.0,4.0,4.0,5.6,5.6,5.5,6.7,5.4,4.0,4.0,4.0,4.0,7.0,5.2,5.9,6.7,6.0,4.0,4.0,4.0,4.0,4.0,4.0,4.0,4.0,5.9,5.5,4.0,4.0,4.0,4.0,4.0,4.0,4.0,4.0,4.0,6.1,6.1,5.2,4.0,6.5,4.0,4.0,4.0,4.0,4.0,4.0,4.0,4.0,4.0,4.0,4.0,4.0,4.0,4.0,4.0,4.0,4.0
634,7.4,6.2,6.0,6.3,8.2,6.1,6.5,6.1,7.5,8.0,6.5,6.9,7.2,6.6,5.6,4.0,6.6,6.1,6.7,7.3,6.2,7.8,7.3,6.6,8.6,7.5,7.0,7.1,7.5,7.7,4.0,8.1,7.5,7.0,6.3,7.2,8.0,7.6,6.7,7.3,7.4,4.0,7.0,7.1,7.4,6.1,5.9,7.0,8.0,7.4,7.7,6.8,6.4,7.2,6.8,7.0,4.0,6.7,4.0,4.0,4.0,4.0,4.0,4.0,4.0,4.0,4.0,4.0,4.0,4.0,4.0,4.0,4.0,4.0,4.0,4.0,4.0,7.5,4.0,4.0,4.0,4.0,4.0,4.0,4.0,4.0,4.0,4.0,4.0,4.0,4.0,4.0,8.0,7.7,4.0,4.0,4.0,4.0,8.5,4.0,4.0,4.0,4.0,4.0,4.0,4.0,4.0,4.0,4.0,4.0,4.0,4.0,4.0,4.0,4.0,4.0,4.0,4.0,4.0,4.0,4.0,4.0,4.0,4.0,4.0,4.0,4.0,4.0,4.0,4.0,4.0,4.0,4.0,4.0,4.0,4.0,4.0,4.0,4.0,4.0,4.0,4.0,4.0,4.0,4.0,4.0,4.0,4.0,4.0,4.0,4.0,4.0,4.0,4.0,4.0,4.0,4.0,7.6,4.0,4.0,4.0,4.0,4.0,4.0,7.4,5.5,6.7,6.1,7.8,7.9,7.0,7.4
639,6.4,4.0,4.0,4.0,6.3,6.0,6.5,7.1,6.1,6.3,6.3,6.4,5.9,5.8,4.0,4.0,4.0,7.2,6.2,7.8,6.4,7.1,6.1,4.0,8.1,6.9,6.5,6.4,6.6,6.8,4.0,7.3,6.3,6.1,5.6,4.0,6.5,4.0,6.1,5.9,6.1,4.0,6.4,6.0,7.3,4.0,4.0,6.6,7.6,6.9,6.7,6.0,6.1,6.2,6.5,6.4,7.3,5.6,4.0,4.0,4.0,4.0,4.0,4.0,4.0,4.0,4.0,4.0,4.0,4.0,4.0,4.0,4.0,4.0,4.0,4.0,4.0,4.0,4.0,4.0,4.0,4.0,4.0,4.0,4.0,4.0,4.0,4.0,4.0,4.0,4.0,4.0,4.0,4.0,4.0,4.0,4.0,4.0,4.0,4.0,4.0,4.0,4.0,4.0,4.0,4.0,4.0,4.0,4.0,4.0,4.0,4.0,4.0,4.0,4.0,4.0,4.0,4.0,4.0,4.0,4.0,4.0,4.0,4.0,4.0,4.0,4.0,4.0,4.0,4.0,4.0,4.0,4.0,4.0,4.0,4.0,4.0,4.0,4.0,4.0,4.0,4.0,4.0,4.0,4.0,4.0,4.0,4.0,4.0,4.0,4.0,4.0,4.0,4.0,4.0,4.0,4.0,6.8,4.0,4.0,4.0,4.0,4.0,4.0,7.3,5.3,6.7,4.0,5.8,6.6,6.7,5.4
641,4.0,4.0,4.0,6.6,4.0,6.0,5.9,6.4,4.0,6.0,5.8,6.1,6.0,5.4,4.0,4.0,4.0,6.1,4.0,6.6,5.8,6.6,5.7,6.0,7.2,6.4,5.9,5.7,6.1,6.2,4.0,6.8,5.9,6.0,6.0,4.0,5.6,4.0,6.1,6.1,6.0,4.0,6.1,4.0,6.7,4.0,4.0,6.3,7.4,6.3,6.3,5.8,4.0,5.8,6.0,5.8,6.9,5.7,4.0,4.0,4.0,4.0,4.0,4.0,4.0,4.0,4.0,4.0,4.0,4.0,4.0,4.0,4.0,4.0,4.0,4.0,4.0,5.7,4.0,4.0,4.0,4.0,4.0,4.0,4.0,4.0,4.0,4.0,4.0,4.0,4.0,4.0,4.0,4.0,4.0,4.0,4.0,4.0,6.5,4.0,4.0,4.0,6.0,4.0,4.0,4.0,4.0,4.0,4.0,4.0,4.0,4.0,4.0,4.0,6.3,4.0,4.0,4.0,4.0,4.0,4.0,4.0,4.0,4.0,4.0,4.0,5.8,4.0,4.0,4.0,4.0,4.0,4.0,4.0,4.0,4.0,4.0,4.0,4.0,4.0,4.0,4.0,4.0,4.0,4.0,4.0,4.0,4.0,4.0,4.0,4.0,4.0,4.0,4.0,4.0,4.0,4.0,4.0,4.0,4.0,4.0,4.0,4.0,4.0,6.4,4.0,6.2,4.0,4.0,6.1,6.2,5.5
643,6.1,7.5,4.0,4.0,4.0,7.0,4.0,6.2,4.0,6.2,6.0,6.4,6.3,5.7,4.0,4.0,4.0,6.5,5.6,6.3,5.5,7.2,6.2,5.6,6.0,7.6,5.6,5.5,6.0,6.7,4.0,7.0,5.8,6.3,4.0,4.0,5.7,5.5,6.0,6.2,6.4,5.5,5.7,4.0,6.3,4.0,4.0,6.0,7.0,5.7,5.7,5.7,5.9,5.7,5.7,6.1,6.1,6.6,4.0,4.0,4.0,4.0,4.0,4.0,4.0,4.0,4.0,4.0,4.0,4.0,4.0,4.0,4.0,4.0,4.0,4.0,4.0,4.0,4.0,4.0,4.0,4.0,4.0,4.0,4.0,4.0,4.0,4.0,4.0,4.0,4.0,4.0,4.0,4.0,4.0,4.0,4.0,4.0,4.0,4.0,4.0,4.0,4.0,4.0,4.0,4.0,4.0,4.0,4.0,4.0,4.0,4.0,4.0,4.0,4.0,4.0,4.0,4.0,4.0,4.0,4.0,4.0,4.0,4.0,4.0,4.0,4.0,4.0,4.0,4.0,4.0,4.0,4.0,4.0,4.0,4.0,4.0,4.0,4.0,4.0,4.0,4.0,4.0,4.0,4.0,4.0,4.0,4.0,4.0,4.0,4.0,4.0,4.0,4.0,4.0,4.0,4.0,4.0,4.0,4.0,4.0,4.0,4.0,4.0,7.3,6.0,5.9,4.0,4.0,6.4,6.3,7.2
644,6.0,5.8,4.0,6.4,6.2,6.2,5.4,5.9,4.0,6.2,5.8,6.3,4.0,5.5,5.5,5.5,4.0,6.1,5.5,6.4,4.0,6.6,5.8,6.7,4.0,6.8,5.5,6.0,5.9,6.3,4.0,7.1,5.6,5.5,4.0,4.0,5.8,5.6,6.0,5.7,5.7,6.2,5.8,6.0,6.3,4.0,6.0,6.0,6.9,5.9,5.8,6.5,6.3,5.9,4.0,6.5,6.5,6.0,4.0,4.0,4.0,4.0,4.0,4.0,4.0,4.0,4.0,4.0,4.0,4.0,4.0,4.0,4.0,4.0,4.0,4.0,4.0,4.0,4.0,4.0,4.0,4.0,4.0,4.0,4.0,4.0,4.0,4.0,4.0,4.0,4.0,4.0,4.0,4.0,4.0,4.0,4.0,4.0,4.0,4.0,4.0,4.0,4.0,4.0,4.0,4.0,4.0,4.0,4.0,4.0,4.0,4.0,4.0,4.0,4.0,4.0,4.0,4.0,4.0,4.0,4.0,4.0,4.0,4.0,4.0,4.0,4.0,4.0,4.0,4.0,4.0,4.0,4.0,4.0,4.0,4.0,4.0,4.0,4.0,4.0,4.0,4.0,4.0,4.0,4.0,4.0,4.0,4.0,4.0,4.0,4.0,4.0,4.0,4.0,4.0,4.0,4.0,4.0,4.0,4.0,4.0,4.0,4.0,4.0,6.6,5.8,5.6,4.0,4.0,5.7,5.5,6.5
646,6.3,7.3,4.0,4.0,5.5,7.2,4.0,6.2,4.0,6.3,6.5,6.7,6.4,6.0,4.0,4.0,4.0,6.8,5.8,6.6,5.8,7.4,6.3,6.0,5.9,7.8,5.7,5.8,6.1,7.0,4.0,7.2,6.0,6.4,4.0,5.7,6.2,5.6,5.9,6.5,6.6,5.5,6.0,5.9,6.5,4.0,5.7,6.4,7.2,6.0,6.2,6.0,6.2,5.8,5.8,5.9,6.1,6.7,4.0,4.0,4.0,4.0,4.0,4.0,4.0,4.0,4.0,4.0,4.0,4.0,4.0,4.0,4.0,4.0,4.0,4.0,4.0,4.0,4.0,4.0,4.0,4.0,4.0,4.0,4.0,4.0,4.0,4.0,4.0,4.0,4.0,4.0,4.0,4.0,4.0,4.0,4.0,4.0,4.0,4.0,4.0,4.0,4.0,4.0,4.0,4.0,4.0,4.0,4.0,4.0,4.0,4.0,4.0,4.0,4.0,4.0,4.0,4.0,4.0,4.0,4.0,4.0,4.0,4.0,4.0,4.0,4.0,4.0,4.0,4.0,4.0,4.0,4.0,4.0,4.0,4.0,4.0,4.0,4.0,4.0,4.0,4.0,4.0,4.0,4.0,4.0,4.0,4.0,4.0,4.0,4.0,4.0,4.0,4.0,4.0,4.0,4.0,4.0,4.0,4.0,4.0,4.0,4.0,4.0,7.5,6.3,6.1,4.0,4.0,6.5,6.4,7.4
647,6.3,7.3,5.8,6.1,5.4,7.3,4.0,6.6,4.0,6.5,6.2,6.5,6.9,5.6,4.0,4.0,4.0,7.1,6.0,6.8,6.2,6.4,6.4,6.4,6.1,8.3,5.9,5.9,6.5,7.2,4.0,7.3,6.1,6.4,4.0,5.9,6.2,5.9,6.0,6.6,6.7,5.7,6.1,4.0,6.6,5.9,5.8,6.3,7.3,6.2,6.4,5.9,6.2,6.2,6.1,6.1,6.3,7.0,4.0,4.0,4.0,7.1,4.0,4.0,4.0,4.0,4.0,4.0,4.0,4.0,6.5,4.0,4.0,4.0,4.0,4.0,4.0,4.0,4.0,4.0,4.0,4.0,4.0,4.0,7.7,4.0,5.8,6.5,4.0,4.0,4.0,4.0,4.0,4.0,4.0,4.0,4.0,4.0,4.0,4.0,4.0,4.0,7.0,4.0,4.0,4.0,4.0,6.3,4.0,6.0,4.0,4.0,4.0,7.3,4.0,4.0,4.0,4.0,4.0,4.0,5.4,4.0,4.0,4.0,4.0,7.4,6.9,4.0,7.7,6.6,4.0,4.0,4.0,4.0,6.7,4.0,4.0,4.0,4.0,4.0,4.0,4.0,4.0,4.0,4.0,4.0,7.1,4.0,4.0,6.9,6.2,4.0,4.0,4.0,7.0,4.0,4.0,4.0,4.0,4.0,4.0,4.0,4.0,4.0,8.0,6.6,6.3,4.0,4.0,6.5,6.6,7.8
655,4.0,4.0,4.0,4.0,6.2,7.3,5.7,6.4,4.0,4.0,7.2,8.3,7.5,8.3,4.0,4.0,4.0,7.0,4.0,4.0,5.8,7.8,9.0,4.0,4.0,4.0,4.0,4.0,6.5,6.5,4.0,6.2,6.8,4.0,7.3,4.0,4.0,4.0,6.1,4.0,4.0,5.2,5.8,4.0,7.8,4.0,4.0,4.0,8.2,6.8,5.4,8.0,6.1,8.3,4.0,6.8,5.2,6.1,6.0,4.0,4.0,6.6,4.0,4.0,4.0,5.4,8.1,4.0,8.8,8.3,6.6,6.8,5.9,7.8,4.0,4.0,4.0,6.3,6.7,4.0,4.0,6.3,4.0,6.8,5.9,4.0,6.9,8.2,5.7,5.9,5.8,6.2,4.0,4.0,5.8,5.5,5.6,4.0,4.0,5.1,5.7,4.0,4.0,5.9,4.0,4.0,4.0,5.5,5.5,5.3,7.3,4.0,5.3,8.9,5.5,4.0,4.0,4.0,4.0,4.0,6.7,4.0,4.0,7.8,5.5,8.9,8.0,5.3,6.3,6.6,5.7,6.7,4.0,4.0,6.9,8.2,4.0,4.0,4.0,5.2,6.6,4.0,5.7,4.0,4.0,6.7,4.0,4.0,4.0,4.0,9.2,4.0,4.0,4.0,6.3,4.0,4.0,4.0,4.0,4.0,4.0,4.0,4.0,4.0,6.1,7.8,4.0,4.0,4.0,6.3,4.0,4.0
656,4.0,4.0,4.0,4.0,5.9,7.3,6.4,4.0,4.0,4.0,6.4,8.3,7.2,7.6,4.0,4.0,6.2,7.4,4.0,4.0,6.0,7.6,8.7,4.0,4.0,4.0,4.0,4.0,6.5,7.4,4.0,5.7,7.5,4.0,7.0,4.0,4.0,4.0,5.5,4.0,4.0,4.0,4.0,4.0,8.0,4.0,4.0,4.0,7.9,6.5,5.7,8.4,6.8,7.9,4.0,6.4,5.2,5.9,6.0,4.0,4.0,6.5,4.0,4.0,4.0,5.2,8.6,6.1,8.8,8.2,6.1,6.4,4.0,7.7,4.0,4.0,4.0,5.9,5.3,4.0,4.0,6.2,4.0,6.2,6.1,4.0,6.6,7.3,4.0,5.2,5.6,6.9,4.0,4.0,6.1,6.4,6.0,6.2,6.6,5.1,4.0,4.0,4.0,4.0,4.0,4.0,4.0,5.9,5.7,5.4,7.5,4.0,6.6,8.4,4.0,4.0,4.0,4.0,4.0,4.0,7.0,4.0,4.0,6.9,5.8,8.8,8.3,4.0,4.0,7.0,5.4,7.6,4.0,4.0,5.9,8.2,4.0,4.0,4.0,5.2,7.0,4.0,4.0,4.0,4.0,7.1,4.0,4.0,4.0,4.0,8.9,4.0,4.0,4.0,5.8,4.0,4.0,4.0,4.0,4.0,4.0,4.0,4.0,4.0,5.6,7.8,4.0,4.0,4.0,6.2,4.0,4.0
657,4.0,4.0,4.0,5.5,6.0,7.3,5.5,6.5,4.0,4.0,7.2,8.3,7.8,7.8,4.0,5.1,4.0,7.1,4.0,4.0,6.5,8.3,8.7,4.0,4.0,4.0,4.0,4.0,7.2,7.6,4.0,4.0,6.4,4.0,7.1,5.7,4.0,4.0,6.3,4.0,4.0,5.8,4.0,4.0,6.6,4.0,4.0,4.0,8.1,6.8,5.9,8.3,4.0,7.0,4.0,4.0,5.6,6.5,4.0,6.8,4.0,6.5,5.7,4.0,4.0,5.5,7.9,4.0,8.1,7.3,6.4,7.1,6.2,7.2,6.0,4.0,4.0,6.8,5.5,4.0,4.0,6.1,4.0,6.2,4.0,4.0,6.5,7.7,4.0,5.6,5.9,7.2,4.0,5.8,6.1,4.0,4.0,5.5,7.0,5.9,5.4,4.0,4.0,5.6,5.7,4.0,4.0,6.0,6.2,5.5,6.4,6.1,5.7,8.2,4.0,4.0,4.0,5.5,4.0,4.0,7.0,4.0,4.0,6.8,6.0,8.7,4.0,4.0,4.0,7.5,5.6,6.9,4.0,4.0,7.7,8.1,4.0,4.0,4.0,5.7,6.8,4.0,4.0,4.0,4.0,6.6,4.0,4.0,4.0,4.0,8.8,4.0,4.0,4.0,7.0,4.0,4.0,4.0,4.0,4.0,4.0,4.0,4.0,4.0,6.7,7.6,4.0,4.0,5.5,6.2,4.0,4.0
658,4.0,4.0,4.0,4.0,6.0,7.7,6.6,6.1,4.0,4.0,6.4,8.3,7.5,8.3,4.0,4.0,5.7,7.3,4.0,4.0,5.8,8.0,4.0,4.0,4.0,4.0,4.0,4.0,6.5,7.3,4.0,5.9,7.2,4.0,6.9,4.0,4.0,4.0,5.9,4.0,4.0,4.0,4.0,4.0,8.0,4.0,4.0,4.0,7.8,6.4,5.8,8.3,7.1,7.8,4.0,6.3,5.7,6.0,6.4,6.0,4.0,6.8,4.0,4.0,4.0,5.1,8.2,6.0,8.9,8.3,5.7,6.8,4.0,7.8,4.0,4.0,4.0,5.9,5.5,4.0,4.0,6.3,4.0,6.1,6.2,4.0,6.7,8.0,5.6,5.4,5.6,6.5,4.0,4.0,6.0,6.4,6.0,6.3,6.9,5.5,4.0,4.0,4.0,4.0,4.0,4.0,4.0,5.6,5.7,5.3,7.6,4.0,5.8,8.9,4.0,4.0,4.0,4.0,4.0,4.0,7.0,4.0,4.0,6.8,4.0,4.0,8.2,4.0,4.0,7.2,5.5,7.8,4.0,4.0,4.0,8.4,4.0,4.0,4.0,4.0,6.7,4.0,4.0,4.0,4.0,7.6,4.0,4.0,4.0,4.0,9.1,4.0,4.0,4.0,4.0,4.0,4.0,4.0,4.0,4.0,4.0,4.0,4.0,4.0,5.6,8.2,4.0,4.0,4.0,6.2,4.0,4.0
660,4.0,4.0,4.0,7.8,8.0,6.7,5.6,6.2,8.5,4.0,7.3,7.9,8.5,8.0,4.0,7.0,7.5,4.0,4.0,7.9,7.2,7.2,8.3,7.1,4.0,4.0,4.0,4.0,7.4,8.5,4.0,6.3,6.6,4.0,6.6,8.2,7.3,8.4,6.4,4.0,4.0,6.2,7.6,7.1,7.8,4.0,6.5,4.0,4.0,6.8,7.2,7.3,6.9,6.8,4.0,6.6,8.1,7.1,4.0,7.7,6.4,7.5,6.4,6.9,5.9,6.0,6.6,4.0,7.9,7.3,6.7,7.4,4.0,4.0,6.4,4.0,4.0,6.5,6.5,4.0,4.0,7.2,4.0,7.2,6.7,4.0,6.9,7.7,5.5,7.7,6.8,6.7,6.3,8.1,7.3,4.0,6.2,4.0,7.9,7.4,7.8,4.0,8.0,7.1,6.5,7.6,7.3,6.9,6.4,7.3,8.4,6.5,7.5,7.2,7.0,7.4,7.9,8.5,5.6,7.0,7.5,6.1,4.0,5.8,5.8,7.5,7.3,4.0,7.8,7.9,6.4,7.1,5.1,6.7,4.0,6.6,5.6,5.4,4.0,6.3,6.1,4.0,5.8,7.5,6.7,5.8,8.2,4.0,7.4,7.4,7.2,7.2,5.7,6.2,7.2,4.0,4.0,4.0,4.0,4.0,4.0,4.0,4.0,4.0,4.0,6.9,4.0,4.0,7.1,8.3,4.0,4.0
661,4.0,4.0,4.0,7.1,7.5,6.8,4.0,4.0,7.9,4.0,6.0,7.1,8.1,8.1,4.0,5.7,6.4,6.0,4.0,8.6,6.8,6.8,7.5,7.7,4.0,4.0,4.0,4.0,7.7,7.9,4.0,7.0,7.2,4.0,6.4,8.8,8.1,8.8,7.7,4.0,4.0,4.0,7.4,6.3,6.2,4.0,4.0,6.3,4.0,6.7,7.3,8.2,7.1,7.0,4.0,6.1,7.4,6.3,4.0,8.1,4.0,7.6,4.0,4.0,4.0,4.0,6.7,4.0,6.4,4.0,6.3,7.1,4.0,4.0,7.2,4.0,4.0,6.8,4.0,4.0,4.0,7.2,4.0,7.0,6.6,4.0,7.2,7.4,4.0,7.1,6.7,6.1,4.0,7.9,4.0,4.0,7.3,4.0,7.1,7.6,8.3,4.0,7.3,7.0,6.9,7.3,6.9,6.6,4.0,6.8,6.7,4.0,7.8,6.8,6.4,8.1,8.0,7.9,6.7,4.0,6.3,4.0,4.0,4.0,4.0,7.0,7.4,4.0,8.4,7.8,6.0,7.0,4.0,4.0,5.8,4.0,4.0,4.0,4.0,6.5,5.4,4.0,6.3,4.0,4.0,4.0,8.0,4.0,8.0,7.3,6.9,7.4,4.0,7.6,8.5,4.0,4.0,4.0,4.0,4.0,4.0,4.0,4.0,4.0,4.0,6.9,4.0,4.0,7.3,7.3,4.0,4.0
667,4.0,4.0,4.0,4.0,6.4,7.2,7.1,4.0,4.0,4.0,6.8,8.2,7.6,8.0,4.0,5.9,6.4,6.9,4.0,4.0,4.0,7.6,9.0,4.0,4.0,4.0,4.0,4.0,6.2,7.2,4.0,6.1,7.3,4.0,6.8,4.0,4.0,4.0,4.0,4.0,4.0,4.0,4.0,4.0,8.4,4.0,4.0,4.0,7.8,6.2,4.0,8.0,4.0,8.5,4.0,6.8,6.1,5.9,6.4,6.9,4.0,6.2,4.0,4.0,4.0,4.0,8.2,4.0,8.9,8.3,6.1,6.5,4.0,7.7,4.0,4.0,4.0,5.4,6.2,4.0,4.0,5.9,4.0,4.0,6.2,4.0,6.4,7.7,4.0,5.6,5.8,6.4,4.0,4.0,4.0,7.1,6.7,6.8,7.3,5.6,4.0,4.0,4.0,5.4,4.0,4.0,4.0,4.0,5.9,5.4,8.0,4.0,4.0,9.0,4.0,4.0,4.0,4.0,4.0,4.0,7.2,4.0,4.0,7.0,5.4,4.0,8.2,4.0,6.8,6.6,5.5,8.3,4.0,4.0,6.2,8.4,4.0,4.0,4.0,5.2,6.6,4.0,4.0,4.0,4.0,6.5,4.0,4.0,4.0,4.0,9.0,4.0,4.0,4.0,4.0,4.0,4.0,4.0,4.0,4.0,4.0,4.0,4.0,4.0,4.0,8.1,4.0,4.0,4.0,6.3,4.0,4.0
675,4.0,4.0,4.0,6.5,6.0,7.6,5.8,6.8,6.3,4.0,6.5,7.8,7.9,4.0,4.0,4.0,6.9,8.0,4.0,4.0,6.4,6.6,6.1,4.0,4.0,4.0,4.0,4.0,5.7,5.7,4.0,7.3,7.1,4.0,6.2,8.3,7.1,7.7,5.8,4.0,4.0,6.1,6.0,4.0,7.0,4.0,6.2,4.0,4.0,5.7,6.0,5.9,4.0,5.6,4.0,4.0,6.2,6.4,4.0,4.0,6.1,4.0,5.6,5.7,5.1,5.3,4.0,4.0,7.9,6.8,5.8,8.9,7.2,4.0,6.1,4.0,4.0,5.7,5.7,4.0,4.0,6.2,4.0,5.8,8.7,4.0,5.6,4.0,6.2,6.9,6.8,5.5,4.0,6.2,6.4,4.0,5.3,4.0,4.0,6.0,5.7,4.0,6.0,5.9,5.7,4.0,6.9,5.7,6.1,4.0,6.8,4.0,5.9,4.0,6.7,4.0,6.8,5.4,4.0,6.2,5.9,4.0,5.9,6.0,6.2,7.4,6.4,5.6,7.0,5.9,6.2,6.6,5.4,4.0,4.0,7.3,4.0,4.0,5.5,4.0,5.8,4.0,4.0,6.3,5.8,4.0,4.0,4.0,6.6,7.6,6.0,4.0,6.6,4.0,4.0,4.0,4.0,4.0,4.0,4.0,4.0,4.0,4.0,4.0,8.5,4.0,4.0,4.0,5.5,4.0,4.0,4.0
677,4.0,4.0,4.0,4.0,4.0,6.3,6.5,6.5,4.0,4.0,6.4,7.6,7.4,6.6,4.0,5.7,7.4,7.0,4.0,4.0,4.0,6.9,7.5,4.0,4.0,4.0,4.0,4.0,6.8,7.0,4.0,6.0,7.8,4.0,6.5,6.2,4.0,6.6,5.9,4.0,4.0,5.5,6.0,4.0,7.6,4.0,4.0,4.0,6.6,6.7,6.6,7.3,6.9,7.2,4.0,4.0,4.0,6.9,4.0,4.0,4.0,6.9,4.0,4.0,4.0,5.5,7.4,4.0,8.0,7.2,4.0,4.0,6.4,6.8,4.0,4.0,4.0,6.5,4.0,4.0,4.0,6.9,4.0,6.5,4.0,4.0,6.5,7.1,5.4,5.5,5.3,6.4,4.0,5.5,6.3,6.9,6.7,6.7,6.3,6.8,5.3,4.0,4.0,4.0,6.2,4.0,4.0,5.7,5.7,4.0,7.2,4.0,4.0,6.7,4.0,5.9,4.0,4.0,4.0,4.0,6.7,4.0,5.9,6.7,4.0,7.7,7.6,5.7,4.0,6.7,5.2,7.4,4.0,5.5,5.8,8.0,4.0,4.0,4.0,6.1,7.3,4.0,4.0,4.0,4.0,4.0,4.0,4.0,4.0,4.0,7.6,4.0,5.5,4.0,6.1,4.0,4.0,4.0,4.0,4.0,4.0,4.0,4.0,4.0,6.4,4.0,4.0,4.0,5.3,4.0,4.0,4.0
678,4.0,4.0,4.0,4.0,5.9,4.0,5.8,6.4,4.0,4.0,6.1,4.0,4.0,7.1,4.0,5.4,6.1,8.3,4.0,4.0,6.6,7.9,4.0,4.0,4.0,4.0,4.0,4.0,7.2,7.4,4.0,6.2,7.1,4.0,6.8,6.0,4.0,7.0,5.9,4.0,4.0,4.0,6.1,4.0,7.8,4.0,4.0,4.0,8.5,7.0,6.3,8.6,7.8,7.5,4.0,4.0,5.7,4.0,4.0,7.1,4.0,4.0,5.5,4.0,4.0,5.6,7.3,4.0,7.7,8.9,4.0,4.0,6.3,4.0,6.1,4.0,4.0,6.1,5.7,4.0,4.0,6.7,4.0,7.1,4.0,4.0,6.4,6.6,4.0,5.8,5.8,6.8,4.0,5.1,4.0,5.8,5.5,5.2,7.2,6.7,6.5,4.0,6.9,4.0,5.9,4.0,5.8,6.1,5.8,5.6,7.4,6.0,5.6,7.6,4.0,4.0,5.8,4.0,4.0,4.0,7.8,4.0,4.0,6.1,6.1,8.4,4.0,4.0,7.2,6.9,5.9,6.7,4.0,4.0,7.8,8.1,4.0,4.0,4.0,5.3,7.0,4.0,4.0,4.0,4.0,4.0,4.0,4.0,6.9,7.7,8.6,6.7,4.0,4.0,6.7,4.0,4.0,4.0,4.0,4.0,4.0,4.0,4.0,4.0,7.2,4.0,4.0,4.0,4.0,4.0,4.0,4.0
679,4.0,4.0,4.0,4.0,5.2,7.3,4.0,6.4,4.0,4.0,6.9,8.0,7.7,7.0,4.0,4.0,4.0,7.2,4.0,6.2,4.0,7.6,8.0,4.0,4.0,4.0,4.0,4.0,6.3,7.4,4.0,7.0,7.8,4.0,6.8,4.0,4.0,4.0,5.8,4.0,4.0,4.0,4.0,4.0,7.5,4.0,6.0,4.0,4.0,6.4,4.0,6.9,4.0,8.5,4.0,4.0,6.0,4.0,4.0,4.0,4.0,4.0,4.0,4.0,4.0,5.3,7.8,4.0,7.5,7.1,4.0,6.6,4.0,7.2,6.3,4.0,4.0,5.7,4.0,4.0,4.0,5.2,4.0,6.1,4.0,4.0,6.1,7.8,6.1,5.9,6.1,6.2,4.0,4.0,4.0,5.7,5.8,5.2,6.4,5.8,4.0,4.0,4.0,5.3,4.0,4.0,4.0,6.0,5.8,5.2,7.4,4.0,4.0,7.5,5.6,4.0,4.0,4.0,4.0,4.0,7.0,4.0,4.0,7.3,5.8,7.8,8.3,4.0,6.3,7.0,6.0,7.2,4.0,4.0,6.0,7.6,4.0,4.0,4.0,5.9,7.0,4.0,4.0,4.0,4.0,6.0,4.0,4.0,4.0,4.0,7.9,4.0,4.0,4.0,4.0,4.0,4.0,4.0,4.0,4.0,4.0,4.0,4.0,4.0,4.0,4.0,4.0,4.0,4.0,4.0,4.0,4.0
680,4.0,4.0,4.0,4.0,6.3,4.0,6.3,6.2,4.0,4.0,6.1,4.0,4.0,7.3,4.0,5.9,6.8,8.8,4.0,4.0,5.8,7.0,8.3,4.0,4.0,4.0,4.0,4.0,7.0,7.3,4.0,6.7,7.6,4.0,6.7,4.0,4.0,4.0,5.7,4.0,4.0,4.0,4.0,4.0,8.3,4.0,6.1,4.0,7.8,5.8,4.0,7.8,7.2,8.2,4.0,5.8,6.7,4.0,4.0,4.0,4.0,4.0,5.4,4.0,4.0,5.3,8.4,4.0,8.0,8.9,4.0,4.0,6.3,4.0,5.7,4.0,4.0,5.2,4.0,4.0,4.0,5.7,4.0,6.2,5.7,4.0,7.7,6.6,5.5,6.0,5.4,5.7,4.0,5.5,5.9,6.6,6.4,6.0,5.6,6.2,5.5,4.0,6.6,4.0,4.0,4.0,4.0,5.7,5.7,5.2,7.8,4.0,4.0,7.1,4.0,4.0,4.0,4.0,4.0,4.0,7.4,4.0,4.0,6.0,5.9,7.6,8.5,4.0,7.1,6.8,5.6,7.8,4.0,4.0,6.7,8.5,4.0,4.0,4.0,6.0,6.9,4.0,4.0,4.0,4.0,5.9,4.0,4.0,6.1,7.7,7.9,5.6,4.0,4.0,6.4,4.0,4.0,4.0,4.0,4.0,4.0,4.0,4.0,4.0,6.7,4.0,4.0,4.0,5.1,4.0,4.0,4.0
681,4.0,4.0,4.0,4.0,5.1,7.4,5.7,6.2,4.0,4.0,7.4,8.6,7.7,8.4,4.0,4.0,4.0,7.3,4.0,5.9,5.9,7.8,4.0,4.0,4.0,4.0,4.0,4.0,6.0,6.5,4.0,6.2,6.8,4.0,7.3,4.0,4.0,4.0,6.0,4.0,4.0,4.0,4.0,4.0,7.3,4.0,4.0,4.0,8.4,6.8,4.0,8.0,4.0,7.6,4.0,6.8,4.0,6.2,4.0,4.0,4.0,6.5,5.2,4.0,4.0,5.1,8.4,4.0,9.1,8.3,6.8,6.9,4.0,7.7,5.8,4.0,4.0,6.2,5.8,4.0,4.0,6.4,4.0,4.0,5.8,4.0,6.7,8.2,4.0,5.7,5.7,6.3,4.0,5.1,4.0,5.6,5.7,5.2,4.0,5.3,4.0,4.0,4.0,5.4,4.0,4.0,5.4,5.5,5.5,5.1,6.9,4.0,4.0,8.9,4.0,4.0,4.0,4.0,4.0,4.0,6.5,4.0,4.0,7.0,4.0,4.0,7.6,4.0,4.0,6.6,5.7,6.4,4.0,4.0,6.7,8.2,4.0,4.0,4.0,5.2,6.6,4.0,4.0,4.0,4.0,7.3,4.0,4.0,4.0,4.0,9.2,4.0,4.0,4.0,4.0,4.0,4.0,4.0,4.0,4.0,4.0,4.0,4.0,4.0,6.1,7.9,4.0,4.0,4.0,4.0,4.0,4.0
682,4.0,4.0,4.0,5.5,5.6,8.5,5.6,6.4,4.0,4.0,7.0,8.5,8.4,4.0,4.0,4.0,4.0,8.1,4.0,7.1,5.8,6.8,8.3,4.0,4.0,4.0,4.0,4.0,5.7,6.2,4.0,4.0,5.6,4.0,6.5,9.1,7.6,8.8,6.0,4.0,4.0,5.6,6.1,5.4,7.2,4.0,4.0,4.0,6.6,6.1,5.2,8.4,4.0,7.4,4.0,4.0,5.3,6.3,5.7,6.1,4.0,6.4,5.6,4.0,4.0,5.3,7.9,4.0,7.3,6.5,6.6,4.0,6.2,7.5,5.9,4.0,4.0,6.2,5.3,4.0,4.0,6.6,4.0,4.0,8.4,4.0,5.7,7.0,4.0,6.0,6.0,5.8,4.0,4.0,5.8,4.0,4.0,4.0,5.9,5.8,5.1,4.0,6.1,5.2,5.9,4.0,4.0,5.7,6.0,4.0,6.5,4.0,5.9,7.0,5.6,4.0,4.0,4.0,4.0,4.0,4.0,4.0,4.0,6.3,6.0,6.8,6.9,4.0,6.6,6.0,6.0,6.2,5.1,4.0,6.3,8.5,4.0,4.0,5.3,5.3,5.8,4.0,4.0,5.8,4.0,4.0,4.0,4.0,5.8,4.0,4.0,4.0,5.5,4.0,4.0,4.0,4.0,4.0,4.0,4.0,4.0,4.0,4.0,4.0,7.5,4.0,4.0,4.0,4.0,4.0,4.0,4.0
684,4.0,4.0,4.0,6.0,4.0,7.6,4.0,6.6,4.0,4.0,8.0,8.5,8.2,6.9,4.0,6.4,7.3,7.0,4.0,6.2,6.1,7.8,7.7,4.0,4.0,4.0,4.0,4.0,6.6,5.6,4.0,4.0,6.4,4.0,6.4,6.4,5.9,7.3,7.1,4.0,4.0,5.4,4.0,4.0,6.1,4.0,4.0,4.0,7.8,6.5,6.3,4.0,8.1,7.3,4.0,4.0,5.8,5.6,5.4,6.7,5.1,7.5,4.0,4.0,4.0,4.0,7.2,4.0,4.0,4.0,7.8,6.8,4.0,5.7,5.9,4.0,4.0,7.4,5.7,4.0,4.0,6.5,4.0,4.0,7.3,4.0,5.6,7.5,5.9,5.6,4.0,5.3,4.0,4.0,4.0,4.0,4.0,4.0,4.0,6.0,6.4,4.0,4.0,5.4,6.6,4.0,4.0,5.9,5.7,5.2,5.7,4.0,5.9,7.3,4.0,4.0,4.0,4.0,4.0,4.0,6.2,4.0,4.0,6.4,7.0,7.7,7.3,4.0,7.4,6.6,4.0,6.2,4.0,4.0,6.4,5.6,5.8,4.0,4.0,5.1,5.8,4.0,4.0,4.0,4.0,4.0,4.0,4.0,4.0,4.0,8.0,4.0,5.9,4.0,5.9,4.0,4.0,4.0,4.0,4.0,4.0,4.0,4.0,4.0,6.8,4.0,4.0,4.0,4.0,4.0,4.0,4.0
685,4.0,4.0,4.0,4.0,4.0,4.0,5.3,4.0,4.0,4.0,5.9,4.0,4.0,7.7,4.0,5.8,6.2,6.9,4.0,4.0,6.3,7.3,4.0,4.0,4.0,4.0,4.0,4.0,6.3,6.6,4.0,4.0,6.4,4.0,6.1,4.0,4.0,4.0,5.3,4.0,4.0,4.0,4.0,4.0,7.7,4.0,4.0,4.0,8.0,5.6,4.0,8.0,6.8,7.4,4.0,6.4,4.0,4.0,6.1,4.0,4.0,4.0,4.0,4.0,4.0,4.0,6.7,4.0,8.8,8.5,4.0,4.0,4.0,4.0,4.0,4.0,4.0,4.0,4.0,4.0,4.0,5.8,4.0,6.1,6.2,4.0,7.1,7.5,4.0,5.3,5.4,5.9,4.0,4.0,6.0,4.0,4.0,4.0,4.0,4.0,4.0,4.0,6.4,4.0,4.0,4.0,4.0,5.2,5.2,4.0,7.2,4.0,5.5,8.5,4.0,4.0,4.0,4.0,4.0,4.0,6.2,4.0,4.0,6.6,4.0,8.2,8.4,4.0,6.6,6.3,5.9,6.2,4.0,4.0,6.0,8.4,5.3,4.0,4.0,4.0,6.3,4.0,4.0,4.0,4.0,7.5,4.0,4.0,6.4,6.9,8.6,5.5,4.0,4.0,6.8,4.0,4.0,4.0,4.0,4.0,4.0,4.0,4.0,4.0,5.9,4.0,4.0,4.0,4.0,4.0,4.0,4.0
686,4.0,4.0,4.0,4.0,6.2,4.0,4.0,4.0,4.0,4.0,5.8,4.0,4.0,6.4,4.0,5.2,5.9,8.9,4.0,4.0,5.9,6.6,8.2,4.0,4.0,4.0,4.0,4.0,6.8,6.7,4.0,6.1,7.1,4.0,6.5,4.0,4.0,4.0,4.0,4.0,4.0,4.0,4.0,4.0,7.9,4.0,4.0,4.0,7.7,5.2,4.0,7.8,6.4,6.6,4.0,4.0,6.6,4.0,4.0,4.0,4.0,4.0,4.0,4.0,4.0,4.0,8.2,4.0,7.6,8.4,4.0,4.0,4.0,4.0,4.0,4.0,4.0,4.0,4.0,4.0,4.0,5.4,4.0,4.0,5.8,4.0,6.6,7.1,4.0,4.0,5.2,4.0,4.0,4.0,4.0,4.0,4.0,4.0,4.0,5.3,4.0,4.0,6.5,4.0,4.0,4.0,4.0,4.0,4.0,4.0,7.2,4.0,4.0,6.9,4.0,4.0,4.0,4.0,4.0,4.0,6.1,4.0,4.0,5.9,4.0,7.0,8.3,4.0,7.1,6.2,5.5,6.6,4.0,4.0,6.8,8.4,4.0,4.0,4.0,4.0,6.0,4.0,4.0,4.0,4.0,4.0,4.0,4.0,6.3,7.3,7.5,5.3,4.0,4.0,6.7,4.0,4.0,4.0,4.0,4.0,4.0,4.0,4.0,4.0,6.0,4.0,4.0,4.0,4.0,4.0,4.0,4.0
698,4.0,4.0,4.0,6.1,5.6,7.3,5.6,6.6,6.4,4.0,6.0,7.2,7.1,4.0,4.0,4.0,6.2,8.0,4.0,4.0,6.0,6.2,4.0,4.0,4.0,4.0,4.0,4.0,5.6,5.6,4.0,6.5,6.7,4.0,6.0,8.1,7.4,7.5,4.0,4.0,4.0,4.0,6.2,4.0,6.6,4.0,4.0,4.0,4.0,5.4,5.7,5.5,4.0,5.9,4.0,4.0,5.6,4.0,5.7,4.0,5.5,4.0,4.0,4.0,4.0,4.0,4.0,4.0,8.0,6.7,4.0,8.8,6.4,4.0,4.0,4.0,4.0,5.6,4.0,4.0,4.0,7.0,4.0,5.8,8.8,4.0,6.3,4.0,6.3,6.3,6.4,5.4,4.0,4.0,6.0,4.0,4.0,4.0,4.0,5.7,5.8,4.0,4.0,5.2,5.5,4.0,6.2,5.5,6.0,5.5,6.4,4.0,5.7,4.0,6.0,4.0,6.2,4.0,4.0,5.6,5.5,4.0,4.0,5.6,6.0,7.3,6.3,5.4,6.5,5.6,6.0,6.3,4.0,4.0,4.0,7.2,4.0,4.0,5.4,4.0,6.2,4.0,4.0,4.0,4.0,4.0,4.0,4.0,6.2,7.1,4.0,4.0,6.3,4.0,4.0,4.0,4.0,4.0,4.0,4.0,4.0,4.0,4.0,4.0,7.6,4.0,4.0,4.0,4.0,4.0,4.0,4.0
705,4.0,4.0,4.0,4.0,5.6,6.1,4.0,4.0,4.0,4.0,5.9,8.2,7.4,4.0,4.0,4.0,5.5,7.6,4.0,4.0,4.0,7.2,8.2,4.0,4.0,4.0,4.0,4.0,6.6,6.9,4.0,6.1,6.8,4.0,6.2,4.0,4.0,4.0,4.0,4.0,4.0,4.0,4.0,4.0,7.9,4.0,4.0,4.0,8.0,5.3,4.0,7.7,6.8,6.6,4.0,4.0,5.9,5.6,4.0,4.0,4.0,4.0,4.0,4.0,4.0,4.0,7.6,4.0,8.3,8.1,4.0,4.0,4.0,7.5,4.0,4.0,4.0,4.0,4.0,4.0,4.0,4.0,4.0,4.0,4.0,4.0,6.4,7.0,4.0,5.4,5.6,4.0,4.0,4.0,4.0,4.0,4.0,4.0,6.2,4.0,4.0,4.0,6.3,4.0,4.0,4.0,4.0,4.0,5.2,4.0,7.6,4.0,4.0,6.7,4.0,4.0,4.0,4.0,4.0,4.0,6.0,4.0,4.0,5.8,4.0,7.3,8.1,4.0,6.4,5.9,5.6,6.4,4.0,4.0,7.3,8.5,4.0,4.0,4.0,4.0,5.8,4.0,4.0,4.0,4.0,5.9,4.0,4.0,6.1,7.5,7.8,4.0,4.0,4.0,4.0,4.0,4.0,4.0,4.0,4.0,4.0,4.0,4.0,4.0,4.0,6.3,4.0,4.0,4.0,4.0,4.0,4.0
706,4.0,4.0,4.0,4.0,6.4,7.7,4.0,4.0,4.0,4.0,5.7,8.5,8.1,6.4,4.0,4.0,6.6,7.2,4.0,4.0,4.0,7.9,8.2,4.0,4.0,4.0,4.0,4.0,7.1,6.9,4.0,6.3,7.8,4.0,6.1,4.0,4.0,4.0,5.4,4.0,4.0,4.0,4.0,4.0,7.5,4.0,4.0,4.0,7.2,6.2,4.0,7.5,4.0,6.6,4.0,6.1,5.9,4.0,4.0,4.0,4.0,4.0,4.0,4.0,4.0,4.0,8.5,4.0,7.3,7.2,4.0,6.8,4.0,6.9,4.0,4.0,4.0,4.0,4.0,4.0,4.0,5.5,4.0,5.8,4.0,4.0,6.4,7.1,4.0,5.4,5.5,5.5,4.0,4.0,4.0,4.0,4.0,4.0,6.6,6.2,4.0,4.0,4.0,4.0,4.0,4.0,4.0,4.0,5.2,4.0,7.1,4.0,4.0,7.5,4.0,4.0,4.0,4.0,4.0,4.0,6.6,4.0,4.0,6.6,4.0,7.1,8.3,4.0,6.3,7.0,5.6,6.8,4.0,4.0,6.8,8.7,4.0,4.0,4.0,4.0,6.5,4.0,4.0,4.0,4.0,5.9,4.0,4.0,4.0,4.0,7.7,4.0,4.0,4.0,6.4,4.0,4.0,4.0,4.0,4.0,4.0,4.0,4.0,4.0,4.0,6.9,4.0,4.0,4.0,4.0,4.0,4.0
710,4.0,4.0,4.0,4.0,4.0,4.0,4.0,4.0,4.0,4.0,6.2,4.0,4.0,8.3,4.0,6.2,6.6,7.6,4.0,4.0,6.6,7.6,4.0,4.0,4.0,4.0,4.0,4.0,6.7,7.2,4.0,6.2,7.3,4.0,7.0,4.0,4.0,4.0,4.0,4.0,4.0,4.0,4.0,4.0,6.5,4.0,4.0,4.0,8.4,6.5,4.0,8.6,8.3,4.0,4.0,6.7,4.0,4.0,4.0,4.0,4.0,4.0,4.0,4.0,4.0,4.0,6.8,6.8,8.8,8.9,4.0,4.0,4.0,4.0,4.0,4.0,4.0,4.0,4.0,4.0,4.0,6.9,4.0,6.1,4.0,4.0,7.1,7.8,4.0,4.0,4.0,7.2,4.0,4.0,5.9,4.0,4.0,4.0,4.0,5.3,4.0,4.0,6.7,4.0,4.0,4.0,4.0,5.3,4.0,4.0,6.8,4.0,4.0,8.8,4.0,6.0,4.0,4.0,4.0,4.0,6.6,4.0,4.0,6.2,4.0,8.4,8.5,4.0,4.0,7.3,4.0,5.3,4.0,4.0,6.5,8.3,5.9,4.0,4.0,5.8,7.5,4.0,4.0,4.0,5.8,8.1,4.0,4.0,7.2,7.3,9.2,6.4,4.0,4.0,6.4,4.0,4.0,4.0,4.0,4.0,4.0,4.0,4.0,4.0,4.0,4.0,4.0,4.0,4.0,4.0,4.0,4.0
712,4.0,4.0,4.0,4.0,6.0,7.2,5.7,6.0,4.0,4.0,6.5,8.3,8.0,7.0,4.0,4.0,4.0,8.3,4.0,4.0,5.8,7.6,7.7,4.0,4.0,4.0,4.0,4.0,7.1,6.9,4.0,6.8,7.8,4.0,7.0,4.0,4.0,4.0,5.7,4.0,4.0,4.0,4.0,4.0,8.4,4.0,4.0,4.0,7.7,6.7,5.2,7.7,6.3,7.2,4.0,6.5,6.6,6.7,6.0,4.0,4.0,6.3,4.0,4.0,4.0,4.0,4.0,4.0,8.3,8.2,4.0,6.9,4.0,7.3,4.0,4.0,4.0,5.7,5.9,4.0,4.0,6.5,4.0,5.8,6.0,4.0,7.1,7.3,5.7,5.5,5.6,5.6,4.0,4.0,4.0,6.3,6.2,5.6,6.1,6.2,4.0,4.0,4.0,4.0,4.0,4.0,4.0,5.5,4.0,5.1,7.6,4.0,4.0,7.3,4.0,4.0,4.0,4.0,4.0,4.0,6.8,4.0,4.0,7.3,5.7,8.3,7.9,4.0,7.0,6.8,5.7,7.2,4.0,4.0,6.8,8.8,4.0,4.0,4.0,4.0,6.7,4.0,4.0,4.0,4.0,4.0,4.0,4.0,4.0,4.0,8.0,4.0,4.0,4.0,6.2,4.0,4.0,4.0,4.0,4.0,4.0,4.0,4.0,4.0,4.0,4.0,4.0,4.0,4.0,4.0,4.0,4.0
713,4.0,4.0,4.0,4.0,4.0,7.1,4.0,4.0,4.0,4.0,6.1,8.1,7.8,7.1,4.0,4.0,5.2,7.8,4.0,4.0,4.0,7.6,8.3,4.0,4.0,4.0,4.0,4.0,6.3,7.7,4.0,6.5,7.9,4.0,6.4,4.0,4.0,4.0,5.5,4.0,4.0,4.0,4.0,4.0,8.2,4.0,4.0,4.0,7.3,6.0,4.0,7.6,6.2,6.5,4.0,6.1,4.0,6.4,4.0,4.0,4.0,5.6,4.0,4.0,4.0,4.0,4.0,4.0,8.0,7.7,4.0,6.3,4.0,7.3,4.0,4.0,4.0,6.1,5.1,4.0,4.0,5.2,4.0,5.9,4.0,4.0,6.1,7.8,4.0,4.0,4.0,6.0,4.0,4.0,4.0,6.0,5.9,5.7,4.0,6.6,4.0,4.0,4.0,4.0,4.0,4.0,4.0,4.0,4.0,4.0,7.8,4.0,4.0,7.5,4.0,4.0,4.0,4.0,4.0,4.0,7.4,4.0,4.0,6.7,4.0,8.1,7.9,4.0,4.0,7.2,4.0,6.7,4.0,4.0,6.2,8.5,4.0,4.0,4.0,4.0,7.3,4.0,4.0,4.0,4.0,6.2,4.0,4.0,4.0,4.0,8.3,4.0,4.0,4.0,6.7,4.0,4.0,4.0,4.0,4.0,4.0,4.0,4.0,4.0,4.0,6.5,4.0,4.0,4.0,4.0,4.0,4.0
801,6.9,4.0,6.7,6.0,7.5,4.0,4.0,4.0,7.7,4.0,4.0,4.0,5.6,6.6,4.0,4.0,7.1,4.0,4.0,4.0,5.9,6.0,4.0,4.0,4.0,4.0,4.0,4.0,7.0,7.5,4.0,6.4,6.7,4.0,4.0,6.0,4.0,6.3,4.0,4.0,4.0,5.9,4.0,4.0,8.3,4.0,4.0,4.0,4.0,5.9,5.5,6.6,4.0,5.9,4.0,4.0,8.3,4.0,4.0,4.0,4.0,5.6,6.0,4.0,4.0,4.0,4.0,4.0,4.0,4.0,4.0,4.0,4.0,4.0,4.0,4.0,4.0,6.4,6.0,4.0,4.0,6.5,4.0,5.9,4.0,4.0,6.4,6.0,4.0,6.0,6.0,4.0,4.0,7.9,4.0,4.0,5.5,4.0,6.3,6.5,4.0,7.1,6.9,6.7,6.7,5.7,6.5,6.5,4.0,5.1,8.1,4.0,5.4,4.0,7.9,4.0,4.0,8.1,6.8,7.0,6.1,4.0,4.0,4.0,4.0,4.0,6.0,4.0,4.0,5.9,5.6,4.0,4.0,4.0,4.0,4.0,4.0,5.7,4.0,4.0,5.2,4.0,4.0,4.0,4.0,4.0,5.9,4.0,4.0,6.3,4.0,6.7,4.0,4.0,6.1,4.0,4.0,4.0,4.0,4.0,4.0,4.0,4.0,4.0,4.0,4.0,4.0,4.0,7.7,6.7,4.0,4.0
806,6.0,7.9,6.8,4.0,7.0,6.2,4.0,4.0,7.9,7.9,4.0,4.0,6.2,4.0,4.0,6.6,6.4,4.0,6.0,5.8,5.8,6.1,6.4,5.7,6.5,6.2,6.8,6.4,5.9,6.3,4.0,4.0,4.0,6.5,4.0,5.9,6.7,6.5,6.2,5.8,6.1,4.0,6.4,6.9,4.0,6.8,4.0,4.0,6.6,6.8,6.5,4.0,5.9,5.5,4.0,4.0,4.0,4.0,4.0,4.0,4.0,6.6,5.9,5.8,5.4,5.7,4.0,4.0,6.6,6.4,4.0,4.0,6.2,5.9,4.0,4.0,4.0,7.2,6.0,4.0,4.0,6.4,4.0,6.1,4.0,4.0,6.6,6.6,4.0,6.4,6.6,5.7,8.5,6.8,4.0,4.0,4.0,4.0,6.9,6.5,7.4,5.2,6.2,7.0,5.8,6.0,6.2,7.5,6.2,5.7,4.0,6.3,5.9,6.1,6.9,4.0,4.0,6.5,7.4,7.5,7.0,6.2,4.0,4.0,6.5,7.1,5.7,5.8,6.4,6.8,6.3,5.6,4.0,5.6,4.0,4.0,5.2,6.1,4.0,4.0,5.5,4.0,4.0,5.8,4.0,4.0,4.0,4.0,4.0,4.0,4.0,4.0,4.0,4.0,4.0,4.0,4.0,4.0,4.0,4.0,4.0,4.0,4.0,4.0,4.0,5.6,5.6,6.1,6.6,4.0,5.6,6.9
809,5.7,6.4,4.0,4.0,6.3,4.0,4.0,5.8,7.4,6.9,4.0,6.8,4.0,6.5,4.0,6.6,6.0,4.0,4.0,4.0,4.0,6.5,5.6,4.0,4.0,4.0,6.1,4.0,4.0,5.8,4.0,5.9,5.8,4.0,4.0,6.0,5.8,7.2,4.0,4.0,4.0,4.0,4.0,6.2,4.0,4.0,6.3,4.0,4.0,5.9,5.9,5.9,4.0,4.0,6.2,4.0,4.0,4.0,4.0,4.0,4.0,6.6,5.8,5.3,4.0,5.5,4.0,4.0,7.2,4.0,4.0,4.0,4.0,4.0,4.0,4.0,4.0,6.5,6.3,4.0,4.0,7.3,4.0,6.8,4.0,4.0,4.0,6.3,4.0,6.0,6.8,5.4,9.2,6.1,5.9,4.0,4.0,4.0,6.1,4.0,6.3,5.4,6.6,7.6,6.1,6.1,5.6,7.0,6.3,5.6,5.5,4.0,6.0,5.9,7.7,4.0,4.0,6.2,7.2,7.9,6.3,6.7,4.0,5.3,6.4,6.6,4.0,5.7,6.5,6.8,6.3,5.3,4.0,6.2,6.0,6.8,5.6,7.0,4.0,4.0,6.0,4.0,5.7,6.4,5.9,4.0,4.0,4.0,4.0,6.6,6.2,4.0,6.7,4.0,4.0,4.0,4.0,4.0,4.0,4.0,4.0,4.0,4.0,4.0,4.0,4.0,4.0,6.3,6.0,4.0,4.0,5.5
813,4.0,4.0,4.0,4.0,4.0,4.0,6.0,6.5,8.4,4.0,4.0,4.0,5.9,4.0,4.0,6.2,6.0,4.0,4.0,4.0,4.0,5.2,4.0,5.9,4.0,4.0,4.0,4.0,6.5,7.1,4.0,4.0,5.4,4.0,4.0,5.9,4.0,4.0,5.6,4.0,4.0,8.3,6.0,8.1,6.7,4.0,7.9,4.0,4.0,7.6,4.0,6.0,4.0,5.7,4.0,4.0,4.0,4.0,4.0,4.0,4.0,6.0,4.0,7.2,6.5,7.3,5.5,4.0,4.0,4.0,4.0,4.0,7.0,4.0,4.0,4.0,4.0,7.7,6.1,4.0,4.0,6.1,4.0,6.6,4.0,4.0,6.2,4.0,6.1,4.0,4.0,7.1,7.4,6.7,4.0,4.0,6.6,4.0,7.0,6.4,5.7,5.9,6.2,5.6,6.0,4.0,5.7,6.6,7.4,7.1,6.1,6.0,6.5,4.0,4.0,4.0,6.4,6.2,4.0,7.0,6.4,5.2,4.0,4.0,4.0,4.0,6.0,4.0,4.0,5.4,4.0,6.6,5.1,4.0,4.0,4.0,6.0,5.8,4.0,5.1,4.0,4.0,4.0,6.9,7.0,4.0,6.2,4.0,4.0,4.0,4.0,6.1,5.3,4.0,4.0,4.0,5.5,4.0,4.0,4.0,4.0,4.0,4.0,4.0,4.0,4.0,4.0,4.0,6.8,4.0,4.0,4.0
814,4.0,4.0,4.0,5.7,6.9,4.0,4.0,6.3,6.0,4.0,4.0,4.0,4.0,4.0,4.0,4.0,4.0,4.0,4.0,4.0,4.0,4.0,4.0,4.0,4.0,4.0,4.0,4.0,5.8,6.8,4.0,5.7,5.5,4.0,4.0,4.0,4.0,4.0,5.8,4.0,4.0,6.0,7.3,7.4,6.4,4.0,9.1,4.0,4.0,7.8,6.3,6.6,5.9,4.0,4.0,4.0,8.0,4.0,4.0,4.0,4.0,4.0,6.1,6.2,5.8,6.6,4.0,4.0,4.0,4.0,4.0,4.0,4.0,4.0,4.0,4.0,4.0,4.0,7.6,4.0,4.0,5.6,4.0,6.3,4.0,4.0,5.4,4.0,4.0,6.0,6.3,6.6,4.0,5.2,6.0,5.3,5.5,4.0,4.0,4.0,4.0,6.4,5.7,5.1,5.4,4.0,5.6,7.0,7.4,6.4,5.9,6.4,6.3,4.0,5.6,4.0,6.3,5.1,4.0,7.0,4.0,5.6,4.0,4.0,5.4,4.0,5.5,4.0,4.0,5.5,5.9,5.7,4.0,4.0,4.0,4.0,4.0,5.1,4.0,4.0,4.0,4.0,4.0,7.5,7.2,4.0,4.0,4.0,4.0,4.0,4.0,5.6,4.0,4.0,4.0,4.0,4.0,4.0,4.0,4.0,4.0,4.0,4.0,4.0,4.0,4.0,4.0,4.0,5.3,4.0,4.0,4.0
816,4.0,4.0,4.0,4.0,8.3,4.0,5.4,6.0,8.1,4.0,4.0,4.0,5.6,4.0,4.0,6.7,6.8,4.0,4.0,4.0,4.0,5.4,4.0,5.6,4.0,4.0,4.0,4.0,6.5,7.4,4.0,4.0,4.0,4.0,4.0,4.0,5.5,7.2,5.5,4.0,4.0,4.0,6.0,4.0,7.1,4.0,7.9,4.0,4.0,8.0,4.0,6.5,5.4,6.2,4.0,4.0,8.4,4.0,4.0,4.0,4.0,6.0,7.6,7.6,6.7,7.6,5.3,4.0,4.0,4.0,4.0,4.0,7.1,4.0,4.0,4.0,4.0,7.9,6.1,4.0,4.0,5.9,4.0,6.7,6.4,4.0,6.5,4.0,4.0,6.8,6.7,7.2,7.5,7.0,5.8,6.5,6.4,6.3,7.1,5.4,5.7,6.1,6.9,5.4,5.7,4.0,5.8,6.8,7.6,7.4,6.2,8.1,6.2,4.0,4.0,4.0,6.7,6.6,4.0,6.7,6.5,5.4,4.0,4.0,5.4,4.0,6.0,4.0,6.0,5.6,5.9,6.3,4.0,6.0,4.0,4.0,6.1,5.9,4.0,5.3,4.0,4.0,4.0,7.4,6.9,4.0,6.2,4.0,4.0,5.2,4.0,6.0,5.3,6.0,4.0,4.0,4.0,4.0,4.0,4.0,7.4,4.0,4.0,4.0,6.3,4.0,4.0,4.0,7.0,4.0,4.0,4.0
817,4.0,4.0,4.0,4.0,7.9,4.0,4.0,6.0,7.8,4.0,4.0,4.0,6.0,4.0,4.0,6.9,6.8,4.0,4.0,4.0,4.0,5.4,4.0,5.7,4.0,4.0,4.0,4.0,6.4,7.6,4.0,4.0,4.0,4.0,4.0,4.0,4.0,6.8,4.0,4.0,4.0,7.7,4.0,4.0,6.7,4.0,7.7,4.0,4.0,4.0,4.0,6.4,4.0,6.0,4.0,4.0,8.2,4.0,4.0,4.0,4.0,5.9,7.3,7.4,6.7,7.4,4.0,4.0,4.0,4.0,4.0,4.0,6.7,4.0,4.0,4.0,4.0,8.2,6.3,4.0,4.0,5.9,4.0,6.5,6.2,4.0,6.4,4.0,4.0,6.1,6.2,7.3,7.6,7.0,6.1,6.0,6.1,6.0,6.8,5.9,5.2,4.0,6.9,5.4,6.0,4.0,4.0,6.6,7.6,7.4,6.0,4.0,6.2,4.0,4.0,4.0,6.5,6.4,4.0,6.2,6.2,4.0,4.0,4.0,4.0,4.0,6.2,4.0,4.0,5.4,5.6,6.2,4.0,5.8,4.0,4.0,4.0,4.0,4.0,5.3,4.0,4.0,4.0,7.4,7.1,4.0,6.1,4.0,4.0,5.3,4.0,6.0,4.0,4.0,4.0,4.0,4.0,4.0,4.0,4.0,7.6,4.0,4.0,4.0,6.4,4.0,4.0,4.0,7.0,4.0,4.0,4.0
818,4.0,4.0,4.0,4.0,8.3,4.0,4.0,4.0,7.9,4.0,4.0,4.0,5.6,4.0,4.0,6.5,6.7,4.0,4.0,4.0,4.0,5.3,4.0,6.2,4.0,4.0,4.0,4.0,6.0,7.0,4.0,4.0,4.0,4.0,4.0,4.0,4.0,6.2,4.0,4.0,4.0,7.5,4.0,8.1,6.6,4.0,8.2,4.0,4.0,7.4,4.0,6.9,5.7,6.0,4.0,4.0,8.2,4.0,4.0,4.0,4.0,6.1,6.9,6.5,6.0,6.9,5.3,4.0,4.0,4.0,4.0,4.0,6.4,4.0,4.0,4.0,4.0,7.6,6.0,4.0,4.0,5.7,4.0,6.0,6.2,4.0,6.2,4.0,4.0,6.0,5.9,6.8,7.1,6.9,4.0,5.9,6.1,6.0,6.4,4.0,5.5,5.8,6.5,6.0,5.4,4.0,5.5,6.2,7.5,7.3,5.9,8.2,6.0,4.0,4.0,4.0,6.7,6.5,4.0,6.3,6.0,5.5,4.0,4.0,5.4,4.0,5.4,4.0,4.0,5.3,5.7,5.7,4.0,4.0,4.0,4.0,6.1,6.0,4.0,4.0,4.0,4.0,4.0,6.5,6.0,4.0,6.5,4.0,4.0,4.0,4.0,6.0,4.0,4.0,4.0,4.0,4.0,4.0,4.0,4.0,7.1,4.0,4.0,4.0,4.0,4.0,4.0,4.0,6.7,4.0,4.0,4.0
820,4.0,4.0,4.0,4.0,8.5,4.0,6.2,6.6,8.3,4.0,4.0,4.0,5.7,4.0,4.0,6.3,6.6,4.0,4.0,4.0,4.0,4.0,4.0,4.0,4.0,4.0,4.0,4.0,6.0,7.5,4.0,4.0,4.0,4.0,4.0,4.0,4.0,4.0,5.6,4.0,4.0,7.9,6.6,8.1,6.0,4.0,8.7,4.0,4.0,7.9,6.0,6.1,4.0,5.4,4.0,4.0,4.0,4.0,4.0,4.0,4.0,4.0,7.5,6.4,5.8,6.4,4.0,4.0,4.0,4.0,4.0,4.0,7.2,4.0,4.0,4.0,4.0,8.3,5.5,4.0,4.0,6.2,4.0,6.7,4.0,4.0,5.7,4.0,4.0,7.3,7.2,7.0,7.2,6.7,5.8,6.3,6.6,6.5,6.6,4.0,5.4,6.4,6.3,5.2,5.8,4.0,5.8,6.2,7.5,6.8,5.2,6.4,5.8,4.0,5.9,4.0,7.0,6.1,4.0,7.7,5.5,4.0,4.0,4.0,5.8,4.0,4.0,4.0,4.0,5.6,6.0,6.8,5.1,5.8,4.0,4.0,5.4,5.6,4.0,4.0,4.0,4.0,4.0,7.0,6.9,4.0,4.0,4.0,4.0,4.0,4.0,6.2,5.2,4.0,4.0,4.0,4.0,4.0,4.0,4.0,4.0,4.0,4.0,4.0,4.0,4.0,4.0,4.0,6.4,4.0,4.0,4.0
821,4.0,4.0,4.0,5.1,4.0,4.0,6.0,6.3,8.6,4.0,6.0,4.0,5.9,6.3,4.0,6.8,6.4,4.0,4.0,4.0,4.0,5.7,4.0,6.2,4.0,4.0,4.0,4.0,7.0,7.6,4.0,5.7,5.5,4.0,4.0,5.9,5.4,4.0,5.9,4.0,4.0,8.5,5.9,7.8,7.1,4.0,7.9,4.0,4.0,7.7,4.0,7.1,5.8,5.9,4.0,4.0,4.0,4.0,4.0,4.0,4.0,5.9,4.0,6.8,6.2,6.9,5.8,4.0,4.0,4.0,5.8,4.0,7.6,4.0,4.0,4.0,4.0,7.8,6.3,4.0,4.0,6.0,4.0,6.9,4.0,4.0,6.3,5.9,4.0,4.0,4.0,7.1,7.2,6.6,4.0,4.0,7.2,4.0,8.0,6.1,5.8,5.7,7.0,5.4,6.0,4.0,4.0,6.7,7.2,7.0,6.2,5.7,5.8,4.0,4.0,4.0,6.9,6.3,4.0,7.7,6.9,5.8,4.0,5.3,4.0,4.0,6.3,5.3,4.0,6.0,4.0,6.7,4.0,4.0,4.0,4.0,5.3,5.2,4.0,5.3,4.0,4.0,4.0,6.7,6.5,4.0,6.2,5.7,4.0,5.9,4.0,5.8,5.2,4.0,4.0,4.0,4.0,4.0,4.0,4.0,4.0,4.0,4.0,4.0,4.0,4.0,4.0,4.0,6.4,4.0,4.0,4.0
827,6.3,7.7,7.9,4.0,5.8,4.0,4.0,6.5,4.0,6.5,4.0,4.0,4.0,4.0,4.0,7.1,7.0,4.0,5.8,4.0,6.3,4.0,4.0,4.0,7.2,4.0,4.0,4.0,4.0,4.0,4.0,4.0,4.0,4.0,4.0,4.0,4.0,4.0,4.0,4.0,4.0,4.0,6.2,7.2,5.4,7.3,6.4,4.0,4.0,7.3,5.5,5.7,4.0,4.0,5.6,4.0,7.0,4.0,4.0,4.0,4.0,7.3,4.0,6.1,5.5,6.2,4.0,4.0,4.0,4.0,4.0,4.0,4.0,4.0,4.0,4.0,4.0,7.8,6.5,4.0,4.0,6.8,4.0,6.4,5.8,4.0,5.5,4.0,4.0,6.9,4.0,8.0,7.5,8.1,4.0,4.0,4.0,4.0,4.0,4.0,4.0,4.0,4.0,5.8,4.0,6.3,4.0,6.5,6.4,4.0,5.4,7.7,5.9,4.0,6.9,4.0,6.2,8.0,5.7,4.0,4.0,4.0,4.0,4.0,5.4,6.2,5.4,4.0,4.0,5.2,6.8,5.2,5.7,4.0,4.0,4.0,5.2,5.4,4.0,4.0,4.0,4.0,4.0,7.1,5.9,4.0,4.0,4.0,4.0,4.0,4.0,7.1,4.0,4.0,4.0,4.0,4.0,4.0,4.0,4.0,4.0,4.0,4.0,4.0,4.0,4.0,4.0,5.9,7.1,4.0,4.0,4.0
828,4.0,4.0,4.0,4.0,4.0,4.0,4.0,6.7,6.6,4.0,4.0,4.0,4.0,4.0,4.0,6.2,6.3,4.0,4.0,8.3,6.3,5.4,4.0,6.1,4.0,4.0,4.0,4.0,5.3,6.0,4.0,4.0,4.0,4.0,4.0,4.0,4.0,4.0,4.0,4.0,4.0,4.0,5.9,6.9,5.2,4.0,7.9,4.0,4.0,6.9,5.8,7.3,6.7,4.0,4.0,4.0,6.8,4.0,4.0,4.0,4.0,6.8,4.0,5.7,5.1,5.9,4.0,4.0,4.0,4.0,4.0,4.0,4.0,4.0,6.5,4.0,4.0,7.8,6.9,4.0,4.0,4.0,4.0,4.0,4.0,4.0,4.0,4.0,4.0,5.4,4.0,5.7,6.2,6.3,4.0,4.0,5.4,4.0,4.0,4.0,4.0,4.0,5.6,6.0,5.3,5.5,4.0,6.5,5.8,5.9,5.7,7.3,7.1,4.0,7.4,4.0,4.0,6.1,4.0,4.0,5.9,5.4,4.0,4.0,4.0,4.0,5.3,5.7,4.0,4.0,5.5,4.0,4.0,4.0,4.0,4.0,4.0,5.7,4.0,4.0,4.0,4.0,4.0,7.4,5.9,4.0,4.0,4.0,4.0,4.0,4.0,5.9,4.0,4.0,4.0,4.0,4.0,4.0,4.0,4.0,4.0,4.0,4.0,4.0,4.0,4.0,4.0,4.0,5.2,4.0,4.0,4.0
829,4.0,4.0,4.0,5.6,7.8,4.0,5.3,6.2,7.3,4.0,4.0,4.0,6.0,4.0,4.0,6.2,6.6,4.0,4.0,4.0,6.0,5.7,4.0,4.0,4.0,4.0,4.0,4.0,6.8,7.3,4.0,4.0,4.0,4.0,4.0,4.0,4.0,4.0,5.5,4.0,4.0,6.7,7.1,8.4,4.0,4.0,4.0,4.0,6.0,8.3,6.6,6.3,4.0,5.1,4.0,6.3,7.9,4.0,4.0,4.0,4.0,4.0,6.4,5.8,5.4,6.1,4.0,4.0,6.1,4.0,4.0,4.0,6.4,4.0,4.0,4.0,4.0,4.0,6.3,4.0,4.0,5.7,4.0,6.3,6.3,4.0,5.8,4.0,4.0,6.3,6.2,8.2,6.7,6.6,6.5,6.9,6.6,6.4,6.6,5.4,5.1,7.7,6.8,5.1,6.8,4.0,5.5,6.0,7.0,6.6,6.4,7.4,7.2,4.0,4.0,4.0,6.0,6.0,4.0,4.0,6.0,4.0,4.0,5.1,5.5,6.1,6.4,4.0,4.0,5.9,5.8,6.1,4.0,4.0,4.0,4.0,5.3,5.5,4.0,5.1,4.0,4.0,4.0,7.0,6.5,4.0,6.1,4.0,4.0,5.6,4.0,5.8,4.0,5.8,4.0,4.0,4.0,4.0,4.0,4.0,4.0,4.0,4.0,4.0,4.0,4.0,4.0,4.0,6.5,4.0,4.0,4.0
830,4.0,4.0,4.0,4.0,8.4,4.0,5.3,6.9,8.2,4.0,5.5,4.0,6.4,4.0,4.0,7.1,7.2,4.0,4.0,5.9,6.0,5.6,4.0,4.0,4.0,4.0,4.0,4.0,5.9,7.1,4.0,4.0,4.0,4.0,4.0,4.0,4.0,6.6,4.0,4.0,4.0,6.1,4.0,6.7,6.4,4.0,6.7,4.0,4.0,6.8,6.0,6.3,4.0,4.0,4.0,4.0,4.0,4.0,4.0,4.0,4.0,6.0,6.0,5.9,5.2,5.4,5.7,4.0,4.0,4.0,4.0,4.0,4.0,4.0,4.0,4.0,4.0,7.7,5.5,4.0,4.0,6.0,4.0,4.0,6.8,4.0,5.4,4.0,4.0,6.3,6.2,6.4,8.7,7.4,4.0,5.7,6.0,5.8,6.3,5.9,5.4,6.4,4.0,5.8,5.7,4.0,4.0,6.1,6.7,5.8,6.1,4.0,6.2,4.0,6.3,4.0,5.8,6.4,5.5,4.0,5.9,4.0,4.0,4.0,4.0,4.0,5.4,5.1,4.0,5.2,5.1,6.1,4.0,5.5,4.0,6.7,5.5,6.1,4.0,4.0,5.4,4.0,4.0,4.0,4.0,4.0,4.0,4.0,4.0,4.0,4.0,6.0,4.0,4.0,4.0,4.0,4.0,4.0,4.0,4.0,4.0,4.0,4.0,4.0,4.0,4.0,4.0,4.0,6.8,4.0,4.0,4.0
831,4.0,4.0,4.0,4.0,8.3,4.0,5.7,5.9,8.2,4.0,4.0,4.0,4.0,4.0,4.0,5.9,6.6,4.0,4.0,4.0,4.0,4.0,4.0,4.0,4.0,4.0,4.0,4.0,6.9,7.8,4.0,4.0,4.0,4.0,4.0,4.0,4.0,4.0,4.0,4.0,4.0,6.9,4.0,6.8,7.4,4.0,7.0,4.0,4.0,7.4,5.7,6.1,4.0,4.0,4.0,4.0,4.0,4.0,4.0,4.0,4.0,4.0,7.0,5.9,5.2,5.6,4.0,4.0,4.0,4.0,4.0,4.0,6.6,4.0,4.0,4.0,4.0,7.9,6.0,4.0,4.0,5.6,4.0,6.0,4.0,4.0,5.8,4.0,4.0,6.6,6.5,6.4,7.6,7.1,4.0,6.0,6.3,6.2,6.5,6.0,4.0,6.1,4.0,5.3,6.1,4.0,6.1,6.7,7.7,6.1,6.6,4.0,4.0,4.0,5.7,4.0,4.0,6.5,4.0,4.0,5.4,4.0,5.4,4.0,4.0,4.0,6.7,5.6,4.0,5.4,5.9,6.8,4.0,6.0,4.0,4.0,4.0,5.5,4.0,4.0,4.0,4.0,4.0,6.0,4.0,4.0,4.0,4.0,4.0,4.0,4.0,4.0,5.2,4.0,4.0,4.0,4.0,4.0,4.0,4.0,4.0,4.0,4.0,4.0,4.0,4.0,4.0,4.0,6.7,4.0,4.0,4.0
832,4.0,4.0,4.0,4.0,8.3,4.0,4.0,6.3,7.5,4.0,4.0,4.0,4.0,4.0,4.0,5.6,6.1,4.0,4.0,4.0,4.0,4.0,4.0,4.0,4.0,4.0,4.0,4.0,6.3,7.1,4.0,4.0,4.0,4.0,4.0,4.0,4.0,4.0,4.0,4.0,4.0,6.3,6.0,7.1,6.3,4.0,6.8,4.0,4.0,7.1,5.6,6.6,4.0,4.0,4.0,4.0,8.4,4.0,4.0,4.0,4.0,5.4,6.2,6.7,5.8,6.5,4.0,4.0,4.0,4.0,4.0,4.0,6.0,4.0,4.0,4.0,4.0,7.5,5.6,4.0,4.0,5.7,4.0,6.0,4.0,4.0,5.2,4.0,4.0,6.6,6.5,6.0,7.4,6.8,5.8,5.5,5.8,5.4,5.8,4.0,5.1,5.7,4.0,5.4,4.0,4.0,5.7,6.3,7.1,6.1,5.9,4.0,5.6,4.0,6.0,4.0,6.1,5.7,4.0,4.0,5.1,5.1,5.3,4.0,4.0,4.0,5.9,4.0,4.0,4.0,5.5,5.7,4.0,4.0,4.0,4.0,5.5,5.4,4.0,4.0,4.0,4.0,4.0,4.0,4.0,4.0,4.0,4.0,4.0,4.0,4.0,4.0,5.4,4.0,4.0,4.0,4.0,4.0,4.0,4.0,4.0,4.0,4.0,4.0,4.0,4.0,4.0,4.0,5.7,4.0,4.0,4.0
833,7.1,7.2,7.4,4.0,6.7,4.0,4.0,7.5,7.0,8.1,4.0,4.0,4.0,6.2,4.0,7.7,6.7,4.0,6.4,4.0,6.3,4.0,5.5,4.0,6.2,4.0,6.8,4.0,6.3,5.9,4.0,6.1,6.3,4.0,4.0,4.0,4.0,6.3,4.0,4.0,4.0,4.0,4.0,7.9,6.5,4.0,7.2,4.0,4.0,7.5,4.0,7.1,6.3,5.2,6.6,4.0,4.0,5.6,4.0,4.0,4.0,7.1,5.7,6.5,6.4,6.9,4.0,4.0,4.0,4.0,4.0,4.0,4.0,4.0,4.0,4.0,4.0,8.5,6.4,4.0,4.0,7.0,4.0,7.0,6.5,4.0,4.0,4.0,4.0,6.3,6.6,7.6,9.1,7.8,5.9,6.3,6.6,6.3,6.6,6.2,4.0,8.2,6.2,7.0,5.9,6.3,5.5,7.0,6.8,6.6,7.1,4.0,7.3,4.0,6.9,4.0,6.8,7.0,7.2,7.1,6.2,6.1,5.8,5.3,5.7,6.8,6.0,6.5,4.0,5.4,6.5,5.7,5.6,5.8,4.0,4.0,6.3,6.5,4.0,4.0,5.1,4.0,4.0,7.6,7.8,4.0,4.0,4.0,4.0,5.2,4.0,6.7,5.3,4.0,4.0,4.0,4.0,4.0,4.0,4.0,4.0,4.0,4.0,4.0,4.0,4.0,6.1,6.4,7.2,4.0,4.0,4.0
840,4.0,4.0,4.0,4.0,4.0,4.0,4.0,6.7,6.3,4.0,5.4,4.0,6.2,4.0,4.0,5.3,5.4,4.0,4.0,9.1,7.4,5.7,4.0,6.5,4.0,4.0,4.0,4.0,5.3,5.2,4.0,5.6,4.0,4.0,4.0,4.0,4.0,4.0,5.5,4.0,4.0,4.0,6.0,6.3,4.0,4.0,7.3,4.0,4.0,6.2,5.7,7.0,6.6,4.0,4.0,4.0,6.0,4.0,4.0,4.0,4.0,6.4,4.0,5.6,4.0,5.9,4.0,4.0,4.0,4.0,4.0,4.0,4.0,4.0,7.7,4.0,4.0,6.5,6.1,4.0,4.0,4.0,4.0,4.0,4.0,4.0,4.0,4.0,4.0,5.2,4.0,5.7,4.0,6.3,5.9,4.0,4.0,4.0,4.0,4.0,5.1,4.0,4.0,6.0,4.0,4.0,4.0,6.2,5.9,5.6,5.6,6.2,6.5,4.0,6.9,4.0,4.0,6.3,4.0,4.0,5.7,4.0,4.0,4.0,4.0,4.0,5.4,4.0,4.0,4.0,4.0,4.0,5.4,5.3,4.0,4.0,5.3,5.4,4.0,4.0,4.0,4.0,4.0,6.7,4.0,4.0,4.0,4.0,4.0,5.2,4.0,6.1,4.0,4.0,4.0,4.0,4.0,4.0,4.0,4.0,4.0,4.0,4.0,4.0,4.0,4.0,4.0,4.0,4.0,4.0,4.0,4.0
842,4.0,4.0,4.0,5.3,4.0,4.0,4.0,6.9,6.6,4.0,5.8,4.0,6.1,4.0,4.0,6.2,5.9,4.0,4.0,4.0,8.0,5.8,6.3,7.1,4.0,4.0,4.0,4.0,6.1,5.4,4.0,5.5,4.0,4.0,4.0,4.0,4.0,6.0,5.7,4.0,4.0,4.0,6.4,6.3,5.4,4.0,8.0,4.0,4.0,6.6,5.9,7.1,6.6,4.0,4.0,4.0,6.3,4.0,4.0,4.0,4.0,6.9,4.0,5.6,4.0,6.1,4.0,4.0,4.0,4.0,4.0,4.0,4.0,4.0,8.4,4.0,4.0,6.7,6.9,4.0,4.0,5.6,4.0,4.0,4.0,4.0,4.0,6.0,4.0,5.2,4.0,5.6,4.0,6.7,5.9,4.0,4.0,4.0,4.0,5.4,5.4,4.0,4.0,6.4,4.0,4.0,4.0,6.6,5.8,5.8,6.1,6.7,6.6,4.0,6.9,4.0,4.0,7.1,4.0,5.3,5.9,4.0,4.0,4.0,4.0,5.8,4.0,4.0,4.0,4.0,5.4,4.0,6.0,5.2,4.0,4.0,5.3,5.5,4.0,4.0,4.0,6.1,4.0,7.1,4.0,4.0,4.0,4.0,4.0,5.3,4.0,6.1,4.0,4.0,4.0,4.0,4.0,4.0,4.0,4.0,4.0,4.0,4.0,4.0,4.0,6.1,4.0,4.0,4.0,4.0,4.0,4.0
844,4.0,4.0,4.0,4.0,5.9,4.0,4.0,7.9,6.7,4.0,5.6,4.0,4.0,4.0,4.0,5.7,6.1,4.0,4.0,6.3,6.5,6.0,4.0,4.0,4.0,4.0,4.0,4.0,5.3,6.1,4.0,4.0,4.0,4.0,4.0,4.0,4.0,4.0,4.0,4.0,4.0,5.3,4.0,6.1,5.4,4.0,6.6,4.0,4.0,6.6,5.4,6.6,5.9,4.0,4.0,4.0,7.5,4.0,4.0,4.0,4.0,6.4,5.2,5.2,4.0,5.7,4.0,5.3,4.0,4.0,4.0,4.0,4.0,4.0,6.5,4.0,4.0,7.4,6.2,4.0,4.0,6.0,4.0,4.0,4.0,4.0,4.0,4.0,4.0,5.8,6.0,4.0,6.6,7.0,4.0,5.5,5.5,5.4,4.0,5.6,4.0,5.6,4.0,6.1,4.0,5.5,4.0,6.2,6.1,5.1,5.4,4.0,5.4,4.0,7.5,4.0,4.0,6.2,5.5,4.0,4.0,5.6,4.0,4.0,4.0,4.0,5.3,4.0,4.0,4.0,5.2,5.2,4.0,5.2,4.0,4.0,4.0,4.0,4.0,4.0,5.2,4.0,4.0,4.0,4.0,4.0,4.0,4.0,4.0,5.7,4.0,6.3,5.4,4.0,4.0,4.0,4.0,4.0,4.0,4.0,4.0,4.0,4.0,4.0,4.0,4.0,4.0,4.0,6.3,4.0,4.0,4.0
845,4.0,4.0,4.0,4.0,4.0,4.0,5.2,6.2,8.5,4.0,5.3,4.0,5.8,4.0,4.0,7.6,7.8,4.0,4.0,6.3,5.8,5.4,4.0,4.0,4.0,4.0,4.0,4.0,5.8,6.9,4.0,4.0,4.0,4.0,4.0,4.0,4.0,6.0,4.0,4.0,4.0,6.2,4.0,7.1,6.0,4.0,6.3,4.0,4.0,7.0,6.0,6.2,5.8,4.0,4.0,4.0,4.0,4.0,4.0,4.0,4.0,6.1,5.9,5.8,4.0,5.3,4.0,4.0,4.0,4.0,4.0,4.0,4.0,4.0,4.0,4.0,4.0,7.7,4.0,4.0,4.0,5.8,4.0,5.8,6.3,4.0,5.2,4.0,4.0,5.9,6.2,6.5,8.3,7.1,4.0,6.0,6.1,6.3,6.3,5.8,5.1,6.4,4.0,5.3,5.6,4.0,4.0,6.0,6.9,6.0,6.0,4.0,6.2,4.0,5.7,4.0,4.0,6.5,5.7,4.0,5.7,4.0,4.0,4.0,4.0,4.0,5.2,4.0,4.0,5.2,5.5,5.8,4.0,4.0,4.0,5.8,5.5,6.0,4.0,4.0,4.0,4.0,4.0,4.0,4.0,4.0,4.0,4.0,4.0,5.4,4.0,6.1,4.0,4.0,4.0,4.0,4.0,4.0,4.0,4.0,4.0,4.0,4.0,4.0,4.0,4.0,4.0,4.0,6.2,4.0,4.0,4.0
846,4.0,4.0,4.0,4.0,8.2,4.0,5.2,6.9,8.0,4.0,5.8,4.0,6.5,4.0,4.0,7.2,7.2,4.0,4.0,6.2,5.9,4.0,4.0,4.0,4.0,4.0,4.0,4.0,6.1,6.9,4.0,4.0,4.0,4.0,4.0,5.8,5.7,7.0,4.0,4.0,4.0,6.0,4.0,6.4,6.1,4.0,5.9,4.0,6.0,6.6,6.2,6.6,6.1,4.0,4.0,4.0,4.0,4.0,4.0,4.0,4.0,6.2,5.9,5.6,4.0,5.1,5.6,4.0,6.4,5.9,4.0,4.0,4.0,4.0,4.0,4.0,4.0,7.3,5.4,4.0,4.0,5.7,4.0,5.8,7.6,4.0,5.5,4.0,4.0,6.2,5.9,6.2,8.5,7.3,4.0,5.7,5.8,5.9,6.2,5.7,4.0,6.1,4.0,5.9,6.0,4.0,5.4,6.0,6.7,5.8,5.9,4.0,6.0,4.0,6.1,4.0,4.0,6.3,5.8,4.0,5.8,4.0,4.0,4.0,4.0,6.2,5.7,4.0,4.0,6.1,5.4,5.9,4.0,5.5,4.0,7.0,5.2,5.7,4.0,4.0,5.6,4.0,4.0,4.0,4.0,4.0,4.0,4.0,4.0,5.7,4.0,5.9,4.0,4.0,4.0,4.0,4.0,4.0,4.0,4.0,4.0,4.0,4.0,4.0,4.0,4.0,4.0,4.0,6.5,4.0,4.0,4.0
847,8.9,4.0,6.5,4.0,4.0,4.0,4.0,4.0,8.5,4.0,4.0,4.0,6.6,4.0,4.0,7.9,7.8,4.0,4.0,4.0,5.8,4.0,5.7,4.0,4.0,4.0,4.0,4.0,6.4,7.6,4.0,4.0,4.0,4.0,4.0,6.3,5.6,7.8,4.0,4.0,4.0,6.4,4.0,6.1,5.4,4.0,4.0,4.0,5.9,6.5,5.8,6.4,6.7,4.0,4.0,4.0,4.0,4.0,4.0,4.0,4.0,7.2,6.4,5.4,4.0,5.1,4.0,4.0,4.0,4.0,4.0,4.0,4.0,4.0,6.1,4.0,4.0,7.1,5.1,4.0,4.0,5.6,4.0,4.0,4.0,4.0,5.2,4.0,4.0,6.5,6.5,6.0,9.3,6.6,4.0,5.6,5.8,5.6,6.6,5.6,5.8,5.3,7.3,6.7,4.0,4.0,4.0,5.6,6.5,5.3,5.1,4.0,5.4,4.0,4.0,4.0,4.0,6.3,6.0,6.7,5.9,5.5,4.0,4.0,4.0,4.0,4.0,6.5,4.0,5.3,5.9,5.2,4.0,4.0,4.0,4.0,4.0,4.0,4.0,5.5,4.0,4.0,4.0,4.0,4.0,4.0,4.0,4.0,4.0,4.0,4.0,4.0,4.0,4.0,4.0,4.0,4.0,4.0,4.0,4.0,4.0,4.0,4.0,4.0,4.0,4.0,4.0,4.0,6.2,4.0,4.0,4.0
849,4.0,4.0,4.0,4.0,7.1,4.0,4.0,6.0,7.3,4.0,4.0,4.0,5.7,4.0,4.0,6.9,6.8,4.0,4.0,4.0,4.0,4.0,4.0,4.0,4.0,4.0,4.0,4.0,6.3,6.1,4.0,4.0,4.0,4.0,4.0,4.0,4.0,7.0,4.0,4.0,4.0,4.0,4.0,6.3,5.9,4.0,7.4,4.0,4.0,6.7,5.2,5.9,5.8,4.0,4.0,4.0,8.5,4.0,4.0,4.0,4.0,5.4,4.0,5.6,4.0,4.0,4.0,4.0,4.0,4.0,4.0,4.0,4.0,4.0,4.0,4.0,4.0,7.1,4.0,4.0,4.0,5.6,4.0,4.0,6.5,4.0,4.0,6.5,4.0,5.6,5.6,6.0,7.2,6.6,4.0,4.0,4.0,4.0,4.0,6.2,5.5,5.8,5.2,5.1,6.6,4.0,5.6,6.1,5.7,4.0,5.7,4.0,7.2,4.0,6.4,4.0,4.0,6.2,5.4,6.3,5.3,4.0,4.0,4.0,4.0,4.0,5.6,4.0,4.0,5.2,5.2,4.0,4.0,5.6,4.0,6.5,5.4,5.8,4.0,4.0,5.4,4.0,4.0,5.9,4.0,4.0,4.0,4.0,4.0,4.0,4.0,6.0,4.0,4.0,4.0,4.0,4.0,4.0,4.0,4.0,4.0,4.0,4.0,4.0,4.0,4.0,4.0,4.0,5.9,4.0,4.0,4.0
851,4.0,4.0,4.0,4.0,7.9,4.0,5.2,6.6,8.4,4.0,4.0,4.0,6.0,4.0,4.0,7.6,7.8,4.0,4.0,4.0,6.0,5.4,4.0,4.0,4.0,4.0,4.0,4.0,6.2,7.2,4.0,4.0,4.0,4.0,4.0,5.7,5.4,6.9,4.0,4.0,4.0,6.4,4.0,6.4,5.9,4.0,6.4,4.0,6.3,6.8,6.3,7.0,6.8,5.1,4.0,4.0,4.0,4.0,4.0,4.0,4.0,7.6,6.1,5.5,4.0,4.0,4.0,5.4,4.0,4.0,4.0,4.0,5.9,4.0,4.0,4.0,4.0,7.7,5.4,4.0,4.0,5.9,4.0,5.9,6.7,4.0,5.4,4.0,4.0,6.4,6.3,6.4,8.5,7.2,4.0,5.7,6.0,5.9,6.5,6.4,6.2,5.7,4.0,7.4,5.7,4.0,4.0,5.6,6.8,5.8,5.7,4.0,5.8,4.0,6.3,4.0,5.9,6.5,6.2,4.0,6.0,5.9,4.0,4.0,4.0,4.0,5.2,5.7,6.1,5.6,5.9,5.7,4.0,5.4,4.0,5.6,4.0,5.9,4.0,5.4,5.1,4.0,4.0,4.0,4.0,4.0,4.0,4.0,4.0,5.7,4.0,6.0,4.0,4.0,4.0,4.0,4.0,4.0,4.0,4.0,4.0,4.0,4.0,4.0,4.0,4.0,4.0,4.0,6.5,4.0,4.0,4.0
860,4.0,4.0,4.0,4.0,5.4,5.8,4.0,4.0,5.4,4.0,5.3,4.0,6.8,4.0,4.0,5.1,5.4,4.0,4.0,4.0,5.8,5.8,6.1,6.1,4.0,4.0,4.0,4.0,6.3,6.7,4.0,4.0,4.0,4.0,4.0,4.0,4.0,4.0,4.0,4.0,4.0,4.0,6.1,6.2,4.0,4.0,4.0,4.0,4.0,5.9,5.7,6.4,6.8,4.0,4.0,4.0,5.8,4.0,4.0,4.0,4.0,4.0,4.0,4.0,5.9,4.0,4.0,4.0,4.0,4.0,4.0,4.0,4.0,4.0,4.0,4.0,4.0,5.6,5.5,4.0,4.0,5.2,4.0,4.0,4.0,4.0,5.8,4.0,4.0,5.8,5.6,5.1,4.0,5.1,4.0,4.0,4.0,4.0,5.6,5.8,5.8,4.0,6.1,6.6,4.0,5.6,4.0,6.1,5.5,4.0,4.0,6.6,4.0,4.0,6.4,4.0,4.0,5.1,6.0,6.1,5.8,6.2,4.0,4.0,4.0,4.0,5.8,4.0,4.0,5.7,5.3,5.1,4.0,4.0,4.0,4.0,4.0,4.0,4.0,4.0,5.1,4.0,4.0,6.0,4.0,4.0,5.8,4.0,4.0,5.9,4.0,5.2,4.0,4.0,4.0,4.0,4.0,4.0,4.0,4.0,4.0,4.0,4.0,4.0,4.0,4.0,4.0,4.0,5.2,4.0,4.0,4.0
870,6.9,4.0,6.5,6.4,7.4,4.0,5.3,4.0,8.0,4.0,5.9,6.5,7.4,4.0,4.0,4.0,6.5,4.0,4.0,4.0,6.2,5.7,4.0,6.0,4.0,4.0,4.0,4.0,7.1,7.9,4.0,6.2,4.0,4.0,5.4,4.0,4.0,4.0,4.0,4.0,4.0,7.0,7.0,5.9,8.4,4.0,6.9,4.0,4.0,5.8,6.1,6.7,4.0,6.6,4.0,4.0,8.2,4.0,4.0,4.0,4.0,4.0,7.2,4.0,4.0,4.0,4.0,4.0,4.0,4.0,4.0,4.0,6.2,4.0,5.9,4.0,4.0,6.7,5.6,4.0,4.0,6.8,4.0,6.9,5.9,4.0,6.7,5.9,4.0,7.2,6.7,5.9,6.1,8.2,6.6,6.0,6.3,5.4,6.5,6.4,4.0,6.6,7.6,6.1,6.9,6.4,7.4,7.1,6.2,6.1,4.0,4.0,5.6,4.0,4.0,4.0,7.6,7.7,6.5,7.4,6.4,5.4,5.4,4.0,5.7,4.0,6.5,4.0,4.0,6.9,6.2,6.0,4.0,6.0,4.0,4.0,4.0,4.0,4.0,5.5,5.6,4.0,4.0,4.0,4.0,4.0,4.0,4.0,4.0,6.3,4.0,7.0,5.2,4.0,4.0,4.0,4.0,4.0,4.0,4.0,4.0,4.0,4.0,4.0,4.0,4.0,4.0,4.0,7.9,4.0,4.0,4.0
877,4.0,4.0,4.0,4.0,4.0,4.0,4.0,4.0,8.1,4.0,4.0,4.0,6.7,4.0,4.0,7.5,7.3,4.0,4.0,4.0,4.0,5.4,5.9,4.0,4.0,4.0,4.0,4.0,6.4,7.0,4.0,4.0,4.0,4.0,4.0,4.0,4.0,4.0,4.0,4.0,4.0,5.5,4.0,6.4,4.0,4.0,4.0,4.0,6.1,6.9,6.2,5.8,5.8,5.1,4.0,4.0,4.0,4.0,4.0,4.0,4.0,5.6,5.6,4.0,4.0,4.0,4.0,4.0,7.2,5.9,4.0,4.0,4.0,4.0,4.0,4.0,4.0,7.3,5.4,4.0,4.0,5.2,4.0,4.0,6.4,4.0,5.5,4.0,4.0,5.4,5.4,7.1,7.3,7.6,4.0,5.3,5.4,5.3,6.5,5.9,6.3,6.1,6.6,6.6,4.0,4.0,4.0,6.0,6.1,4.0,6.2,6.3,6.9,4.0,6.2,4.0,4.0,6.9,4.0,4.0,6.0,5.4,4.0,4.0,4.0,6.2,6.7,4.0,4.0,6.0,5.6,5.8,4.0,5.2,4.0,4.0,4.0,4.0,4.0,4.0,6.2,4.0,4.0,4.0,4.0,4.0,4.0,4.0,4.0,5.4,6.0,5.3,4.0,4.0,4.0,4.0,4.0,4.0,4.0,4.0,4.0,4.0,4.0,4.0,4.0,4.0,4.0,4.0,6.9,4.0,4.0,4.0
882,4.0,4.0,4.0,5.8,6.5,4.0,4.0,5.9,6.4,4.0,4.0,4.0,4.0,4.0,4.0,6.8,6.5,4.0,4.0,6.7,6.4,4.0,4.0,4.0,4.0,4.0,4.0,4.0,5.7,6.4,4.0,4.0,4.0,4.0,4.0,4.0,4.0,4.0,4.0,4.0,4.0,5.5,6.5,7.5,6.4,4.0,8.6,4.0,6.4,7.8,5.8,5.8,4.0,4.0,4.0,4.0,7.8,4.0,4.0,4.0,4.0,4.0,4.0,4.0,4.0,4.0,4.0,4.0,4.0,4.0,4.0,4.0,4.0,4.0,4.0,4.0,4.0,4.0,6.5,4.0,4.0,5.3,4.0,4.0,4.0,4.0,4.0,4.0,4.0,5.3,5.5,7.4,4.0,7.5,5.8,5.7,5.7,5.6,6.2,5.5,5.7,7.9,6.5,4.0,5.5,4.0,4.0,6.3,6.3,6.2,6.1,6.7,7.6,4.0,6.4,4.0,4.0,6.5,4.0,4.0,6.2,5.6,4.0,4.0,4.0,4.0,6.5,4.0,4.0,5.9,5.5,5.2,4.0,5.3,4.0,4.0,4.0,6.2,4.0,4.0,4.0,4.0,4.0,6.1,4.0,4.0,4.0,4.0,4.0,5.4,4.0,5.4,4.0,4.0,4.0,4.0,4.0,4.0,4.0,4.0,4.0,4.0,4.0,4.0,4.0,4.0,4.0,4.0,6.3,4.0,4.0,4.0
883,4.0,4.0,4.0,4.0,8.2,4.0,4.0,6.0,7.9,4.0,5.4,4.0,6.2,4.0,4.0,7.8,7.6,4.0,4.0,4.0,6.0,5.5,4.0,4.0,4.0,4.0,4.0,4.0,5.8,6.8,4.0,4.0,4.0,4.0,4.0,4.0,5.4,6.5,4.0,4.0,4.0,6.3,6.0,6.1,5.5,4.0,4.0,4.0,6.3,6.5,6.0,7.0,7.1,5.2,4.0,4.0,4.0,4.0,4.0,4.0,4.0,7.5,6.0,4.0,4.0,4.0,4.0,4.0,4.0,4.0,4.0,4.0,4.0,4.0,4.0,4.0,4.0,7.1,5.1,4.0,4.0,5.9,4.0,4.0,7.2,4.0,5.3,4.0,4.0,6.8,6.5,6.0,8.7,6.6,4.0,5.4,5.5,5.5,6.1,5.5,5.3,5.6,4.0,7.4,5.5,4.0,4.0,5.9,6.4,5.2,5.3,4.0,5.7,4.0,6.0,4.0,4.0,5.9,5.7,4.0,5.7,5.8,4.0,4.0,4.0,4.0,5.2,6.2,4.0,5.8,5.9,5.5,5.6,4.0,4.0,4.0,4.0,5.5,4.0,4.0,5.1,4.0,4.0,4.0,4.0,4.0,4.0,4.0,4.0,5.5,4.0,5.9,4.0,4.0,4.0,4.0,4.0,4.0,4.0,4.0,4.0,4.0,4.0,4.0,4.0,4.0,4.0,4.0,6.2,4.0,4.0,4.0
939,7.8,8.7,6.5,5.9,4.0,6.4,6.1,7.4,8.0,8.3,7.2,7.1,6.8,6.7,6.7,7.6,7.0,4.0,7.4,7.1,6.8,7.2,6.3,6.8,8.3,7.5,8.0,7.5,6.7,7.5,4.0,5.8,5.8,7.2,4.0,7.2,7.0,7.5,6.6,6.2,6.5,6.0,7.0,7.0,7.3,6.9,6.2,6.3,7.7,6.7,5.8,6.9,7.0,5.9,7.8,4.0,4.0,6.5,4.0,7.5,5.7,7.5,5.4,6.1,5.3,5.7,5.9,5.6,6.9,4.0,7.4,4.0,4.0,4.0,6.1,4.0,4.0,6.9,5.7,4.0,4.0,7.3,4.0,7.6,7.1,4.0,7.1,6.8,6.5,7.8,7.6,6.0,8.6,7.8,7.2,6.7,6.9,6.5,6.7,7.3,8.1,6.2,6.9,7.8,5.8,6.8,7.3,7.2,6.0,6.3,7.4,6.5,8.4,6.7,7.9,6.5,7.1,7.0,5.8,6.6,6.1,7.1,4.0,5.6,6.1,7.0,6.5,7.3,7.9,8.4,6.9,5.9,6.2,5.8,5.7,4.0,6.6,6.4,4.0,6.9,6.3,4.0,6.4,7.1,7.0,6.1,7.7,6.0,7.1,7.5,6.6,7.2,5.8,7.0,6.7,5.6,4.0,4.0,4.0,4.0,4.0,4.0,4.0,4.0,6.7,5.7,6.4,7.1,7.3,6.7,6.4,6.3
940,7.8,5.5,6.8,4.0,8.0,6.9,6.4,6.4,7.6,8.1,6.5,7.1,7.5,6.7,5.8,4.0,4.0,6.2,6.5,7.0,6.3,7.7,7.0,4.0,8.9,7.3,7.3,7.1,7.9,7.3,4.0,8.1,7.3,7.8,4.0,7.7,7.9,7.7,7.7,7.4,7.7,4.0,7.3,6.9,7.6,5.8,5.7,7.3,8.3,7.8,7.6,6.8,6.1,7.5,7.1,7.7,8.8,7.0,4.0,4.0,4.0,4.0,4.0,4.0,4.0,4.0,4.0,4.0,4.0,4.0,4.0,4.0,4.0,4.0,4.0,4.0,4.0,4.0,4.0,4.0,4.0,4.0,4.0,4.0,4.0,4.0,4.0,4.0,4.0,4.0,4.0,4.0,4.0,4.0,4.0,4.0,4.0,4.0,4.0,4.0,4.0,4.0,4.0,4.0,4.0,4.0,4.0,4.0,4.0,4.0,4.0,4.0,4.0,4.0,4.0,4.0,4.0,4.0,4.0,4.0,4.0,4.0,4.0,4.0,4.0,4.0,4.0,4.0,4.0,4.0,4.0,4.0,4.0,4.0,4.0,4.0,4.0,4.0,4.0,4.0,4.0,4.0,4.0,4.0,4.0,4.0,4.0,4.0,4.0,4.0,4.0,4.0,4.0,4.0,4.0,4.0,4.0,4.0,4.0,4.0,4.0,4.0,4.0,4.0,7.3,6.0,6.5,6.8,8.3,8.0,7.3,6.8
941,7.6,6.4,6.9,4.0,7.9,6.5,6.4,5.8,7.7,8.1,6.0,6.5,6.9,6.1,5.6,5.6,5.7,4.0,6.4,6.6,6.0,7.3,6.3,4.0,8.7,7.0,6.9,6.8,7.8,6.8,4.0,8.1,7.3,6.7,4.0,7.5,7.8,7.7,7.5,7.3,7.4,4.0,6.7,6.8,6.7,4.0,5.6,6.7,7.4,7.5,7.1,7.2,6.6,7.5,6.7,7.1,8.8,6.7,4.0,4.0,4.0,4.0,4.0,4.0,4.0,4.0,4.0,4.0,4.0,4.0,4.0,4.0,4.0,4.0,4.0,4.0,4.0,4.0,4.0,4.0,4.0,4.0,4.0,4.0,4.0,4.0,4.0,4.0,4.0,4.0,4.0,4.0,4.0,4.0,4.0,4.0,4.0,4.0,4.0,4.0,4.0,4.0,4.0,4.0,4.0,4.0,4.0,4.0,4.0,4.0,4.0,4.0,4.0,4.0,4.0,4.0,4.0,4.0,4.0,4.0,4.0,4.0,4.0,4.0,4.0,4.0,4.0,4.0,4.0,4.0,4.0,4.0,4.0,4.0,4.0,4.0,4.0,4.0,4.0,4.0,4.0,4.0,4.0,4.0,4.0,4.0,4.0,4.0,4.0,4.0,4.0,4.0,4.0,4.0,4.0,4.0,4.0,4.0,4.0,4.0,4.0,4.0,4.0,4.0,6.8,5.4,5.7,6.4,8.5,7.5,7.0,6.1
942,8.2,6.2,7.8,4.0,8.5,6.7,7.4,6.6,8.0,8.8,6.9,7.1,7.9,6.2,6.3,6.8,6.6,4.0,7.0,7.0,6.4,6.5,7.1,4.0,8.7,7.6,7.1,6.8,7.9,8.2,4.0,8.1,7.3,8.2,4.0,7.7,7.5,7.9,7.8,7.7,7.9,5.6,7.2,7.4,7.7,6.2,6.5,6.3,7.9,7.8,6.9,6.5,6.5,8.2,6.7,7.1,8.5,6.8,4.0,4.0,4.0,6.1,4.0,4.0,4.0,4.0,4.0,4.0,4.0,4.0,6.5,7.0,4.0,4.0,4.0,4.0,4.0,4.0,4.0,4.0,4.0,4.0,4.0,4.0,6.0,4.0,7.4,7.1,4.0,4.0,4.0,4.0,7.0,4.0,4.0,4.0,4.0,4.0,4.0,4.0,8.3,4.0,7.5,4.0,4.0,4.0,4.0,7.3,4.0,7.1,4.0,4.0,4.0,7.0,4.0,4.0,4.0,4.0,6.0,4.0,6.9,4.0,4.0,4.0,4.0,7.1,7.7,4.0,7.9,7.7,4.0,4.0,4.0,4.0,4.0,4.0,4.0,4.0,4.0,4.0,4.0,4.0,4.0,4.0,4.0,4.0,8.1,4.0,4.0,7.3,6.3,4.0,4.0,4.0,7.8,4.0,4.0,6.5,4.0,4.0,4.0,4.0,4.0,4.0,7.7,5.9,6.5,6.8,9.0,7.7,6.9,7.2
943,7.5,6.4,6.0,4.0,8.1,6.5,6.5,6.4,7.7,8.1,6.7,7.2,4.0,6.7,5.7,4.0,4.0,5.9,6.5,7.2,6.5,7.1,7.4,4.0,8.8,7.5,7.0,6.9,7.5,7.9,4.0,8.1,7.8,7.2,4.0,7.3,7.8,7.4,7.0,7.5,7.6,4.0,7.2,7.5,7.9,6.2,6.2,7.0,8.3,4.0,8.0,6.8,6.3,7.5,6.9,7.4,4.0,7.1,4.0,4.0,4.0,6.9,4.0,4.0,4.0,4.0,4.0,4.0,4.0,4.0,6.4,7.4,4.0,4.0,4.0,4.0,4.0,7.2,4.0,4.0,4.0,4.0,4.0,4.0,6.5,4.0,6.4,7.3,4.0,6.7,4.0,4.0,7.5,7.2,4.0,4.0,4.0,4.0,8.6,4.0,8.4,4.0,7.7,4.0,4.0,4.0,4.0,7.0,4.0,7.3,4.0,4.0,4.0,7.2,7.1,4.0,4.0,4.0,6.2,4.0,7.1,4.0,4.0,4.0,4.0,7.7,7.3,4.0,8.4,7.9,4.0,4.0,4.0,4.0,6.0,4.0,4.0,4.0,4.0,4.0,4.0,4.0,4.0,4.0,4.0,4.0,8.4,4.0,4.0,7.7,6.8,4.0,4.0,4.0,7.3,4.0,4.0,7.4,4.0,4.0,4.0,4.0,4.0,4.0,7.4,5.9,6.5,6.4,8.1,8.0,7.2,7.3
944,7.0,4.0,6.6,4.0,8.3,6.6,4.0,6.2,7.6,8.3,6.3,6.7,6.6,5.9,4.0,4.0,4.0,5.7,6.0,7.0,6.8,7.6,6.2,4.0,8.3,7.2,6.8,6.8,7.3,6.6,4.0,6.5,5.9,6.7,4.0,6.8,6.9,6.8,7.5,6.9,7.1,4.0,7.0,6.2,7.9,5.7,5.9,5.9,7.4,6.9,7.1,6.2,4.0,7.5,6.6,6.9,8.9,7.3,4.0,4.0,4.0,4.0,4.0,4.0,4.0,4.0,4.0,4.0,4.0,4.0,4.0,4.0,4.0,4.0,4.0,4.0,4.0,4.0,4.0,4.0,4.0,4.0,4.0,4.0,4.0,4.0,4.0,4.0,4.0,4.0,4.0,4.0,4.0,4.0,4.0,4.0,4.0,4.0,4.0,4.0,4.0,4.0,4.0,4.0,4.0,4.0,4.0,4.0,4.0,4.0,4.0,4.0,4.0,4.0,4.0,4.0,4.0,4.0,4.0,4.0,4.0,4.0,4.0,4.0,4.0,4.0,4.0,4.0,4.0,4.0,4.0,4.0,4.0,4.0,4.0,4.0,4.0,4.0,4.0,4.0,4.0,4.0,4.0,4.0,4.0,4.0,4.0,4.0,4.0,4.0,4.0,4.0,4.0,4.0,4.0,4.0,4.0,4.0,4.0,4.0,4.0,4.0,4.0,4.0,7.5,4.0,5.9,6.1,7.8,7.5,6.7,6.3
945,7.9,6.2,7.2,4.0,8.5,7.0,6.2,6.5,7.5,8.0,6.4,7.2,7.9,6.5,6.2,6.5,6.7,6.8,6.7,7.2,6.8,7.6,7.1,4.0,8.8,7.9,6.7,6.5,7.7,7.1,5.4,7.8,7.2,7.6,4.0,7.9,8.2,8.1,8.2,7.9,8.2,5.6,7.6,7.2,7.4,6.0,6.5,7.4,7.9,8.5,8.0,7.4,6.6,7.7,6.9,7.2,8.9,7.3,5.3,4.0,4.0,4.0,4.0,4.0,4.0,4.0,4.0,4.0,4.0,4.0,4.0,4.0,4.0,4.0,4.0,4.0,4.0,4.0,4.0,4.0,4.0,4.0,4.0,4.0,4.0,4.0,4.0,4.0,4.0,4.0,4.0,4.0,4.0,4.0,4.0,4.0,4.0,4.0,4.0,4.0,4.0,4.0,4.0,4.0,4.0,4.0,4.0,4.0,4.0,4.0,4.0,4.0,4.0,4.0,4.0,4.0,4.0,4.0,4.0,4.0,4.0,4.0,4.0,4.0,4.0,4.0,4.0,4.0,4.0,4.0,4.0,4.0,4.0,4.0,4.0,4.0,4.0,4.0,4.0,4.0,4.0,4.0,4.0,4.0,4.0,4.0,4.0,4.0,4.0,4.0,4.0,4.0,4.0,4.0,4.0,4.0,4.0,4.0,4.0,4.0,4.0,4.0,4.0,4.0,6.9,6.0,6.4,6.7,9.1,7.9,7.4,6.7
946,8.1,7.5,7.4,4.0,8.5,6.6,6.7,6.2,8.1,8.6,6.4,7.0,7.6,6.4,6.1,6.3,6.3,5.9,6.7,7.1,6.4,7.0,6.8,4.0,9.2,7.6,7.3,7.1,7.9,7.4,4.0,8.2,7.5,7.5,4.0,7.9,7.8,8.1,7.6,7.6,7.9,4.0,7.2,7.2,6.9,5.8,6.3,7.2,7.8,7.4,7.2,6.9,7.2,7.7,7.1,7.4,8.8,6.8,4.0,4.0,4.0,7.1,4.0,4.0,4.0,4.0,4.0,4.0,4.0,4.0,6.4,7.5,4.0,4.0,4.0,4.0,4.0,4.0,4.0,4.0,4.0,4.0,4.0,4.0,6.3,4.0,7.2,7.2,4.0,4.0,4.0,4.0,6.9,4.0,4.0,4.0,4.0,4.0,4.0,4.0,8.4,4.0,7.6,4.0,4.0,4.0,4.0,7.2,4.0,7.7,4.0,4.0,4.0,7.0,4.0,4.0,4.0,4.0,6.5,4.0,6.4,4.0,4.0,4.0,4.0,6.8,7.7,4.0,8.3,7.9,4.0,4.0,4.0,4.0,6.0,4.0,4.0,4.0,4.0,4.0,4.0,4.0,4.0,4.0,4.0,4.0,8.1,4.0,4.0,8.0,6.7,4.0,4.0,4.0,8.2,4.0,4.0,6.3,4.0,4.0,4.0,4.0,4.0,4.0,7.3,5.9,6.0,6.7,9.2,7.6,7.3,6.6
947,8.2,8.5,6.4,5.6,4.0,6.1,4.0,7.3,8.5,4.0,6.0,4.0,7.3,6.5,4.0,7.9,7.7,4.0,6.2,6.8,6.8,7.0,5.8,4.0,4.0,6.2,4.0,4.0,7.2,7.6,4.0,4.0,5.5,4.0,5.6,6.9,5.9,8.0,6.5,6.0,4.0,4.0,6.4,6.6,7.6,4.0,4.0,4.0,4.0,6.3,6.1,6.8,6.0,6.8,7.6,4.0,4.0,4.0,4.0,6.4,6.8,6.6,5.3,5.6,4.0,5.5,4.0,6.3,7.7,6.9,6.3,6.0,4.0,4.0,4.0,4.0,4.0,6.3,5.5,4.0,4.0,7.3,4.0,6.4,7.0,4.0,6.7,6.9,4.0,7.2,7.2,6.8,8.8,7.5,6.6,5.9,6.1,5.6,7.2,7.1,7.1,6.4,4.0,7.5,6.5,5.9,6.6,7.6,6.5,6.0,6.9,4.0,7.2,6.0,6.6,6.4,6.4,6.6,6.4,4.0,6.5,6.8,4.0,5.1,4.0,6.6,6.6,5.7,6.8,8.2,6.4,6.1,6.1,6.0,5.8,4.0,6.9,6.9,4.0,6.9,6.0,4.0,4.0,4.0,4.0,6.2,4.0,4.0,4.0,4.0,6.2,4.0,5.5,4.0,5.9,4.0,4.0,4.0,4.0,4.0,4.0,4.0,4.0,4.0,4.0,4.0,4.0,6.1,7.2,6.3,5.9,4.0
948,7.1,5.6,5.9,6.8,8.1,4.0,5.8,6.9,7.9,8.2,4.0,6.1,6.2,4.0,5.7,4.0,4.0,6.4,5.7,5.7,4.0,6.3,5.8,4.0,7.9,7.5,6.8,6.8,7.0,6.6,4.0,7.8,7.0,6.6,4.0,6.1,6.8,6.2,6.4,6.0,6.4,6.6,6.3,5.7,7.3,4.0,4.0,6.5,6.3,6.5,6.2,4.0,4.0,6.9,5.5,5.7,8.9,5.6,4.0,4.0,4.0,4.0,4.0,4.0,4.0,4.0,4.0,4.0,4.0,4.0,4.0,4.0,4.0,4.0,4.0,4.0,4.0,6.0,4.0,4.0,4.0,4.0,4.0,4.0,4.0,4.0,5.9,4.0,4.0,6.5,4.0,4.0,4.0,6.3,4.0,4.0,4.0,4.0,7.9,4.0,4.0,4.0,6.2,4.0,4.0,4.0,4.0,5.6,4.0,4.0,4.0,4.0,4.0,4.0,4.0,4.0,4.0,4.0,4.0,4.0,4.0,4.0,4.0,4.0,4.0,4.0,6.7,4.0,4.0,4.0,4.0,4.0,4.0,4.0,4.0,4.0,4.0,4.0,4.0,4.0,4.0,4.0,4.0,4.0,4.0,4.0,4.0,4.0,4.0,4.0,4.0,4.0,4.0,4.0,4.0,4.0,4.0,4.0,4.0,4.0,4.0,4.0,4.0,4.0,7.8,4.0,6.4,6.3,7.2,6.3,6.2,6.3
949,6.7,4.0,6.3,6.8,8.2,6.2,6.8,6.0,7.1,7.3,6.3,6.6,6.4,5.7,4.0,4.0,4.0,5.9,6.4,6.6,5.9,7.4,6.6,4.0,7.7,6.8,7.1,7.3,7.0,6.9,4.0,7.0,6.0,6.9,6.4,7.1,7.4,7.4,7.3,6.7,6.7,4.0,6.8,6.3,7.3,4.0,6.2,6.0,7.2,6.4,6.9,6.7,6.5,7.1,6.4,6.8,8.8,6.6,4.0,4.0,4.0,4.0,4.0,4.0,4.0,4.0,4.0,4.0,4.0,4.0,4.0,4.0,4.0,4.0,4.0,4.0,4.0,4.0,4.0,4.0,4.0,4.0,4.0,4.0,4.0,4.0,4.0,4.0,4.0,4.0,4.0,4.0,4.0,4.0,4.0,4.0,4.0,4.0,4.0,4.0,4.0,4.0,4.0,4.0,4.0,4.0,4.0,4.0,4.0,4.0,4.0,4.0,4.0,4.0,4.0,4.0,4.0,4.0,4.0,4.0,4.0,4.0,4.0,4.0,4.0,4.0,4.0,4.0,4.0,4.0,4.0,4.0,4.0,4.0,4.0,4.0,4.0,4.0,4.0,4.0,4.0,4.0,4.0,4.0,4.0,4.0,4.0,4.0,4.0,4.0,4.0,4.0,4.0,4.0,4.0,4.0,4.0,4.0,4.0,4.0,4.0,4.0,4.0,4.0,6.6,5.2,5.8,5.7,6.6,7.1,6.1,5.7
950,4.0,4.0,4.0,4.0,7.6,6.6,4.0,6.4,8.2,4.0,6.3,6.5,6.8,6.7,4.0,7.1,7.4,4.0,4.0,4.0,6.4,6.4,6.2,4.0,4.0,4.0,4.0,4.0,6.1,6.8,4.0,4.0,4.0,4.0,4.0,6.9,6.6,7.9,4.0,4.0,4.0,5.9,4.0,6.3,5.8,4.0,4.0,4.0,6.7,5.5,6.2,6.5,6.2,5.1,4.0,4.0,8.4,6.6,4.0,6.2,5.5,6.7,5.3,5.2,4.0,4.0,5.4,5.6,7.7,6.5,6.3,4.0,4.0,4.0,4.0,4.0,4.0,6.1,5.5,4.0,4.0,6.7,4.0,6.3,7.4,4.0,6.2,6.5,4.0,6.6,6.8,5.4,7.3,6.0,6.2,4.0,5.2,4.0,7.0,6.1,6.7,5.4,4.0,6.3,5.3,7.0,6.3,6.1,5.9,5.8,6.0,4.0,6.5,6.3,5.5,4.0,4.0,5.9,5.7,4.0,6.4,6.0,4.0,5.7,5.8,6.5,6.0,4.0,7.9,7.0,5.2,5.1,4.0,6.1,6.0,5.8,4.0,4.0,4.0,6.2,5.6,4.0,4.0,4.0,4.0,4.0,4.0,4.0,4.0,6.5,6.3,6.6,5.4,4.0,6.7,4.0,4.0,4.0,4.0,4.0,4.0,4.0,4.0,4.0,4.0,4.0,4.0,4.0,5.7,6.2,4.0,4.0
951,4.0,4.0,4.0,5.9,4.0,5.8,5.2,4.0,8.6,4.0,6.2,6.9,7.8,6.3,4.0,7.0,6.6,4.0,4.0,6.2,6.8,7.1,6.3,6.4,4.0,4.0,4.0,4.0,7.0,8.1,4.0,4.0,4.0,4.0,5.0,7.0,6.8,4.0,5.9,4.0,4.0,6.4,6.2,7.6,8.3,4.0,6.2,4.0,6.7,6.3,5.2,6.4,4.0,5.8,4.0,4.0,4.0,6.1,4.0,6.4,4.0,7.5,4.0,6.2,5.1,5.7,5.7,4.0,7.2,6.0,5.9,6.3,4.0,4.0,4.0,4.0,4.0,5.9,5.9,4.0,4.0,7.1,4.0,6.8,4.0,4.0,8.1,6.3,5.8,4.0,4.0,5.6,6.8,8.0,4.0,4.0,4.0,4.0,7.1,7.0,8.1,6.3,6.6,6.7,4.0,6.5,5.3,7.0,6.7,7.0,7.7,4.0,6.4,6.2,4.0,4.0,6.7,7.9,4.0,7.2,6.7,6.6,4.0,5.6,4.0,4.0,6.7,5.2,4.0,8.1,4.0,6.0,4.0,4.0,4.0,4.0,4.0,5.4,4.0,6.3,5.1,4.0,4.0,7.4,7.0,4.0,7.3,6.5,4.0,7.0,6.1,6.8,4.0,6.0,4.0,5.8,4.0,4.0,4.0,4.0,4.0,4.0,4.0,4.0,6.3,4.0,4.0,4.0,8.0,6.3,4.0,4.0
952,4.0,4.0,4.0,6.9,8.3,6.0,4.0,4.0,4.0,4.0,6.9,7.6,8.4,7.8,4.0,6.4,6.6,4.0,4.0,7.9,6.6,7.4,7.9,7.0,4.0,4.0,4.0,4.0,7.1,8.0,4.0,6.1,6.6,4.0,6.4,8.0,7.7,8.9,6.2,4.0,4.0,5.6,7.3,7.4,7.6,4.0,4.0,4.0,4.0,6.8,7.3,7.6,7.4,6.6,4.0,6.5,7.8,6.8,4.0,7.5,6.4,7.8,5.9,6.8,5.6,5.9,4.0,5.4,7.4,6.7,6.1,7.1,4.0,4.0,5.7,4.0,4.0,6.2,6.5,4.0,4.0,7.0,4.0,6.8,6.6,4.0,7.0,7.9,4.0,7.3,4.0,6.3,4.0,8.1,6.9,4.0,6.3,4.0,7.5,7.2,8.2,4.0,7.6,7.1,6.6,7.6,6.3,6.9,6.2,7.3,8.1,6.2,7.8,7.0,6.4,6.7,7.1,8.3,6.0,6.7,7.3,5.9,4.0,4.0,4.0,7.0,6.8,4.0,8.2,7.3,5.9,7.0,4.0,6.6,4.0,6.0,5.5,5.3,4.0,6.2,6.0,4.0,5.8,7.1,4.0,4.0,7.8,4.0,7.1,7.3,7.4,7.6,5.4,6.0,6.9,4.0,4.0,4.0,4.0,4.0,4.0,4.0,4.0,4.0,4.0,6.6,4.0,4.0,7.2,7.4,4.0,4.0
953,7.9,7.4,5.9,6.7,7.7,7.2,4.0,4.0,8.0,4.0,6.3,6.9,4.0,7.1,4.0,4.0,4.0,4.0,4.0,7.4,5.8,6.4,6.6,7.4,4.0,4.0,4.0,4.0,7.4,7.2,4.0,6.8,7.1,4.0,7.1,7.4,6.9,8.3,8.0,4.0,4.0,5.5,6.9,6.0,6.1,4.0,4.0,6.4,4.0,7.4,8.0,7.6,7.0,5.9,4.0,4.0,7.7,5.6,4.0,7.5,5.2,6.9,5.2,5.5,4.0,4.0,6.6,5.8,6.4,5.9,6.0,6.9,4.0,4.0,4.0,4.0,4.0,7.5,6.1,4.0,4.0,6.8,4.0,6.5,6.3,4.0,6.9,7.1,4.0,7.1,4.0,6.4,4.0,8.2,6.5,4.0,5.8,4.0,7.1,6.8,8.2,4.0,6.9,7.1,6.7,7.3,6.7,6.8,5.3,6.6,6.2,4.0,8.0,6.4,6.2,8.1,8.4,8.3,7.6,4.0,6.2,4.0,4.0,5.1,4.0,6.6,6.3,4.0,8.1,7.9,6.2,7.4,4.0,5.2,5.7,4.0,5.3,4.0,4.0,5.9,5.1,4.0,4.0,4.0,4.0,4.0,7.0,4.0,8.1,6.8,6.6,7.3,5.2,7.6,6.4,4.0,4.0,4.0,4.0,4.0,4.0,4.0,4.0,4.0,7.7,6.7,4.0,4.0,4.0,6.4,4.0,4.0
954,4.0,4.0,4.0,5.9,4.0,6.5,6.1,6.8,4.0,4.0,7.2,7.2,8.3,7.2,4.0,8.2,7.8,4.0,4.0,7.6,7.7,7.2,7.1,4.0,4.0,4.0,4.0,4.0,7.6,8.0,4.0,4.0,6.0,4.0,6.0,7.9,7.3,9.0,6.8,4.0,4.0,6.2,6.9,6.8,7.3,4.0,6.6,4.0,7.5,6.8,6.8,7.1,6.5,6.4,4.0,4.0,4.0,6.4,4.0,7.6,6.1,7.4,5.5,5.9,5.2,5.7,6.3,5.9,7.9,6.4,7.6,6.7,4.0,4.0,6.3,4.0,4.0,7.6,5.6,4.0,4.0,7.3,4.0,7.6,7.7,4.0,7.5,7.4,4.0,7.7,7.6,6.7,9.0,7.7,7.0,6.7,6.7,6.7,7.5,7.6,8.4,6.5,4.0,8.1,6.6,7.0,6.9,7.0,6.2,6.4,6.8,4.0,7.7,6.7,5.6,7.0,6.9,6.9,6.5,4.0,6.9,6.6,4.0,6.3,5.4,7.3,7.4,6.2,7.6,4.0,6.6,6.4,5.5,5.7,6.7,5.7,6.8,7.1,4.0,6.9,6.1,4.0,6.7,6.3,4.0,6.7,4.0,4.0,4.0,4.0,7.1,4.0,5.9,4.0,7.7,4.0,4.0,4.0,4.0,4.0,4.0,4.0,4.0,4.0,6.9,6.1,4.0,4.0,7.5,6.7,4.0,4.0
955,4.0,4.0,4.0,5.8,4.0,6.7,5.3,6.7,4.0,4.0,6.7,6.9,8.0,6.9,4.0,7.2,7.1,4.0,4.0,7.3,7.2,7.0,6.9,4.0,4.0,4.0,4.0,4.0,7.6,8.0,4.0,6.0,6.2,4.0,6.0,7.3,7.0,8.7,6.4,4.0,4.0,6.4,6.8,6.9,6.6,4.0,4.0,4.0,6.7,6.6,6.8,7.1,6.4,6.3,4.0,4.0,4.0,6.3,4.0,7.1,5.7,6.9,5.6,5.2,4.0,5.5,6.3,5.3,8.3,7.0,7.2,6.7,4.0,4.0,4.0,4.0,4.0,6.9,5.8,4.0,4.0,7.2,4.0,6.6,7.9,4.0,7.3,7.3,4.0,7.1,7.3,6.5,8.7,7.0,5.8,5.8,6.0,5.5,7.3,7.1,8.3,5.8,4.0,7.3,6.5,6.1,6.5,7.5,6.2,5.4,6.6,4.0,6.9,6.8,5.7,6.2,6.3,6.8,6.2,4.0,6.6,7.1,4.0,5.9,4.0,6.9,7.4,5.6,7.8,4.0,6.3,6.1,5.1,5.6,6.5,5.7,6.4,6.6,4.0,7.1,6.2,4.0,6.2,4.0,4.0,5.9,4.0,4.0,4.0,4.0,6.7,4.0,5.3,4.0,7.0,4.0,4.0,4.0,4.0,4.0,4.0,4.0,4.0,4.0,6.7,6.1,4.0,4.0,6.7,6.3,4.0,4.0
956,4.0,4.0,4.0,5.8,4.0,6.1,4.0,6.0,7.6,4.0,6.4,6.8,7.6,6.4,4.0,7.0,6.6,4.0,4.0,6.3,7.0,6.4,6.3,6.3,4.0,4.0,4.0,4.0,7.1,7.2,4.0,4.0,4.0,4.0,5.2,6.9,6.8,8.4,6.0,4.0,4.0,5.9,5.9,6.2,6.2,4.0,4.0,5.8,6.4,5.9,4.0,6.3,6.6,5.8,4.0,4.0,4.0,6.4,4.0,6.5,5.2,6.6,5.4,4.0,4.0,4.0,5.8,4.0,6.9,6.5,6.2,4.0,4.0,4.0,4.0,4.0,4.0,5.7,5.5,4.0,4.0,7.0,4.0,6.7,7.3,4.0,7.3,6.4,4.0,6.6,6.7,5.8,6.7,6.4,5.8,4.0,4.0,4.0,6.3,6.1,7.6,5.5,6.3,6.0,4.0,6.3,5.8,6.4,6.0,6.0,5.8,5.7,6.3,6.0,5.4,4.0,6.4,6.8,5.4,7.2,6.3,6.7,4.0,5.6,5.4,6.5,6.4,5.3,7.6,8.5,6.0,5.6,4.0,5.4,5.4,4.0,4.0,4.0,4.0,6.4,5.1,4.0,4.0,6.3,6.0,5.8,7.4,6.0,7.3,6.7,6.3,6.5,4.0,6.5,6.4,5.9,4.0,4.0,4.0,4.0,4.0,4.0,4.0,4.0,6.6,6.3,4.0,4.0,6.4,6.2,4.0,4.0
958,4.0,6.1,4.0,6.3,8.3,6.3,5.9,4.0,7.5,4.0,6.6,7.2,8.2,7.2,4.0,6.6,7.3,4.0,4.0,7.0,6.5,6.5,6.7,4.0,4.0,4.0,4.0,4.0,7.4,7.4,4.0,6.5,6.6,4.0,5.9,8.1,7.7,4.0,7.0,4.0,4.0,5.8,6.5,5.9,6.3,4.0,4.0,4.0,7.5,6.4,7.0,8.1,6.7,7.2,4.0,6.9,8.2,7.1,5.2,8.1,4.0,6.8,6.6,4.0,4.0,4.0,5.7,4.0,6.1,4.0,6.4,6.8,5.9,5.7,6.4,4.0,4.0,6.9,5.2,4.0,4.0,7.2,4.0,6.2,4.0,4.0,7.7,7.2,4.0,6.6,6.8,5.5,6.4,8.2,4.0,6.8,7.2,6.3,7.2,7.1,7.8,5.6,7.2,6.2,6.6,6.8,6.5,7.1,5.7,6.5,5.8,4.0,7.0,7.0,5.6,6.7,7.5,8.0,6.1,6.5,6.1,5.8,4.0,4.0,5.3,6.7,6.9,4.0,8.3,7.7,5.7,6.6,4.0,4.0,6.1,4.0,5.7,5.3,4.0,7.1,5.4,4.0,6.1,4.0,4.0,4.0,4.0,4.0,4.0,4.0,4.0,4.0,4.0,4.0,4.0,4.0,4.0,4.0,4.0,4.0,4.0,4.0,4.0,4.0,6.8,6.0,4.0,4.0,8.0,6.7,4.0,4.0
959,4.0,4.0,4.0,7.0,4.0,6.9,5.7,4.0,8.0,4.0,6.5,7.1,8.6,7.0,4.0,6.0,4.0,4.0,4.0,7.2,6.5,7.0,7.1,7.8,4.0,4.0,4.0,4.0,8.0,4.0,4.0,4.0,7.0,4.0,6.6,8.4,7.5,4.0,7.5,4.0,4.0,5.1,6.9,6.0,7.0,4.0,4.0,6.2,7.5,6.8,7.3,8.0,6.8,4.0,4.0,4.0,8.3,4.0,4.0,8.1,5.6,4.0,4.0,4.0,4.0,4.0,6.8,4.0,5.9,4.0,6.3,6.7,4.0,4.0,4.0,4.0,4.0,6.8,4.0,4.0,4.0,7.3,4.0,7.0,4.0,4.0,6.9,7.0,4.0,4.0,4.0,5.4,6.2,7.9,6.4,4.0,7.5,4.0,7.8,7.9,8.0,5.7,7.2,6.7,6.9,7.1,4.0,4.0,6.4,6.7,6.4,4.0,4.0,6.7,4.0,8.0,8.7,4.0,6.5,6.2,6.6,5.9,4.0,4.0,4.0,4.0,7.5,4.0,4.0,4.0,4.0,7.2,4.0,4.0,5.9,5.4,5.8,5.4,4.0,6.7,5.8,4.0,4.0,4.0,4.0,4.0,8.1,7.2,4.0,7.1,6.5,4.0,5.8,7.3,4.0,4.0,4.0,4.0,4.0,4.0,4.0,4.0,4.0,4.0,7.1,4.0,4.0,4.0,7.8,7.2,4.0,4.0
960,4.0,4.0,4.0,4.0,4.0,6.5,4.0,4.0,7.5,4.0,6.5,6.7,8.9,6.3,4.0,4.0,4.0,6.1,4.0,7.0,4.0,6.7,7.1,4.0,4.0,7.5,4.0,4.0,8.5,8.3,4.0,4.0,4.0,4.0,4.0,4.0,6.6,4.0,7.8,4.0,4.0,4.0,7.2,7.0,7.3,4.0,4.0,6.8,7.9,7.5,7.7,6.3,4.0,7.3,4.0,7.4,8.8,6.8,4.0,4.0,4.0,7.0,4.0,4.0,4.0,4.0,4.0,4.0,4.0,4.0,6.8,7.7,4.0,4.0,4.0,4.0,4.0,4.0,4.0,4.0,4.0,4.0,4.0,4.0,6.5,4.0,6.4,7.1,4.0,4.0,4.0,4.0,7.2,4.0,4.0,4.0,4.0,4.0,4.0,4.0,4.0,4.0,7.9,4.0,4.0,4.0,4.0,7.4,4.0,7.8,4.0,4.0,4.0,7.2,4.0,4.0,4.0,4.0,6.5,4.0,7.3,4.0,4.0,4.0,4.0,7.4,8.4,4.0,8.7,8.5,4.0,4.0,4.0,4.0,4.0,4.0,4.0,4.0,4.0,4.0,4.0,4.0,4.0,4.0,4.0,4.0,8.7,4.0,4.0,7.9,6.8,4.0,4.0,4.0,8.6,4.0,4.0,7.3,4.0,4.0,4.0,4.0,4.0,4.0,7.7,5.6,4.0,4.0,4.0,7.7,4.0,4.0
961,7.8,6.1,7.0,4.0,8.4,6.5,6.8,6.4,8.1,8.4,6.6,6.6,7.3,6.4,5.7,5.5,5.6,5.9,6.7,7.0,6.1,7.8,6.5,4.0,8.4,7.0,7.3,6.8,7.6,5.9,4.0,8.2,7.4,7.3,4.0,7.4,7.8,7.5,7.4,7.4,7.5,4.0,6.9,6.8,7.2,5.7,4.0,7.0,7.7,7.5,7.4,6.5,5.9,7.8,6.7,7.2,9.2,6.8,4.0,4.0,4.0,4.0,4.0,4.0,4.0,4.0,4.0,4.0,4.0,4.0,4.0,6.7,4.0,4.0,4.0,4.0,4.0,4.0,4.0,4.0,4.0,4.0,4.0,4.0,4.0,4.0,4.0,4.0,4.0,4.0,4.0,4.0,4.0,4.0,4.0,4.0,4.0,4.0,4.0,4.0,4.0,4.0,4.0,4.0,4.0,4.0,4.0,6.0,4.0,4.0,4.0,4.0,4.0,4.0,4.0,4.0,4.0,4.0,4.0,4.0,4.0,4.0,4.0,4.0,4.0,4.0,7.6,4.0,4.0,4.0,4.0,4.0,4.0,4.0,4.0,4.0,4.0,4.0,4.0,4.0,4.0,4.0,4.0,4.0,4.0,4.0,4.0,4.0,4.0,4.0,4.0,4.0,4.0,4.0,4.0,4.0,4.0,4.0,4.0,4.0,4.0,4.0,4.0,4.0,7.6,5.6,6.6,5.6,8.5,8.2,6.8,6.8
962,6.7,4.0,4.0,7.7,8.5,6.6,5.3,6.1,8.0,4.0,6.8,7.8,8.0,7.1,4.0,5.9,6.3,4.0,4.0,7.9,6.7,6.9,7.4,6.4,4.0,4.0,4.0,4.0,7.8,7.6,4.0,6.1,5.7,4.0,6.6,7.1,7.1,8.9,7.1,4.0,4.0,5.2,8.0,6.0,7.2,4.0,4.0,4.0,7.2,6.3,7.6,7.7,6.7,7.8,6.9,6.1,8.0,6.5,4.0,7.8,5.7,6.2,5.7,5.1,4.0,4.0,6.2,5.6,6.6,4.0,7.2,6.5,4.0,6.3,4.0,4.0,4.0,6.5,5.4,4.0,4.0,7.0,4.0,7.6,6.8,4.0,6.8,7.3,5.9,7.3,7.4,6.0,6.1,6.9,6.7,5.8,5.9,5.2,7.3,7.9,8.4,5.9,7.1,6.0,7.1,6.8,7.4,7.3,5.9,7.3,7.4,6.1,6.6,6.3,6.6,8.3,9.1,7.2,7.2,6.2,6.2,5.7,4.0,5.4,4.0,6.9,7.7,4.0,8.2,7.7,6.0,6.5,5.7,5.7,4.0,4.0,5.6,5.2,4.0,5.8,5.6,4.0,4.0,4.0,4.0,4.0,7.9,4.0,8.5,7.2,6.6,7.6,4.0,6.9,8.1,4.0,4.0,4.0,4.0,4.0,4.0,4.0,6.5,4.0,7.2,6.5,4.0,4.0,6.8,7.2,4.0,4.0
963,6.7,4.0,4.0,6.8,7.6,6.5,4.0,4.0,8.0,4.0,6.2,7.1,8.5,7.5,4.0,6.4,6.9,4.0,4.0,7.3,6.6,6.1,6.9,7.2,4.0,4.0,4.0,4.0,8.2,7.6,4.0,7.2,6.9,4.0,6.6,7.7,7.5,8.9,7.7,4.0,4.0,5.2,7.3,6.4,6.0,4.0,4.0,6.2,7.2,6.8,7.7,4.0,7.4,6.9,7.1,6.3,7.9,6.5,4.0,8.0,5.3,7.3,5.5,5.2,4.0,4.0,6.2,5.4,6.6,4.0,6.5,6.9,4.0,4.0,6.5,4.0,4.0,7.1,5.8,4.0,4.0,7.2,4.0,7.3,6.6,4.0,7.4,7.4,5.7,6.9,7.0,5.9,6.3,4.0,6.7,6.5,6.8,6.3,7.1,7.7,4.0,5.8,7.0,7.1,7.2,7.0,6.8,7.1,5.6,7.0,6.4,4.0,7.5,6.5,6.1,8.2,8.1,4.0,7.1,6.2,6.3,5.4,4.0,5.2,4.0,6.8,7.0,4.0,8.4,8.1,6.4,6.8,4.0,4.0,4.0,5.5,5.6,5.4,4.0,5.9,5.9,4.0,6.2,4.0,4.0,4.0,7.9,4.0,8.2,6.9,6.8,7.6,4.0,7.5,8.1,4.0,4.0,4.0,4.0,4.0,4.0,4.0,4.0,4.0,7.3,6.8,4.0,4.0,8.2,7.1,4.0,4.0
964,8.1,7.8,6.9,5.1,4.0,6.4,4.0,6.7,8.3,4.0,6.0,6.5,4.0,6.5,4.0,7.8,7.2,4.0,4.0,6.1,6.9,6.5,6.1,4.0,4.0,4.0,4.0,4.0,6.8,7.7,4.0,5.9,5.8,4.0,5.6,7.4,6.8,8.4,6.9,4.0,4.0,6.4,6.7,6.4,6.6,4.0,4.0,4.0,6.3,4.0,6.0,6.7,6.1,6.6,4.0,4.0,4.0,4.0,4.0,6.4,6.9,6.8,5.2,4.0,4.0,4.0,5.6,6.9,7.8,6.1,6.2,7.2,4.0,4.0,5.7,4.0,4.0,7.3,5.3,4.0,4.0,7.7,4.0,4.0,6.8,4.0,7.1,6.9,4.0,7.6,7.9,6.7,4.0,7.6,6.6,6.6,6.7,7.0,7.3,7.1,8.5,7.0,7.4,8.2,6.5,5.8,6.7,7.3,6.1,6.1,6.1,4.0,8.6,6.0,6.4,6.8,7.3,7.1,6.2,4.0,6.0,6.5,4.0,5.8,5.9,6.8,6.4,7.1,7.5,8.0,7.2,5.8,5.3,6.1,5.9,5.7,6.5,6.7,4.0,6.4,6.0,4.0,4.0,4.0,4.0,4.0,4.0,4.0,6.1,4.0,6.6,7.6,6.2,4.0,4.0,4.0,4.0,4.0,4.0,4.0,4.0,4.0,4.0,4.0,6.5,4.0,4.0,4.0,7.4,6.2,4.0,4.0
965,4.0,4.0,4.0,5.7,4.0,6.2,4.0,6.6,7.9,4.0,6.9,6.5,7.5,6.5,4.0,7.9,7.5,4.0,4.0,6.9,7.2,7.1,6.5,4.0,4.0,4.0,4.0,4.0,7.3,8.1,4.0,4.0,5.8,4.0,5.8,7.2,6.6,8.3,6.4,4.0,4.0,6.2,6.4,6.5,7.5,4.0,4.0,4.0,6.7,6.6,6.4,6.9,6.3,6.2,4.0,4.0,4.0,6.1,4.0,6.3,6.6,6.7,5.5,4.0,4.0,5.1,6.0,6.3,7.6,5.9,6.7,4.0,4.0,4.0,4.0,4.0,4.0,7.2,5.3,4.0,4.0,7.0,4.0,7.0,7.6,4.0,7.4,6.8,4.0,7.2,7.2,6.5,8.2,7.6,6.1,5.4,5.8,4.0,7.7,7.0,7.4,5.9,4.0,7.2,6.6,6.4,6.7,7.2,6.0,6.5,6.8,4.0,6.9,6.6,4.0,7.1,7.1,7.1,6.0,4.0,6.4,6.9,4.0,5.9,4.0,6.8,7.3,5.7,7.2,8.3,6.5,6.0,4.0,5.6,6.5,4.0,6.0,6.3,4.0,6.6,5.6,4.0,6.1,4.0,4.0,4.0,4.0,4.0,4.0,4.0,6.4,4.0,5.2,4.0,7.3,4.0,4.0,4.0,4.0,4.0,4.0,4.0,4.0,4.0,6.6,4.0,4.0,4.0,7.4,6.4,4.0,4.0
966,4.0,4.0,4.0,4.0,4.0,7.4,4.0,4.0,7.9,4.0,6.9,7.2,4.0,6.5,4.0,4.0,4.0,6.3,4.0,7.3,4.0,6.9,7.5,4.0,4.0,8.1,4.0,4.0,8.6,8.2,4.0,4.0,4.0,4.0,4.0,4.0,4.0,4.0,8.0,4.0,4.0,4.0,7.8,7.7,8.3,4.0,4.0,7.2,8.6,7.6,8.0,7.0,4.0,8.5,4.0,8.1,4.0,7.2,4.0,4.0,4.0,7.4,4.0,4.0,4.0,4.0,4.0,4.0,4.0,4.0,6.4,8.5,4.0,4.0,4.0,4.0,4.0,4.0,4.0,4.0,4.0,4.0,4.0,4.0,7.8,4.0,7.1,7.2,4.0,4.0,4.0,4.0,7.8,4.0,4.0,4.0,4.0,4.0,4.0,4.0,4.0,4.0,8.2,4.0,4.0,4.0,4.0,7.6,4.0,7.9,4.0,4.0,4.0,7.7,4.0,4.0,4.0,4.0,6.7,4.0,7.0,4.0,4.0,4.0,4.0,7.5,8.3,4.0,9.1,8.5,4.0,4.0,4.0,4.0,6.0,4.0,4.0,4.0,4.0,4.0,4.0,4.0,4.0,4.0,4.0,4.0,8.8,4.0,4.0,8.2,6.8,4.0,4.0,4.0,8.8,4.0,4.0,6.7,4.0,4.0,4.0,4.0,4.0,4.0,7.5,6.5,4.0,4.0,4.0,7.9,4.0,4.0
967,4.0,4.0,4.0,4.0,4.0,7.2,4.0,4.0,7.8,4.0,6.7,7.0,9.1,6.5,4.0,4.0,4.0,6.0,4.0,7.1,4.0,6.7,7.3,4.0,4.0,8.0,4.0,4.0,8.2,7.9,4.0,4.0,4.0,4.0,4.0,4.0,7.4,4.0,7.5,4.0,4.0,4.0,7.5,7.5,7.8,4.0,4.0,7.1,8.4,7.8,8.0,6.4,4.0,7.8,4.0,7.9,4.0,7.1,4.0,4.0,4.0,7.1,4.0,4.0,4.0,4.0,4.0,4.0,4.0,4.0,6.0,8.2,4.0,4.0,4.0,4.0,4.0,4.0,4.0,4.0,4.0,4.0,4.0,4.0,7.1,4.0,6.8,6.8,4.0,4.0,4.0,4.0,7.3,4.0,4.0,4.0,4.0,4.0,4.0,4.0,4.0,4.0,7.8,4.0,4.0,4.0,4.0,7.3,4.0,7.5,4.0,4.0,4.0,7.4,4.0,4.0,4.0,4.0,6.3,4.0,6.7,4.0,4.0,4.0,4.0,7.7,8.1,4.0,9.1,8.5,4.0,4.0,4.0,4.0,6.3,4.0,4.0,4.0,4.0,4.0,4.0,4.0,4.0,4.0,4.0,4.0,8.6,4.0,4.0,7.7,6.2,4.0,4.0,4.0,8.7,4.0,4.0,6.3,4.0,4.0,4.0,4.0,4.0,4.0,7.2,6.2,4.0,4.0,4.0,7.8,4.0,4.0
968,4.0,4.0,4.0,4.0,4.0,6.9,4.0,4.0,7.6,4.0,6.8,6.9,8.8,6.4,4.0,4.0,4.0,7.1,4.0,7.0,4.0,6.6,7.3,4.0,4.0,8.0,4.0,4.0,8.0,8.0,4.0,4.0,4.0,4.0,4.0,4.0,7.9,4.0,7.4,4.0,4.0,4.0,7.5,7.2,7.5,4.0,4.0,7.2,8.3,7.7,8.0,6.2,4.0,7.4,4.0,7.5,9.0,6.9,4.0,4.0,4.0,6.9,4.0,4.0,4.0,4.0,4.0,4.0,4.0,4.0,6.0,7.4,4.0,4.0,4.0,4.0,4.0,4.0,4.0,4.0,4.0,4.0,4.0,4.0,6.6,4.0,6.5,6.6,4.0,4.0,4.0,4.0,6.9,4.0,4.0,4.0,4.0,4.0,4.0,4.0,8.4,4.0,7.5,4.0,4.0,4.0,4.0,7.3,4.0,7.6,4.0,4.0,4.0,7.3,4.0,4.0,4.0,4.0,6.3,4.0,6.6,4.0,4.0,4.0,4.0,7.1,7.6,4.0,8.9,8.3,4.0,4.0,4.0,4.0,6.0,4.0,4.0,4.0,4.0,4.0,4.0,4.0,4.0,4.0,4.0,4.0,8.4,4.0,4.0,7.5,6.5,4.0,4.0,4.0,8.4,4.0,4.0,6.6,4.0,4.0,4.0,4.0,4.0,4.0,7.1,6.3,4.0,4.0,4.0,7.7,4.0,4.0
969,4.0,4.0,4.0,6.5,8.3,5.8,4.0,4.0,4.0,4.0,6.6,7.5,8.2,7.4,4.0,6.0,6.8,4.0,4.0,7.7,6.9,7.1,7.3,6.7,4.0,4.0,4.0,4.0,6.9,8.0,4.0,6.1,6.5,4.0,5.9,7.5,7.1,8.4,5.9,4.0,4.0,5.5,7.1,6.6,7.7,4.0,4.0,4.0,4.0,6.4,6.6,7.3,7.0,7.2,4.0,5.8,7.6,6.4,6.0,7.1,5.9,7.4,6.1,6.0,4.0,5.3,4.0,4.0,7.1,6.3,6.3,6.7,4.0,4.0,4.0,4.0,4.0,5.8,6.1,4.0,4.0,6.6,4.0,6.2,6.3,4.0,6.7,7.6,4.0,6.5,6.1,5.9,4.0,8.3,6.5,4.0,5.7,4.0,7.7,7.0,8.0,4.0,7.5,6.8,6.2,7.4,5.9,6.6,5.7,6.9,8.0,6.1,7.6,6.8,6.2,6.2,7.0,4.0,6.0,6.6,7.6,5.5,4.0,4.0,4.0,6.7,6.8,4.0,7.5,7.2,5.6,6.8,4.0,6.4,4.0,5.9,5.6,5.3,4.0,5.7,5.6,4.0,4.0,6.4,4.0,4.0,7.8,4.0,6.7,7.3,6.4,7.1,5.2,4.0,6.2,4.0,4.0,4.0,4.0,4.0,4.0,4.0,4.0,4.0,4.0,6.4,4.0,4.0,7.2,7.5,4.0,4.0
970,4.0,4.0,4.0,7.0,8.4,5.8,4.0,4.0,4.0,4.0,6.6,8.0,8.1,7.6,4.0,6.2,6.5,4.0,4.0,7.7,6.9,7.4,7.6,7.2,4.0,4.0,4.0,4.0,7.0,4.0,4.0,6.6,6.7,4.0,6.3,7.9,7.4,8.6,6.2,4.0,4.0,6.0,7.5,6.9,8.0,4.0,4.0,4.0,4.0,6.6,7.1,7.2,7.4,6.9,4.0,6.1,8.0,6.9,4.0,7.7,6.7,7.7,6.4,6.4,4.0,5.1,4.0,5.7,7.2,4.0,6.5,7.3,4.0,4.0,6.1,4.0,4.0,6.1,6.2,4.0,4.0,6.7,4.0,6.4,6.5,4.0,7.3,7.6,4.0,7.0,6.7,6.5,4.0,8.4,6.8,4.0,6.1,4.0,7.9,7.4,8.4,4.0,8.0,7.2,6.4,7.5,6.3,6.8,6.2,7.3,8.5,5.7,7.7,7.2,6.3,6.6,7.3,4.0,5.9,6.9,7.8,5.7,4.0,4.0,4.0,6.8,7.3,4.0,7.9,7.4,5.9,7.0,4.0,6.7,4.0,6.1,5.6,4.0,4.0,6.3,5.9,4.0,4.0,6.9,4.0,4.0,8.2,4.0,7.0,7.4,7.4,7.4,4.0,6.2,7.0,4.0,5.4,4.0,4.0,4.0,4.0,4.0,4.0,4.0,4.0,6.7,4.0,4.0,7.5,8.3,4.0,4.0
971,4.0,4.0,4.0,6.8,7.5,6.4,4.0,4.0,8.0,4.0,6.4,7.2,8.2,7.6,4.0,6.4,7.0,4.0,4.0,9.0,6.8,6.7,7.1,7.7,4.0,4.0,4.0,4.0,8.0,7.7,4.0,7.1,7.1,4.0,6.3,8.2,7.7,9.0,7.7,4.0,4.0,5.3,7.6,6.5,6.1,4.0,4.0,6.3,4.0,6.9,7.2,8.3,7.1,6.8,4.0,6.0,7.9,6.2,4.0,7.7,5.2,7.6,5.8,5.2,4.0,4.0,6.5,5.3,6.4,4.0,6.2,6.6,4.0,4.0,6.5,4.0,4.0,6.8,6.1,4.0,4.0,7.2,4.0,6.9,6.6,4.0,7.5,7.2,4.0,7.0,6.0,6.2,6.3,8.4,6.6,4.0,7.2,4.0,7.3,7.6,4.0,4.0,7.3,7.1,7.0,7.4,7.0,6.6,5.4,6.5,6.6,5.8,7.7,6.5,6.2,7.8,8.1,8.3,6.9,6.0,6.7,5.7,4.0,5.1,4.0,6.8,7.2,4.0,8.3,7.8,6.2,7.2,4.0,5.7,6.1,5.5,5.9,5.6,4.0,6.1,5.9,4.0,6.1,4.0,4.0,4.0,7.9,4.0,8.1,6.7,6.7,7.5,4.0,7.6,8.2,4.0,4.0,4.0,4.0,4.0,4.0,4.0,4.0,4.0,4.0,6.9,4.0,4.0,7.8,7.5,4.0,4.0
972,7.7,4.0,4.0,7.8,4.0,6.7,5.8,6.4,4.0,4.0,6.6,7.9,8.8,8.0,4.0,6.4,6.7,6.3,4.0,7.5,7.0,7.1,7.9,7.4,4.0,4.0,4.0,4.0,4.0,8.3,4.0,7.6,7.2,4.0,6.6,8.2,7.7,4.0,8.0,4.0,4.0,5.8,8.6,7.0,7.4,4.0,6.4,6.7,7.7,7.3,7.6,4.0,7.2,8.1,7.9,6.9,4.0,6.6,4.0,8.7,6.0,7.1,6.1,6.7,5.8,6.0,7.2,5.3,7.2,6.2,6.5,6.7,4.0,6.5,6.6,4.0,4.0,7.0,6.9,4.0,4.0,8.0,4.0,8.0,7.2,4.0,7.6,7.5,6.2,8.1,8.1,6.0,6.9,4.0,7.4,7.3,7.3,7.0,8.2,4.0,4.0,5.7,7.5,7.2,7.2,7.4,8.0,7.6,5.9,7.4,7.8,6.5,8.1,7.2,7.1,8.6,9.2,4.0,6.7,6.4,7.3,6.1,5.2,5.9,6.0,7.5,8.4,5.2,8.8,8.4,6.7,7.2,5.6,6.3,4.0,5.9,6.0,5.4,4.0,6.5,6.5,4.0,6.2,6.0,4.0,4.0,8.6,4.0,8.8,7.5,7.1,8.0,5.7,7.9,8.2,4.0,4.0,4.0,4.0,4.0,4.0,4.0,6.9,4.0,7.0,6.9,4.0,4.0,8.3,8.5,4.0,4.0
975,4.0,4.0,4.0,6.4,4.0,7.0,4.0,4.0,8.3,4.0,6.5,7.0,7.8,7.2,4.0,4.0,4.0,4.0,4.0,7.4,7.0,6.8,6.5,4.0,4.0,4.0,4.0,4.0,4.0,4.0,4.0,4.0,5.9,4.0,6.1,7.6,6.8,4.0,6.7,4.0,4.0,4.0,6.2,5.9,4.0,4.0,4.0,4.0,4.0,6.0,7.0,7.2,6.8,4.0,4.0,4.0,4.0,4.0,4.0,7.8,6.1,4.0,4.0,4.0,4.0,4.0,5.8,5.5,6.1,4.0,6.5,6.1,4.0,4.0,4.0,4.0,4.0,6.1,4.0,4.0,4.0,6.7,4.0,4.0,4.0,4.0,6.4,6.7,4.0,4.0,4.0,5.8,4.0,6.8,6.2,4.0,4.0,4.0,4.0,4.0,7.6,5.8,4.0,4.0,4.0,6.9,4.0,4.0,5.7,6.2,5.9,4.0,4.0,6.2,4.0,4.0,4.0,7.2,6.8,4.0,4.0,4.0,4.0,4.0,4.0,4.0,4.0,4.0,4.0,4.0,4.0,6.1,4.0,4.0,4.0,4.0,5.7,4.0,4.0,4.0,4.0,4.0,4.0,4.0,4.0,4.0,4.0,4.0,4.0,7.1,6.6,4.0,4.0,4.0,4.0,4.0,4.0,4.0,4.0,4.0,4.0,4.0,4.0,4.0,4.0,4.0,4.0,4.0,6.2,6.8,4.0,4.0
976,4.0,4.0,4.0,6.7,7.7,6.3,4.0,4.0,8.0,4.0,6.3,7.4,8.2,7.6,4.0,6.5,6.9,4.0,4.0,8.4,6.6,6.6,7.3,7.8,4.0,4.0,4.0,4.0,6.8,5.9,4.0,5.7,7.2,4.0,6.5,8.3,8.1,9.3,7.7,4.0,4.0,5.8,4.0,6.5,6.0,4.0,4.0,4.0,4.0,6.9,7.6,8.3,6.3,5.5,4.0,5.8,7.7,6.4,4.0,7.7,5.2,7.5,6.1,5.4,4.0,4.0,6.2,5.5,6.5,4.0,6.4,6.5,4.0,4.0,7.1,4.0,4.0,6.7,6.0,4.0,4.0,7.1,4.0,4.0,6.2,4.0,7.2,7.0,4.0,5.8,4.0,6.4,4.0,7.9,4.0,4.0,4.0,4.0,5.5,5.9,4.0,4.0,5.4,5.9,4.0,7.8,4.0,5.6,5.8,6.9,6.4,4.0,7.7,6.8,6.2,6.4,6.6,8.3,7.2,5.9,4.0,5.5,4.0,4.0,4.0,6.6,5.5,4.0,8.1,6.1,4.0,7.1,4.0,4.0,4.0,4.0,5.9,5.8,4.0,5.4,4.0,4.0,6.2,4.0,4.0,4.0,6.4,4.0,8.1,6.6,6.7,7.4,5.6,5.9,8.5,4.0,4.0,4.0,4.0,4.0,4.0,4.0,4.0,4.0,4.0,6.9,4.0,4.0,7.6,7.7,4.0,4.0
978,5.7,6.9,6.6,5.7,7.2,6.1,5.5,5.7,7.0,6.9,5.6,4.0,5.8,5.7,5.6,6.8,6.8,4.0,5.9,6.4,6.3,6.4,6.1,5.8,7.7,6.6,7.2,6.8,6.9,7.0,4.0,4.0,4.0,7.3,4.0,6.2,6.8,7.0,6.7,5.7,6.0,5.7,6.5,6.9,6.0,6.7,4.0,5.7,6.0,6.7,6.6,5.8,4.0,5.8,5.7,4.0,8.2,4.0,4.0,6.7,4.0,6.9,5.8,5.2,5.1,5.3,6.5,4.0,6.1,4.0,6.0,4.0,4.0,5.9,4.0,4.0,4.0,7.3,5.6,4.0,4.0,6.8,4.0,6.3,7.3,4.0,7.8,7.0,4.0,7.4,7.4,6.2,8.2,7.3,4.0,4.0,4.0,4.0,7.0,7.2,7.5,4.0,4.0,6.6,5.5,6.5,6.1,7.2,6.2,6.0,6.0,4.0,6.9,6.3,4.0,5.8,6.4,7.0,6.3,4.0,7.0,6.1,4.0,5.7,4.0,6.9,7.8,4.0,7.0,7.9,6.4,6.7,4.0,4.0,4.0,4.0,4.0,4.0,4.0,6.2,5.6,4.0,5.7,4.0,4.0,4.0,4.0,4.0,4.0,4.0,6.7,4.0,5.2,4.0,6.0,4.0,4.0,4.0,4.0,4.0,4.0,4.0,4.0,4.0,4.0,4.0,5.8,6.7,7.0,4.0,6.2,6.3
979,5.9,7.2,4.0,4.0,7.8,4.0,4.0,4.0,8.1,7.3,4.0,4.0,4.0,4.0,4.0,7.5,7.0,4.0,4.0,4.0,6.3,6.1,4.0,4.0,7.5,6.1,7.0,6.8,6.9,7.2,4.0,4.0,4.0,5.9,4.0,7.3,6.8,7.2,4.0,4.0,4.0,4.0,4.0,4.0,4.0,4.0,4.0,4.0,4.0,5.7,4.0,5.9,4.0,6.1,6.3,4.0,4.0,4.0,4.0,4.0,6.3,6.4,4.0,4.0,4.0,4.0,5.4,5.9,6.2,4.0,6.2,4.0,4.0,4.0,4.0,4.0,4.0,6.3,4.0,4.0,4.0,6.6,4.0,4.0,7.3,4.0,7.2,6.8,4.0,7.6,7.7,6.6,8.6,6.5,4.0,4.0,4.0,4.0,6.8,6.6,7.6,4.0,7.4,7.6,4.0,4.0,6.5,6.9,4.0,4.0,5.9,4.0,7.2,6.0,4.0,4.0,4.0,6.4,4.0,6.0,6.5,6.7,4.0,4.0,4.0,6.4,6.7,4.0,7.0,8.4,6.7,4.0,4.0,4.0,6.0,4.0,4.0,4.0,4.0,5.8,4.0,4.0,4.0,4.0,4.0,4.0,7.4,4.0,5.9,7.1,6.5,6.7,4.0,7.0,6.8,4.0,4.0,4.0,4.0,4.0,4.0,4.0,4.0,4.0,4.0,4.0,4.0,7.1,7.0,4.0,5.9,4.0
982,4.0,4.0,4.0,5.9,6.1,4.0,6.1,4.0,6.2,4.0,4.0,4.0,6.1,6.4,4.0,6.1,6.3,4.0,4.0,4.0,4.0,4.0,4.0,4.0,4.0,4.0,4.0,4.0,6.3,7.3,4.0,4.0,4.0,4.0,5.3,4.0,4.0,6.9,4.0,4.0,4.0,5.3,4.0,5.7,6.3,4.0,4.0,4.0,4.0,5.8,6.2,6.1,4.0,5.4,4.0,4.0,7.4,4.0,4.0,4.0,4.0,5.5,5.5,5.5,5.6,5.6,4.0,4.0,4.0,4.0,4.0,4.0,7.6,4.0,4.0,4.0,4.0,5.7,4.0,4.0,4.0,6.6,4.0,4.0,4.0,4.0,6.2,6.1,4.0,6.9,6.5,5.5,6.3,6.0,4.0,4.0,4.0,5.4,4.0,5.2,6.0,4.0,6.7,5.5,4.0,4.0,6.1,5.6,6.4,6.3,5.4,4.0,7.3,5.9,4.0,4.0,4.0,5.5,4.0,5.6,4.0,5.2,6.0,4.0,6.0,5.9,5.5,5.5,5.8,6.8,5.9,5.3,4.0,5.6,4.0,4.0,4.0,4.0,4.0,5.9,4.0,4.0,4.0,4.0,4.0,4.0,4.0,4.0,4.0,4.0,4.0,4.0,4.0,4.0,4.0,4.0,4.0,4.0,4.0,4.0,4.0,4.0,4.0,4.0,4.0,4.0,4.0,4.0,5.8,4.0,4.0,4.0
983,4.0,4.0,4.0,6.1,4.0,5.9,4.0,6.2,8.4,4.0,7.7,6.8,8.1,6.6,4.0,6.9,6.3,4.0,4.0,6.0,6.6,7.0,6.7,6.6,4.0,4.0,4.0,4.0,4.0,4.0,4.0,6.0,5.9,4.0,4.0,7.3,7.1,4.0,6.1,4.0,4.0,6.7,6.4,7.1,4.0,4.0,4.0,4.0,4.0,6.7,5.6,7.0,6.7,4.0,4.0,4.0,4.0,6.7,4.0,7.0,5.5,8.0,4.0,5.9,5.7,5.9,6.6,4.0,6.9,6.9,6.9,4.0,4.0,4.0,4.0,4.0,4.0,6.1,6.0,4.0,4.0,7.1,4.0,4.0,4.0,4.0,8.3,6.6,5.6,4.0,4.0,6.0,4.0,6.9,6.4,4.0,4.0,4.0,4.0,4.0,8.2,5.7,4.0,4.0,4.0,7.2,4.0,4.0,6.2,6.6,7.2,4.0,7.0,6.4,4.0,4.0,4.0,7.2,5.5,4.0,4.0,4.0,4.0,5.8,4.0,4.0,4.0,4.0,4.0,4.0,4.0,6.8,4.0,4.0,5.3,4.0,5.6,6.0,4.0,4.0,4.0,4.0,4.0,4.0,4.0,4.0,4.0,6.0,4.0,7.3,6.6,7.0,5.3,4.0,4.0,5.7,4.0,4.0,4.0,4.0,4.0,4.0,4.0,4.0,4.0,4.0,4.0,4.0,7.1,4.0,4.0,4.0
984,4.0,7.4,4.0,5.7,4.0,6.2,4.0,4.0,4.0,4.0,5.8,6.4,7.2,6.2,4.0,7.2,7.2,4.0,4.0,6.4,6.7,6.8,6.1,6.5,4.0,4.0,4.0,4.0,7.4,7.8,4.0,4.0,4.0,4.0,5.6,6.3,6.2,7.8,6.0,4.0,4.0,6.1,6.6,6.9,7.7,4.0,4.0,4.0,4.0,6.8,6.2,6.7,7.2,5.9,4.0,4.0,4.0,6.1,4.0,6.2,5.8,6.5,5.7,5.6,4.0,5.4,4.0,4.0,4.0,4.0,5.9,4.0,4.0,4.0,4.0,4.0,4.0,6.4,5.7,4.0,4.0,6.5,4.0,6.3,7.0,4.0,7.7,6.0,4.0,6.4,6.3,5.6,7.4,7.5,5.9,4.0,5.3,4.0,7.5,6.9,8.4,6.4,7.4,6.8,6.1,6.1,7.1,6.7,6.2,7.0,7.2,6.9,4.0,4.0,5.7,6.1,7.2,7.6,5.6,7.0,7.1,5.7,4.0,6.2,4.0,5.8,6.8,5.8,6.6,7.5,5.7,5.9,4.0,6.0,4.0,4.0,5.7,5.9,4.0,6.0,5.7,4.0,4.0,6.9,6.5,4.0,7.0,4.0,6.2,7.3,4.0,6.6,4.0,6.4,4.0,4.0,4.0,4.0,4.0,4.0,4.0,4.0,4.0,4.0,6.2,4.0,4.0,4.0,7.6,4.0,4.0,4.0
985,4.0,4.0,4.0,5.7,4.0,4.0,4.0,6.5,7.4,4.0,4.0,4.0,6.1,6.6,4.0,7.9,7.2,4.0,4.0,6.2,5.8,5.3,5.6,6.2,4.0,4.0,4.0,4.0,4.0,4.0,4.0,7.3,5.9,4.0,4.0,4.0,4.0,4.0,5.7,4.0,4.0,6.1,5.8,6.8,4.0,4.0,4.0,4.0,4.0,7.6,5.4,6.3,5.9,4.0,4.0,4.0,4.0,6.3,4.0,4.0,4.0,7.1,4.0,5.6,4.0,5.5,4.0,4.0,6.2,4.0,4.0,4.0,4.0,4.0,5.9,4.0,4.0,7.8,5.6,4.0,4.0,6.9,4.0,4.0,4.0,4.0,5.9,6.3,4.0,4.0,4.0,6.3,4.0,6.1,8.3,4.0,4.0,4.0,4.0,4.0,5.5,4.0,4.0,4.0,4.0,7.4,4.0,4.0,6.1,6.3,7.5,4.0,4.0,6.1,4.0,4.0,4.0,6.2,6.0,4.0,4.0,4.0,7.6,6.0,4.0,4.0,4.0,4.0,4.0,4.0,4.0,6.9,4.0,4.0,4.0,5.9,5.8,5.8,5.7,4.0,4.0,4.0,4.0,4.0,4.0,4.0,4.0,7.5,4.0,5.5,4.0,7.0,6.6,4.0,4.0,6.5,4.0,4.0,4.0,4.0,4.0,4.0,4.0,4.0,4.0,4.0,4.0,4.0,6.7,4.0,4.0,4.0
986,4.0,4.0,4.0,4.0,4.0,5.9,4.0,6.1,8.6,4.0,5.4,4.0,6.1,6.3,4.0,8.2,7.7,4.0,4.0,4.0,5.9,5.3,6.5,4.0,4.0,4.0,4.0,4.0,6.3,7.3,4.0,5.5,5.4,4.0,4.0,6.3,6.0,8.4,4.0,4.0,4.0,5.5,6.0,6.2,5.8,4.0,4.0,4.0,4.0,5.2,5.9,6.3,6.1,6.1,4.0,4.0,4.0,4.0,4.0,4.0,5.7,6.7,5.5,5.4,4.0,5.4,4.0,4.0,7.6,4.0,4.0,6.2,4.0,4.0,4.0,4.0,4.0,5.4,5.6,4.0,4.0,6.2,4.0,6.2,4.0,4.0,6.4,6.5,4.0,5.7,6.2,5.8,7.2,5.6,4.0,4.0,5.7,4.0,7.8,6.1,7.4,6.3,6.9,6.6,4.0,6.1,5.6,6.4,6.4,6.7,5.5,4.0,6.2,6.3,4.0,4.0,4.0,5.9,6.3,7.2,6.6,5.6,4.0,4.0,5.6,6.4,6.1,4.0,7.0,7.4,5.7,5.3,4.0,5.6,5.6,4.0,4.0,4.0,4.0,5.5,5.5,4.0,4.0,6.4,4.0,4.0,4.0,4.0,4.0,4.0,4.0,4.0,4.0,4.0,4.0,4.0,4.0,4.0,4.0,4.0,4.0,4.0,4.0,4.0,6.3,4.0,4.0,4.0,5.7,4.0,4.0,4.0
987,6.7,6.8,4.0,5.6,4.0,4.0,5.4,4.0,4.0,4.0,5.7,4.0,6.4,4.0,4.0,5.8,6.2,4.0,4.0,4.0,6.6,5.3,6.0,5.9,4.0,4.0,4.0,4.0,6.7,6.5,4.0,5.7,5.7,4.0,4.0,6.3,5.8,7.2,4.0,4.0,4.0,5.9,6.0,5.5,8.4,4.0,4.0,4.0,7.3,5.9,6.5,6.6,6.5,6.4,4.0,4.0,4.0,4.0,4.0,6.2,4.0,5.9,6.0,5.1,4.0,4.0,4.0,4.0,6.2,4.0,4.0,4.0,5.9,4.0,4.0,4.0,4.0,5.7,5.2,4.0,4.0,5.6,4.0,4.0,6.1,4.0,7.1,5.9,4.0,6.1,5.9,5.2,6.3,4.0,6.2,8.4,5.2,5.2,6.6,6.6,8.1,7.0,6.1,6.7,5.3,6.0,5.4,6.0,6.4,7.0,8.2,4.0,6.6,4.0,5.7,4.0,6.3,8.3,4.0,6.8,6.7,6.2,4.0,4.0,4.0,6.3,5.8,4.0,6.6,6.5,4.0,6.4,4.0,5.6,4.0,4.0,4.0,5.4,4.0,4.0,4.0,4.0,4.0,6.3,6.2,4.0,7.1,4.0,6.3,4.0,4.0,6.0,4.0,6.1,4.0,4.0,4.0,4.0,4.0,4.0,4.0,4.0,4.0,4.0,4.0,4.0,4.0,4.0,7.7,4.0,4.0,4.0
988,4.0,4.0,4.0,4.0,7.8,7.1,4.0,5.9,7.9,4.0,6.3,7.3,6.1,6.5,4.0,6.4,6.3,4.0,4.0,6.3,6.3,7.1,6.4,6.6,4.0,4.0,4.0,4.0,6.9,7.1,4.0,6.2,5.8,4.0,5.4,6.7,6.0,7.5,5.5,4.0,4.0,6.2,6.6,5.8,6.1,4.0,4.0,4.0,4.0,5.9,5.7,6.3,7.1,5.7,4.0,4.0,8.5,5.8,4.0,4.0,5.3,6.4,5.8,4.0,5.5,4.0,5.5,4.0,5.9,5.9,6.8,6.1,4.0,4.0,4.0,4.0,4.0,6.4,5.6,4.0,4.0,6.5,4.0,6.5,7.6,4.0,6.9,6.4,4.0,5.9,6.0,5.4,7.8,5.7,6.8,5.3,5.9,5.8,6.4,6.4,7.7,5.6,6.7,6.5,6.1,6.9,5.6,7.0,6.0,5.8,6.1,4.0,4.0,5.9,4.0,4.0,6.0,6.0,4.0,6.8,6.2,5.9,4.0,5.1,4.0,6.4,6.9,5.3,6.8,7.2,5.4,6.1,4.0,4.0,4.0,5.5,5.4,6.0,4.0,5.7,6.2,4.0,4.0,5.9,4.0,4.0,6.9,4.0,4.0,7.2,6.4,6.3,5.2,6.9,4.0,4.0,4.0,4.0,4.0,4.0,4.0,4.0,4.0,4.0,4.0,4.0,4.0,4.0,5.6,4.0,4.0,4.0
989,4.0,4.0,4.0,4.0,6.7,4.0,4.0,4.0,6.3,4.0,4.0,4.0,4.0,4.0,4.0,5.4,5.9,4.0,4.0,4.0,6.0,4.0,4.0,5.8,4.0,4.0,4.0,4.0,6.2,6.7,4.0,4.0,4.0,4.0,4.0,4.0,4.0,6.5,5.4,4.0,4.0,4.0,4.0,5.3,5.9,4.0,4.0,4.0,4.0,5.4,5.6,5.5,5.5,4.0,4.0,4.0,7.3,4.0,4.0,4.0,4.0,5.5,4.0,4.0,4.0,4.0,4.0,4.0,4.0,4.0,4.0,4.0,4.0,4.0,4.0,4.0,4.0,5.5,4.0,4.0,4.0,6.0,4.0,4.0,6.2,4.0,5.8,4.0,4.0,6.1,6.2,5.2,6.2,5.7,4.0,4.0,4.0,4.0,4.0,5.8,6.0,4.0,5.7,5.3,4.0,4.0,5.6,5.8,5.2,4.0,5.3,4.0,6.1,4.0,4.0,4.0,6.5,5.8,4.0,5.4,4.0,5.6,4.0,4.0,4.0,4.0,5.7,4.0,6.0,6.7,5.6,4.0,4.0,4.0,4.0,4.0,4.0,4.0,4.0,5.4,4.0,4.0,4.0,4.0,4.0,4.0,6.4,6.3,5.8,4.0,4.0,4.0,4.0,6.2,4.0,4.0,4.0,4.0,4.0,4.0,5.8,4.0,4.0,4.0,5.9,4.0,4.0,4.0,6.1,4.0,4.0,4.0
991,4.0,4.0,4.0,5.1,8.3,6.9,5.4,4.0,7.6,4.0,6.0,4.0,6.7,6.7,4.0,6.5,6.2,4.0,4.0,6.2,6.1,6.3,6.1,6.6,4.0,4.0,4.0,4.0,6.6,7.3,4.0,4.0,4.0,4.0,5.2,6.4,6.6,7.0,5.5,4.0,4.0,6.6,5.6,5.7,6.9,4.0,4.0,4.0,4.0,5.8,4.0,6.2,6.2,5.6,4.0,4.0,4.0,4.0,4.0,4.0,4.0,6.4,5.9,4.0,4.0,4.0,5.5,4.0,6.3,4.0,5.9,4.0,4.0,4.0,4.0,4.0,4.0,5.7,5.3,4.0,4.0,6.5,4.0,6.4,6.5,4.0,7.0,6.3,4.0,6.0,6.2,5.5,6.1,6.0,4.0,4.0,5.7,5.2,6.2,6.0,7.7,5.6,6.5,5.8,5.5,5.8,5.4,6.5,6.1,6.3,6.1,4.0,6.4,6.4,5.6,4.0,4.0,6.1,5.4,7.2,6.4,5.8,4.0,4.0,4.0,6.6,6.1,5.7,6.4,7.2,5.5,7.0,4.0,4.0,4.0,4.0,4.0,5.8,4.0,5.6,6.0,4.0,4.0,6.4,6.4,4.0,6.9,7.6,4.0,6.3,6.3,6.5,4.0,6.3,5.9,6.9,4.0,4.0,4.0,4.0,4.0,4.0,4.0,4.0,6.0,4.0,4.0,4.0,6.0,4.0,4.0,4.0
992,6.6,4.0,4.0,6.7,8.1,6.4,5.8,4.0,7.6,4.0,6.7,7.4,8.7,7.6,4.0,6.0,6.4,4.0,4.0,7.1,6.8,6.9,7.4,6.9,4.0,4.0,4.0,4.0,7.7,4.0,4.0,7.5,7.1,4.0,6.4,8.1,7.5,4.0,7.1,4.0,4.0,5.2,7.2,6.1,6.5,4.0,4.0,6.4,7.5,6.5,7.3,7.9,7.4,4.0,7.1,6.6,8.0,6.5,4.0,8.2,5.7,7.0,5.5,4.0,4.0,4.0,6.8,5.8,6.2,4.0,6.5,6.8,4.0,4.0,6.4,4.0,4.0,6.8,5.4,4.0,4.0,7.1,4.0,7.2,7.1,4.0,7.3,7.5,4.0,7.1,7.2,5.5,6.3,8.2,6.5,6.9,7.5,6.2,7.6,7.4,8.2,5.9,6.8,7.0,7.2,6.7,4.0,4.0,5.3,6.7,6.6,4.0,7.4,6.3,6.0,7.9,8.4,7.8,6.5,6.1,6.5,5.9,4.0,5.0,4.0,7.5,7.3,4.0,8.9,4.0,6.0,6.8,4.0,5.7,4.0,4.0,5.8,5.5,4.0,7.1,5.8,4.0,6.3,4.0,4.0,6.0,7.9,4.0,8.6,7.7,6.8,7.4,4.0,7.3,8.9,4.0,4.0,4.0,4.0,4.0,4.0,4.0,6.6,4.0,7.4,6.6,4.0,4.0,7.9,4.0,4.0,4.0
993,4.0,4.0,4.0,5.4,7.6,5.9,5.3,4.0,7.1,4.0,5.9,4.0,6.8,6.6,4.0,7.0,6.6,4.0,4.0,6.4,6.7,6.1,6.3,4.0,4.0,4.0,4.0,4.0,7.4,7.5,4.0,4.0,4.0,4.0,5.4,6.1,6.0,7.9,6.4,4.0,4.0,5.4,6.0,5.7,6.7,4.0,4.0,4.0,4.0,5.8,6.4,6.5,5.8,5.7,4.0,4.0,8.2,4.0,4.0,6.4,4.0,6.3,5.1,4.0,4.0,4.0,5.8,4.0,6.1,4.0,5.9,4.0,4.0,4.0,4.0,4.0,4.0,6.2,5.2,4.0,4.0,6.5,4.0,4.0,6.6,4.0,7.4,6.5,4.0,6.9,7.1,5.9,7.2,6.5,4.0,4.0,4.0,4.0,7.0,6.5,7.8,5.5,4.0,6.5,6.0,5.7,5.8,6.4,6.4,6.3,6.1,4.0,6.4,6.0,4.0,6.0,6.6,6.5,4.0,4.0,6.4,5.7,4.0,4.0,4.0,6.5,7.2,4.0,6.7,7.9,6.2,6.5,4.0,4.0,5.6,4.0,4.0,4.0,4.0,6.0,5.3,4.0,4.0,4.0,4.0,4.0,4.0,4.0,4.0,4.0,6.2,4.0,4.0,4.0,6.3,4.0,4.0,4.0,4.0,4.0,4.0,4.0,4.0,4.0,5.9,4.0,4.0,4.0,6.6,4.0,4.0,4.0
994,4.0,4.0,4.0,4.0,7.7,6.8,4.0,4.0,7.2,4.0,6.0,4.0,7.0,4.0,4.0,6.4,6.7,4.0,4.0,6.2,6.3,6.2,5.7,4.0,4.0,4.0,4.0,4.0,6.4,6.6,4.0,4.0,4.0,4.0,5.2,7.0,6.2,7.7,5.8,4.0,4.0,5.5,6.2,6.0,5.5,4.0,4.0,4.0,6.0,5.6,6.1,6.4,4.0,4.0,4.0,4.0,8.2,5.7,4.0,4.0,6.6,6.3,4.0,4.0,4.0,4.0,5.7,6.1,5.8,4.0,6.2,4.0,4.0,4.0,4.0,4.0,4.0,6.1,4.0,4.0,4.0,6.7,4.0,6.1,6.7,4.0,6.3,6.0,4.0,6.9,6.9,5.6,7.4,6.1,4.0,4.0,4.0,4.0,6.2,6.0,6.3,4.0,4.0,6.5,5.4,6.0,5.5,6.2,6.1,5.6,5.8,4.0,6.3,4.0,4.0,4.0,6.4,5.9,5.4,4.0,6.0,5.6,4.0,4.0,4.0,5.9,5.8,4.0,7.3,6.8,6.2,4.0,4.0,4.0,6.0,4.0,4.0,4.0,4.0,5.6,4.0,4.0,4.0,4.0,4.0,4.0,4.0,4.0,4.0,5.9,4.0,6.4,4.0,4.0,6.4,4.0,4.0,4.0,4.0,4.0,4.0,4.0,4.0,4.0,6.2,6.0,4.0,4.0,6.0,4.0,4.0,4.0
995,4.0,4.0,4.0,6.0,7.3,6.0,4.0,4.0,7.5,4.0,5.5,4.0,7.3,6.3,4.0,5.8,5.9,4.0,4.0,4.0,4.0,6.1,6.3,6.1,4.0,4.0,4.0,4.0,6.9,7.0,4.0,6.1,6.1,4.0,6.1,6.9,6.7,8.3,6.7,4.0,4.0,4.0,6.5,6.0,5.8,4.0,4.0,4.0,6.4,6.0,6.3,7.5,6.9,6.3,6.2,4.0,7.5,6.0,4.0,7.8,5.4,6.8,4.0,4.0,4.0,4.0,4.0,5.4,4.0,4.0,5.9,4.0,4.0,4.0,4.0,4.0,4.0,6.1,5.5,4.0,4.0,6.5,4.0,6.4,5.9,4.0,6.2,6.9,4.0,6.4,4.0,4.0,4.0,6.3,6.4,5.6,5.7,5.3,5.8,6.7,8.0,5.4,6.3,5.9,6.1,6.1,6.1,6.4,4.0,6.1,6.4,4.0,6.3,4.0,4.0,6.7,6.9,6.3,5.6,4.0,5.7,5.4,4.0,4.0,4.0,4.0,6.3,4.0,7.6,6.6,5.2,5.9,4.0,4.0,4.0,4.0,4.0,4.0,4.0,5.6,4.0,4.0,4.0,4.0,4.0,4.0,7.6,4.0,7.0,6.4,6.1,7.0,4.0,6.5,7.5,4.0,4.0,4.0,4.0,4.0,4.0,4.0,4.0,4.0,6.4,4.0,4.0,4.0,4.0,4.0,4.0,4.0
996,4.0,4.0,4.0,4.0,4.0,6.1,4.0,6.5,4.0,4.0,6.2,6.6,7.6,6.6,4.0,4.0,4.0,4.0,4.0,4.0,6.8,6.7,6.7,4.0,4.0,4.0,4.0,4.0,6.8,7.5,4.0,4.0,4.0,4.0,4.0,7.4,7.0,8.4,5.5,4.0,4.0,6.9,6.0,6.9,6.3,4.0,4.0,4.0,6.5,4.0,6.1,6.5,6.0,5.9,4.0,4.0,4.0,5.7,4.0,6.2,6.0,6.5,6.3,4.0,4.0,4.0,4.0,6.2,7.7,6.2,6.1,6.1,4.0,4.0,4.0,4.0,4.0,4.0,5.5,4.0,4.0,6.7,4.0,6.7,6.8,4.0,6.7,6.7,4.0,6.8,6.8,6.3,8.8,6.8,6.5,4.0,5.6,4.0,7.8,6.9,7.5,5.9,4.0,6.8,6.0,6.2,5.7,6.7,6.3,6.3,6.0,4.0,6.6,6.1,5.7,4.0,6.1,6.7,6.4,4.0,7.4,6.1,4.0,4.0,5.5,6.6,6.0,4.0,7.1,8.3,5.9,4.0,4.0,6.7,6.1,5.6,4.0,5.3,4.0,6.2,5.7,4.0,4.0,4.0,4.0,5.9,4.0,4.0,6.1,7.4,6.6,6.7,5.5,4.0,7.2,4.0,4.0,4.0,4.0,4.0,4.0,4.0,4.0,4.0,6.4,4.0,4.0,4.0,6.6,4.0,4.0,4.0
1019,4.0,4.0,4.0,5.3,7.3,6.0,4.0,4.0,6.9,4.0,6.0,4.0,5.9,6.7,4.0,6.6,6.2,4.0,4.0,6.5,6.6,6.1,6.4,6.0,4.0,4.0,4.0,4.0,7.3,7.1,4.0,4.0,4.0,4.0,5.1,6.8,6.0,4.0,6.0,4.0,4.0,5.3,6.3,6.2,6.0,4.0,4.0,4.0,4.0,5.7,4.0,5.9,6.4,6.0,4.0,4.0,8.2,5.7,4.0,6.0,5.1,6.4,4.0,4.0,4.0,4.0,6.8,4.0,5.8,4.0,6.0,4.0,4.0,4.0,4.0,4.0,4.0,6.3,5.3,4.0,4.0,6.7,4.0,6.3,4.0,4.0,7.4,6.3,4.0,6.7,6.7,5.5,7.9,6.7,5.8,4.0,4.0,4.0,4.0,5.9,7.0,5.4,6.6,5.8,6.2,5.8,5.8,6.2,6.0,6.2,5.3,6.3,6.3,4.0,4.0,5.9,7.1,6.5,4.0,6.3,5.4,6.0,6.2,4.0,4.0,4.0,6.5,4.0,4.0,7.8,6.1,5.7,4.0,4.0,4.0,4.0,4.0,5.3,4.0,5.9,5.6,4.0,4.0,5.8,6.2,4.0,6.8,5.5,4.0,6.1,6.4,6.8,4.0,6.6,4.0,5.8,4.0,4.0,4.0,4.0,4.0,4.0,7.6,4.0,4.0,4.0,4.0,4.0,6.4,4.0,4.0,4.0
1022,4.0,4.0,4.0,4.0,7.1,4.0,5.4,4.0,6.4,4.0,4.0,4.0,6.3,4.0,4.0,4.0,4.0,4.0,4.0,4.0,4.0,5.5,4.0,5.5,4.0,4.0,4.0,4.0,6.1,5.9,4.0,4.0,4.0,4.0,4.0,5.9,4.0,6.2,4.0,4.0,4.0,5.4,4.0,4.0,6.2,4.0,4.0,4.0,4.0,4.0,5.5,5.3,4.0,5.8,4.0,4.0,7.7,5.9,4.0,4.0,4.0,4.0,5.4,4.0,4.0,4.0,4.0,4.0,4.0,4.0,4.0,4.0,4.0,4.0,4.0,4.0,4.0,4.0,4.0,4.0,4.0,5.3,4.0,4.0,4.0,4.0,5.7,4.0,4.0,6.0,6.0,4.0,4.0,5.8,4.0,4.0,4.0,4.0,5.9,5.1,7.1,4.0,5.2,5.9,4.0,4.0,4.0,5.2,4.0,5.4,5.6,4.0,5.2,4.0,5.5,4.0,6.3,6.3,4.0,6.2,6.0,4.0,4.0,4.0,4.0,5.7,5.3,5.1,6.1,6.7,5.5,6.0,4.0,4.0,4.0,4.0,4.0,4.0,4.0,5.2,4.0,4.0,4.0,4.0,4.0,4.0,6.8,4.0,5.9,5.8,4.0,5.3,4.0,5.9,5.9,4.0,4.0,4.0,4.0,4.0,4.0,4.0,4.0,4.0,4.0,4.0,4.0,4.0,4.0,4.0,4.0,4.0
1024,4.0,4.0,4.0,4.0,7.7,4.0,4.0,4.0,6.5,4.0,5.6,4.0,6.6,4.0,4.0,5.8,5.6,4.0,4.0,4.0,4.0,5.9,4.0,6.2,4.0,4.0,4.0,4.0,6.1,6.4,4.0,4.0,4.0,4.0,5.2,4.0,4.0,4.0,4.0,4.0,4.0,5.2,5.3,4.0,7.6,4.0,4.0,4.0,4.0,5.4,5.4,5.8,6.2,4.0,4.0,4.0,8.0,4.0,4.0,4.0,4.0,5.8,4.0,4.0,4.0,4.0,4.0,4.0,4.0,4.0,4.0,4.0,4.0,4.0,4.0,4.0,4.0,4.0,5.5,4.0,4.0,5.7,4.0,6.4,6.0,4.0,6.7,4.0,4.0,4.0,4.0,4.0,4.0,5.8,4.0,4.0,4.0,4.0,4.0,4.0,6.0,5.6,5.5,5.3,4.0,4.0,4.0,6.0,4.0,4.0,7.0,4.0,5.6,4.0,5.9,4.0,4.0,5.6,4.0,6.0,4.0,5.5,4.0,4.0,4.0,6.3,5.2,5.2,6.7,6.5,4.0,5.4,4.0,4.0,4.0,4.0,4.0,4.0,4.0,4.0,4.0,4.0,4.0,5.8,4.0,4.0,6.1,7.6,6.4,6.3,4.0,6.1,4.0,4.0,4.0,6.0,4.0,4.0,4.0,4.0,4.0,4.0,4.0,4.0,4.0,4.0,4.0,4.0,5.6,4.0,4.0,4.0
1025,4.0,4.0,4.0,5.3,4.0,4.0,5.2,4.0,8.6,4.0,5.9,4.0,7.0,4.0,4.0,4.0,5.5,4.0,4.0,4.0,4.0,6.0,4.0,5.5,4.0,4.0,4.0,4.0,6.2,6.7,4.0,4.0,5.6,4.0,4.0,6.3,6.0,7.2,4.0,4.0,4.0,6.0,4.0,5.4,7.5,4.0,4.0,4.0,6.4,5.6,4.0,5.7,4.0,6.2,4.0,4.0,8.5,6.3,4.0,4.0,4.0,5.7,5.9,4.0,4.0,4.0,4.0,4.0,5.9,4.0,4.0,4.0,4.0,4.0,4.0,4.0,4.0,4.0,4.0,4.0,4.0,5.7,4.0,4.0,6.3,4.0,6.3,4.0,4.0,5.7,5.7,5.1,6.3,7.2,4.0,4.0,5.7,4.0,6.9,5.8,7.7,6.1,6.0,6.4,5.5,5.9,6.1,5.9,5.6,6.5,7.0,4.0,6.2,4.0,6.3,4.0,6.6,7.3,4.0,7.2,6.8,5.6,4.0,4.0,4.0,4.0,5.6,4.0,6.6,6.4,5.1,6.3,4.0,5.9,4.0,4.0,5.3,5.3,4.0,5.6,4.0,4.0,4.0,4.0,4.0,4.0,6.9,4.0,5.7,6.2,4.0,5.7,4.0,4.0,4.0,6.2,4.0,4.0,4.0,4.0,4.0,4.0,4.0,4.0,4.0,4.0,4.0,4.0,6.5,4.0,4.0,4.0
1053,5.7,5.9,5.2,4.0,6.2,4.3,6.5,5.2,6.0,6.3,4.3,4.0,4.0,4.0,4.8,4.4,4.2,5.2,4.5,4.8,4.2,4.7,4.0,4.3,5.4,5.5,5.3,4.0,5.4,4.4,4.0,4.6,4.2,4.8,4.0,4.0,4.5,4.0,4.2,4.0,4.1,4.0,4.9,6.2,4.4,4.9,4.7,5.0,4.6,6.1,5.2,4.8,4.4,4.0,4.0,4.0,7.5,4.0,4.0,4.0,4.0,4.0,4.0,4.0,4.0,4.0,4.0,4.0,4.0,4.0,4.0,4.0,4.0,4.0,4.0,4.0,4.0,4.0,4.0,4.0,4.0,4.0,4.0,4.0,4.0,4.0,4.0,4.0,4.0,4.0,4.0,4.0,4.0,4.0,4.0,4.0,4.0,4.0,4.0,4.0,4.0,4.0,4.0,4.0,4.0,4.0,4.0,4.0,4.0,4.0,4.0,4.0,4.0,4.0,4.0,4.0,4.0,4.0,4.0,4.0,4.0,4.0,4.0,4.0,4.0,4.0,4.0,4.0,4.0,4.0,4.0,4.0,4.0,4.0,4.0,4.0,4.0,4.0,4.0,4.0,4.0,4.0,4.0,4.0,4.0,4.0,4.0,4.0,4.0,4.0,4.0,4.0,4.0,4.0,4.0,4.0,4.0,4.0,4.0,4.0,4.0,4.0,4.0,4.0,4.7,4.0,4.4,4.0,6.2,4.1,4.0,4.8
1065,4.0,4.0,4.0,4.0,7.6,6.7,4.0,8.0,8.0,4.0,4.0,4.0,7.5,7.1,4.0,4.0,4.0,4.0,4.0,6.8,8.0,5.8,4.0,4.0,4.0,4.0,4.0,4.0,7.5,7.4,4.0,6.8,7.4,4.0,4.0,6.2,5.6,7.3,5.8,4.0,4.0,5.9,7.1,6.4,4.0,4.0,6.1,4.0,7.6,5.5,6.0,6.6,6.7,4.0,4.0,4.0,4.0,4.0,4.0,4.0,4.0,7.6,5.7,5.8,5.1,6.2,4.0,4.0,4.0,4.0,4.0,6.7,4.0,4.0,5.8,4.0,4.0,6.0,6.3,4.0,4.0,7.2,4.0,6.5,6.7,4.0,6.2,6.5,4.0,7.3,6.9,5.5,9.1,7.9,6.8,5.9,6.3,5.8,6.9,6.9,4.0,6.3,4.0,6.2,5.4,7.0,4.0,6.9,6.5,6.6,5.0,4.0,6.9,6.5,7.8,4.0,6.7,7.1,7.1,4.0,5.3,5.4,6.4,5.5,5.6,7.4,7.2,4.0,7.8,5.9,5.5,4.0,4.0,4.0,4.0,4.0,5.9,6.5,4.0,4.0,6.0,4.0,4.0,6.2,4.0,4.0,4.0,4.0,4.0,7.3,4.0,7.2,4.0,4.0,6.6,4.0,4.0,4.0,4.0,4.0,4.0,4.0,4.0,4.0,6.1,4.0,4.0,4.0,6.8,4.0,4.0,4.0
1066,4.0,4.0,4.0,4.0,8.2,5.7,6.2,8.3,7.9,4.0,5.7,4.0,6.4,6.7,4.0,4.0,4.0,4.0,4.0,7.5,7.3,5.6,4.0,4.0,4.0,4.0,4.0,4.0,7.4,7.5,4.0,6.9,7.2,4.0,4.0,4.0,4.0,6.4,5.8,4.0,4.0,6.9,6.9,6.2,6.3,4.0,6.5,4.0,6.5,6.6,6.6,7.3,7.3,5.5,4.0,4.0,4.0,4.0,4.0,4.0,5.2,7.7,6.2,5.9,5.5,6.2,4.0,5.5,4.0,4.0,4.0,4.0,4.0,4.0,6.3,4.0,4.0,7.1,7.0,4.0,4.0,6.9,4.0,6.1,4.0,4.0,6.2,4.0,4.0,6.6,6.6,6.3,8.8,4.0,7.0,7.7,7.7,7.5,7.3,6.1,4.0,7.5,4.0,6.2,4.0,5.9,4.0,6.7,7.6,6.5,5.8,4.0,6.8,4.0,7.6,4.0,6.7,4.0,7.3,4.0,6.2,7.0,6.6,4.0,6.4,6.4,7.7,4.0,6.4,5.7,5.7,6.0,5.2,5.7,4.0,4.0,6.4,6.7,4.0,5.6,5.8,4.0,4.0,6.6,6.3,4.0,4.0,4.0,4.0,6.0,4.0,7.0,5.7,4.0,6.2,4.0,4.0,4.0,4.0,4.0,4.0,4.0,4.0,4.0,4.0,4.0,4.0,4.0,8.5,4.0,4.0,4.0
1072,4.0,4.0,4.0,4.0,7.1,4.0,5.6,6.6,7.0,4.0,5.4,4.0,5.9,4.0,4.0,7.9,8.4,4.0,4.0,6.4,7.4,4.0,4.0,4.0,4.0,4.0,4.0,4.0,6.9,7.2,4.0,6.5,5.4,4.0,4.0,4.0,4.0,4.0,4.0,4.0,4.0,4.0,4.0,6.2,7.0,4.0,7.0,4.0,5.9,6.4,6.5,7.3,7.3,5.1,4.0,4.0,7.9,4.0,4.0,4.0,6.6,4.0,5.6,5.3,4.0,4.0,4.0,4.0,4.0,4.0,4.0,4.0,6.7,4.0,6.5,4.0,4.0,7.0,6.2,4.0,4.0,6.9,4.0,6.8,6.4,4.0,5.5,4.0,4.0,5.5,5.6,6.1,7.3,7.5,6.5,7.4,8.2,8.2,4.0,5.4,4.0,6.9,6.2,6.2,5.3,6.4,4.0,7.0,6.7,6.1,6.3,6.7,6.1,4.0,6.6,4.0,4.0,6.6,6.1,5.7,5.8,6.8,5.6,4.0,4.0,6.2,6.8,5.4,5.8,6.0,4.0,5.4,5.2,5.7,4.0,4.0,4.0,5.5,4.0,4.0,4.0,4.0,4.0,6.7,6.9,4.0,4.0,4.0,4.0,5.7,4.0,7.0,4.0,4.0,4.0,4.0,4.0,4.0,4.0,4.0,4.0,4.0,6.9,4.0,4.0,4.0,4.0,4.0,6.8,4.0,4.0,4.0
1195,7.3,4.0,5.9,5.9,7.3,6.0,4.0,6.8,6.8,7.5,6.8,6.4,6.8,6.1,4.0,6.1,6.0,7.5,5.9,7.6,7.4,7.2,6.5,6.1,7.5,7.0,5.6,5.6,6.5,6.2,4.0,7.6,6.9,6.8,6.7,6.1,6.5,5.7,6.6,6.1,6.8,4.0,7.2,6.9,7.1,6.2,6.0,7.8,7.5,6.6,6.9,7.4,6.9,7.3,6.7,6.2,8.6,6.5,4.0,4.0,4.0,4.0,4.0,4.0,4.0,4.0,4.0,4.0,4.0,4.0,4.0,4.0,4.0,4.0,4.0,4.0,4.0,4.0,4.0,4.0,4.0,4.0,4.0,4.0,4.0,4.0,4.0,4.0,4.0,4.0,4.0,4.0,4.0,4.0,4.0,4.0,4.0,4.0,4.0,4.0,4.0,4.0,4.0,4.0,4.0,4.0,4.0,4.0,4.0,4.0,4.0,4.0,4.0,4.0,4.0,4.0,4.0,4.0,4.0,4.0,4.0,4.0,4.0,4.0,4.0,4.0,4.0,4.0,4.0,4.0,4.0,4.0,4.0,4.0,4.0,4.0,4.0,4.0,4.0,4.0,4.0,4.0,4.0,4.0,4.0,4.0,4.0,4.0,4.0,4.0,4.0,4.0,4.0,4.0,4.0,4.0,4.0,8.8,4.0,4.0,4.0,4.0,4.0,4.0,5.8,5.7,5.9,4.0,7.8,6.7,6.8,6.2
1196,8.4,4.0,4.0,4.0,8.3,7.2,6.4,6.3,6.9,7.5,8.0,6.6,4.0,7.5,5.9,5.4,4.0,8.2,5.8,7.6,7.8,6.7,8.2,4.0,7.9,8.3,6.4,6.3,6.5,6.5,5.7,8.1,7.7,7.2,4.0,7.3,7.6,6.8,7.7,6.6,6.8,5.9,8.7,7.6,7.4,6.7,6.9,8.8,8.7,4.0,8.6,7.9,8.1,8.0,6.5,7.7,4.0,8.1,4.0,4.0,4.0,8.7,4.0,4.0,4.0,4.0,4.0,4.0,4.0,4.0,7.9,6.8,4.0,4.0,4.0,4.0,4.0,4.0,4.0,4.0,4.0,4.0,4.0,4.0,4.0,4.0,6.9,8.2,4.0,4.0,4.0,4.0,6.7,6.1,4.0,4.0,4.0,4.0,8.6,4.0,4.0,4.0,6.4,4.0,4.0,4.0,4.0,7.1,4.0,7.1,4.0,4.0,4.0,8.9,6.7,4.0,4.0,4.0,7.4,4.0,8.3,4.0,4.0,4.0,4.0,4.0,7.5,4.0,8.8,8.2,4.0,4.0,4.0,4.0,6.8,4.0,4.0,4.0,4.0,4.0,4.0,4.0,4.0,4.0,4.0,4.0,9.0,4.0,4.0,7.8,8.3,4.0,4.0,4.0,7.2,4.0,4.0,4.0,4.0,4.0,4.0,4.0,4.0,4.0,8.0,8.1,4.0,4.0,6.4,7.5,7.1,7.1
1203,6.1,4.0,4.0,4.0,6.0,7.7,4.0,6.7,4.0,6.1,6.2,6.1,4.0,5.6,4.0,4.0,4.0,7.9,4.0,7.2,6.2,6.3,6.2,4.0,8.0,8.6,5.9,5.6,4.0,5.9,4.0,7.2,6.6,4.0,4.0,4.0,4.0,4.0,6.5,6.1,4.0,4.0,6.5,6.2,6.5,4.0,4.0,7.5,6.4,4.0,6.8,4.0,6.1,6.1,5.9,4.0,7.3,5.8,4.0,4.0,4.0,6.6,4.0,4.0,4.0,4.0,4.0,4.0,4.0,4.0,4.0,6.4,4.0,4.0,4.0,4.0,4.0,4.0,4.0,4.0,4.0,4.0,4.0,4.0,6.8,4.0,4.0,6.4,4.0,5.8,4.0,4.0,4.0,4.0,4.0,4.0,4.0,4.0,6.5,4.0,6.1,4.0,4.0,4.0,4.0,4.0,4.0,5.4,4.0,5.2,4.0,4.0,4.0,5.9,4.0,4.0,4.0,4.0,6.6,4.0,5.6,4.0,4.0,4.0,4.0,7.5,4.0,4.0,8.1,6.1,4.0,4.0,4.0,4.0,4.0,4.0,4.0,4.0,4.0,4.0,4.0,4.0,4.0,4.0,4.0,4.0,6.3,4.0,4.0,7.0,6.0,4.0,4.0,4.0,4.0,4.0,4.0,6.8,4.0,4.0,4.0,4.0,4.0,4.0,8.1,5.6,5.9,5.6,5.6,5.7,7.7,4.0
1215,4.0,4.0,4.0,7.3,6.8,5.8,4.0,4.0,4.0,4.0,7.1,6.5,7.6,6.4,4.0,4.0,4.0,7.9,4.0,4.0,6.0,5.7,6.7,4.0,4.0,4.0,4.0,4.0,6.3,6.5,4.0,5.7,6.0,4.0,5.6,6.1,4.0,6.0,6.4,4.0,4.0,4.0,7.0,5.6,6.7,4.0,4.0,4.0,6.6,6.5,7.1,6.8,4.0,6.4,4.0,4.0,6.6,4.0,4.0,6.9,4.0,4.0,4.0,6.8,4.0,4.0,4.0,4.0,6.9,6.3,6.0,8.7,4.0,4.0,4.0,4.0,4.0,5.8,4.0,4.0,4.0,7.0,4.0,4.0,8.5,4.0,6.3,6.0,4.0,6.6,6.7,4.0,4.0,5.7,7.3,4.0,4.0,4.0,4.0,6.8,7.1,6.0,6.6,4.0,5.4,4.0,7.1,6.3,5.7,5.3,6.1,4.0,5.3,6.0,4.0,7.5,7.1,5.3,4.0,4.0,5.6,5.7,4.0,5.7,5.5,7.6,6.8,4.0,8.3,7.0,5.6,4.0,6.6,4.0,5.8,6.1,4.0,4.0,4.0,4.0,4.0,4.0,4.0,4.0,4.0,4.0,4.0,4.0,7.7,5.9,6.1,4.0,4.0,4.0,6.2,4.0,4.0,4.0,4.0,4.0,4.0,4.0,4.0,4.0,8.4,6.3,4.0,4.0,6.0,4.0,4.0,4.0
1219,4.0,4.0,4.0,4.0,6.5,6.9,4.0,4.0,7.1,4.0,6.6,7.3,8.6,7.2,4.0,6.8,7.2,6.9,4.0,7.3,7.1,6.5,6.8,4.0,4.0,4.0,4.0,4.0,6.1,6.1,4.0,6.7,6.6,4.0,6.3,6.7,6.7,8.5,7.0,4.0,4.0,4.0,5.9,6.1,4.0,4.0,4.0,4.0,6.9,5.5,6.2,6.7,6.5,6.4,4.0,4.0,6.8,6.4,4.0,7.1,6.7,7.0,4.0,4.0,4.0,4.0,5.3,6.7,5.8,4.0,6.7,7.3,6.3,4.0,6.3,4.0,4.0,5.4,4.0,4.0,4.0,6.3,4.0,4.0,4.0,4.0,5.9,6.6,4.0,4.0,4.0,4.0,7.2,7.1,4.0,4.0,4.0,4.0,6.3,6.9,6.5,6.8,5.3,4.0,6.6,4.0,4.0,5.4,4.0,5.2,4.0,4.0,5.9,7.2,4.0,4.0,4.0,6.3,7.7,6.3,4.0,4.0,4.0,6.0,4.0,7.0,4.0,4.0,7.2,7.0,5.2,5.4,4.0,5.7,6.9,5.5,6.0,5.2,4.0,5.3,4.0,4.0,4.0,4.0,4.0,4.0,4.0,4.0,4.0,4.0,4.0,4.0,4.0,4.0,4.0,4.0,4.0,4.0,4.0,4.0,4.0,4.0,4.0,4.0,7.2,6.7,4.0,4.0,6.3,4.0,4.0,4.0
1222,4.0,4.0,4.0,5.1,5.5,7.3,4.0,4.0,6.6,4.0,6.4,7.1,8.9,4.0,4.0,5.6,5.9,6.8,4.0,7.5,6.6,6.6,6.2,4.0,4.0,4.0,4.0,4.0,6.7,5.9,4.0,6.3,6.4,4.0,6.5,6.9,6.0,6.6,6.9,4.0,4.0,4.0,4.0,6.1,5.7,4.0,4.0,4.0,6.6,5.6,6.3,6.7,6.7,5.5,4.0,4.0,5.9,4.0,4.0,6.8,6.3,6.4,4.0,4.0,4.0,4.0,6.4,5.8,4.0,4.0,6.6,6.3,5.9,4.0,5.9,4.0,4.0,5.6,4.0,4.0,4.0,6.5,4.0,4.0,6.5,4.0,5.9,4.0,4.0,4.0,4.0,4.0,6.9,7.4,4.0,4.0,4.0,4.0,5.7,6.2,6.7,6.4,5.6,5.2,6.6,5.5,4.0,4.0,4.0,4.0,5.1,4.0,4.0,6.0,4.0,4.0,6.0,6.6,7.7,5.8,4.0,4.0,4.0,5.9,4.0,6.3,5.3,4.0,7.3,6.3,4.0,5.5,4.0,4.0,4.0,4.0,5.2,4.0,4.0,4.0,4.0,4.0,4.0,4.0,4.0,4.0,4.0,4.0,7.4,4.0,4.0,4.0,4.0,4.0,6.1,4.0,4.0,4.0,4.0,4.0,4.0,4.0,4.0,4.0,6.0,4.0,4.0,4.0,6.7,4.0,4.0,4.0
1271,6.2,4.0,4.0,4.0,6.7,6.2,6.9,6.5,6.4,6.9,5.8,6.2,5.7,5.6,4.0,4.0,5.5,6.9,6.3,7.9,6.4,6.8,5.2,4.0,8.0,6.8,6.7,6.3,6.3,6.4,4.0,7.6,6.8,6.5,4.0,5.7,6.4,6.0,6.8,6.1,6.1,4.0,6.2,5.9,6.9,4.0,4.0,6.8,7.0,6.8,6.5,6.7,6.9,6.4,6.6,7.3,7.5,6.0,4.0,4.0,4.0,4.0,4.0,4.0,4.0,4.0,4.0,4.0,4.0,4.0,4.0,4.0,4.0,4.0,4.0,4.0,4.0,4.0,4.0,4.0,4.0,4.0,4.0,4.0,4.0,4.0,4.0,4.0,4.0,4.0,4.0,4.0,4.0,4.0,4.0,4.0,4.0,4.0,4.0,4.0,4.0,4.0,4.0,4.0,4.0,4.0,4.0,4.0,4.0,4.0,4.0,4.0,4.0,4.0,4.0,4.0,4.0,4.0,4.0,4.0,4.0,4.0,4.0,4.0,4.0,4.0,4.0,4.0,4.0,4.0,4.0,4.0,4.0,4.0,4.0,4.0,4.0,4.0,4.0,4.0,4.0,4.0,4.0,4.0,4.0,4.0,4.0,4.0,4.0,4.0,4.0,4.0,4.0,4.0,4.0,4.0,4.0,4.0,4.0,4.0,4.0,4.0,4.0,4.0,6.5,5.4,6.2,4.0,7.4,6.0,6.5,4.0
1273,6.2,4.0,5.8,5.9,7.2,6.0,7.3,6.4,6.8,6.8,5.7,5.7,5.7,5.3,5.6,5.7,5.8,7.5,5.9,7.3,6.2,6.7,5.4,5.6,7.8,7.1,6.8,6.4,6.0,6.3,4.0,7.7,7.0,6.5,4.0,5.7,6.8,6.0,6.5,6.1,6.3,4.0,6.1,6.2,5.7,4.0,4.0,7.2,6.8,6.4,6.4,6.5,6.4,6.5,6.0,6.4,8.0,5.9,4.0,4.0,4.0,4.0,4.0,4.0,4.0,4.0,4.0,4.0,4.0,4.0,4.0,4.0,4.0,4.0,4.0,4.0,4.0,4.0,4.0,4.0,4.0,4.0,4.0,4.0,4.0,4.0,4.0,4.0,4.0,4.0,4.0,4.0,4.0,4.0,4.0,4.0,4.0,4.0,4.0,4.0,4.0,4.0,4.0,4.0,4.0,4.0,4.0,4.0,4.0,4.0,4.0,4.0,4.0,4.0,4.0,4.0,4.0,4.0,4.0,4.0,4.0,4.0,4.0,4.0,4.0,4.0,4.0,4.0,4.0,4.0,4.0,4.0,4.0,4.0,4.0,4.0,4.0,4.0,4.0,4.0,4.0,4.0,4.0,4.0,4.0,4.0,4.0,4.0,4.0,4.0,4.0,4.0,4.0,4.0,4.0,4.0,4.0,4.0,4.0,4.0,4.0,4.0,4.0,4.0,7.0,5.4,5.9,4.0,7.0,5.6,6.2,4.0
1274,6.3,4.0,4.0,6.1,7.4,6.6,6.8,6.8,7.3,7.6,5.5,6.0,5.7,5.4,4.0,5.8,5.5,6.0,6.3,7.6,6.7,6.9,5.3,5.7,8.0,6.7,6.4,6.3,6.0,6.3,4.0,7.4,6.5,6.2,5.6,5.6,6.3,5.8,6.9,6.4,6.0,4.0,6.3,6.3,6.1,4.0,4.0,6.6,6.8,6.7,6.4,6.5,6.4,6.5,6.4,6.6,8.2,6.2,4.0,4.0,4.0,4.0,4.0,4.0,4.0,4.0,4.0,4.0,4.0,4.0,4.0,4.0,4.0,4.0,4.0,4.0,4.0,4.0,4.0,4.0,4.0,4.0,4.0,4.0,4.0,4.0,4.0,4.0,4.0,4.0,4.0,4.0,4.0,4.0,4.0,4.0,4.0,4.0,4.0,4.0,4.0,4.0,4.0,4.0,4.0,4.0,4.0,4.0,4.0,4.0,4.0,4.0,4.0,4.0,4.0,4.0,4.0,4.0,4.0,4.0,4.0,4.0,4.0,4.0,4.0,4.0,4.0,4.0,4.0,4.0,4.0,4.0,4.0,4.0,4.0,4.0,4.0,4.0,4.0,4.0,4.0,4.0,4.0,4.0,4.0,4.0,4.0,4.0,4.0,4.0,4.0,4.0,4.0,4.0,4.0,4.0,4.0,4.0,4.0,4.0,4.0,4.0,4.0,4.0,6.3,4.0,5.9,4.0,6.3,5.9,5.9,4.0
1275,6.6,4.0,4.0,5.9,7.6,5.6,7.3,6.6,7.4,7.6,4.0,6.1,4.0,5.6,5.9,6.1,6.1,6.1,6.2,7.4,7.1,7.2,5.7,5.6,8.9,7.5,6.9,6.7,6.9,7.7,4.0,7.7,6.7,6.9,5.7,4.0,6.4,4.0,6.9,5.6,6.5,4.0,7.1,6.4,6.5,6.3,4.0,7.1,6.3,7.0,6.9,6.8,6.9,6.4,6.3,6.7,8.5,5.7,4.0,4.0,4.0,4.0,4.0,4.0,4.0,4.0,4.0,4.0,4.0,4.0,4.0,4.0,4.0,4.0,4.0,4.0,4.0,4.0,4.0,4.0,4.0,4.0,4.0,4.0,4.0,4.0,4.0,4.0,4.0,4.0,4.0,4.0,4.0,4.0,4.0,4.0,4.0,4.0,4.0,4.0,4.0,4.0,4.0,4.0,4.0,4.0,4.0,4.0,4.0,4.0,4.0,4.0,4.0,4.0,4.0,4.0,4.0,4.0,4.0,4.0,4.0,4.0,4.0,4.0,4.0,4.0,4.0,4.0,4.0,4.0,4.0,4.0,4.0,4.0,4.0,4.0,4.0,4.0,4.0,4.0,4.0,4.0,4.0,4.0,4.0,4.0,4.0,4.0,4.0,4.0,4.0,4.0,4.0,4.0,4.0,4.0,4.0,4.0,4.0,4.0,4.0,4.0,4.0,4.0,6.6,4.0,5.8,4.0,7.2,6.3,6.7,4.0
1276,6.6,4.0,7.6,6.0,7.3,5.9,6.1,6.7,6.6,7.0,5.9,6.5,5.9,4.0,5.9,4.0,4.0,6.0,4.0,7.4,6.9,7.8,6.5,4.0,7.6,7.4,6.9,7.0,8.2,6.8,4.0,5.8,4.0,6.9,5.9,6.7,7.4,6.6,7.7,6.5,7.4,4.0,6.9,6.7,6.8,6.1,5.9,5.9,6.7,6.9,6.9,5.6,4.0,7.3,5.5,6.3,7.9,6.9,4.0,4.0,4.0,4.0,4.0,4.0,4.0,4.0,4.0,4.0,4.0,4.0,4.0,4.0,4.0,4.0,4.0,4.0,4.0,4.0,4.0,4.0,4.0,4.0,4.0,4.0,4.0,4.0,4.0,4.0,4.0,4.0,4.0,4.0,4.0,4.0,4.0,4.0,4.0,4.0,4.0,4.0,4.0,4.0,4.0,4.0,4.0,4.0,4.0,4.0,4.0,4.0,4.0,4.0,4.0,4.0,4.0,4.0,4.0,4.0,4.0,4.0,4.0,4.0,4.0,4.0,4.0,4.0,4.0,4.0,4.0,4.0,4.0,4.0,4.0,4.0,4.0,4.0,4.0,4.0,4.0,4.0,4.0,4.0,4.0,4.0,4.0,4.0,4.0,4.0,4.0,4.0,4.0,4.0,4.0,4.0,4.0,4.0,4.0,4.0,4.0,4.0,4.0,4.0,4.0,4.0,7.1,4.0,5.8,5.5,7.8,6.6,5.7,5.6
1277,6.5,4.0,4.0,5.5,7.4,6.3,6.3,7.3,6.6,7.0,5.5,6.0,4.0,5.7,5.6,5.8,6.0,4.0,6.4,8.5,6.6,6.6,5.5,5.5,7.6,7.2,7.0,4.0,6.9,6.5,4.0,6.8,6.2,6.2,6.1,5.7,6.5,6.1,6.8,6.2,6.3,4.0,6.6,6.4,5.9,4.0,4.0,6.5,7.0,6.9,6.5,6.8,6.5,6.0,6.4,6.6,7.9,5.7,4.0,4.0,4.0,4.0,4.0,4.0,4.0,4.0,4.0,4.0,4.0,4.0,4.0,4.0,4.0,4.0,4.0,4.0,4.0,4.0,4.0,4.0,4.0,4.0,4.0,4.0,4.0,4.0,4.0,4.0,4.0,4.0,4.0,4.0,4.0,4.0,4.0,4.0,4.0,4.0,4.0,4.0,4.0,4.0,4.0,4.0,4.0,4.0,4.0,4.0,4.0,4.0,4.0,4.0,4.0,4.0,4.0,4.0,4.0,4.0,4.0,4.0,4.0,4.0,4.0,4.0,4.0,4.0,4.0,4.0,4.0,4.0,4.0,4.0,4.0,4.0,4.0,4.0,4.0,4.0,4.0,4.0,4.0,4.0,4.0,4.0,4.0,4.0,4.0,4.0,4.0,4.0,4.0,4.0,4.0,4.0,4.0,4.0,4.0,4.0,4.0,4.0,4.0,4.0,4.0,4.0,6.3,4.0,6.4,4.0,6.2,5.9,6.2,4.0
1278,6.6,4.0,4.0,5.5,7.5,6.5,6.3,7.2,6.5,6.8,5.5,5.9,4.0,5.9,5.6,5.8,5.9,5.6,6.5,8.4,6.4,6.6,5.7,5.8,7.7,6.9,7.0,4.0,7.0,6.7,4.0,7.0,6.3,6.3,6.1,5.8,6.5,5.8,6.8,6.2,6.2,4.0,6.4,6.6,5.6,4.0,4.0,6.6,6.9,6.9,6.6,6.7,6.5,6.2,6.3,6.9,8.2,5.8,4.0,4.0,4.0,4.0,4.0,4.0,4.0,4.0,4.0,4.0,4.0,4.0,4.0,4.0,4.0,4.0,4.0,4.0,4.0,4.0,4.0,4.0,4.0,4.0,4.0,4.0,4.0,4.0,4.0,4.0,4.0,4.0,4.0,4.0,4.0,4.0,4.0,4.0,4.0,4.0,4.0,4.0,4.0,4.0,4.0,4.0,4.0,4.0,4.0,4.0,4.0,4.0,4.0,4.0,4.0,4.0,4.0,4.0,4.0,4.0,4.0,4.0,4.0,4.0,4.0,4.0,4.0,4.0,4.0,4.0,4.0,4.0,4.0,4.0,4.0,4.0,4.0,4.0,4.0,4.0,4.0,4.0,4.0,4.0,4.0,4.0,4.0,4.0,4.0,4.0,4.0,4.0,4.0,4.0,4.0,4.0,4.0,4.0,4.0,4.0,4.0,4.0,4.0,4.0,4.0,4.0,6.3,4.0,6.2,4.0,6.4,5.8,6.2,4.0
1287,4.0,4.0,4.0,6.2,7.3,5.8,4.0,5.9,6.0,4.0,4.0,4.0,7.3,4.0,4.0,5.1,5.3,6.1,4.0,4.0,7.3,6.3,4.0,4.0,4.0,4.0,4.0,4.0,6.3,6.6,4.0,6.0,6.2,4.0,4.0,7.3,6.0,7.6,6.0,4.0,4.0,4.0,4.0,5.7,5.7,4.0,4.0,4.0,6.7,5.8,5.9,7.3,4.0,5.9,4.0,4.0,7.4,4.0,4.0,6.6,4.0,4.0,4.0,5.1,4.0,4.0,4.0,5.1,4.0,4.0,5.8,6.8,4.0,4.0,6.7,4.0,4.0,6.1,4.0,4.0,4.0,6.3,4.0,4.0,6.1,4.0,6.2,4.0,4.0,4.0,5.6,4.0,4.0,5.3,4.0,6.5,6.7,5.4,6.1,6.2,5.9,4.0,7.0,4.0,4.0,6.2,4.0,6.7,5.2,5.9,5.5,4.0,5.6,4.0,6.4,4.0,4.0,4.0,4.0,4.0,4.0,5.4,4.0,4.0,4.0,5.8,6.7,4.0,7.3,6.4,4.0,4.0,4.0,4.0,4.0,4.0,4.0,4.0,4.0,6.6,4.0,4.0,4.0,4.0,4.0,4.0,4.0,4.0,7.0,6.6,4.0,4.0,4.0,4.0,6.9,4.0,4.0,4.0,4.0,4.0,4.0,4.0,4.0,4.0,6.6,4.0,4.0,4.0,4.0,4.0,4.0,4.0
1291,4.0,4.0,4.0,6.2,6.7,5.9,4.0,6.0,6.1,4.0,5.7,4.0,6.7,4.0,4.0,5.1,5.5,6.0,4.0,4.0,7.5,6.0,5.8,4.0,4.0,4.0,4.0,4.0,5.8,6.0,4.0,5.9,6.3,4.0,4.0,6.9,6.3,7.3,6.5,4.0,4.0,4.0,4.0,5.8,5.5,4.0,4.0,4.0,6.7,5.8,6.1,7.3,4.0,5.5,4.0,4.0,7.2,4.0,4.0,6.7,4.0,4.0,4.0,4.0,4.0,4.0,5.6,5.2,4.0,4.0,5.8,6.7,4.0,4.0,6.9,4.0,4.0,6.2,4.0,4.0,4.0,6.0,4.0,4.0,6.1,4.0,5.9,4.0,5.4,4.0,5.4,4.0,4.0,5.2,4.0,5.8,6.1,5.7,5.6,5.8,6.0,4.0,5.9,5.0,5.3,6.3,4.0,6.3,5.2,5.8,5.4,4.0,5.5,4.0,6.4,4.0,4.0,4.0,4.0,4.0,4.0,5.5,4.0,4.0,4.0,4.0,6.0,4.0,6.7,6.1,4.0,4.0,4.0,4.0,4.0,4.0,4.0,4.0,4.0,6.2,4.0,4.0,4.0,4.0,4.0,4.0,4.0,4.0,6.6,6.7,4.0,4.0,4.0,4.0,6.7,4.0,4.0,4.0,4.0,4.0,4.0,4.0,4.0,4.0,6.3,6.1,4.0,4.0,6.2,4.0,4.0,4.0
1319,4.0,4.0,4.0,4.0,5.7,5.8,7.5,6.0,4.0,4.0,4.0,4.0,6.6,4.0,4.0,4.0,4.0,4.0,4.0,4.0,4.0,5.1,6.3,4.0,4.0,4.0,4.0,4.0,5.9,5.6,4.0,4.0,5.5,4.0,5.3,4.0,5.4,6.5,5.3,4.0,4.0,5.5,4.0,4.0,6.0,4.0,4.0,4.0,7.3,6.8,5.7,6.9,4.0,5.5,4.0,4.0,6.6,4.0,4.0,4.0,4.0,5.6,6.3,4.0,4.0,4.0,5.4,4.0,4.0,4.0,4.0,6.1,4.0,4.0,4.0,4.0,4.0,7.7,5.1,4.0,4.0,5.4,4.0,7.2,4.0,4.0,5.2,5.9,5.7,6.1,5.7,5.7,4.0,5.6,4.0,5.6,5.9,5.2,5.7,4.0,6.2,4.0,4.0,5.2,5.6,4.0,4.0,5.4,5.7,5.5,5.3,4.0,6.4,4.0,5.5,4.0,4.0,4.0,4.0,6.6,5.6,4.0,4.0,5.1,5.4,7.0,4.0,4.0,4.0,5.1,5.6,7.0,4.0,4.0,4.0,4.0,4.0,5.5,4.0,4.0,5.2,4.0,4.0,4.0,4.0,4.0,4.0,4.0,6.6,5.2,5.8,4.0,4.0,4.0,4.0,4.0,4.0,4.0,4.0,4.0,4.0,4.0,4.0,4.0,4.0,4.0,4.0,4.0,5.2,4.0,4.0,4.0
1328,4.0,4.0,4.0,4.0,7.3,4.0,4.0,7.1,6.5,4.0,6.6,7.3,6.7,7.1,4.0,4.0,7.8,4.0,4.0,4.0,8.0,6.9,5.6,6.4,4.0,4.0,4.0,4.0,6.4,6.3,4.0,6.4,6.1,4.0,4.0,6.4,6.5,7.5,4.0,4.0,4.0,4.0,6.5,5.6,4.0,4.0,4.0,4.0,7.7,6.2,5.8,7.5,4.0,5.5,4.0,4.0,8.5,4.0,4.0,4.0,4.0,6.7,4.0,4.0,4.0,5.6,4.0,4.0,4.0,4.0,6.3,4.0,4.0,4.0,9.1,4.0,4.0,6.1,6.5,4.0,4.0,6.0,4.0,4.0,7.1,4.0,5.2,7.1,4.0,5.6,6.0,4.0,4.0,6.8,4.0,4.0,4.0,4.0,6.5,6.2,4.0,6.0,5.5,4.0,4.0,4.0,4.0,7.0,5.2,5.3,5.1,4.0,5.8,6.9,7.0,4.0,4.0,7.4,4.0,4.0,5.8,5.8,4.0,5.0,4.0,6.1,6.3,4.0,6.5,5.9,5.6,4.0,4.0,4.0,4.0,4.0,5.9,5.9,4.0,4.0,4.0,4.0,4.0,6.6,4.0,4.0,6.9,4.0,4.0,6.8,4.0,5.6,4.0,4.0,6.2,4.0,4.0,4.0,4.0,4.0,4.0,4.0,4.0,4.0,4.0,4.0,4.0,4.0,6.3,6.6,4.0,4.0
1329,4.0,5.8,4.0,4.0,6.1,7.4,4.0,4.0,5.7,4.0,5.3,8.1,4.0,8.3,4.0,5.6,6.9,4.0,4.0,6.2,6.6,8.0,8.6,4.0,4.0,4.0,4.0,4.0,7.1,7.4,4.0,6.1,6.8,4.0,5.6,8.1,7.3,8.7,4.0,4.0,4.0,4.0,7.0,4.0,4.0,4.0,4.0,4.0,8.0,6.8,5.2,4.0,8.2,6.2,4.0,4.0,5.7,5.6,4.0,8.9,4.0,7.5,4.0,4.0,4.0,4.0,4.0,4.0,6.4,4.0,4.0,8.6,4.0,6.1,4.0,4.0,4.0,6.9,5.7,4.0,4.0,6.8,4.0,6.6,4.0,4.0,6.8,9.3,4.0,6.0,6.1,4.0,4.0,4.0,7.9,4.0,4.0,4.0,7.7,5.8,6.5,4.0,4.0,6.5,4.0,6.1,5.4,5.3,4.0,4.0,4.0,4.0,4.0,8.7,6.1,4.0,4.0,8.0,4.0,4.0,6.6,6.2,4.0,4.0,4.0,7.8,8.4,4.0,7.5,7.4,5.3,4.0,4.0,4.0,6.1,4.0,4.0,4.0,4.0,5.5,7.3,4.0,5.7,4.0,4.0,6.2,4.0,4.0,4.0,4.0,8.5,4.0,4.0,4.0,6.7,4.0,4.0,4.0,4.0,4.0,4.0,4.0,4.0,4.0,4.0,7.2,4.0,4.0,5.4,6.5,4.0,4.0
1336,4.0,4.0,4.0,4.0,6.9,4.0,4.0,6.3,7.7,4.0,4.0,4.0,4.0,4.0,4.0,7.8,7.7,4.0,4.0,4.0,5.8,5.4,4.0,5.1,4.0,4.0,4.0,4.0,4.0,5.7,4.0,4.0,4.0,4.0,4.0,4.0,4.0,4.0,5.5,4.0,4.0,5.9,6.2,5.9,5.9,4.0,8.0,4.0,4.0,7.0,6.0,6.6,6.1,5.3,4.0,4.0,8.3,4.0,4.0,4.0,4.0,5.5,5.9,5.8,5.3,5.3,4.0,4.0,4.0,4.0,4.0,4.0,4.0,4.0,4.0,4.0,4.0,7.4,6.4,4.0,4.0,5.5,4.0,4.0,4.0,4.0,4.0,4.0,4.0,5.3,4.0,5.9,6.6,5.3,6.9,5.4,5.5,4.0,4.0,4.0,4.0,5.5,4.0,6.3,4.0,4.0,5.4,6.5,4.0,5.2,5.7,6.8,5.7,4.0,5.5,4.0,5.8,5.2,5.6,5.8,6.1,6.3,5.3,5.7,4.0,4.0,4.0,5.9,4.0,5.6,4.0,5.5,4.0,4.0,4.0,4.0,4.0,4.0,4.0,4.0,4.0,4.0,4.0,6.6,7.0,4.0,5.9,4.0,4.0,5.3,4.0,5.4,4.0,4.0,4.0,4.0,4.0,4.0,4.0,4.0,4.0,4.0,4.0,4.0,4.0,4.0,4.0,4.0,5.2,4.0,4.0,4.0
1340,4.0,4.0,4.0,4.0,6.7,4.0,4.0,6.8,6.0,4.0,6.3,7.0,7.3,6.2,4.0,7.3,7.5,4.0,4.0,6.9,7.6,6.7,4.0,6.0,4.0,4.0,4.0,4.0,4.0,6.1,4.0,5.9,5.8,4.0,4.0,6.0,5.7,7.2,4.0,4.0,4.0,4.0,7.4,5.2,4.0,4.0,6.3,4.0,7.4,5.7,5.6,6.8,7.5,5.8,4.0,4.0,7.8,4.0,4.0,4.0,4.0,6.4,4.0,4.0,4.0,5.2,4.0,4.0,4.0,4.0,6.0,4.0,4.0,4.0,8.3,4.0,4.0,6.1,6.3,4.0,4.0,5.8,4.0,4.0,4.0,4.0,4.0,4.0,4.0,5.5,5.5,4.0,4.0,6.1,4.0,4.0,4.0,4.0,4.0,4.0,4.0,5.4,4.0,4.0,4.0,4.0,4.0,6.9,4.0,4.0,4.0,4.0,5.6,4.0,6.0,4.0,4.0,6.7,5.3,4.0,4.0,5.5,4.0,4.0,4.0,4.0,4.0,4.0,6.1,6.0,5.2,4.0,4.0,4.0,4.0,4.0,5.4,5.3,4.0,5.2,4.0,4.0,4.0,4.0,4.0,4.0,6.7,4.0,4.0,6.6,4.0,5.2,4.0,4.0,6.5,4.0,4.0,4.0,4.0,4.0,4.0,4.0,4.0,4.0,4.0,4.0,4.0,4.0,6.6,4.0,4.0,4.0
1347,4.0,4.0,6.3,4.0,7.4,5.8,5.6,6.5,8.5,4.0,4.0,4.0,4.0,4.0,4.0,7.5,7.2,4.0,4.0,4.0,6.1,4.0,4.0,4.0,4.0,4.0,4.0,4.0,5.9,6.5,4.0,4.0,4.0,4.0,4.0,4.0,4.0,4.0,4.0,4.0,4.0,6.1,4.0,5.5,5.6,4.0,4.0,4.0,4.0,6.8,5.8,5.4,4.0,5.2,4.0,4.0,4.0,4.0,4.0,4.0,4.0,6.6,6.5,4.0,4.0,4.0,4.0,4.0,4.0,4.0,4.0,4.0,4.0,4.0,4.0,4.0,4.0,7.1,5.1,4.0,4.0,4.0,4.0,4.0,4.0,4.0,5.1,4.0,4.0,4.0,5.2,7.5,9.0,6.7,4.0,5.6,6.0,5.7,7.8,6.2,5.3,4.0,6.3,7.2,5.3,4.0,4.0,6.1,5.5,4.0,4.0,4.0,4.0,4.0,6.3,4.0,4.0,6.2,6.8,7.0,7.2,5.0,4.0,4.0,4.0,4.0,4.0,5.7,4.0,4.0,5.3,7.2,4.0,6.1,4.0,4.0,5.6,5.8,4.0,4.0,4.0,4.0,4.0,4.0,4.0,4.0,4.0,4.0,4.0,4.0,4.0,4.0,4.0,4.0,4.0,4.0,4.0,4.0,4.0,4.0,4.0,4.0,4.0,4.0,4.0,4.0,4.0,4.0,6.1,4.0,4.0,4.0
1371,7.7,5.9,8.0,6.6,8.6,7.6,6.9,7.3,7.9,8.5,6.6,7.5,8.1,6.9,6.4,6.3,6.4,7.1,7.4,7.7,7.1,8.6,8.0,6.9,9.1,8.3,7.9,8.0,8.0,7.7,4.0,8.5,7.6,8.0,6.8,8.4,9.0,8.5,7.9,8.1,8.6,5.7,7.8,7.4,7.4,6.3,5.9,8.0,8.5,7.5,7.8,7.7,6.6,8.0,7.4,8.1,9.2,7.2,4.0,4.0,4.0,4.0,4.0,4.0,4.0,4.0,4.0,4.0,4.0,4.0,4.0,4.0,4.0,4.0,4.0,4.0,4.0,4.0,4.0,4.0,4.0,4.0,4.0,4.0,4.0,4.0,4.0,4.0,4.0,4.0,4.0,4.0,8.2,4.0,4.0,4.0,4.0,4.0,4.0,4.0,4.0,4.0,4.0,4.0,4.0,4.0,4.0,4.0,4.0,4.0,4.0,4.0,4.0,4.0,4.0,4.0,4.0,4.0,4.0,4.0,4.0,4.0,4.0,4.0,4.0,4.0,4.0,4.0,4.0,4.0,4.0,4.0,4.0,4.0,4.0,4.0,4.0,4.0,4.0,4.0,4.0,4.0,4.0,4.0,4.0,4.0,4.0,4.0,4.0,4.0,4.0,4.0,4.0,4.0,4.0,4.0,4.0,4.0,4.0,4.0,4.0,4.0,4.0,4.0,8.4,6.4,6.7,6.9,8.7,8.7,7.5,7.9
1374,4.0,4.0,4.0,4.0,4.0,7.4,4.0,4.0,7.5,4.0,6.5,7.1,4.0,6.7,4.0,4.0,4.0,6.6,4.0,7.2,4.0,7.0,7.7,4.0,4.0,8.1,4.0,4.0,8.1,8.0,4.0,4.0,4.0,4.0,4.0,4.0,7.1,4.0,7.5,4.0,4.0,4.0,7.5,7.3,7.5,4.0,4.0,7.2,8.1,7.5,8.1,6.5,4.0,7.6,4.0,7.7,8.8,7.3,4.0,4.0,4.0,7.5,4.0,4.0,4.0,4.0,4.0,4.0,4.0,4.0,6.3,8.0,4.0,4.0,4.0,4.0,4.0,4.0,4.0,4.0,4.0,4.0,4.0,4.0,7.7,4.0,6.8,7.4,4.0,4.0,4.0,4.0,7.3,4.0,4.0,4.0,4.0,4.0,4.0,4.0,4.0,4.0,7.7,4.0,4.0,4.0,4.0,7.5,4.0,7.2,4.0,4.0,4.0,8.1,4.0,4.0,4.0,4.0,6.6,4.0,7.3,4.0,4.0,4.0,4.0,7.7,8.1,4.0,4.0,8.5,4.0,4.0,4.0,4.0,7.1,4.0,4.0,4.0,4.0,4.0,4.0,4.0,4.0,4.0,4.0,4.0,8.5,4.0,4.0,7.7,7.1,4.0,4.0,4.0,8.8,4.0,4.0,6.3,4.0,4.0,4.0,4.0,4.0,4.0,7.7,6.8,4.0,4.0,4.0,7.9,4.0,4.0
1376,4.0,4.0,4.0,4.0,4.0,6.2,4.0,4.0,8.0,4.0,6.5,6.5,9.1,6.4,4.0,4.0,4.0,5.7,4.0,6.7,4.0,6.2,6.9,4.0,4.0,7.3,4.0,4.0,7.9,8.1,4.0,4.0,4.0,4.0,4.0,4.0,8.2,4.0,7.3,4.0,4.0,4.0,7.1,7.0,7.2,4.0,4.0,7.2,7.9,7.5,7.7,6.0,4.0,7.5,4.0,7.6,9.0,6.6,4.0,4.0,4.0,6.8,4.0,4.0,4.0,4.0,4.0,4.0,4.0,4.0,6.3,7.5,4.0,4.0,4.0,4.0,4.0,4.0,4.0,4.0,4.0,4.0,4.0,4.0,6.5,4.0,6.5,6.3,4.0,4.0,4.0,4.0,6.9,4.0,4.0,4.0,4.0,4.0,4.0,4.0,4.0,4.0,8.1,4.0,4.0,4.0,4.0,7.0,4.0,7.5,4.0,4.0,4.0,7.4,4.0,4.0,4.0,4.0,6.8,4.0,6.8,4.0,4.0,4.0,4.0,7.2,7.9,4.0,8.7,8.0,4.0,4.0,4.0,4.0,6.4,4.0,4.0,4.0,4.0,4.0,4.0,4.0,4.0,4.0,4.0,4.0,8.1,4.0,4.0,7.6,6.6,4.0,4.0,4.0,8.9,4.0,4.0,6.7,4.0,4.0,4.0,4.0,4.0,4.0,6.9,6.2,4.0,4.0,4.0,7.9,4.0,4.0
1407,4.0,4.0,4.0,6.7,5.7,4.0,6.1,4.0,5.3,4.0,4.0,4.0,4.0,4.0,4.0,4.0,4.0,4.0,4.0,4.0,4.0,4.0,4.0,5.7,4.0,4.0,4.0,4.0,4.0,6.5,4.0,4.0,4.0,4.0,4.0,4.0,4.0,4.0,4.0,4.0,4.0,7.1,4.0,4.0,6.6,4.0,6.4,6.1,4.0,5.7,6.2,4.0,4.0,5.7,4.0,4.0,5.5,4.0,4.0,4.0,4.0,4.0,6.7,6.1,5.9,5.8,4.0,4.0,4.0,4.0,4.0,4.0,6.6,4.0,4.0,4.0,4.0,6.2,5.3,4.0,4.0,4.0,4.0,6.5,4.0,4.0,6.0,4.0,4.0,6.2,4.0,5.5,4.0,5.7,6.1,5.8,5.8,6.1,4.0,4.0,4.0,4.0,4.0,4.0,4.0,4.0,6.0,6.3,5.5,5.5,6.0,6.9,5.6,4.0,5.4,4.0,4.0,4.0,4.0,5.5,4.0,4.0,5.6,4.0,5.8,4.0,4.0,6.0,4.0,6.0,4.0,5.5,4.0,5.9,4.0,4.0,4.0,4.0,5.5,5.8,4.0,4.0,4.0,6.5,6.6,4.0,4.0,4.0,4.0,4.0,4.0,4.0,4.0,6.0,4.0,4.0,5.6,4.0,4.0,4.0,4.0,4.0,4.0,4.0,4.0,4.0,4.0,4.0,5.9,4.0,4.0,4.0
1429,6.5,6.1,6.9,7.0,6.5,6.5,6.5,6.8,6.4,6.9,6.0,6.6,6.4,5.8,5.9,6.9,6.7,5.7,6.5,6.9,6.7,7.4,6.1,7.0,7.9,6.9,6.1,6.1,7.3,6.7,4.0,6.2,5.5,7.4,4.0,6.2,7.1,6.7,6.5,6.8,7.3,6.0,7.4,7.1,6.4,6.6,6.9,6.5,6.7,7.1,6.8,7.1,7.0,6.1,6.8,6.4,6.9,5.6,4.0,4.0,4.0,4.0,4.0,4.0,4.0,4.0,4.0,4.0,4.0,4.0,4.0,4.0,4.0,4.0,4.0,4.0,4.0,4.0,4.0,4.0,4.0,4.0,4.0,4.0,4.0,4.0,4.0,4.0,4.0,4.0,4.0,4.0,4.0,4.0,4.0,4.0,4.0,4.0,4.0,4.0,4.0,4.0,4.0,4.0,4.0,4.0,4.0,4.0,4.0,4.0,4.0,4.0,4.0,4.0,4.0,4.0,4.0,4.0,4.0,4.0,4.0,4.0,4.0,4.0,4.0,4.0,4.0,4.0,4.0,4.0,4.0,4.0,4.0,4.0,4.0,4.0,4.0,4.0,4.0,4.0,4.0,4.0,4.0,4.0,4.0,4.0,4.0,4.0,4.0,4.0,4.0,4.0,4.0,4.0,4.0,4.0,4.0,4.0,4.0,4.0,4.0,4.0,4.0,4.0,6.4,5.6,6.3,6.4,7.1,6.6,6.6,6.1
1430,6.6,6.5,7.4,4.0,7.1,7.1,7.1,6.7,6.8,7.0,6.4,7.1,6.4,6.0,5.5,6.9,6.9,4.0,6.8,6.6,6.4,7.7,6.3,4.0,7.9,6.0,6.3,5.8,7.2,6.6,4.0,6.9,6.2,6.2,4.0,4.0,4.0,4.0,6.1,6.5,6.9,5.5,6.9,6.1,6.5,4.0,7.2,5.7,7.3,6.2,6.3,7.5,7.4,6.2,6.8,6.1,7.9,6.2,4.0,4.0,4.0,4.0,4.0,4.0,4.0,4.0,4.0,4.0,4.0,4.0,4.0,4.0,4.0,4.0,4.0,4.0,4.0,4.0,4.0,4.0,4.0,4.0,4.0,4.0,4.0,4.0,4.0,4.0,4.0,4.0,4.0,4.0,4.0,4.0,4.0,4.0,4.0,4.0,4.0,4.0,4.0,4.0,4.0,4.0,4.0,4.0,4.0,4.0,4.0,4.0,4.0,4.0,4.0,4.0,4.0,4.0,4.0,4.0,4.0,4.0,4.0,4.0,4.0,4.0,4.0,4.0,4.0,4.0,4.0,4.0,4.0,4.0,4.0,4.0,4.0,4.0,4.0,4.0,4.0,4.0,4.0,4.0,4.0,4.0,4.0,4.0,4.0,4.0,4.0,4.0,4.0,4.0,4.0,4.0,4.0,4.0,4.0,4.0,4.0,4.0,4.0,4.0,4.0,4.0,5.5,5.8,4.0,5.6,7.3,7.2,6.0,6.7
1431,6.5,7.9,6.9,4.0,6.7,6.5,7.6,6.2,6.3,6.9,5.9,6.6,5.8,5.7,4.0,6.6,6.7,4.0,5.6,6.7,5.9,6.9,5.9,6.8,7.1,6.4,5.8,5.9,6.9,5.9,4.0,7.2,6.0,5.5,4.0,4.0,4.0,4.0,5.8,6.3,6.4,5.4,6.4,6.9,6.1,4.0,6.2,5.9,6.7,7.4,5.9,6.4,6.6,6.4,6.9,4.0,7.7,4.0,4.0,4.0,4.0,4.0,4.0,4.0,4.0,4.0,4.0,4.0,4.0,4.0,4.0,4.0,4.0,4.0,4.0,4.0,4.0,4.0,4.0,4.0,4.0,4.0,4.0,4.0,4.0,4.0,4.0,4.0,4.0,4.0,4.0,4.0,4.0,4.0,4.0,4.0,4.0,4.0,4.0,4.0,4.0,4.0,4.0,4.0,4.0,4.0,4.0,4.0,4.0,4.0,4.0,4.0,4.0,4.0,4.0,4.0,4.0,4.0,4.0,4.0,4.0,4.0,4.0,4.0,4.0,4.0,4.0,4.0,4.0,4.0,4.0,4.0,4.0,4.0,4.0,4.0,4.0,4.0,4.0,4.0,4.0,4.0,4.0,4.0,4.0,4.0,4.0,4.0,4.0,4.0,4.0,4.0,4.0,4.0,4.0,4.0,4.0,4.0,4.0,4.0,4.0,4.0,4.0,4.0,5.6,5.8,4.0,4.0,7.2,6.8,5.6,6.3
1439,4.0,6.5,5.8,6.0,7.4,4.0,4.0,6.8,8.3,8.1,4.0,6.4,6.4,6.1,4.0,6.7,6.6,4.0,6.1,4.0,5.8,7.1,5.6,6.5,6.9,6.1,6.5,6.3,6.1,6.7,5.7,6.6,5.6,5.9,5.5,6.2,6.3,6.1,5.5,6.4,6.4,5.8,6.3,6.7,5.6,5.7,5.9,4.0,5.9,6.3,6.0,5.6,4.0,5.6,7.0,4.0,4.0,4.0,4.0,4.0,4.0,4.0,4.0,4.0,4.0,4.0,4.0,4.0,4.0,4.0,4.0,4.0,4.0,4.0,4.0,4.0,4.0,6.7,4.0,4.0,4.0,4.0,4.0,4.0,4.0,4.0,4.0,4.0,4.0,4.0,4.0,4.0,8.9,6.3,4.0,4.0,4.0,4.0,6.4,4.0,6.5,4.0,4.0,4.0,4.0,4.0,4.0,4.0,4.0,4.0,4.0,4.0,4.0,4.0,4.0,4.0,4.0,4.0,4.0,4.0,4.0,4.0,4.0,4.0,4.0,4.0,4.0,4.0,4.0,4.0,4.0,4.0,4.0,4.0,4.0,4.0,4.0,4.0,4.0,4.0,4.0,4.0,4.0,4.0,4.0,4.0,4.0,4.0,4.0,4.0,4.0,4.0,4.0,4.0,4.0,4.0,4.0,4.0,4.0,4.0,4.0,4.0,4.0,4.0,5.5,4.0,5.8,6.3,6.5,6.0,6.0,7.0
1440,8.2,9.6,7.8,6.7,4.0,6.2,7.5,8.8,4.0,4.0,6.5,7.5,7.7,7.6,4.0,4.0,4.0,4.0,6.1,6.5,7.2,8.1,6.4,4.0,4.0,6.8,4.0,4.0,4.0,4.0,4.0,7.0,7.6,4.0,6.1,6.9,6.3,7.6,7.1,6.5,4.0,4.0,7.9,8.0,7.5,4.0,7.9,4.0,7.3,8.3,4.0,7.1,4.0,6.8,8.1,4.0,4.0,5.9,4.0,7.5,7.3,7.3,8.0,7.1,6.4,7.2,5.4,6.8,6.7,6.9,7.2,6.6,7.7,6.6,7.2,4.0,4.0,4.0,7.2,4.0,4.0,7.7,4.0,7.7,6.9,4.0,8.2,7.9,4.0,7.2,7.5,8.4,4.0,4.0,7.2,8.0,7.6,7.7,8.3,8.5,7.9,8.3,4.0,7.4,7.4,6.8,6.9,4.0,4.0,7.6,7.6,4.0,7.6,6.6,8.0,7.7,7.5,4.0,7.7,8.4,7.8,6.6,5.6,5.6,6.9,7.4,4.0,7.4,4.0,7.9,6.7,7.4,5.8,8.0,4.0,6.2,7.4,7.2,4.0,6.7,7.5,4.0,4.0,7.5,7.7,7.2,4.0,4.0,4.0,8.1,4.0,7.3,6.9,4.0,4.0,4.0,4.0,4.0,4.0,4.0,4.0,4.0,4.0,4.0,5.8,4.0,4.0,6.0,4.0,6.8,4.0,4.0
1441,8.0,8.7,8.0,4.0,4.0,5.9,7.5,8.6,9.4,8.7,5.9,6.1,4.0,4.0,6.6,8.2,4.0,4.0,4.0,6.4,6.4,7.5,6.2,4.0,8.8,7.1,6.6,4.0,7.4,4.0,4.0,4.0,4.0,4.0,4.0,4.0,4.0,4.0,7.9,4.0,4.0,4.0,4.0,7.5,4.0,7.8,7.8,4.0,7.4,7.8,7.9,4.0,4.0,7.5,6.9,5.6,4.0,4.0,4.0,4.0,4.0,4.0,4.0,4.0,4.0,4.0,4.0,4.0,4.0,4.0,4.0,5.3,4.0,4.0,4.0,6.0,6.5,7.9,6.5,7.0,6.6,7.1,7.1,9.0,7.0,7.8,6.5,4.0,4.0,7.0,4.0,4.0,9.9,7.4,4.0,4.0,4.0,4.0,8.5,4.0,7.8,4.0,8.8,4.0,4.0,4.0,4.0,7.9,4.0,4.0,4.0,4.0,4.0,4.0,8.1,4.0,4.0,4.0,4.0,4.0,4.0,4.0,4.0,4.0,4.0,4.0,7.1,4.0,4.0,4.0,4.0,4.0,4.0,4.0,4.0,4.0,4.0,4.0,4.0,4.0,4.0,4.0,4.0,4.0,4.0,4.0,4.0,4.0,4.0,4.0,4.0,4.0,4.0,4.0,4.0,4.0,4.0,4.0,4.0,4.0,4.0,4.0,4.0,4.0,7.2,4.0,4.0,6.8,8.3,4.0,4.0,6.7
1444,4.0,4.0,4.0,4.0,6.5,6.6,6.5,7.5,8.0,4.0,5.6,6.8,7.1,6.1,4.0,8.0,7.6,4.0,4.0,4.0,6.2,6.1,6.0,4.0,4.0,4.0,4.0,4.0,6.7,7.5,4.0,4.0,4.0,4.0,4.0,4.0,4.0,6.2,4.0,4.0,4.0,7.0,6.0,6.7,7.7,4.0,4.0,4.0,6.7,7.2,6.9,6.3,4.0,5.2,4.0,4.0,8.5,5.9,4.0,5.9,6.1,4.0,7.0,5.3,5.4,4.0,4.0,5.9,4.0,4.0,4.0,6.0,5.9,4.0,4.0,4.0,4.0,7.7,6.4,4.0,4.0,6.2,4.0,6.6,4.0,4.0,6.4,4.0,4.0,5.5,4.0,6.4,8.9,6.9,4.0,6.6,6.4,7.0,7.9,6.5,6.7,6.9,4.0,6.6,6.4,4.0,4.0,7.1,6.9,6.8,7.6,4.0,5.7,4.0,7.3,4.0,4.0,6.6,6.4,4.0,6.7,5.4,4.0,4.0,4.0,6.2,5.8,5.2,4.0,7.0,4.0,6.9,4.0,7.4,4.0,4.0,5.4,4.0,4.0,5.3,6.0,4.0,4.0,4.0,4.0,4.0,4.0,4.0,6.9,6.8,6.0,6.2,6.2,4.0,6.2,4.0,4.0,4.0,4.0,4.0,4.0,4.0,4.0,4.0,4.0,4.0,4.0,4.0,6.3,4.0,4.0,4.0
1445,4.0,4.0,4.0,4.0,6.8,5.9,5.5,7.6,7.2,4.0,4.0,4.0,4.0,4.0,4.0,6.8,6.2,4.0,4.0,6.0,4.0,4.0,4.0,4.0,4.0,4.0,4.0,4.0,6.5,7.5,4.0,4.0,4.0,4.0,5.2,4.0,4.0,4.0,4.0,4.0,4.0,6.3,6.4,6.8,7.1,4.0,6.1,4.0,5.9,6.4,6.2,4.0,4.0,4.0,4.0,4.0,7.7,4.0,4.0,4.0,4.0,5.5,6.2,5.6,5.2,5.7,4.0,4.0,4.0,4.0,4.0,4.0,4.0,4.0,4.0,4.0,4.0,6.9,5.0,4.0,4.0,6.8,4.0,6.4,4.0,4.0,4.0,4.0,4.0,5.2,5.6,6.0,8.8,5.3,4.0,5.5,5.6,5.8,6.6,5.9,4.0,8.1,7.0,6.3,5.3,6.3,4.0,6.6,6.1,6.0,7.1,4.0,5.8,4.0,6.4,4.0,6.7,4.0,5.8,6.2,5.7,4.0,4.0,4.0,4.0,4.0,5.9,4.0,4.0,5.2,4.0,6.1,4.0,4.0,4.0,4.0,6.5,6.1,4.0,5.1,5.6,4.0,4.0,5.9,4.0,4.0,4.0,4.0,4.0,4.0,4.0,4.0,4.0,4.0,4.0,4.0,4.0,4.0,4.0,4.0,4.0,4.0,4.0,4.0,4.0,4.0,4.0,4.0,4.0,4.0,4.0,4.0
1446,4.0,4.0,4.0,5.2,8.1,5.9,5.7,6.5,8.2,4.0,4.0,4.0,4.0,6.3,4.0,7.2,7.2,4.0,4.0,5.8,6.2,4.0,6.0,4.0,4.0,4.0,4.0,4.0,6.7,8.0,4.0,4.0,4.0,4.0,5.6,4.0,5.9,6.8,5.9,4.0,4.0,6.4,6.7,7.4,5.8,4.0,6.7,4.0,4.0,6.8,6.3,6.4,7.2,6.0,4.0,4.0,4.0,4.0,4.0,4.0,4.0,5.7,6.1,6.2,6.0,6.3,4.0,4.0,4.0,4.0,4.0,4.0,6.0,4.0,4.0,4.0,4.0,7.2,4.0,4.0,4.0,7.1,4.0,6.4,4.0,4.0,6.1,6.1,4.0,5.5,5.5,6.9,9.1,6.5,4.0,5.5,4.0,5.5,7.4,6.0,4.0,4.0,7.5,5.9,5.8,4.0,4.0,7.2,6.7,6.5,5.8,4.0,6.7,4.0,6.5,6.1,7.1,6.0,5.3,6.2,6.2,5.1,4.0,5.3,4.0,6.1,6.2,5.2,5.8,6.1,5.3,6.1,5.4,5.3,4.0,4.0,7.0,6.2,4.0,6.0,5.9,4.0,4.0,6.7,6.4,4.0,4.0,4.0,4.0,4.0,4.0,4.0,4.0,4.0,4.0,4.0,4.0,4.0,4.0,4.0,4.0,4.0,4.0,4.0,4.0,4.0,4.0,4.0,5.4,4.0,4.0,4.0
1447,6.8,8.3,7.1,7.1,8.2,4.0,6.8,8.2,8.0,4.0,4.0,5.8,6.4,4.0,4.0,7.7,7.7,4.0,6.1,5.9,6.2,6.1,4.0,4.0,4.0,4.0,4.0,4.0,6.5,7.1,4.0,4.0,6.0,4.0,5.4,4.0,4.0,6.5,6.4,4.0,4.0,7.1,6.8,7.3,7.0,4.0,7.4,4.0,6.6,6.8,6.3,6.2,4.0,4.0,7.8,4.0,4.0,4.0,4.0,5.8,7.1,6.2,5.5,5.7,6.6,5.7,4.0,6.0,5.8,6.3,4.0,4.0,6.7,4.0,4.0,4.0,4.0,7.5,6.2,4.0,4.0,7.3,4.0,7.7,6.6,4.0,6.2,4.0,4.0,6.4,6.8,6.2,9.2,6.8,6.6,7.6,7.5,7.7,8.0,7.0,6.7,7.7,7.6,7.3,5.7,6.5,5.9,7.3,6.3,6.4,6.7,4.0,6.7,4.0,8.0,6.3,7.6,6.6,7.5,7.5,7.0,5.7,5.1,4.0,6.0,5.8,6.3,5.3,7.8,6.2,6.1,6.9,5.3,6.3,4.0,4.0,6.4,6.4,4.0,5.7,5.3,4.0,4.0,7.7,6.5,4.0,4.0,4.0,5.8,6.4,4.0,4.0,5.7,4.0,4.0,4.0,4.0,4.0,4.0,4.0,4.0,4.0,4.0,4.0,4.0,4.0,4.0,6.1,6.8,4.0,4.0,4.0
1448,4.0,4.0,6.3,6.1,6.4,5.7,5.4,8.4,7.3,4.0,5.6,4.0,4.0,4.0,4.0,7.7,7.4,4.0,4.0,6.6,6.4,5.7,4.0,4.0,4.0,4.0,4.0,4.0,6.1,6.8,4.0,4.0,4.0,4.0,5.4,4.0,4.0,4.0,4.0,4.0,4.0,6.6,6.6,6.0,6.5,4.0,6.9,4.0,6.5,6.2,7.1,5.9,4.0,4.0,4.0,4.0,7.4,4.0,4.0,6.1,5.8,6.8,6.6,5.3,4.0,5.8,4.0,6.8,4.0,4.0,4.0,4.0,4.0,4.0,4.0,4.0,4.0,7.0,5.2,4.0,4.0,6.6,4.0,6.5,4.0,4.0,5.6,4.0,4.0,5.4,5.6,6.1,9.1,5.6,6.4,6.1,6.0,6.0,6.6,5.1,4.0,7.3,5.9,6.2,5.5,6.6,4.0,7.2,5.7,6.2,7.5,4.0,6.3,4.0,6.6,6.1,6.7,5.2,5.9,5.9,5.8,5.2,4.0,4.0,5.7,4.0,6.0,5.3,4.0,5.9,5.1,5.8,4.0,6.1,4.0,4.0,6.3,6.2,4.0,4.0,4.0,4.0,4.0,5.8,6.0,4.0,4.0,4.0,4.0,6.1,4.0,6.3,6.4,4.0,4.0,4.0,4.0,4.0,4.0,4.0,4.0,4.0,4.0,4.0,4.0,4.0,4.0,4.0,4.0,4.0,4.0,4.0
1449,4.0,4.0,4.0,6.1,8.0,6.8,6.7,8.1,8.6,4.0,5.9,6.4,5.9,6.2,4.0,7.7,7.7,4.0,4.0,7.2,7.6,6.4,5.8,4.0,4.0,4.0,4.0,4.0,7.4,8.3,4.0,6.2,6.7,4.0,5.4,4.0,4.0,6.7,6.1,4.0,4.0,7.6,6.9,6.4,7.5,4.0,6.5,4.0,7.1,7.0,7.0,6.0,4.0,5.6,4.0,4.0,4.0,5.9,4.0,6.8,6.5,7.1,7.4,5.8,4.0,5.7,4.0,5.6,4.0,4.0,4.0,6.1,6.4,4.0,6.6,4.0,4.0,7.5,6.1,4.0,4.0,6.7,4.0,7.1,4.0,4.0,6.6,4.0,4.0,6.7,6.7,6.6,4.0,7.5,6.4,6.9,7.0,7.0,7.7,7.9,7.0,7.0,7.7,7.3,6.8,6.1,6.6,7.6,6.4,6.7,7.2,4.0,6.0,4.0,7.4,6.6,7.1,7.4,7.3,8.0,6.9,6.0,5.1,4.0,5.8,4.0,7.1,4.0,4.0,6.8,6.6,7.2,5.4,8.1,4.0,4.0,6.8,6.7,4.0,5.7,5.9,4.0,5.7,7.0,7.3,4.0,4.0,4.0,4.0,6.4,4.0,6.6,5.8,4.0,4.0,4.0,4.0,4.0,4.0,4.0,4.0,4.0,4.0,4.0,4.0,6.3,4.0,4.0,7.2,4.0,4.0,4.0
1450,6.1,8.1,6.6,4.0,8.0,4.0,6.6,7.9,4.0,4.0,6.1,6.5,4.0,4.0,4.0,7.9,8.0,4.0,4.0,4.0,7.0,6.3,4.0,4.0,4.0,4.0,4.0,4.0,6.6,7.4,4.0,6.2,6.6,4.0,5.4,5.7,4.0,6.6,6.6,4.0,4.0,7.8,6.8,6.7,6.0,4.0,6.3,4.0,7.7,7.0,6.1,6.2,4.0,5.6,4.0,4.0,4.0,4.0,4.0,4.0,5.3,7.1,7.7,5.8,4.0,6.2,4.0,4.0,5.8,4.0,4.0,6.1,6.6,4.0,4.0,4.0,4.0,7.7,5.7,4.0,4.0,6.7,4.0,7.2,4.0,4.0,4.0,4.0,4.0,6.8,7.1,6.0,9.2,6.6,4.0,6.5,6.8,7.3,8.1,4.0,6.7,6.0,7.3,7.9,5.7,5.6,6.0,6.5,6.0,6.1,6.1,4.0,5.9,4.0,6.9,6.4,4.0,6.3,8.0,6.7,6.9,6.1,4.0,4.0,4.0,6.4,5.6,5.4,6.0,5.9,6.9,6.9,5.0,8.4,5.7,4.0,6.3,6.0,4.0,6.6,5.3,4.0,4.0,6.9,6.3,4.0,4.0,4.0,4.0,6.6,4.0,4.0,4.0,4.0,4.0,4.0,4.0,4.0,4.0,4.0,4.0,4.0,4.0,4.0,4.0,4.0,4.0,4.0,6.3,4.0,4.0,4.0
1451,5.6,6.7,4.0,6.2,6.2,5.6,5.4,8.3,6.5,4.0,5.6,4.0,4.0,4.0,4.0,7.6,7.5,4.0,4.0,4.0,6.4,5.8,4.0,4.0,4.0,4.0,4.0,4.0,6.0,6.6,4.0,4.0,4.0,4.0,6.9,4.0,4.0,6.4,6.2,4.0,4.0,6.5,6.9,7.1,5.9,4.0,7.5,4.0,6.3,6.5,4.0,6.0,4.0,5.2,4.0,4.0,6.9,4.0,4.0,6.5,7.6,6.7,5.6,6.9,5.5,4.0,4.0,6.4,6.1,4.0,4.0,4.0,6.7,4.0,4.0,4.0,4.0,7.0,6.0,4.0,4.0,6.1,4.0,7.1,6.2,4.0,4.0,4.0,4.0,4.0,5.3,6.5,9.6,4.0,7.4,6.3,6.3,6.6,7.1,5.7,4.0,7.4,7.4,5.4,6.1,6.3,4.0,7.6,6.6,7.2,5.9,4.0,6.9,4.0,6.7,4.0,6.9,5.1,7.4,6.8,7.0,5.3,4.0,4.0,5.6,6.0,4.0,6.1,4.0,6.3,5.2,6.2,4.0,5.9,4.0,4.0,5.5,5.3,4.0,5.1,4.0,4.0,6.5,6.3,4.0,4.0,4.0,4.0,4.0,6.3,5.9,4.0,5.7,4.0,5.8,4.0,4.0,4.0,4.0,4.0,4.0,4.0,4.0,4.0,4.0,4.0,4.0,4.0,4.0,4.0,4.0,4.0
1452,6.7,7.1,6.2,4.0,7.9,5.9,6.0,7.4,8.2,4.0,4.0,4.0,4.0,4.0,4.0,7.8,7.2,4.0,4.0,6.6,6.9,5.8,4.0,4.0,4.0,4.0,4.0,4.0,6.0,7.1,4.0,5.9,6.2,4.0,5.4,4.0,4.0,4.0,5.6,4.0,4.0,6.9,6.1,5.7,6.6,4.0,4.0,4.0,6.6,4.0,7.2,5.5,4.0,4.0,4.0,4.0,4.0,4.0,4.0,4.0,5.5,7.0,6.8,4.0,4.0,5.2,4.0,4.0,6.4,4.0,4.0,4.0,5.9,4.0,4.0,4.0,4.0,7.1,4.0,4.0,4.0,6.4,4.0,7.0,4.0,4.0,5.7,4.0,4.0,6.2,6.6,6.0,9.7,6.4,4.0,6.3,6.3,6.6,7.2,6.2,6.2,7.0,6.5,7.2,5.5,6.4,4.0,7.0,6.3,6.5,6.0,4.0,5.2,4.0,7.7,4.0,6.3,6.3,6.8,6.9,6.3,5.3,4.0,4.0,4.0,4.0,5.8,4.0,4.0,6.0,6.4,6.5,4.0,6.0,4.0,4.0,6.4,6.8,4.0,6.0,4.0,4.0,5.7,6.4,4.0,4.0,4.0,4.0,4.0,4.0,4.0,4.0,5.7,4.0,4.0,4.0,4.0,4.0,4.0,4.0,4.0,4.0,4.0,4.0,4.0,4.0,4.0,4.0,5.8,4.0,4.0,4.0
1453,4.0,4.0,6.2,4.0,4.0,4.0,5.9,7.7,8.6,4.0,4.0,4.0,4.0,4.0,4.0,7.8,7.5,4.0,4.0,4.0,5.9,5.2,4.0,4.0,4.0,4.0,4.0,4.0,6.5,7.5,4.0,4.0,4.0,4.0,6.6,4.0,4.0,4.0,4.0,4.0,4.0,6.5,4.0,6.6,6.4,4.0,6.3,4.0,6.2,6.4,6.5,5.6,4.0,5.5,4.0,4.0,4.0,4.0,4.0,4.0,4.0,6.8,6.1,4.0,4.0,4.0,4.0,5.1,4.0,4.0,4.0,4.0,4.0,4.0,4.0,4.0,4.0,7.0,5.4,4.0,4.0,6.3,4.0,6.8,4.0,4.0,5.7,4.0,4.0,4.0,6.2,5.5,9.1,6.5,4.0,6.9,7.0,7.1,7.6,7.3,5.4,6.7,7.2,7.0,5.9,4.0,5.7,6.8,5.4,5.2,6.2,4.0,6.2,4.0,7.3,4.0,7.2,5.9,6.9,7.2,7.0,4.0,4.0,4.0,4.0,4.0,5.8,4.0,4.0,6.2,5.1,6.5,4.0,6.4,4.0,4.0,5.9,6.4,4.0,6.0,5.3,4.0,4.0,4.0,4.0,4.0,4.0,4.0,4.0,4.0,4.0,4.0,4.0,4.0,4.0,4.0,4.0,4.0,4.0,4.0,4.0,4.0,4.0,4.0,4.0,4.0,4.0,4.0,6.2,4.0,4.0,4.0
1457,4.0,4.0,4.0,4.0,6.6,4.0,5.8,5.9,7.6,4.0,4.0,4.0,4.0,4.0,4.0,7.7,7.9,4.0,4.0,4.0,4.0,5.3,4.0,4.0,4.0,4.0,4.0,4.0,7.2,7.2,4.0,4.0,4.0,4.0,4.0,4.0,4.0,6.4,5.8,4.0,4.0,6.4,4.0,4.0,4.0,4.0,4.0,4.0,6.2,4.0,8.1,4.0,4.0,4.0,4.0,4.0,8.0,4.0,4.0,4.0,4.0,6.0,6.0,4.0,4.0,4.0,4.0,4.0,4.0,4.0,4.0,4.0,6.7,4.0,4.0,4.0,4.0,5.5,4.0,4.0,4.0,6.2,4.0,4.0,4.0,4.0,5.7,4.0,4.0,4.0,4.0,5.7,7.7,7.8,4.0,7.1,6.6,8.0,6.0,4.0,4.0,5.4,6.3,6.6,5.4,4.0,4.0,6.4,6.9,7.2,4.0,4.0,7.0,4.0,5.7,4.0,4.0,5.3,6.6,7.0,6.0,4.0,4.0,4.0,4.0,4.0,4.0,4.0,4.0,5.3,4.0,5.9,4.0,6.8,6.2,4.0,4.0,4.0,4.0,5.6,5.9,4.0,4.0,4.0,4.0,4.0,4.0,4.0,4.0,6.3,4.0,4.0,6.1,4.0,4.0,4.0,4.0,4.0,4.0,4.0,4.0,4.0,4.0,4.0,4.0,4.0,4.0,4.0,5.9,4.0,4.0,4.0
1516,6.6,4.0,7.9,4.0,7.9,7.5,6.4,6.6,6.9,7.1,6.6,7.2,6.5,5.5,4.0,6.0,6.0,6.1,6.6,6.9,6.0,7.2,6.4,4.0,6.4,6.5,6.5,6.4,7.8,7.1,6.2,7.1,6.7,5.9,4.0,4.0,4.0,4.0,6.3,6.1,4.0,4.0,6.0,6.1,6.5,5.7,5.8,5.6,7.4,4.0,6.0,4.0,6.7,5.3,7.1,7.7,8.9,7.1,4.0,4.0,4.0,4.0,4.0,4.0,4.0,4.0,4.0,4.0,4.0,4.0,4.0,4.0,4.0,4.0,4.0,4.0,4.0,4.0,4.0,4.0,4.0,4.0,4.0,4.0,4.0,4.0,4.0,4.0,4.0,4.0,4.0,4.0,8.7,4.0,4.0,4.0,4.0,4.0,4.0,4.0,4.0,4.0,4.0,4.0,4.0,4.0,4.0,4.0,4.0,4.0,4.0,4.0,4.0,4.0,4.0,4.0,4.0,4.0,4.0,4.0,4.0,4.0,4.0,4.0,4.0,4.0,4.0,4.0,4.0,4.0,4.0,4.0,4.0,4.0,4.0,4.0,4.0,4.0,4.0,4.0,4.0,4.0,4.0,4.0,4.0,4.0,4.0,4.0,4.0,4.0,4.0,4.0,4.0,4.0,4.0,4.0,4.0,4.0,4.0,4.0,4.0,4.0,4.0,4.0,6.3,4.0,4.0,6.2,6.1,4.0,5.7,8.4
1542,7.2,6.3,8.4,4.0,7.0,7.9,6.7,7.1,6.6,7.2,6.4,7.2,6.1,5.9,4.0,7.3,7.4,5.8,6.8,7.6,6.0,7.3,5.9,4.0,6.8,6.2,6.1,6.0,7.3,7.2,4.0,7.2,6.4,6.2,4.0,4.0,4.0,4.0,5.6,4.0,6.4,4.0,6.1,6.3,5.9,4.0,4.0,5.7,6.9,4.0,5.9,7.2,7.1,4.0,6.7,6.6,8.6,6.8,4.0,4.0,4.0,4.0,4.0,4.0,4.0,4.0,4.0,4.0,4.0,4.0,4.0,4.0,4.0,4.0,4.0,4.0,4.0,4.0,4.0,4.0,4.0,4.0,4.0,4.0,4.0,4.0,4.0,4.0,4.0,4.0,4.0,4.0,7.9,4.0,4.0,4.0,4.0,4.0,4.0,4.0,4.0,4.0,4.0,4.0,4.0,4.0,4.0,4.0,4.0,4.0,4.0,4.0,4.0,4.0,4.0,4.0,4.0,4.0,4.0,4.0,4.0,4.0,4.0,4.0,4.0,4.0,4.0,4.0,4.0,4.0,4.0,4.0,4.0,4.0,4.0,4.0,4.0,4.0,4.0,4.0,4.0,4.0,4.0,4.0,4.0,4.0,4.0,4.0,4.0,4.0,4.0,4.0,4.0,4.0,4.0,4.0,4.0,4.0,4.0,4.0,4.0,4.0,4.0,4.0,6.2,5.7,4.0,5.9,8.1,6.7,6.0,7.4
1543,7.5,4.0,7.5,5.7,7.9,7.6,4.0,8.4,8.3,8.0,8.2,8.7,7.3,7.0,6.0,7.1,7.0,6.6,7.9,8.4,7.6,8.7,6.4,6.6,8.8,7.9,7.3,7.3,6.7,7.5,4.0,7.3,6.5,7.0,6.2,6.2,7.4,6.4,7.2,7.6,7.9,4.0,7.7,6.9,5.8,6.4,6.2,6.5,8.4,7.8,7.3,7.8,8.6,6.1,8.5,7.1,9.0,7.4,4.0,4.0,4.0,4.0,4.0,4.0,4.0,4.0,4.0,4.0,4.0,4.0,4.0,4.0,4.0,4.0,4.0,4.0,4.0,4.0,4.0,4.0,4.0,4.0,4.0,4.0,4.0,4.0,7.1,4.0,4.0,4.0,4.0,4.0,7.3,8.4,4.0,4.0,4.0,4.0,8.1,4.0,4.0,4.0,4.0,4.0,4.0,4.0,4.0,4.0,4.0,4.0,4.0,4.0,4.0,4.0,9.7,4.0,4.0,4.0,4.0,4.0,4.0,4.0,4.0,4.0,4.0,4.0,7.1,4.0,6.2,4.0,4.0,4.0,4.0,4.0,4.0,4.0,4.0,4.0,4.0,4.0,4.0,4.0,4.0,4.0,4.0,4.0,4.0,4.0,4.0,4.0,4.0,4.0,4.0,4.0,4.0,4.0,4.0,4.0,4.0,5.9,4.0,4.0,4.0,4.0,6.5,5.8,6.8,6.4,8.6,7.9,7.0,7.3
1544,6.5,4.0,6.3,4.0,7.0,6.7,6.0,7.0,5.8,6.2,6.4,7.1,5.6,6.5,4.0,6.5,6.4,4.0,7.3,7.2,6.0,7.0,6.1,4.0,7.5,6.7,6.4,6.4,5.9,7.0,4.0,7.3,6.4,5.7,4.0,4.0,4.0,4.0,5.6,6.3,6.9,4.0,6.4,6.2,5.8,4.0,5.7,5.3,6.9,7.0,5.7,7.3,7.4,5.7,7.0,6.4,8.6,6.7,4.0,4.0,4.0,4.0,4.0,4.0,4.0,4.0,4.0,4.0,4.0,4.0,4.0,4.0,4.0,4.0,4.0,4.0,4.0,4.0,4.0,4.0,4.0,4.0,4.0,4.0,4.0,4.0,4.0,4.0,4.0,4.0,4.0,4.0,4.0,4.0,4.0,4.0,4.0,4.0,4.0,4.0,4.0,4.0,4.0,4.0,4.0,4.0,4.0,4.0,4.0,4.0,4.0,4.0,4.0,4.0,4.0,4.0,4.0,4.0,4.0,4.0,4.0,4.0,4.0,4.0,4.0,4.0,4.0,4.0,4.0,4.0,4.0,4.0,4.0,4.0,4.0,4.0,4.0,4.0,4.0,4.0,4.0,4.0,4.0,4.0,4.0,4.0,4.0,4.0,4.0,4.0,4.0,4.0,4.0,4.0,4.0,4.0,4.0,4.0,4.0,4.0,4.0,4.0,4.0,4.0,5.8,5.4,4.0,4.0,7.2,6.4,6.0,7.7
1545,7.8,4.0,7.9,6.5,7.7,7.2,5.6,8.3,7.3,7.4,7.5,8.3,6.7,6.9,5.6,7.0,6.9,6.0,7.7,7.6,6.8,8.8,6.4,6.3,8.0,6.2,7.0,6.9,6.3,6.8,4.0,6.8,6.0,6.6,6.1,5.6,7.0,6.2,6.8,7.2,7.8,4.0,7.9,7.4,5.6,6.0,6.5,6.0,8.5,7.5,8.2,8.3,8.2,6.4,8.0,7.0,8.8,7.0,4.0,4.0,4.0,4.0,4.0,4.0,4.0,4.0,4.0,4.0,4.0,4.0,4.0,4.0,4.0,4.0,4.0,4.0,4.0,4.0,4.0,4.0,4.0,4.0,4.0,4.0,4.0,4.0,4.0,4.0,4.0,4.0,4.0,4.0,4.0,4.0,4.0,4.0,4.0,4.0,4.0,4.0,4.0,4.0,4.0,4.0,4.0,4.0,4.0,4.0,4.0,4.0,4.0,4.0,4.0,4.0,4.0,4.0,4.0,4.0,4.0,4.0,4.0,4.0,4.0,4.0,4.0,4.0,4.0,4.0,4.0,4.0,4.0,4.0,4.0,4.0,4.0,4.0,4.0,4.0,4.0,4.0,4.0,4.0,4.0,4.0,4.0,4.0,4.0,4.0,4.0,4.0,4.0,4.0,4.0,4.0,4.0,4.0,4.0,4.0,4.0,4.0,4.0,4.0,4.0,4.0,6.0,5.3,6.6,5.7,8.0,7.4,6.4,6.9
1546,5.5,4.0,6.2,6.6,6.1,7.6,6.0,6.6,6.3,6.4,6.8,6.9,4.0,7.4,4.0,5.7,5.8,5.7,7.0,6.6,5.9,7.8,7.4,8.2,7.5,6.8,6.3,6.2,6.1,7.6,4.0,5.9,4.0,5.6,6.1,4.0,4.0,4.0,5.9,7.2,7.7,4.0,6.8,6.2,4.0,6.3,5.8,5.7,7.0,6.3,6.5,7.1,7.3,5.3,7.4,6.7,7.7,6.5,4.0,4.0,4.0,4.0,4.0,4.0,4.0,4.0,4.0,4.0,4.0,4.0,4.0,4.0,4.0,4.0,4.0,4.0,4.0,4.0,4.0,4.0,4.0,4.0,4.0,4.0,4.0,4.0,4.0,4.0,4.0,4.0,4.0,4.0,4.0,4.0,4.0,4.0,4.0,4.0,4.0,4.0,4.0,4.0,4.0,4.0,4.0,4.0,4.0,4.0,4.0,4.0,4.0,4.0,4.0,4.0,4.0,4.0,4.0,4.0,4.0,4.0,4.0,4.0,4.0,4.0,4.0,4.0,4.0,4.0,4.0,4.0,4.0,4.0,4.0,4.0,4.0,4.0,4.0,4.0,4.0,4.0,4.0,4.0,4.0,4.0,4.0,4.0,4.0,4.0,4.0,4.0,4.0,4.0,4.0,4.0,4.0,4.0,4.0,4.0,4.0,4.0,4.0,4.0,4.0,4.0,6.1,6.5,6.7,4.0,6.1,8.0,7.4,7.5
1549,5.9,4.0,5.8,6.0,7.3,5.9,7.0,7.7,6.3,6.6,6.1,6.8,4.0,6.0,4.0,6.6,6.4,4.0,7.1,6.7,5.6,7.5,5.8,7.5,7.4,6.6,6.4,6.3,6.2,7.3,4.0,7.7,6.4,5.5,4.0,4.0,4.0,4.0,5.9,6.4,6.4,4.0,6.2,6.0,6.0,4.0,6.1,5.6,6.8,7.3,6.2,6.9,7.2,6.2,6.8,6.4,8.8,6.0,4.0,4.0,4.0,4.0,4.0,4.0,4.0,4.0,4.0,4.0,4.0,4.0,4.0,4.0,4.0,4.0,4.0,4.0,4.0,4.0,4.0,4.0,4.0,4.0,4.0,4.0,4.0,4.0,4.0,4.0,4.0,4.0,4.0,4.0,4.0,4.0,4.0,4.0,4.0,4.0,4.0,4.0,4.0,4.0,4.0,4.0,4.0,4.0,4.0,4.0,4.0,4.0,4.0,4.0,4.0,4.0,4.0,4.0,4.0,4.0,4.0,4.0,4.0,4.0,4.0,4.0,4.0,4.0,4.0,4.0,4.0,4.0,4.0,4.0,4.0,4.0,4.0,4.0,4.0,4.0,4.0,4.0,4.0,4.0,4.0,4.0,4.0,4.0,4.0,4.0,4.0,4.0,4.0,4.0,4.0,4.0,4.0,4.0,4.0,4.0,4.0,4.0,4.0,4.0,4.0,4.0,6.0,5.4,6.5,5.5,7.3,6.3,5.7,7.3
1550,7.5,5.5,7.1,6.6,7.5,6.9,5.7,6.6,6.4,6.6,9.2,9.5,7.3,7.0,5.4,6.8,6.9,6.4,8.7,7.6,7.7,9.2,8.7,7.7,7.4,6.7,8.1,8.6,7.9,8.0,5.8,7.1,5.8,7.9,7.2,6.4,6.7,6.5,7.0,8.2,8.7,6.2,8.8,7.6,7.1,6.3,7.4,6.9,9.3,6.7,7.7,8.8,9.0,6.8,7.4,8.1,8.7,7.9,4.0,4.0,4.0,4.0,4.0,4.0,4.0,4.0,4.0,4.0,4.0,4.0,4.0,4.0,4.0,4.0,4.0,4.0,4.0,4.0,4.0,4.0,4.0,4.0,4.0,4.0,4.0,4.0,4.0,4.0,4.0,4.0,4.0,4.0,4.0,4.0,4.0,4.0,4.0,4.0,4.0,4.0,4.0,4.0,4.0,4.0,4.0,4.0,4.0,4.0,4.0,4.0,4.0,4.0,4.0,4.0,4.0,4.0,4.0,4.0,4.0,4.0,4.0,4.0,4.0,4.0,4.0,4.0,4.0,4.0,4.0,4.0,4.0,4.0,4.0,4.0,4.0,4.0,4.0,4.0,4.0,4.0,4.0,4.0,4.0,4.0,4.0,4.0,4.0,4.0,4.0,4.0,4.0,4.0,4.0,4.0,4.0,4.0,4.0,4.0,4.0,4.0,4.0,4.0,4.0,4.0,6.7,8.1,7.1,5.9,7.6,8.1,7.3,8.4
1551,7.1,4.0,7.0,6.0,7.1,6.3,5.6,5.6,4.0,4.0,10.1,9.4,6.7,6.6,4.0,7.1,7.1,4.0,7.3,7.9,7.3,9.2,8.0,7.4,6.9,6.2,7.9,7.9,6.6,7.2,4.0,7.2,6.5,7.1,6.7,5.8,6.8,6.4,6.4,7.9,8.0,4.0,7.8,7.0,6.1,4.0,6.9,6.3,9.1,7.1,7.4,8.8,10.2,5.5,6.9,7.4,8.0,7.8,4.0,4.0,4.0,4.0,4.0,4.0,4.0,4.0,4.0,4.0,4.0,4.0,4.0,4.0,4.0,4.0,4.0,4.0,4.0,4.0,4.0,4.0,4.0,4.0,4.0,4.0,4.0,4.0,4.0,4.0,4.0,4.0,4.0,4.0,4.0,4.0,4.0,4.0,4.0,4.0,4.0,4.0,4.0,4.0,4.0,4.0,4.0,4.0,4.0,4.0,4.0,4.0,4.0,4.0,4.0,4.0,4.0,4.0,4.0,4.0,4.0,4.0,4.0,4.0,4.0,4.0,4.0,4.0,4.0,4.0,4.0,4.0,4.0,4.0,4.0,4.0,4.0,4.0,4.0,4.0,4.0,4.0,4.0,4.0,4.0,4.0,4.0,4.0,4.0,4.0,4.0,4.0,4.0,4.0,4.0,4.0,4.0,4.0,4.0,4.0,4.0,4.0,4.0,4.0,4.0,4.0,4.0,7.8,6.7,4.0,7.9,7.3,6.8,7.0
1552,7.4,4.0,7.5,5.7,7.3,6.7,5.9,7.6,7.4,7.2,9.2,9.4,6.3,6.6,4.0,6.3,6.2,6.0,7.5,7.7,6.9,8.9,6.5,6.6,7.6,6.7,7.3,7.1,6.5,7.5,4.0,6.6,5.9,7.5,6.4,5.7,6.7,6.0,6.3,6.8,7.5,4.0,8.0,6.8,5.8,6.0,6.4,5.9,8.1,7.2,7.0,7.8,8.4,5.9,7.8,6.9,8.5,6.7,4.0,4.0,4.0,4.0,4.0,4.0,4.0,4.0,4.0,4.0,4.0,4.0,4.0,4.0,4.0,4.0,4.0,4.0,4.0,4.0,4.0,4.0,4.0,4.0,4.0,4.0,4.0,4.0,4.0,4.0,4.0,4.0,4.0,4.0,4.0,4.0,4.0,4.0,4.0,4.0,4.0,4.0,4.0,4.0,4.0,4.0,4.0,4.0,4.0,4.0,4.0,4.0,4.0,4.0,4.0,4.0,4.0,4.0,4.0,4.0,4.0,4.0,4.0,4.0,4.0,4.0,4.0,4.0,4.0,4.0,4.0,4.0,4.0,4.0,4.0,4.0,4.0,4.0,4.0,4.0,4.0,4.0,4.0,4.0,4.0,4.0,4.0,4.0,4.0,4.0,4.0,4.0,4.0,4.0,4.0,4.0,4.0,4.0,4.0,4.0,4.0,4.0,4.0,4.0,4.0,4.0,6.0,5.4,6.4,5.9,7.4,7.2,6.5,7.5
1553,7.3,5.9,7.4,6.4,7.4,7.0,5.4,6.9,6.5,7.0,8.4,8.5,7.3,6.4,5.4,6.3,6.3,7.1,7.3,9.0,6.5,8.8,7.9,6.4,6.9,6.5,7.0,7.4,7.3,7.3,5.7,6.6,6.1,7.3,6.9,6.3,6.9,6.3,6.3,7.1,7.8,6.1,8.1,7.1,6.9,6.3,6.9,6.6,8.7,6.7,7.4,8.4,8.6,6.7,7.6,7.5,7.9,7.5,4.0,4.0,4.0,4.0,4.0,4.0,4.0,4.0,4.0,4.0,4.0,4.0,4.0,4.0,4.0,4.0,4.0,4.0,4.0,4.0,4.0,4.0,4.0,4.0,4.0,4.0,4.0,4.0,4.0,4.0,4.0,4.0,4.0,4.0,4.0,4.0,4.0,4.0,4.0,4.0,4.0,4.0,4.0,4.0,4.0,4.0,4.0,4.0,4.0,4.0,4.0,4.0,4.0,4.0,4.0,4.0,4.0,4.0,4.0,4.0,4.0,4.0,4.0,4.0,4.0,4.0,4.0,4.0,4.0,4.0,4.0,4.0,4.0,4.0,4.0,4.0,4.0,4.0,4.0,4.0,4.0,4.0,4.0,4.0,4.0,4.0,4.0,4.0,4.0,4.0,4.0,4.0,4.0,4.0,4.0,4.0,4.0,4.0,4.0,4.0,4.0,4.0,4.0,4.0,4.0,4.0,6.7,6.6,6.6,5.5,7.5,7.9,7.9,7.4
1554,8.3,5.5,7.1,4.0,8.0,7.9,5.8,8.5,7.7,8.0,8.6,9.2,9.1,7.3,6.1,6.9,6.6,6.8,7.4,8.0,8.0,8.9,7.2,4.0,8.9,8.1,7.7,7.9,7.7,7.7,4.0,6.9,6.4,7.2,4.0,6.4,6.7,6.3,7.0,8.6,8.7,5.7,8.5,7.4,7.4,6.8,7.3,7.0,8.8,8.2,7.9,8.5,8.2,7.4,8.1,7.9,9.3,7.7,4.0,4.0,4.0,4.0,4.0,4.0,4.0,4.0,4.0,4.0,4.0,4.0,4.0,4.0,4.0,4.0,4.0,4.0,4.0,4.0,4.0,4.0,4.0,4.0,4.0,4.0,4.0,4.0,6.4,4.0,4.0,4.0,4.0,4.0,8.0,7.2,4.0,4.0,4.0,4.0,8.1,4.0,4.0,4.0,4.0,4.0,4.0,4.0,4.0,4.0,4.0,4.0,4.0,4.0,4.0,4.0,9.4,4.0,4.0,4.0,4.0,4.0,4.0,4.0,4.0,4.0,4.0,4.0,7.9,4.0,6.7,4.0,4.0,4.0,4.0,4.0,4.0,4.0,4.0,4.0,4.0,4.0,4.0,4.0,4.0,4.0,4.0,4.0,4.0,4.0,4.0,4.0,4.0,4.0,4.0,4.0,4.0,4.0,4.0,7.3,4.0,6.0,4.0,4.0,4.0,4.0,7.3,6.1,6.9,6.9,7.7,8.5,7.1,8.4
1555,7.7,4.0,4.0,8.2,8.3,7.9,6.2,8.5,7.4,7.9,8.5,9.2,7.4,7.5,5.6,6.6,6.3,6.7,7.9,7.8,7.3,9.0,7.4,8.8,8.9,8.2,7.5,7.9,7.7,8.0,6.3,7.5,6.6,6.1,6.3,6.0,6.3,5.7,6.7,4.0,8.0,5.7,8.2,7.3,5.8,6.6,4.0,6.6,9.1,8.1,7.8,8.6,8.2,6.9,8.4,7.7,9.3,7.8,4.0,4.0,4.0,4.0,4.0,4.0,4.0,4.0,4.0,4.0,4.0,4.0,4.0,4.0,4.0,4.0,4.0,4.0,4.0,4.0,4.0,4.0,4.0,4.0,4.0,4.0,4.0,4.0,4.0,4.0,4.0,4.0,4.0,4.0,8.4,4.0,4.0,4.0,4.0,4.0,4.0,4.0,4.0,4.0,4.0,4.0,4.0,4.0,4.0,4.0,4.0,4.0,4.0,4.0,4.0,4.0,4.0,4.0,4.0,4.0,4.0,4.0,4.0,4.0,4.0,4.0,4.0,4.0,4.0,4.0,4.0,4.0,4.0,4.0,4.0,4.0,4.0,4.0,4.0,4.0,4.0,4.0,4.0,4.0,4.0,4.0,4.0,4.0,4.0,4.0,4.0,4.0,4.0,4.0,4.0,4.0,4.0,4.0,4.0,4.0,4.0,4.0,4.0,4.0,4.0,4.0,6.5,5.7,6.9,6.7,4.0,8.3,6.8,8.9
1556,8.1,4.0,6.9,4.0,7.9,7.8,4.0,8.3,7.6,7.7,8.5,9.2,7.7,6.9,6.4,7.2,7.1,6.3,7.2,8.3,8.2,8.6,7.4,4.0,8.5,7.8,7.3,7.1,6.7,7.4,4.0,6.8,6.3,6.7,4.0,6.3,6.7,6.3,7.0,8.3,8.5,5.4,8.2,6.8,7.2,6.5,7.2,6.3,8.5,7.8,7.4,8.1,8.5,7.0,7.8,7.9,9.2,7.8,4.0,4.0,4.0,4.0,4.0,4.0,4.0,4.0,4.0,4.0,4.0,4.0,4.0,4.0,4.0,4.0,4.0,4.0,4.0,4.0,4.0,4.0,4.0,4.0,4.0,4.0,4.0,4.0,6.1,6.8,4.0,4.0,4.0,4.0,7.7,7.5,4.0,4.0,4.0,4.0,8.3,4.0,4.0,4.0,4.0,4.0,4.0,8.8,4.0,4.0,4.0,4.0,4.0,4.0,4.0,4.0,9.9,4.0,4.0,4.0,4.0,4.0,4.0,4.0,4.0,4.0,4.0,4.0,8.6,4.0,6.8,4.0,4.0,4.0,4.0,4.0,4.0,4.0,4.0,4.0,4.0,4.0,4.0,4.0,4.0,4.0,4.0,4.0,4.0,4.0,4.0,4.0,4.0,4.0,4.0,4.0,7.4,4.0,4.0,7.6,4.0,6.4,4.0,8.0,4.0,4.0,6.8,6.0,6.4,6.3,7.5,8.1,6.4,8.1
1557,7.3,5.5,7.9,6.4,7.5,7.5,4.0,7.9,7.8,7.7,7.6,8.6,7.2,7.0,5.6,7.1,6.8,6.2,8.7,8.1,7.5,8.2,6.3,6.6,8.4,6.9,7.2,7.0,6.5,7.1,4.0,7.0,6.3,6.9,6.3,6.0,7.3,6.4,6.4,7.3,7.6,4.0,7.4,6.9,5.6,6.3,6.3,6.2,8.1,7.6,6.7,7.6,8.3,6.1,8.1,6.8,8.8,7.4,4.0,4.0,4.0,4.0,4.0,4.0,4.0,4.0,4.0,4.0,4.0,4.0,4.0,4.0,4.0,4.0,4.0,4.0,4.0,4.0,4.0,4.0,4.0,4.0,4.0,4.0,4.0,4.0,6.0,6.2,4.0,4.0,4.0,4.0,6.8,7.3,4.0,4.0,4.0,4.0,7.5,4.0,4.0,4.0,4.0,4.0,4.0,7.5,4.0,4.0,4.0,4.0,4.0,4.0,4.0,4.0,9.4,4.0,4.0,4.0,4.0,4.0,4.0,4.0,4.0,4.0,4.0,4.0,7.0,4.0,6.1,4.0,4.0,4.0,4.0,4.0,4.0,4.0,4.0,4.0,4.0,4.0,4.0,4.0,4.0,4.0,4.0,4.0,4.0,4.0,4.0,4.0,4.0,4.0,4.0,4.0,6.9,4.0,4.0,4.0,4.0,5.4,4.0,4.0,4.0,4.0,6.0,5.7,6.4,6.0,7.8,7.7,6.5,7.3
1559,7.9,4.0,6.5,4.0,7.5,7.2,5.5,7.6,7.4,7.4,7.5,7.9,6.5,6.5,4.0,6.8,6.5,5.8,7.6,7.2,7.3,8.5,5.8,4.0,8.8,7.4,6.8,6.9,6.4,6.8,4.0,6.7,6.1,5.7,4.0,5.9,6.3,6.1,6.3,6.9,7.8,4.0,7.5,6.5,6.0,6.4,6.5,6.0,7.8,7.2,7.4,8.1,8.2,5.9,7.8,6.9,8.8,6.8,4.0,4.0,4.0,4.0,4.0,4.0,4.0,4.0,4.0,4.0,4.0,4.0,4.0,4.0,4.0,4.0,4.0,4.0,4.0,4.0,4.0,4.0,4.0,4.0,4.0,4.0,4.0,4.0,4.0,4.0,4.0,4.0,4.0,4.0,4.0,4.0,4.0,4.0,4.0,4.0,4.0,4.0,4.0,4.0,4.0,4.0,4.0,4.0,4.0,4.0,4.0,4.0,4.0,4.0,4.0,4.0,4.0,4.0,4.0,4.0,4.0,4.0,4.0,4.0,4.0,4.0,4.0,4.0,4.0,4.0,4.0,4.0,4.0,4.0,4.0,4.0,4.0,4.0,4.0,4.0,4.0,4.0,4.0,4.0,4.0,4.0,4.0,4.0,4.0,4.0,4.0,4.0,4.0,4.0,4.0,4.0,4.0,4.0,4.0,4.0,4.0,4.0,4.0,4.0,4.0,4.0,6.0,5.3,6.3,6.0,8.4,7.9,6.2,7.0
1560,8.1,4.0,7.1,4.0,7.4,7.2,5.8,7.6,7.7,7.7,7.7,8.2,6.7,6.6,5.4,7.3,7.1,5.8,7.6,7.8,7.7,8.5,6.1,4.0,8.5,7.5,7.3,7.2,6.8,6.9,4.0,6.8,6.4,6.3,4.0,6.2,6.6,6.4,6.8,7.1,8.1,4.0,7.3,6.5,5.8,6.0,6.3,5.8,8.0,7.1,7.7,8.2,8.2,6.7,8.0,6.9,8.7,7.1,4.0,4.0,4.0,4.0,4.0,4.0,4.0,4.0,4.0,4.0,4.0,4.0,4.0,4.0,4.0,4.0,4.0,4.0,4.0,4.0,4.0,4.0,4.0,4.0,4.0,4.0,4.0,4.0,4.0,4.0,4.0,4.0,4.0,4.0,4.0,4.0,4.0,4.0,4.0,4.0,4.0,4.0,4.0,4.0,4.0,4.0,4.0,4.0,4.0,4.0,4.0,4.0,4.0,4.0,4.0,4.0,4.0,4.0,4.0,4.0,4.0,4.0,4.0,4.0,4.0,4.0,4.0,4.0,4.0,4.0,4.0,4.0,4.0,4.0,4.0,4.0,4.0,4.0,4.0,4.0,4.0,4.0,4.0,4.0,4.0,4.0,4.0,4.0,4.0,4.0,4.0,4.0,4.0,4.0,4.0,4.0,4.0,4.0,4.0,4.0,4.0,4.0,4.0,4.0,4.0,4.0,6.1,5.5,6.3,6.0,7.9,8.1,6.0,7.1
1561,7.2,4.0,6.4,4.0,7.4,6.4,6.7,7.8,7.0,7.2,7.4,8.4,6.3,6.3,5.5,7.0,6.8,5.9,6.8,7.0,7.0,8.9,6.4,4.0,8.7,7.2,7.2,6.7,6.8,7.7,5.5,6.1,5.6,6.3,4.0,5.7,5.7,5.9,7.0,6.8,7.6,4.0,8.0,7.8,6.9,6.7,7.3,6.3,8.1,7.9,7.7,8.1,7.9,6.6,7.2,7.7,9.0,7.3,4.0,4.0,4.0,4.0,4.0,4.0,4.0,4.0,4.0,4.0,4.0,4.0,4.0,4.0,4.0,4.0,4.0,4.0,4.0,4.0,4.0,4.0,4.0,4.0,4.0,4.0,4.0,4.0,4.0,4.0,4.0,4.0,4.0,4.0,4.0,4.0,4.0,4.0,4.0,4.0,4.0,4.0,4.0,4.0,4.0,4.0,4.0,4.0,4.0,4.0,4.0,4.0,4.0,4.0,4.0,4.0,4.0,4.0,4.0,4.0,4.0,4.0,4.0,4.0,4.0,4.0,4.0,4.0,4.0,4.0,4.0,4.0,4.0,4.0,4.0,4.0,4.0,4.0,4.0,4.0,4.0,4.0,4.0,4.0,4.0,4.0,4.0,4.0,4.0,4.0,4.0,4.0,4.0,4.0,4.0,4.0,4.0,4.0,4.0,4.0,4.0,4.0,4.0,4.0,4.0,4.0,6.9,5.5,6.6,6.1,7.8,7.6,6.5,7.9
1563,8.1,5.6,7.4,4.0,7.5,4.0,6.4,7.7,7.8,7.8,8.2,8.8,7.4,6.9,6.0,8.0,7.8,6.5,7.9,8.2,8.1,9.0,6.4,4.0,8.8,7.7,7.5,7.1,6.5,7.6,4.0,7.3,6.8,7.5,4.0,6.5,7.5,7.3,6.8,8.1,8.6,4.0,7.5,7.1,6.1,6.1,6.6,6.6,8.5,7.5,7.6,8.8,8.7,7.4,8.5,7.9,8.7,7.6,4.0,4.0,4.0,4.0,4.0,4.0,4.0,4.0,4.0,4.0,4.0,4.0,4.0,4.0,4.0,4.0,4.0,4.0,4.0,4.0,4.0,4.0,4.0,4.0,4.0,4.0,4.0,4.0,4.0,4.0,4.0,4.0,4.0,4.0,4.0,4.0,4.0,4.0,4.0,4.0,4.0,4.0,4.0,4.0,4.0,4.0,4.0,4.0,4.0,4.0,4.0,4.0,4.0,4.0,4.0,4.0,4.0,4.0,4.0,4.0,4.0,4.0,4.0,4.0,4.0,4.0,4.0,4.0,4.0,4.0,4.0,4.0,4.0,4.0,4.0,4.0,4.0,4.0,4.0,4.0,4.0,4.0,4.0,4.0,4.0,4.0,4.0,4.0,4.0,4.0,4.0,4.0,4.0,4.0,4.0,4.0,4.0,4.0,4.0,4.0,4.0,4.0,4.0,4.0,4.0,4.0,6.4,6.2,6.2,6.0,7.6,7.9,6.3,7.5
1564,8.1,4.0,7.1,4.0,7.8,7.7,5.7,8.2,7.7,7.7,8.4,8.8,7.3,6.9,5.7,7.3,7.1,6.6,7.4,7.9,7.9,8.9,7.0,4.0,8.2,7.5,7.1,6.8,6.4,7.1,4.0,7.0,6.4,6.5,4.0,6.4,6.8,6.4,6.5,7.7,8.1,4.0,7.9,7.1,7.4,5.7,6.8,6.3,8.5,7.3,7.4,8.2,7.9,7.0,8.0,7.8,9.0,7.6,4.0,4.0,4.0,4.0,4.0,4.0,4.0,4.0,4.0,4.0,4.0,4.0,4.0,4.0,4.0,4.0,4.0,4.0,4.0,4.0,4.0,4.0,4.0,4.0,4.0,4.0,4.0,4.0,4.0,4.0,4.0,4.0,4.0,4.0,4.0,4.0,4.0,4.0,4.0,4.0,4.0,4.0,4.0,4.0,4.0,4.0,4.0,4.0,4.0,4.0,4.0,4.0,4.0,4.0,4.0,4.0,4.0,4.0,4.0,4.0,4.0,4.0,4.0,4.0,4.0,4.0,4.0,4.0,4.0,4.0,4.0,4.0,4.0,4.0,4.0,4.0,4.0,4.0,4.0,4.0,4.0,4.0,4.0,4.0,4.0,4.0,4.0,4.0,4.0,4.0,4.0,4.0,4.0,4.0,4.0,4.0,4.0,4.0,4.0,4.0,4.0,4.0,4.0,4.0,4.0,4.0,6.7,6.0,6.4,6.3,7.3,7.9,6.3,8.0
1566,8.2,4.0,7.1,4.0,8.0,7.9,5.9,8.0,7.8,7.9,8.7,9.1,7.4,7.1,6.0,6.8,6.8,7.0,7.3,8.1,7.9,9.0,7.3,4.0,8.7,8.0,8.0,7.7,7.5,8.5,5.5,6.9,6.5,7.3,4.0,6.5,7.0,6.6,7.3,7.7,8.4,6.0,8.3,7.3,7.3,6.7,7.1,7.2,8.4,7.8,7.7,8.3,8.0,7.5,7.9,7.7,9.3,7.6,4.0,4.0,4.0,4.0,4.0,4.0,4.0,4.0,4.0,4.0,4.0,4.0,4.0,4.0,4.0,4.0,4.0,4.0,4.0,4.0,4.0,4.0,4.0,4.0,4.0,4.0,4.0,4.0,4.0,4.0,4.0,4.0,4.0,4.0,4.0,4.0,4.0,4.0,4.0,4.0,4.0,4.0,4.0,4.0,4.0,4.0,4.0,4.0,4.0,4.0,4.0,4.0,4.0,4.0,4.0,4.0,4.0,4.0,4.0,4.0,4.0,4.0,4.0,4.0,4.0,4.0,4.0,4.0,4.0,4.0,4.0,4.0,4.0,4.0,4.0,4.0,4.0,4.0,4.0,4.0,4.0,4.0,4.0,4.0,4.0,4.0,4.0,4.0,4.0,4.0,4.0,4.0,4.0,4.0,4.0,4.0,4.0,4.0,4.0,8.3,4.0,4.0,4.0,4.0,4.0,4.0,7.3,6.3,7.0,6.7,7.9,8.5,7.0,8.3
1568,6.7,5.8,7.8,6.4,8.1,7.2,6.1,6.9,7.5,7.9,6.5,7.5,6.3,6.2,4.0,6.4,6.4,6.7,5.9,6.0,5.8,8.3,7.1,6.4,6.6,6.6,5.5,5.7,7.0,7.0,5.6,5.6,5.6,5.9,6.0,4.0,6.1,5.5,5.8,6.2,6.6,5.3,7.0,6.4,6.1,5.7,6.0,6.0,7.3,6.1,6.3,7.1,7.0,5.9,6.7,6.9,9.0,6.7,4.0,4.0,4.0,4.0,4.0,4.0,4.0,4.0,4.0,4.0,4.0,4.0,4.0,4.0,4.0,4.0,4.0,4.0,4.0,4.0,4.0,4.0,4.0,4.0,4.0,4.0,4.0,4.0,4.0,4.0,4.0,4.0,4.0,4.0,4.0,4.0,4.0,4.0,4.0,4.0,4.0,4.0,4.0,4.0,4.0,4.0,4.0,4.0,4.0,4.0,4.0,4.0,4.0,4.0,4.0,4.0,4.0,4.0,4.0,4.0,4.0,4.0,4.0,4.0,4.0,4.0,4.0,4.0,4.0,4.0,4.0,4.0,4.0,4.0,4.0,4.0,4.0,4.0,4.0,4.0,4.0,4.0,4.0,4.0,4.0,4.0,4.0,4.0,4.0,4.0,4.0,4.0,4.0,4.0,4.0,4.0,4.0,4.0,4.0,4.0,4.0,4.0,4.0,4.0,4.0,4.0,6.7,6.6,4.0,6.0,9.0,8.2,6.7,7.7
1570,6.9,6.2,7.6,6.6,6.9,7.3,7.7,6.9,6.7,7.2,6.8,7.6,6.9,6.4,4.0,6.2,6.1,6.2,6.6,6.8,6.7,8.2,6.7,7.7,7.9,6.1,6.4,6.2,7.4,7.1,4.0,7.0,6.0,5.8,6.4,4.0,6.1,4.0,6.1,4.0,7.5,5.3,7.1,7.0,5.8,5.8,6.9,6.0,7.7,6.6,6.6,7.9,7.6,5.6,7.1,6.2,7.9,6.2,4.0,4.0,4.0,4.0,4.0,4.0,4.0,4.0,4.0,4.0,4.0,4.0,4.0,4.0,4.0,4.0,4.0,4.0,4.0,4.0,4.0,4.0,4.0,4.0,4.0,4.0,4.0,4.0,4.0,4.0,4.0,4.0,4.0,4.0,4.0,4.0,4.0,4.0,4.0,4.0,4.0,4.0,4.0,4.0,4.0,4.0,4.0,4.0,4.0,4.0,4.0,4.0,4.0,4.0,4.0,4.0,4.0,4.0,4.0,4.0,4.0,4.0,4.0,4.0,4.0,4.0,4.0,4.0,4.0,4.0,4.0,4.0,4.0,4.0,4.0,4.0,4.0,4.0,4.0,4.0,4.0,4.0,4.0,4.0,4.0,4.0,4.0,4.0,4.0,4.0,4.0,4.0,4.0,4.0,4.0,4.0,4.0,4.0,4.0,4.0,4.0,4.0,4.0,4.0,4.0,4.0,5.9,6.0,4.0,5.4,8.2,7.8,6.2,6.9
1572,7.7,4.0,7.5,5.7,7.4,7.4,4.0,8.5,6.5,6.8,8.1,8.5,7.4,7.0,4.0,6.5,6.2,6.3,6.9,8.0,7.2,8.7,6.8,5.9,6.8,6.3,6.7,7.0,6.9,6.9,4.0,6.2,5.4,6.5,6.1,5.8,6.7,6.0,6.7,6.7,7.7,4.0,7.5,6.9,6.0,5.7,6.2,5.9,8.5,7.0,7.3,7.6,7.6,6.5,7.6,7.3,8.5,6.9,4.0,4.0,4.0,4.0,4.0,4.0,4.0,4.0,4.0,4.0,4.0,4.0,4.0,4.0,4.0,4.0,4.0,4.0,4.0,4.0,4.0,4.0,4.0,4.0,4.0,4.0,4.0,4.0,4.0,4.0,4.0,4.0,4.0,4.0,4.0,4.0,4.0,4.0,4.0,4.0,4.0,4.0,4.0,4.0,4.0,4.0,4.0,4.0,4.0,4.0,4.0,4.0,4.0,4.0,4.0,4.0,4.0,4.0,4.0,4.0,4.0,4.0,4.0,4.0,4.0,4.0,4.0,4.0,4.0,4.0,4.0,4.0,4.0,4.0,4.0,4.0,4.0,4.0,4.0,4.0,4.0,4.0,4.0,4.0,4.0,4.0,4.0,4.0,4.0,4.0,4.0,4.0,4.0,4.0,4.0,4.0,4.0,4.0,4.0,4.0,4.0,4.0,4.0,4.0,4.0,4.0,6.4,5.4,6.4,5.9,7.4,7.8,6.0,7.7
1573,7.7,4.0,7.1,5.8,8.0,7.2,4.0,7.8,7.2,7.6,8.2,8.3,6.9,6.8,5.8,6.5,6.5,6.6,7.4,7.6,7.3,8.7,7.0,6.2,7.8,6.9,7.2,7.3,7.4,7.2,5.5,6.6,6.0,7.1,6.4,6.0,6.7,6.1,7.1,6.8,8.0,5.8,8.5,7.0,6.0,6.4,6.5,6.5,8.1,7.1,7.5,7.7,8.0,6.5,7.6,7.2,9.3,6.8,4.0,4.0,4.0,4.0,4.0,4.0,4.0,4.0,4.0,4.0,4.0,4.0,4.0,4.0,4.0,4.0,4.0,4.0,4.0,4.0,4.0,4.0,4.0,4.0,4.0,4.0,4.0,4.0,4.0,4.0,4.0,4.0,4.0,4.0,4.0,4.0,4.0,4.0,4.0,4.0,4.0,4.0,4.0,4.0,4.0,4.0,4.0,4.0,4.0,4.0,4.0,4.0,4.0,4.0,4.0,4.0,4.0,4.0,4.0,4.0,4.0,4.0,4.0,4.0,4.0,4.0,4.0,4.0,4.0,4.0,4.0,4.0,4.0,4.0,4.0,4.0,4.0,4.0,4.0,4.0,4.0,4.0,4.0,4.0,4.0,4.0,4.0,4.0,4.0,4.0,4.0,4.0,4.0,4.0,4.0,4.0,4.0,4.0,4.0,4.0,4.0,4.0,4.0,4.0,4.0,4.0,6.8,5.6,7.0,6.1,7.7,8.0,6.7,8.2
1574,4.0,4.0,4.0,7.7,8.0,8.4,4.0,8.4,8.3,4.0,8.6,9.4,9.1,7.9,4.0,7.9,7.8,6.8,4.0,4.0,4.0,4.0,7.1,4.0,4.0,4.0,4.0,4.0,7.6,7.8,4.0,7.1,7.2,4.0,6.8,7.3,7.2,8.3,7.0,9.1,4.0,5.6,7.8,6.5,6.7,4.0,6.8,4.0,8.8,7.6,7.4,4.0,8.5,7.3,4.0,7.7,4.0,8.0,4.0,4.0,5.9,8.4,6.1,5.9,5.2,5.6,6.4,4.0,6.7,4.0,9.2,7.5,4.0,4.0,8.2,4.0,4.0,7.7,7.7,4.0,4.0,4.0,4.0,7.3,4.0,4.0,6.8,7.7,6.4,7.2,7.2,5.7,7.5,7.8,7.5,5.9,6.4,6.0,7.8,4.0,8.1,6.5,7.3,8.2,7.6,8.2,7.5,8.1,6.9,7.3,6.5,4.0,8.4,7.6,8.3,7.3,6.0,7.6,7.0,6.2,6.9,7.4,6.3,5.8,6.0,7.7,7.4,4.0,6.9,7.2,6.5,6.2,6.3,6.0,8.7,6.2,7.1,6.6,4.0,6.7,8.2,4.0,6.2,4.0,4.0,6.1,4.0,4.0,7.9,8.4,7.6,4.0,5.8,4.0,9.1,4.0,4.0,4.0,4.0,6.6,4.0,4.0,4.0,4.0,6.7,6.7,4.0,4.0,7.5,7.4,4.0,4.0
1575,4.0,4.0,4.0,4.0,4.0,4.0,4.0,9.0,4.0,4.0,4.0,4.0,4.0,8.4,4.0,7.5,6.1,6.7,4.0,9.1,8.7,4.0,7.3,4.0,4.0,6.4,4.0,4.0,8.4,4.0,4.0,7.1,7.5,4.0,7.1,7.7,7.3,8.6,7.6,8.9,4.0,6.2,8.6,7.1,6.9,4.0,7.3,4.0,9.3,4.0,4.0,4.0,8.7,7.2,4.0,7.7,4.0,8.3,4.0,4.0,7.1,8.4,6.9,6.1,5.7,6.1,7.3,8.0,7.4,4.0,9.1,8.4,4.0,7.4,8.9,4.0,4.0,4.0,8.0,4.0,4.0,4.0,4.0,8.4,7.5,4.0,5.9,6.9,7.0,7.9,8.0,6.8,8.7,4.0,7.8,6.2,6.4,6.3,8.4,4.0,7.7,5.6,4.0,7.9,8.6,8.2,8.5,4.0,7.3,7.8,8.4,4.0,8.1,7.8,8.1,7.2,7.9,7.6,7.7,4.0,8.1,8.5,6.0,6.4,7.1,8.8,4.0,4.0,6.9,8.5,7.1,6.6,7.3,6.6,8.0,6.8,6.7,6.2,4.0,7.1,7.9,4.0,6.9,6.8,7.0,6.8,4.0,4.0,4.0,4.0,4.0,4.0,6.4,4.0,4.0,4.0,4.0,4.0,4.0,4.0,4.0,4.0,4.0,4.0,7.4,7.5,4.0,4.0,7.6,8.5,4.0,4.0
1576,8.3,5.5,7.1,4.0,8.0,7.9,5.8,8.5,7.7,8.0,8.6,9.2,9.1,7.3,6.1,6.9,6.6,6.8,7.4,8.0,8.0,8.9,7.2,4.0,8.9,8.1,7.7,7.9,7.7,7.7,4.0,6.9,6.4,7.2,4.0,6.4,6.7,6.3,7.0,8.6,8.7,5.7,8.5,7.4,7.4,6.8,7.3,7.0,8.8,8.2,7.9,8.5,4.0,4.0,4.0,4.0,9.3,7.7,4.0,4.0,4.0,4.0,4.0,4.0,4.0,4.0,4.0,4.0,4.0,4.0,4.0,4.0,4.0,4.0,4.0,4.0,4.0,4.0,4.0,4.0,4.0,4.0,4.0,4.0,4.0,4.0,6.4,4.0,4.0,4.0,4.0,4.0,8.0,7.2,4.0,4.0,4.0,4.0,8.1,4.0,4.0,4.0,4.0,4.0,4.0,4.0,4.0,4.0,4.0,4.0,4.0,4.0,4.0,4.0,9.4,4.0,4.0,4.0,4.0,4.0,4.0,4.0,4.0,4.0,4.0,4.0,7.9,4.0,6.7,4.0,4.0,4.0,4.0,4.0,4.0,4.0,4.0,4.0,4.0,4.0,4.0,4.0,4.0,4.0,4.0,4.0,4.0,4.0,4.0,4.0,4.0,4.0,4.0,4.0,4.0,4.0,4.0,4.0,4.0,6.0,4.0,4.0,4.0,4.0,7.3,6.1,6.9,6.9,7.7,8.5,7.1,8.4
1577,8.2,5.4,7.1,4.0,7.4,7.4,5.6,7.7,7.7,7.6,8.0,8.3,6.9,6.9,5.5,7.6,7.3,5.8,7.6,8.0,7.8,8.6,6.1,4.0,8.5,7.4,7.1,7.1,7.3,7.2,4.0,6.8,6.5,6.2,4.0,6.2,6.6,6.4,6.8,7.4,8.2,4.0,7.3,6.8,6.0,6.2,6.7,5.9,7.9,7.3,7.8,8.4,8.3,6.4,7.9,7.0,8.6,7.2,4.0,4.0,4.0,4.0,4.0,4.0,4.0,4.0,4.0,4.0,4.0,4.0,4.0,4.0,4.0,4.0,4.0,4.0,4.0,4.0,4.0,4.0,4.0,4.0,4.0,4.0,4.0,4.0,4.0,4.0,4.0,4.0,4.0,4.0,4.0,4.0,4.0,4.0,4.0,4.0,4.0,4.0,4.0,4.0,4.0,4.0,4.0,4.0,4.0,4.0,4.0,4.0,4.0,4.0,4.0,4.0,4.0,4.0,4.0,4.0,4.0,4.0,4.0,4.0,4.0,4.0,4.0,4.0,4.0,4.0,4.0,4.0,4.0,4.0,4.0,4.0,4.0,4.0,4.0,4.0,4.0,4.0,4.0,4.0,4.0,4.0,4.0,4.0,4.0,4.0,4.0,4.0,4.0,4.0,4.0,4.0,4.0,4.0,4.0,4.0,4.0,4.0,4.0,4.0,4.0,4.0,6.1,6.0,6.3,6.0,7.8,8.2,6.0,7.0
1578,6.9,5.4,7.1,4.0,6.8,7.5,7.4,6.8,6.7,7.1,6.7,7.2,6.8,6.1,4.0,6.5,6.4,5.8,6.3,6.6,6.2,7.5,6.0,4.0,7.7,6.1,5.8,5.5,6.4,6.4,4.0,6.8,6.1,5.8,4.0,4.0,4.0,4.0,6.2,6.8,7.1,4.0,7.0,6.6,6.8,5.8,6.5,5.9,7.5,6.4,6.4,7.3,7.4,6.0,6.5,6.0,7.6,6.0,4.0,4.0,4.0,4.0,4.0,4.0,4.0,4.0,4.0,4.0,4.0,4.0,4.0,4.0,4.0,4.0,4.0,4.0,4.0,4.0,4.0,4.0,4.0,4.0,4.0,4.0,4.0,4.0,4.0,4.0,4.0,4.0,4.0,4.0,4.0,4.0,4.0,4.0,4.0,4.0,4.0,4.0,4.0,4.0,4.0,4.0,4.0,4.0,4.0,4.0,4.0,4.0,4.0,4.0,4.0,4.0,4.0,4.0,4.0,4.0,4.0,4.0,4.0,4.0,4.0,4.0,4.0,4.0,4.0,4.0,4.0,4.0,4.0,4.0,4.0,4.0,4.0,4.0,4.0,4.0,4.0,4.0,4.0,4.0,4.0,4.0,4.0,4.0,4.0,4.0,4.0,4.0,4.0,4.0,4.0,4.0,4.0,4.0,4.0,4.0,4.0,4.0,4.0,4.0,4.0,4.0,5.8,5.7,5.6,5.6,7.3,7.5,5.7,6.3
1581,6.1,4.0,7.9,4.0,6.0,7.8,6.0,6.8,6.3,6.8,6.4,7.1,6.2,5.8,4.0,5.9,6.2,6.1,6.6,7.3,5.9,7.5,5.8,4.0,7.4,7.2,6.4,6.2,8.1,7.4,4.0,6.9,6.1,6.3,4.0,4.0,4.0,5.7,5.9,6.1,4.0,4.0,6.0,6.2,6.0,4.0,5.8,6.3,6.5,4.0,6.2,4.0,7.1,6.2,7.0,6.5,8.0,7.0,4.0,4.0,4.0,4.0,4.0,4.0,4.0,4.0,4.0,4.0,4.0,4.0,4.0,4.0,4.0,4.0,4.0,4.0,4.0,4.0,4.0,4.0,4.0,4.0,4.0,4.0,4.0,4.0,4.0,4.0,4.0,4.0,4.0,4.0,4.0,4.0,4.0,4.0,4.0,4.0,4.0,4.0,4.0,4.0,4.0,4.0,4.0,4.0,4.0,4.0,4.0,4.0,4.0,4.0,4.0,4.0,4.0,4.0,4.0,4.0,4.0,4.0,4.0,4.0,4.0,4.0,4.0,4.0,4.0,4.0,4.0,4.0,4.0,4.0,4.0,4.0,4.0,4.0,4.0,4.0,4.0,4.0,4.0,4.0,4.0,4.0,4.0,4.0,4.0,4.0,4.0,4.0,4.0,4.0,4.0,4.0,4.0,4.0,4.0,4.0,4.0,4.0,4.0,4.0,4.0,4.0,6.6,5.7,4.0,5.9,7.2,4.0,6.4,7.5
1582,6.3,4.0,7.6,4.0,7.6,6.9,6.6,6.4,6.8,7.1,6.3,7.2,6.9,5.7,4.0,6.6,6.5,6.0,6.6,7.1,6.3,6.7,4.0,4.0,6.7,6.9,5.9,6.0,8.1,7.0,5.4,6.8,6.0,5.6,4.0,4.0,4.0,4.0,5.7,4.0,4.0,4.0,6.0,6.7,7.3,4.0,4.0,5.5,7.4,4.0,4.0,5.9,6.4,5.5,7.1,6.7,9.0,7.4,4.0,4.0,4.0,4.0,4.0,4.0,4.0,4.0,4.0,4.0,4.0,4.0,4.0,4.0,4.0,4.0,4.0,4.0,4.0,4.0,4.0,4.0,4.0,4.0,4.0,4.0,4.0,4.0,5.9,6.2,4.0,4.0,4.0,4.0,4.0,6.5,4.0,4.0,4.0,4.0,7.6,4.0,4.0,4.0,4.0,4.0,4.0,4.0,4.0,4.0,4.0,4.0,4.0,4.0,4.0,4.0,7.5,4.0,4.0,4.0,4.0,4.0,4.0,4.0,4.0,4.0,4.0,4.0,8.4,4.0,6.0,4.0,4.0,4.0,4.0,4.0,4.0,4.0,4.0,4.0,4.0,4.0,4.0,4.0,4.0,4.0,4.0,4.0,4.0,4.0,4.0,4.0,4.0,4.0,4.0,4.0,4.0,4.0,4.0,4.0,4.0,4.0,4.0,4.0,4.0,4.0,7.0,5.4,4.0,6.4,4.0,4.0,5.7,7.7
1655,4.4,4.9,5.1,5.6,4.5,4.0,4.7,4.4,5.2,5.0,4.4,4.5,4.0,4.0,4.7,4.1,4.6,4.0,4.7,4.1,4.1,4.0,4.0,5.3,4.9,5.0,4.0,4.1,4.9,4.2,4.0,4.0,4.0,4.3,4.9,4.4,4.0,4.2,4.0,4.4,4.1,4.2,4.6,4.3,4.5,4.3,4.5,4.2,4.6,4.0,4.2,4.3,4.8,4.2,4.0,4.9,5.7,4.9,4.0,4.0,4.0,4.0,4.0,4.0,4.0,4.0,4.0,4.0,4.0,4.0,4.0,4.0,4.0,4.0,4.0,4.0,4.0,4.0,4.0,4.0,4.0,4.0,4.0,4.0,4.0,4.0,4.0,4.0,4.0,4.0,4.0,4.0,4.0,4.0,4.0,4.0,4.0,4.0,4.0,4.0,4.0,4.0,4.0,4.0,4.0,4.0,4.0,4.0,4.0,4.0,4.0,4.0,4.0,4.0,4.0,4.0,4.0,4.0,4.0,4.0,4.0,4.0,4.0,4.0,4.0,4.0,4.0,4.0,4.0,4.0,4.0,4.0,4.0,4.0,4.0,4.0,4.0,4.0,4.0,4.0,4.0,4.0,4.0,4.0,4.0,4.0,4.0,4.0,4.0,4.0,4.0,4.0,4.0,4.0,4.0,4.0,4.0,4.0,4.0,4.0,4.0,4.0,4.0,4.0,4.1,4.3,4.3,4.5,4.5,4.2,4.1,4.5
1709,6.9,7.4,4.0,4.0,7.1,6.3,7.3,6.9,7.5,7.4,6.9,7.1,6.5,6.1,7.3,6.7,6.8,6.3,6.9,6.6,6.7,5.8,5.7,4.0,7.2,7.5,6.4,6.4,6.9,7.0,7.3,6.5,6.6,7.0,4.0,6.9,5.7,6.7,6.9,6.7,6.7,6.8,7.1,7.0,7.1,6.6,4.0,6.8,7.1,6.6,6.8,7.0,6.9,4.0,6.2,7.5,7.5,7.5,4.0,4.0,4.0,4.0,4.0,4.0,4.0,4.0,4.0,4.0,4.0,4.0,4.0,4.0,4.0,4.0,4.0,4.0,4.0,4.0,4.0,4.0,4.0,4.0,4.0,4.0,4.0,4.0,4.0,4.0,4.0,4.0,4.0,4.0,4.0,4.0,4.0,4.0,4.0,4.0,4.0,4.0,4.0,4.0,4.0,4.0,4.0,4.0,4.0,4.0,4.0,4.0,4.0,4.0,4.0,4.0,4.0,4.0,4.0,4.0,4.0,4.0,4.0,4.0,4.0,4.0,4.0,4.0,4.0,4.0,4.0,4.0,4.0,4.0,4.0,4.0,4.0,4.0,4.0,4.0,4.0,4.0,4.0,4.0,4.0,4.0,4.0,4.0,4.0,4.0,4.0,4.0,4.0,4.0,4.0,4.0,4.0,4.0,4.0,4.0,4.0,4.0,4.0,4.0,4.0,4.0,4.0,6.8,6.6,6.8,7.1,6.6,7.0,7.3
1722,4.0,5.5,4.0,5.3,7.2,4.0,6.1,6.5,8.4,4.0,6.1,6.6,5.9,4.0,4.0,6.1,6.0,4.0,4.0,7.7,7.2,6.5,6.3,5.2,4.0,4.0,4.0,4.0,7.0,7.3,4.0,7.0,6.3,4.0,4.0,6.2,5.7,4.0,4.0,4.0,4.0,5.6,7.0,6.7,7.3,4.0,6.9,4.0,4.0,6.2,5.4,6.5,4.0,6.3,4.0,4.0,8.4,4.0,4.0,4.0,4.0,4.0,4.0,5.8,5.1,5.5,5.5,4.0,8.1,6.7,4.0,4.0,6.0,4.0,4.0,4.0,4.0,6.9,6.6,4.0,4.0,6.3,4.0,6.7,4.0,4.0,6.7,6.1,4.0,6.2,6.0,5.2,7.5,6.9,8.1,5.6,5.9,4.0,6.4,5.7,5.4,5.9,6.4,5.6,6.6,6.9,6.0,6.7,6.4,7.0,7.2,5.8,5.9,4.0,4.0,4.0,4.0,7.5,6.7,7.5,5.9,6.4,6.8,5.7,4.0,4.0,6.2,5.9,4.0,7.4,5.1,7.2,4.0,4.0,4.0,6.6,5.7,6.1,4.0,5.3,6.2,5.8,4.0,6.3,6.2,4.0,6.2,7.2,4.0,6.4,6.1,6.3,5.9,6.0,4.0,6.9,4.0,4.0,4.0,4.0,4.0,4.0,6.7,4.0,4.0,4.0,4.0,4.0,6.8,6.6,4.0,4.0
1723,4.0,4.0,4.0,5.4,6.5,4.0,5.6,4.0,7.5,4.0,4.0,6.6,6.1,4.0,4.0,5.6,6.6,4.0,4.0,6.3,6.2,6.0,6.2,5.2,4.0,4.0,4.0,4.0,6.3,8.0,4.0,7.5,7.0,4.0,4.0,6.1,4.0,4.0,4.0,4.0,4.0,6.2,6.1,6.3,7.8,4.0,6.1,4.0,4.0,6.5,6.4,5.9,4.0,5.5,4.0,4.0,8.0,4.0,4.0,4.0,4.0,5.9,4.0,4.0,4.0,4.0,4.0,4.0,7.8,6.9,4.0,4.0,6.0,4.0,4.0,4.0,4.0,6.4,5.8,4.0,4.0,5.7,4.0,6.3,4.0,4.0,6.2,4.0,4.0,5.5,5.5,5.9,4.0,6.7,8.2,5.7,5.6,4.0,4.0,5.1,5.8,6.4,6.8,5.8,6.4,6.6,6.1,6.2,6.0,5.6,7.5,4.0,6.4,4.0,4.0,4.0,4.0,7.4,7.3,7.4,4.0,5.6,6.6,5.2,4.0,4.0,6.1,4.0,4.0,6.2,5.1,7.1,4.0,4.0,4.0,7.1,5.9,8.0,5.4,5.3,4.0,6.5,4.0,4.0,4.0,4.0,5.7,6.7,4.0,6.0,6.0,5.9,5.4,6.0,4.0,6.1,4.0,4.0,4.0,4.0,4.0,4.0,7.0,4.0,4.0,4.0,4.0,4.0,6.4,6.3,4.0,4.0
1724,4.0,4.0,4.0,5.4,6.5,4.0,5.6,4.0,7.5,4.0,4.0,6.6,6.1,4.0,4.0,5.6,6.6,4.0,4.0,6.3,6.2,6.0,6.2,5.2,4.0,4.0,4.0,4.0,6.3,8.0,4.0,7.5,7.0,4.0,4.0,6.1,4.0,4.0,4.0,4.0,4.0,6.2,6.1,6.3,7.8,4.0,6.1,4.0,4.0,6.5,6.4,5.9,4.0,4.0,4.0,4.0,8.0,4.0,4.0,4.0,4.0,5.9,4.0,4.0,4.0,4.0,4.0,4.0,7.8,6.9,4.0,4.0,6.0,4.0,4.0,4.0,4.0,6.4,5.8,4.0,4.0,5.7,4.0,6.3,4.0,4.0,6.2,4.0,4.0,5.5,5.5,5.9,4.0,6.7,8.2,5.7,5.6,4.0,4.0,5.1,5.8,6.4,6.8,5.8,6.4,6.6,6.1,6.2,6.0,5.6,7.5,4.0,6.4,4.0,4.0,4.0,4.0,7.4,7.3,7.4,4.0,5.6,6.6,5.2,4.0,4.0,6.1,4.0,4.0,6.2,5.1,7.1,4.0,4.0,4.0,7.1,5.9,8.0,5.4,5.3,4.0,6.5,4.0,4.0,4.0,4.0,5.7,6.7,4.0,6.0,6.0,5.9,5.4,6.0,4.0,6.1,4.0,4.0,4.0,4.0,4.0,4.0,7.0,4.0,4.0,4.0,4.0,4.0,6.4,6.3,4.0,4.0
1730,4.0,4.0,4.0,4.0,5.9,4.0,4.0,4.0,6.6,4.0,5.4,6.4,5.7,4.0,4.0,4.0,4.0,4.0,4.0,7.8,6.8,5.5,4.0,5.5,4.0,4.0,4.0,4.0,6.2,6.2,4.0,4.0,4.0,4.0,4.0,4.0,4.0,4.0,4.0,4.0,4.0,6.2,5.8,5.2,5.7,4.0,4.0,4.0,4.0,5.5,5.5,6.3,5.9,5.8,4.0,4.0,6.7,4.0,4.0,6.2,4.0,4.0,6.6,4.0,4.0,4.0,4.0,4.0,4.0,4.0,4.0,4.0,6.8,4.0,6.2,4.0,4.0,6.4,5.2,4.0,4.0,4.0,4.0,5.8,6.0,4.0,5.2,4.0,4.0,5.7,5.4,5.3,4.0,4.0,7.1,5.5,5.3,5.8,6.0,5.2,4.0,4.0,6.0,5.9,5.2,5.9,4.0,6.0,5.4,5.2,4.0,5.9,6.1,4.0,4.0,4.0,4.0,5.3,5.8,6.3,5.7,5.7,5.5,4.0,4.0,4.0,6.1,4.0,4.0,5.9,5.6,5.8,4.0,4.0,4.0,4.0,4.0,4.0,4.0,4.0,4.0,4.0,4.0,4.0,4.0,4.0,6.4,4.0,4.0,5.6,4.0,5.3,4.0,4.0,4.0,4.0,4.0,4.0,4.0,4.0,4.0,4.0,4.0,4.0,4.0,4.0,4.0,4.0,4.0,4.0,4.0,4.0
1731,4.0,4.0,4.0,5.4,6.6,4.0,4.0,4.0,7.3,4.0,4.0,4.0,5.9,4.0,4.0,4.0,4.0,4.0,4.0,6.1,4.0,5.5,4.0,4.0,4.0,4.0,4.0,4.0,6.5,7.4,4.0,6.2,5.6,4.0,4.0,4.0,4.0,4.0,4.0,4.0,4.0,6.5,6.2,5.8,6.5,4.0,6.0,4.0,4.0,6.2,6.9,5.7,6.0,4.0,4.0,4.0,7.3,4.0,4.0,4.0,4.0,7.0,4.0,4.0,4.0,4.0,4.0,4.0,6.0,4.0,4.0,4.0,6.3,4.0,4.0,4.0,4.0,5.8,4.0,4.0,4.0,6.0,4.0,6.3,4.0,4.0,5.7,4.0,4.0,4.0,4.0,4.0,4.0,5.2,8.3,4.0,5.4,4.0,4.0,4.0,4.0,4.0,6.6,4.0,5.6,7.3,4.0,6.1,5.4,4.0,6.1,4.0,6.6,4.0,4.0,4.0,4.0,4.0,6.7,6.3,4.0,6.6,7.0,4.0,4.0,4.0,6.2,4.0,4.0,6.1,4.0,5.2,4.0,4.0,4.0,4.0,4.0,5.5,5.8,5.5,4.0,6.9,4.0,4.0,4.0,4.0,6.0,4.0,4.0,5.5,4.0,6.1,4.0,4.0,4.0,5.7,4.0,4.0,4.0,4.0,4.0,4.0,4.0,4.0,4.0,4.0,4.0,4.0,4.0,4.0,4.0,4.0
1747,4.0,4.0,4.0,4.0,5.8,7.0,5.2,4.0,5.4,4.0,6.0,7.9,7.1,6.9,4.0,5.1,5.5,4.0,4.0,4.0,4.0,8.5,6.8,6.1,4.0,4.0,4.0,4.0,6.3,6.4,4.0,4.0,4.0,4.0,4.0,4.0,4.0,4.0,5.3,4.0,4.0,5.4,5.9,6.9,5.3,4.0,6.1,4.0,4.0,6.4,4.0,5.6,4.0,5.6,4.0,4.0,6.3,5.7,4.0,4.0,4.0,5.9,4.0,5.2,4.0,5.5,4.0,4.0,6.1,6.2,5.8,4.0,4.0,7.9,4.0,4.0,4.0,6.5,5.7,4.0,4.0,5.6,4.0,6.1,4.0,4.0,5.8,6.7,5.3,5.2,5.4,6.2,4.0,5.1,4.0,4.0,5.4,4.0,4.0,5.9,6.5,4.0,5.8,5.9,4.0,4.0,5.5,6.0,5.5,5.1,5.3,6.4,4.0,6.6,6.6,4.0,4.0,5.6,6.2,5.8,6.0,5.3,4.0,5.0,5.5,7.8,6.3,4.0,4.0,5.8,5.3,6.3,4.0,4.0,4.0,6.3,4.0,4.0,4.0,4.0,5.6,4.0,4.0,6.0,4.0,4.0,4.0,4.0,4.0,7.4,7.0,5.9,5.4,4.0,4.0,4.0,4.0,4.0,4.0,4.0,4.0,4.0,4.0,4.0,6.0,4.0,4.0,4.0,5.1,6.4,4.0,4.0
1750,7.7,4.0,7.5,4.0,7.4,4.0,6.6,6.2,7.6,4.0,4.0,4.0,4.0,4.0,4.0,7.1,7.2,4.0,4.0,4.0,4.0,4.0,4.0,4.0,4.0,4.0,4.0,4.0,6.1,7.0,4.0,4.0,4.0,4.0,4.0,4.0,4.0,4.0,4.0,4.0,4.0,6.1,4.0,7.1,6.1,4.0,6.7,4.0,4.0,7.4,5.9,6.0,4.0,4.0,4.0,4.0,4.0,4.0,4.0,4.0,4.0,4.0,6.6,5.9,5.2,6.0,4.0,4.0,4.0,4.0,4.0,4.0,6.0,4.0,4.0,4.0,4.0,7.5,5.6,4.0,4.0,4.0,4.0,4.0,4.0,4.0,4.0,4.0,4.0,4.0,5.5,6.9,8.9,6.9,4.0,7.9,7.8,7.8,6.4,5.3,4.0,6.4,6.9,4.0,5.8,4.0,4.0,5.7,6.4,5.4,5.3,4.0,5.5,4.0,5.7,4.0,4.0,6.7,6.2,7.0,5.5,4.0,4.0,4.0,4.0,4.0,5.6,6.2,4.0,5.8,4.0,7.3,4.0,6.2,4.0,4.0,4.0,5.2,4.0,4.0,4.0,4.0,4.0,5.9,6.2,4.0,4.0,4.0,4.0,4.0,4.0,4.0,4.0,4.0,4.0,4.0,4.0,4.0,4.0,4.0,4.0,4.0,4.0,4.0,4.0,4.0,4.0,4.0,6.7,4.0,4.0,4.0
1751,6.7,4.0,4.0,5.4,7.5,4.0,6.1,6.4,7.2,4.0,5.4,4.0,4.0,4.0,4.0,5.8,5.9,4.0,4.0,4.0,4.0,5.8,4.0,6.2,4.0,4.0,4.0,4.0,6.7,6.8,4.0,4.0,4.0,4.0,4.0,4.0,4.0,5.9,4.0,4.0,4.0,6.2,6.3,7.4,6.2,4.0,7.9,4.0,4.0,6.9,5.8,5.7,4.0,4.0,7.1,4.0,8.0,4.0,4.0,4.0,4.0,4.0,6.1,6.0,5.2,5.7,4.0,4.0,4.0,4.0,4.0,4.0,4.0,4.0,4.0,4.0,4.0,7.0,6.2,4.0,4.0,4.0,4.0,6.9,5.7,4.0,5.2,4.0,4.0,5.3,5.3,5.6,7.9,6.2,5.9,6.7,7.0,6.5,4.0,5.7,4.0,6.6,6.6,5.8,6.5,4.0,5.4,6.1,6.2,5.7,6.1,6.7,5.9,4.0,5.6,4.0,4.0,5.4,5.8,6.6,5.8,5.0,4.0,4.0,4.0,4.0,5.4,5.3,4.0,5.9,4.0,7.0,5.0,4.0,4.0,4.0,4.0,4.0,4.0,4.0,5.7,4.0,4.0,6.3,6.2,4.0,4.0,4.0,4.0,4.0,4.0,5.7,4.0,4.0,4.0,4.0,4.0,4.0,4.0,4.0,4.0,4.0,7.2,4.0,4.0,4.0,4.0,4.0,5.3,4.0,4.0,4.0
1768,8.6,5.6,8.3,7.0,8.0,7.0,5.8,7.6,6.8,7.1,8.4,8.0,7.6,7.2,6.2,7.8,8.2,7.5,6.9,8.1,7.9,8.4,7.7,7.8,9.3,7.8,8.4,8.1,7.7,7.2,5.8,7.4,6.8,8.8,6.1,6.8,8.1,6.9,7.1,7.6,7.9,6.5,8.9,7.5,7.5,7.2,6.3,7.4,8.2,7.3,8.6,8.6,8.7,7.5,7.2,7.2,8.6,7.7,6.0,4.0,4.0,4.0,4.0,4.0,4.0,4.0,4.0,4.0,4.0,4.0,4.0,4.0,4.0,4.0,4.0,4.0,4.0,4.0,4.0,4.0,4.0,4.0,4.0,4.0,4.0,4.0,8.5,8.0,4.0,4.0,4.0,4.0,4.0,9.4,4.0,4.0,4.0,4.0,8.6,4.0,4.0,4.0,4.0,4.0,4.0,8.5,4.0,4.0,4.0,4.0,4.0,4.0,4.0,4.0,8.6,4.0,4.0,4.0,4.0,4.0,4.0,4.0,4.0,4.0,4.0,4.0,8.2,4.0,8.2,4.0,4.0,4.0,4.0,4.0,4.0,4.0,4.0,4.0,4.0,4.0,4.0,4.0,4.0,4.0,4.0,4.0,4.0,4.0,4.0,4.0,4.0,4.0,4.0,4.0,7.3,4.0,4.0,4.0,4.0,4.0,4.0,4.0,4.0,4.0,7.2,6.8,6.2,6.1,9.3,7.4,7.2,7.0
1770,8.0,5.6,8.3,6.9,7.1,6.1,5.5,6.6,6.4,6.9,7.2,7.2,6.3,6.1,6.1,7.8,8.0,7.0,6.0,7.4,7.2,7.8,6.5,6.2,8.9,6.8,7.7,7.2,7.4,6.5,4.0,6.9,6.3,8.3,5.9,5.7,7.3,6.1,6.9,6.1,7.0,5.5,8.0,7.0,7.0,6.7,5.9,7.0,7.2,7.3,8.1,8.2,8.1,6.7,6.5,6.7,8.2,7.0,5.0,4.0,4.0,4.0,4.0,4.0,4.0,4.0,4.0,4.0,4.0,4.0,4.0,4.0,4.0,4.0,4.0,4.0,4.0,4.0,4.0,4.0,4.0,4.0,4.0,4.0,4.0,4.0,4.0,4.0,4.0,4.0,4.0,4.0,4.0,4.0,4.0,4.0,4.0,4.0,4.0,4.0,4.0,4.0,4.0,4.0,4.0,4.0,4.0,4.0,4.0,4.0,4.0,4.0,4.0,4.0,4.0,4.0,4.0,4.0,4.0,4.0,4.0,4.0,4.0,4.0,4.0,4.0,4.0,4.0,4.0,4.0,4.0,4.0,4.0,4.0,4.0,4.0,4.0,4.0,4.0,4.0,4.0,4.0,4.0,4.0,4.0,4.0,4.0,4.0,4.0,4.0,4.0,4.0,4.0,4.0,4.0,4.0,4.0,4.0,4.0,4.0,4.0,4.0,4.0,4.0,6.6,5.7,4.0,5.6,9.3,6.6,6.2,6.1
1773,8.4,4.0,7.4,4.0,7.3,8.0,4.0,7.7,6.6,7.1,8.9,9.8,8.0,8.2,5.9,7.1,7.1,7.4,7.1,8.7,8.5,9.1,9.0,4.0,10.0,8.4,8.6,8.0,8.7,7.4,5.7,7.9,7.2,9.2,4.0,7.2,7.5,6.6,7.6,9.0,8.9,5.9,9.3,7.8,8.4,7.7,7.2,7.5,9.4,8.6,8.8,9.0,9.0,8.5,7.9,8.0,8.6,8.2,4.0,4.0,4.0,4.0,4.0,4.0,4.0,4.0,4.0,4.0,4.0,4.0,4.0,4.0,4.0,4.0,4.0,4.0,4.0,4.0,4.0,4.0,4.0,4.0,4.0,4.0,4.0,4.0,8.5,4.0,4.0,4.0,4.0,4.0,6.7,8.6,4.0,4.0,4.0,4.0,8.6,4.0,4.0,4.0,4.0,4.0,4.0,4.0,4.0,4.0,4.0,4.0,4.0,4.0,4.0,4.0,9.1,4.0,4.0,4.0,4.0,4.0,4.0,4.0,4.0,4.0,4.0,4.0,9.2,4.0,8.2,4.0,4.0,4.0,4.0,4.0,4.0,4.0,4.0,4.0,4.0,4.0,4.0,4.0,4.0,4.0,4.0,4.0,4.0,4.0,4.0,4.0,4.0,4.0,4.0,4.0,4.0,4.0,4.0,4.0,4.0,8.0,4.0,4.0,4.0,4.0,8.3,8.2,6.3,6.7,8.9,8.8,7.8,8.9
1774,8.4,4.0,7.2,4.0,7.4,8.0,6.3,7.7,6.5,7.0,9.2,9.4,8.0,8.3,6.0,6.9,7.0,7.4,7.0,8.9,8.7,9.1,9.1,4.0,10.0,8.4,8.8,8.2,8.8,7.3,5.6,7.9,7.2,9.3,4.0,7.1,7.5,6.7,8.0,8.8,8.9,6.0,9.3,7.8,9.0,7.6,6.7,7.3,9.8,8.4,9.0,8.6,9.0,8.7,7.7,8.0,8.8,8.2,4.0,4.0,4.0,4.0,4.0,4.0,4.0,4.0,4.0,4.0,4.0,4.0,4.0,4.0,4.0,4.0,4.0,4.0,4.0,4.0,4.0,4.0,4.0,4.0,4.0,4.0,4.0,4.0,8.8,8.7,4.0,4.0,4.0,4.0,6.9,8.0,4.0,4.0,4.0,4.0,8.5,4.0,4.0,4.0,4.0,4.0,4.0,4.0,4.0,4.0,4.0,4.0,4.0,4.0,4.0,4.0,8.9,4.0,4.0,4.0,4.0,4.0,4.0,4.0,4.0,4.0,4.0,4.0,9.5,4.0,8.1,4.0,4.0,4.0,4.0,4.0,4.0,4.0,4.0,4.0,4.0,4.0,4.0,4.0,4.0,4.0,4.0,4.0,4.0,4.0,4.0,4.0,4.0,4.0,4.0,4.0,4.0,4.0,4.0,6.4,4.0,8.0,4.0,8.4,4.0,4.0,8.4,8.2,6.3,6.7,8.8,8.9,7.7,8.7
1775,4.0,4.0,4.0,7.9,8.3,8.3,5.7,7.9,7.9,4.0,4.0,8.9,9.2,7.2,4.0,4.0,4.0,7.6,4.0,4.0,4.0,4.0,8.3,4.0,4.0,8.5,4.0,4.0,8.5,8.0,4.0,8.3,8.4,4.0,6.8,8.7,8.0,8.6,7.7,8.7,9.6,7.1,9.1,7.3,4.0,4.0,6.3,4.0,8.8,7.6,4.0,4.0,9.0,7.9,4.0,7.3,4.0,7.9,5.5,8.8,6.9,8.4,7.2,5.6,4.0,5.9,8.1,5.9,7.3,6.7,9.1,7.3,6.7,7.8,9.1,4.0,4.0,7.4,8.0,4.0,4.0,8.3,4.0,7.2,8.5,4.0,4.0,8.5,4.0,7.9,7.6,7.0,7.9,4.0,8.3,6.0,6.1,5.6,8.7,8.1,8.5,8.4,7.3,7.1,7.7,8.7,6.8,7.1,7.6,7.0,8.4,4.0,8.3,8.3,7.7,5.9,6.7,4.0,6.4,6.6,7.5,8.1,6.2,6.8,4.0,4.0,4.0,5.1,8.8,8.5,6.4,6.9,6.2,4.0,6.8,7.7,8.4,7.4,4.0,6.4,7.4,4.0,6.0,6.0,4.0,6.5,4.0,4.0,8.0,4.0,4.0,4.0,4.0,4.0,8.4,4.0,4.0,4.0,4.0,4.0,4.0,4.0,4.0,4.0,7.4,7.3,4.0,4.0,4.0,8.0,4.0,4.0
1776,4.0,4.0,4.0,7.4,7.0,7.9,4.0,7.2,7.0,4.0,4.0,8.8,8.8,8.8,4.0,7.5,7.7,6.3,4.0,4.0,4.0,4.0,8.2,4.0,4.0,8.1,4.0,4.0,4.0,7.8,4.0,8.2,8.6,4.0,6.2,7.2,7.4,7.9,7.3,9.3,4.0,6.5,8.7,6.9,8.0,4.0,4.0,4.0,8.9,7.1,4.0,4.0,9.4,7.7,4.0,6.7,8.1,6.8,4.0,8.7,6.3,8.1,6.4,5.7,4.0,4.0,7.0,6.0,7.7,6.9,8.6,7.3,4.0,8.1,4.0,4.0,4.0,7.6,7.0,4.0,4.0,8.4,4.0,6.3,7.7,4.0,4.0,8.5,4.0,7.0,7.3,5.9,6.5,4.0,8.5,5.9,6.0,4.0,7.5,8.0,8.3,7.9,7.4,7.1,7.4,8.3,5.9,7.4,7.0,6.6,7.3,4.0,7.4,7.9,8.0,4.0,6.0,4.0,6.0,6.7,7.2,8.3,4.0,5.9,4.0,8.2,4.0,4.0,8.0,4.0,6.0,6.0,5.4,4.0,7.0,7.7,7.6,6.7,4.0,5.2,7.9,4.0,5.9,4.0,4.0,6.8,4.0,4.0,4.0,4.0,4.0,7.8,4.0,4.0,7.8,4.0,4.0,4.0,4.0,4.0,4.0,4.0,4.0,4.0,6.9,7.7,4.0,4.0,4.0,8.0,4.0,4.0
1777,4.0,4.0,4.0,7.7,7.7,8.2,5.6,7.5,7.3,4.0,4.0,9.3,4.0,9.2,4.0,7.9,8.0,6.9,4.0,9.2,9.2,4.0,8.6,4.0,4.0,8.7,4.0,4.0,4.0,8.2,4.0,8.5,8.8,4.0,6.4,7.6,8.0,8.4,7.6,9.4,4.0,6.8,9.0,7.3,4.0,4.0,6.4,4.0,9.1,7.5,4.0,4.0,9.3,7.9,4.0,7.3,4.0,7.3,5.4,8.9,6.5,8.2,6.8,5.9,4.0,5.5,7.5,6.1,7.8,7.2,9.1,7.8,6.2,8.3,4.0,4.0,4.0,7.9,7.7,4.0,4.0,4.0,4.0,6.6,8.0,4.0,4.0,8.6,4.0,7.7,7.9,6.5,6.9,4.0,8.8,6.1,6.4,5.4,8.0,8.5,4.0,8.3,7.6,7.4,7.9,8.6,6.4,7.8,7.4,7.1,7.5,4.0,7.7,8.1,8.5,4.0,6.7,4.0,6.5,7.4,7.6,8.3,5.6,6.2,5.5,8.8,4.0,4.0,8.5,4.0,6.4,6.3,5.9,4.0,7.0,8.0,8.2,7.3,4.0,5.7,8.3,4.0,6.1,4.0,6.2,7.2,4.0,4.0,4.0,4.0,4.0,8.1,4.0,4.0,4.0,4.0,4.0,4.0,4.0,4.0,4.0,4.0,4.0,4.0,7.1,7.9,4.0,4.0,4.0,8.1,4.0,4.0
1778,4.0,4.0,4.0,7.4,6.7,7.8,4.0,6.8,6.6,4.0,8.4,8.7,8.4,8.2,4.0,7.5,8.3,6.0,4.0,4.0,4.0,8.4,8.3,4.0,4.0,4.0,4.0,4.0,4.0,7.1,4.0,8.0,7.9,4.0,5.5,6.6,6.8,7.7,6.8,4.0,4.0,5.9,8.4,6.4,4.0,4.0,4.0,4.0,8.8,6.7,4.0,4.0,4.0,8.1,4.0,6.7,7.4,6.4,5.5,4.0,4.0,8.2,6.0,5.1,4.0,4.0,7.1,4.0,7.5,4.0,8.5,6.9,4.0,4.0,8.3,4.0,4.0,7.1,6.9,4.0,4.0,8.2,4.0,6.4,4.0,4.0,8.3,8.0,4.0,6.8,6.9,5.2,6.7,4.0,7.8,5.3,4.0,5.3,7.6,4.0,8.3,6.6,7.2,6.9,6.6,7.7,5.4,6.7,6.9,7.3,8.0,4.0,7.1,7.8,7.6,6.1,4.0,7.9,5.2,5.5,7.2,7.5,4.0,5.6,4.0,8.1,4.0,4.0,8.4,8.5,5.6,5.9,5.8,4.0,6.9,7.5,6.8,5.8,4.0,4.0,8.3,4.0,5.7,4.0,4.0,6.3,4.0,4.0,6.8,8.0,8.1,4.0,4.0,4.0,8.6,4.0,4.0,4.0,4.0,4.0,4.0,4.0,4.0,4.0,4.0,7.4,4.0,4.0,7.8,7.7,4.0,4.0
1779,4.0,4.0,4.0,7.3,6.7,7.7,4.0,6.6,6.2,4.0,8.2,8.7,8.4,8.1,4.0,7.4,7.7,6.5,4.0,4.0,4.0,8.2,8.5,4.0,4.0,4.0,4.0,4.0,4.0,6.9,4.0,7.8,7.8,4.0,5.4,6.4,6.9,7.4,7.0,4.0,4.0,5.8,8.2,6.1,4.0,4.0,6.1,4.0,8.6,6.7,4.0,4.0,4.0,8.1,4.0,6.8,7.5,6.5,5.5,4.0,4.0,8.1,5.9,4.0,4.0,4.0,6.8,4.0,7.3,4.0,8.7,7.0,4.0,4.0,7.9,4.0,4.0,6.9,7.3,4.0,4.0,8.0,4.0,6.4,4.0,4.0,4.0,7.9,4.0,6.7,6.8,5.2,6.5,8.5,7.8,5.3,5.3,5.2,7.1,4.0,8.3,6.5,7.1,6.8,6.5,7.5,5.7,6.7,7.1,6.8,7.9,4.0,7.1,7.6,7.6,6.2,4.0,7.6,5.5,6.1,7.1,7.3,4.0,5.5,4.0,8.0,4.0,4.0,8.0,4.0,5.5,5.9,5.3,4.0,6.8,7.3,6.5,5.6,4.0,4.0,8.2,4.0,4.0,4.0,4.0,6.3,4.0,4.0,7.5,8.0,7.4,4.0,4.0,4.0,8.3,4.0,4.0,4.0,4.0,4.0,4.0,4.0,4.0,4.0,5.8,7.5,4.0,4.0,7.6,7.6,4.0,4.0
1856,4.0,4.0,4.0,4.0,5.3,7.8,5.6,4.0,5.7,4.0,5.7,8.8,8.6,4.0,4.0,4.0,4.0,4.0,4.0,6.6,4.0,8.5,6.7,5.6,4.0,4.0,4.0,4.0,6.4,5.5,4.0,4.0,4.0,4.0,4.0,5.9,6.5,7.8,4.0,4.0,4.0,4.0,4.0,4.0,5.1,4.0,4.0,4.0,4.0,5.3,4.0,6.6,4.0,6.9,4.0,4.0,4.0,4.0,4.0,4.0,4.0,5.6,4.0,4.0,4.0,4.0,4.0,4.0,4.0,4.0,4.0,8.0,4.0,4.0,4.0,4.0,4.0,4.0,4.0,4.0,4.0,4.0,4.0,4.0,4.0,4.0,4.0,4.0,4.0,4.0,4.0,4.0,4.0,4.0,7.2,5.7,6.2,5.5,6.6,6.4,4.0,4.0,5.5,6.7,5.7,4.0,4.0,4.0,4.0,4.0,4.0,6.4,4.0,4.0,5.7,4.0,4.0,5.8,4.0,5.8,8.2,4.0,4.0,4.0,4.0,7.0,7.1,4.0,4.0,5.8,4.0,5.6,4.0,4.0,7.0,4.0,5.9,6.7,4.0,5.2,6.3,4.0,6.5,4.0,4.0,4.0,7.0,4.0,6.1,7.8,7.1,4.0,4.0,4.0,4.0,4.0,4.0,4.0,4.0,4.0,4.0,4.0,4.0,4.0,6.2,4.0,4.0,4.0,4.0,4.0,4.0,4.0
1867,4.0,4.0,4.0,5.2,4.0,4.0,4.0,6.9,8.1,4.0,6.5,7.1,8.3,7.6,4.0,7.3,6.8,4.0,4.0,7.1,7.2,7.0,6.8,6.9,4.0,4.0,4.0,4.0,4.0,4.0,4.0,6.4,5.9,4.0,4.0,7.5,6.7,4.0,6.4,4.0,4.0,6.5,6.4,7.3,4.0,4.0,4.0,4.0,4.0,7.6,6.7,6.9,6.8,4.0,4.0,4.0,4.0,5.7,4.0,6.8,4.0,7.3,4.0,6.0,5.3,5.9,5.3,4.0,7.2,6.2,6.3,7.0,6.7,4.0,4.0,4.0,4.0,7.4,6.1,4.0,4.0,7.0,4.0,4.0,4.0,4.0,8.1,7.2,6.2,4.0,4.0,6.4,4.0,8.3,6.2,4.0,4.0,4.0,4.0,4.0,7.3,5.3,4.0,4.0,4.0,6.4,4.0,4.0,6.5,6.1,5.7,4.0,6.6,6.7,4.0,4.0,4.0,8.1,7.5,4.0,4.0,4.0,5.5,5.6,4.0,4.0,4.0,4.0,4.0,4.0,4.0,6.8,4.0,4.0,5.2,5.6,5.8,5.9,4.0,4.0,4.0,4.0,4.0,4.0,4.0,4.0,4.0,6.5,4.0,7.2,7.0,7.2,6.7,4.0,4.0,5.6,4.0,4.0,4.0,4.0,4.0,4.0,4.0,4.0,4.0,4.0,4.0,4.0,8.2,6.9,4.0,4.0
1868,6.8,6.4,4.0,5.2,4.0,4.0,5.7,7.3,8.0,7.6,5.8,7.7,6.1,6.9,4.0,7.3,6.5,4.0,6.0,4.0,6.2,7.4,4.0,4.0,7.1,4.0,6.2,4.0,6.2,6.6,4.0,6.7,6.8,5.7,4.0,6.8,6.3,7.1,4.0,4.0,4.0,4.0,4.0,7.3,6.0,4.0,7.1,4.0,6.7,6.7,6.1,6.6,4.0,4.0,7.1,4.0,4.0,4.0,4.0,6.1,4.0,7.7,6.8,6.0,5.2,6.6,5.3,4.0,7.8,6.7,6.3,6.1,6.1,5.8,7.6,4.0,4.0,6.9,6.1,4.0,4.0,7.6,4.0,7.6,7.0,4.0,4.0,6.5,4.0,5.9,6.7,5.9,9.0,6.7,8.9,6.4,6.2,6.3,6.8,6.2,6.7,6.2,6.9,7.4,6.9,8.3,6.0,6.8,6.6,7.4,7.7,4.0,6.8,6.1,7.0,4.0,6.4,7.0,7.6,4.0,7.1,8.0,6.2,6.3,7.2,7.3,5.7,6.9,4.0,4.0,6.2,6.2,5.5,6.6,4.0,6.1,6.1,6.7,4.0,4.0,6.7,4.0,4.0,6.5,6.6,5.9,4.0,4.0,4.0,8.0,4.0,7.3,7.7,4.0,7.0,4.0,4.0,4.0,4.0,4.0,4.0,4.0,4.0,4.0,5.6,4.0,4.0,6.0,7.0,6.2,4.0,4.0
1869,6.9,7.7,7.5,8.0,7.5,6.1,4.0,8.1,8.1,4.0,6.9,8.1,8.2,7.3,4.0,6.9,6.7,4.0,4.0,5.7,7.3,7.6,6.6,4.0,4.0,4.0,4.0,4.0,6.0,7.0,4.0,6.5,6.6,4.0,4.0,6.8,6.6,7.7,6.0,4.0,4.0,5.9,6.9,7.8,6.7,4.0,7.7,4.0,7.9,7.2,5.9,7.0,4.0,6.0,4.0,4.0,4.0,6.3,4.0,6.3,7.0,5.8,6.4,5.4,6.5,5.7,5.7,5.7,8.5,7.6,7.0,6.8,7.8,4.0,6.7,4.0,4.0,6.4,6.2,4.0,4.0,7.3,4.0,8.0,7.6,4.0,5.9,7.4,6.2,6.2,6.8,6.5,9.3,6.5,4.0,6.5,6.3,6.5,6.4,6.4,6.9,6.3,6.8,7.6,6.6,8.5,6.1,7.3,7.0,6.7,6.6,4.0,7.4,6.6,8.4,4.0,6.5,7.1,7.4,8.6,7.1,7.9,6.2,6.2,7.3,7.6,4.0,7.0,7.8,8.4,6.2,6.0,5.7,6.1,5.9,6.3,6.2,6.6,4.0,4.0,6.2,4.0,4.0,7.3,6.1,4.0,4.0,4.0,6.4,8.1,7.9,4.0,8.1,4.0,4.0,4.0,4.0,4.0,4.0,4.0,4.0,4.0,4.0,4.0,6.4,6.0,4.0,4.0,6.8,6.7,4.0,4.0
1870,7.6,8.8,7.4,4.0,7.6,4.0,4.0,7.2,7.3,7.4,6.3,8.1,4.0,7.8,4.0,6.8,6.2,4.0,4.0,4.0,5.7,7.5,5.9,4.0,6.0,4.0,6.7,4.0,6.3,6.3,4.0,6.4,6.3,5.6,4.0,6.6,6.6,7.7,4.0,4.0,4.0,4.0,4.0,6.8,6.6,4.0,7.6,4.0,6.9,6.9,6.6,7.0,4.0,5.5,6.5,4.0,4.0,6.5,4.0,4.0,5.1,7.2,6.2,5.6,5.2,6.3,6.0,4.0,7.2,4.0,7.2,7.5,6.2,4.0,7.1,4.0,4.0,7.3,6.5,4.0,4.0,7.5,4.0,7.3,4.0,4.0,6.5,6.8,4.0,7.6,7.7,6.3,8.7,8.0,7.3,6.5,6.7,5.8,7.4,4.0,6.7,6.0,6.8,7.9,6.1,7.1,6.7,7.6,6.5,6.2,6.0,4.0,6.7,6.9,7.3,6.4,4.0,7.3,7.8,8.5,6.9,7.5,5.9,5.8,6.8,8.2,5.7,7.5,7.1,7.2,7.1,6.2,5.7,6.2,5.6,6.9,6.4,6.5,4.0,6.1,6.3,4.0,4.0,7.1,6.4,6.1,4.0,4.0,6.8,8.6,8.1,4.0,7.2,4.0,7.0,4.0,4.0,4.0,4.0,4.0,4.0,4.0,4.0,4.0,4.0,4.0,4.0,7.5,7.7,6.6,4.0,4.0
1893,4.0,4.0,4.0,5.1,7.5,7.0,4.0,6.6,8.4,4.0,6.7,4.0,8.6,4.0,4.0,7.4,7.3,4.0,4.0,6.9,7.7,7.1,6.3,4.0,4.0,4.0,4.0,4.0,6.5,6.8,4.0,4.0,4.0,4.0,4.0,8.1,6.2,7.3,4.0,4.0,4.0,6.3,4.0,7.0,5.6,4.0,4.0,4.0,4.0,5.5,6.3,6.4,4.0,5.9,4.0,4.0,8.2,6.3,4.0,6.3,5.1,7.0,6.2,5.3,5.1,5.3,4.0,4.0,7.0,6.7,6.5,6.8,6.0,4.0,6.7,4.0,4.0,6.3,5.9,4.0,4.0,6.9,4.0,4.0,4.0,4.0,4.0,6.7,4.0,6.8,6.7,5.6,8.9,6.8,4.0,5.3,5.3,5.2,6.3,6.1,4.0,5.7,7.0,7.4,5.7,6.9,5.9,6.8,5.7,5.3,4.0,4.0,6.6,6.1,5.5,4.0,4.0,6.4,7.5,7.7,6.3,7.1,4.0,4.0,6.5,4.0,5.7,6.1,6.3,7.0,5.8,4.0,5.3,6.0,4.0,6.0,4.0,7.1,4.0,5.3,5.5,4.0,4.0,4.0,4.0,6.5,4.0,4.0,4.0,4.0,4.0,4.0,6.8,4.0,4.0,4.0,4.0,4.0,4.0,4.0,4.0,4.0,4.0,4.0,4.0,4.0,4.0,4.0,5.4,4.0,4.0,4.0
1894,6.9,7.1,6.7,7.4,8.2,4.0,4.0,7.8,8.2,4.0,6.6,7.5,8.2,7.0,4.0,7.3,7.3,4.0,4.0,5.8,7.1,7.2,6.4,4.0,4.0,4.0,4.0,4.0,6.2,6.9,4.0,6.4,6.4,4.0,4.0,6.4,6.2,6.8,5.7,4.0,4.0,5.9,7.0,8.2,6.0,4.0,8.6,4.0,7.5,7.5,6.3,6.2,4.0,5.6,4.0,4.0,4.0,4.0,4.0,4.0,6.7,4.0,6.0,5.1,6.1,5.3,4.0,4.0,7.9,7.7,6.3,4.0,7.3,4.0,6.1,4.0,4.0,7.0,6.3,4.0,4.0,7.0,4.0,7.4,7.7,4.0,5.9,7.0,4.0,6.0,6.4,6.4,9.2,6.6,8.3,6.1,6.2,6.1,6.6,6.1,6.8,6.0,6.4,7.3,6.3,8.1,5.3,7.4,7.3,6.9,5.8,4.0,6.7,6.4,8.2,4.0,6.4,6.9,7.2,4.0,7.0,7.9,6.3,5.9,7.4,6.9,5.7,6.5,6.5,8.1,5.9,5.9,5.3,6.1,6.0,6.8,5.9,6.5,4.0,4.0,5.6,4.0,6.3,7.4,6.5,4.0,4.0,4.0,5.9,8.0,6.6,4.0,8.0,4.0,4.0,4.0,4.0,4.0,4.0,4.0,4.0,4.0,4.0,4.0,6.0,4.0,4.0,4.0,7.0,4.0,4.0,4.0
1897,4.0,4.0,4.0,5.1,7.2,5.8,5.7,4.0,7.4,4.0,5.4,6.4,7.7,6.3,4.0,6.7,6.5,4.0,4.0,4.0,5.8,5.5,6.4,4.0,4.0,4.0,4.0,4.0,5.8,7.1,4.0,4.0,4.0,4.0,4.0,6.5,6.8,8.0,4.0,4.0,4.0,5.6,6.1,6.8,5.3,4.0,4.0,4.0,6.4,7.2,6.0,5.9,4.0,5.4,4.0,4.0,8.3,4.0,4.0,4.0,4.0,6.2,5.7,5.6,4.0,5.6,4.0,4.0,6.6,6.7,4.0,4.0,4.0,6.2,4.0,4.0,4.0,8.0,5.9,4.0,4.0,6.2,4.0,6.1,4.0,4.0,6.2,5.9,4.0,6.2,6.3,6.3,8.3,6.9,4.0,4.0,4.0,4.0,6.6,6.0,6.6,4.0,6.3,6.6,5.8,5.5,6.0,6.9,6.5,5.5,4.0,5.8,5.8,4.0,7.1,4.0,4.0,6.5,7.2,6.9,6.4,6.0,4.0,4.0,6.1,6.6,5.5,5.9,6.2,6.9,6.0,6.7,4.0,5.3,4.0,4.0,5.2,6.1,4.0,4.0,5.7,4.0,4.0,4.0,4.0,4.0,4.0,4.0,4.0,4.0,4.0,4.0,4.0,4.0,4.0,4.0,4.0,4.0,4.0,4.0,4.0,4.0,4.0,4.0,4.0,4.0,4.0,4.0,6.3,4.0,4.0,4.0
1898,6.3,7.4,6.7,4.0,6.7,4.0,4.0,4.0,8.0,4.0,4.0,4.0,7.0,6.1,4.0,6.7,6.6,4.0,4.0,4.0,4.0,5.2,6.4,4.0,4.0,4.0,4.0,4.0,6.0,6.4,4.0,4.0,4.0,4.0,5.8,5.8,5.7,7.4,5.7,4.0,4.0,4.0,4.0,6.6,4.0,4.0,6.3,4.0,4.0,6.7,6.3,5.7,4.0,5.4,4.0,4.0,8.6,5.6,4.0,4.0,4.0,5.6,5.9,5.6,4.0,5.5,4.0,4.0,4.0,4.0,4.0,5.9,6.2,4.0,4.0,4.0,4.0,6.8,6.0,4.0,4.0,7.1,4.0,6.3,4.0,4.0,4.0,6.8,4.0,5.9,6.2,5.8,8.6,6.5,4.0,4.0,4.0,5.8,6.2,4.0,6.0,5.2,7.0,6.9,6.3,4.0,6.3,6.1,5.7,5.4,4.0,4.0,6.3,6.0,6.2,4.0,4.0,6.4,7.0,7.8,6.1,5.6,4.0,6.0,6.2,8.2,5.9,5.7,6.1,5.7,5.9,6.4,4.0,5.5,7.6,4.0,5.8,6.8,4.0,4.0,5.9,4.0,4.0,5.8,4.0,4.0,4.0,4.0,4.0,6.7,6.2,4.0,6.0,4.0,4.0,4.0,4.0,4.0,4.0,4.0,4.0,4.0,4.0,4.0,4.0,5.5,4.0,5.5,6.5,4.0,4.0,4.0
1900,4.0,4.0,4.0,4.0,6.3,6.8,4.0,4.0,6.1,4.0,6.3,7.5,6.9,6.8,4.0,5.4,5.5,4.0,4.0,4.0,4.0,7.7,7.0,5.8,4.0,4.0,4.0,4.0,6.3,6.4,4.0,4.0,4.0,4.0,4.0,4.0,4.0,6.2,4.0,4.0,4.0,5.9,4.0,6.3,5.3,4.0,6.1,4.0,4.0,5.8,5.2,5.6,5.8,5.6,4.0,4.0,6.8,4.0,4.0,4.0,4.0,4.0,5.3,4.0,4.0,5.4,5.7,4.0,6.3,6.2,6.2,4.0,4.0,7.8,4.0,4.0,4.0,6.1,5.9,4.0,4.0,5.5,4.0,6.1,4.0,4.0,5.6,6.8,4.0,5.7,5.7,5.5,4.0,5.2,4.0,4.0,4.0,4.0,5.9,5.1,5.6,4.0,6.1,6.5,4.0,4.0,4.0,5.7,5.6,4.0,4.0,6.5,4.0,6.7,6.3,4.0,4.0,5.4,5.8,6.0,6.2,5.2,4.0,5.0,5.5,7.4,6.3,4.0,4.0,6.0,5.6,5.5,4.0,4.0,4.0,6.4,4.0,4.0,4.0,5.3,5.8,4.0,4.0,4.0,4.0,4.0,4.0,4.0,5.9,6.5,6.7,5.5,4.0,4.0,4.0,4.0,4.0,4.0,4.0,4.0,4.0,4.0,4.0,4.0,6.2,4.0,4.0,4.0,5.1,4.0,4.0,4.0
1902,4.0,6.1,5.7,5.2,6.9,6.4,4.0,4.0,7.8,4.0,6.3,4.0,8.5,4.0,4.0,7.1,7.1,4.0,4.0,6.8,7.1,5.8,4.0,4.0,4.0,4.0,4.0,4.0,6.6,6.8,4.0,4.0,4.0,4.0,4.0,6.9,5.7,4.0,4.0,4.0,4.0,5.8,4.0,6.6,5.7,4.0,4.0,4.0,4.0,5.9,6.3,6.0,4.0,5.7,4.0,4.0,7.8,6.6,4.0,6.0,4.0,6.8,5.8,4.0,4.0,5.2,4.0,4.0,5.8,4.0,6.4,6.5,4.0,4.0,6.9,4.0,4.0,6.3,5.6,4.0,4.0,6.9,4.0,4.0,4.0,4.0,5.5,6.4,4.0,6.7,6.7,5.1,8.8,7.3,4.0,4.0,5.2,5.2,6.4,6.2,5.2,5.7,6.6,7.2,5.6,7.1,5.8,6.5,5.3,4.0,4.0,4.0,6.5,6.1,5.7,4.0,4.0,6.6,7.5,7.5,6.2,6.5,4.0,4.0,6.2,4.0,5.9,5.4,6.1,6.7,6.1,4.0,5.4,5.2,4.0,6.6,4.0,6.8,4.0,5.8,5.7,4.0,4.0,4.0,4.0,6.0,4.0,4.0,5.7,4.0,4.0,4.0,6.3,4.0,4.0,4.0,4.0,4.0,4.0,4.0,4.0,4.0,4.0,4.0,4.0,4.0,4.0,4.0,6.3,4.0,4.0,4.0
1926,4.0,4.0,4.0,5.7,7.1,7.8,5.9,6.6,5.5,4.0,8.0,8.7,8.0,6.1,4.0,5.8,6.2,8.4,4.0,7.6,6.5,7.5,8.4,4.0,4.0,4.0,4.0,4.0,6.5,7.3,4.0,5.9,6.9,4.0,6.8,8.4,7.2,8.2,6.9,4.0,4.0,5.6,5.9,4.0,6.5,4.0,6.2,4.0,8.1,7.0,6.4,8.2,4.0,8.0,4.0,5.8,6.5,7.3,4.0,7.5,4.0,7.9,5.7,4.0,5.3,5.6,8.6,4.0,6.4,4.0,7.6,7.2,6.4,7.0,6.9,4.0,4.0,6.6,6.0,4.0,4.0,7.2,4.0,6.4,8.4,4.0,6.1,7.6,4.0,5.8,5.8,6.1,4.0,5.8,6.5,4.0,5.2,5.3,6.9,5.7,5.7,4.0,7.0,5.1,6.4,7.2,5.6,6.2,5.9,5.6,6.2,4.0,5.8,7.8,6.5,4.0,4.0,5.3,4.0,5.5,6.8,4.0,5.6,8.0,6.6,8.2,7.6,4.0,7.9,7.0,5.9,6.2,5.1,4.0,6.7,7.3,4.0,4.0,5.4,4.0,6.5,4.0,4.0,6.1,4.0,4.0,4.0,4.0,7.6,4.0,4.0,4.0,5.6,4.0,6.6,4.0,4.0,4.0,4.0,4.0,4.0,4.0,4.0,4.0,8.2,6.0,4.0,4.0,5.6,6.3,4.0,4.0
1927,4.0,4.0,4.0,5.6,6.1,8.4,5.7,6.0,7.6,4.0,6.8,8.3,6.8,4.0,4.0,6.3,6.1,8.4,4.0,4.0,4.0,6.3,7.4,4.0,4.0,4.0,4.0,4.0,6.3,6.2,4.0,6.7,6.1,4.0,6.4,8.0,8.0,9.2,5.7,4.0,4.0,5.6,6.6,4.0,7.3,4.0,5.9,4.0,6.3,5.6,6.0,7.6,4.0,8.1,4.0,4.0,6.0,6.6,4.0,4.0,4.0,5.6,5.7,5.6,5.8,5.9,8.4,4.0,6.5,4.0,6.1,4.0,6.4,4.0,7.3,4.0,4.0,5.7,5.3,4.0,4.0,7.2,4.0,6.0,4.0,4.0,7.1,7.0,6.0,6.2,6.2,5.5,4.0,7.0,6.3,5.4,5.6,5.5,6.0,4.0,6.1,4.0,6.1,5.5,6.2,4.0,6.7,5.7,6.5,5.6,6.8,4.0,7.4,6.7,5.8,6.0,4.0,5.9,4.0,6.5,6.1,4.0,5.8,6.8,6.4,7.8,4.0,5.7,6.2,5.8,6.1,7.2,5.3,4.0,4.0,7.4,4.0,4.0,5.4,5.2,6.5,4.0,4.0,5.8,4.0,4.0,4.0,4.0,6.5,8.5,7.1,4.0,5.6,4.0,4.0,4.0,4.0,4.0,4.0,4.0,4.0,4.0,4.0,4.0,6.9,4.0,4.0,4.0,5.8,4.0,4.0,4.0
1928,4.0,4.0,4.0,5.6,7.2,7.5,6.0,6.7,6.6,4.0,8.0,8.2,8.1,4.0,4.0,6.7,6.8,7.9,4.0,7.3,6.7,6.8,7.6,4.0,4.0,4.0,4.0,4.0,6.6,6.8,4.0,6.3,6.0,4.0,6.8,7.3,6.7,6.6,6.1,4.0,4.0,5.7,6.4,4.0,6.5,4.0,4.0,4.0,7.4,6.2,5.9,7.9,4.0,7.5,4.0,4.0,7.0,5.9,5.5,6.5,4.0,7.3,5.6,4.0,5.1,5.1,8.0,4.0,4.0,4.0,7.4,6.7,6.0,6.0,6.4,4.0,4.0,6.4,5.3,4.0,4.0,6.7,4.0,6.3,7.2,4.0,6.1,7.3,4.0,5.6,5.7,5.6,4.0,6.6,6.0,4.0,5.6,4.0,7.3,6.3,6.0,4.0,6.8,5.4,5.9,4.0,5.6,6.0,5.7,5.5,5.8,4.0,5.7,7.5,6.7,4.0,4.0,5.9,4.0,5.9,6.8,5.0,5.5,6.9,6.4,8.0,6.8,5.6,7.2,6.4,5.6,6.6,4.0,4.0,6.4,6.0,4.0,4.0,5.5,4.0,5.8,4.0,4.0,4.0,4.0,4.0,4.0,4.0,6.7,4.0,4.0,4.0,5.6,4.0,6.5,4.0,4.0,4.0,4.0,4.0,4.0,4.0,4.0,4.0,6.9,4.0,4.0,4.0,6.4,4.0,4.0,4.0
1999,4.0,4.0,4.0,4.0,4.0,6.1,6.9,4.0,4.0,4.0,7.4,6.8,5.9,4.0,4.0,4.0,4.0,7.7,6.4,4.0,4.0,8.0,8.8,4.0,4.0,4.0,7.4,7.1,6.0,6.4,4.0,4.0,5.5,7.5,6.3,4.0,4.0,5.7,4.0,6.8,7.2,4.0,5.5,5.8,7.1,4.0,4.0,5.4,7.1,4.0,4.0,6.5,6.7,4.0,4.0,6.0,4.0,4.0,4.0,4.0,4.0,4.0,4.0,4.0,4.0,5.5,7.3,4.0,9.2,8.8,6.8,6.3,4.0,4.0,4.0,4.0,4.0,4.0,4.0,4.0,4.0,6.4,4.0,4.0,4.0,4.0,7.0,9.2,4.0,4.0,4.0,6.0,4.0,4.0,7.2,4.0,4.0,4.0,4.0,4.0,4.0,5.2,4.0,4.0,4.0,5.7,4.0,4.0,5.5,4.0,7.4,4.0,4.0,8.0,4.0,4.0,4.0,4.0,4.0,4.0,4.0,4.0,4.0,6.5,4.0,4.0,4.0,4.0,4.0,4.0,4.0,7.1,4.0,4.0,4.0,4.0,4.0,4.0,5.4,4.0,4.0,4.0,4.0,4.0,4.0,4.0,4.0,4.0,4.0,7.3,8.8,4.0,4.0,4.0,4.0,4.0,4.0,4.0,4.0,4.0,4.0,4.0,4.0,4.0,5.7,7.4,5.6,4.0,4.0,6.3,6.9,4.0
2002,4.0,4.0,4.0,5.2,6.4,6.7,4.0,7.3,4.0,4.0,7.8,8.1,7.7,7.7,4.0,7.1,7.4,7.9,4.0,6.6,7.0,7.4,8.0,6.4,4.0,4.0,4.0,4.0,7.5,5.7,4.0,4.0,4.0,4.0,6.7,7.2,7.0,8.4,6.0,4.0,4.0,6.8,6.2,6.3,5.6,4.0,5.8,7.3,4.0,6.5,6.9,8.2,7.9,6.1,4.0,7.1,5.4,5.9,4.0,5.4,4.0,8.6,6.3,4.0,4.0,4.0,7.2,6.4,6.2,4.0,6.7,4.0,4.0,4.0,4.0,4.0,4.0,7.4,6.5,4.0,4.0,7.3,4.0,8.7,6.8,4.0,7.3,7.6,7.0,6.8,4.0,6.4,4.0,6.0,5.9,4.0,4.0,4.0,6.9,5.2,6.5,4.0,5.7,4.0,5.2,7.6,4.0,6.6,5.4,4.0,5.7,7.4,8.6,7.1,4.0,4.0,4.0,6.2,4.0,5.6,7.9,4.0,4.0,6.1,4.0,8.5,7.5,4.0,7.4,7.2,5.5,6.7,4.0,4.0,6.8,4.0,5.2,6.3,4.0,4.0,4.0,4.0,4.0,4.0,4.0,6.2,9.0,4.0,6.0,7.6,8.3,8.0,4.0,7.5,7.9,4.0,4.0,4.0,4.0,4.0,4.0,4.0,4.0,4.0,4.0,7.5,4.0,4.0,4.0,6.8,4.0,4.0
2003,4.0,4.0,4.0,4.0,4.0,6.4,4.0,6.9,4.0,4.0,8.1,8.1,6.9,8.2,4.0,6.6,6.5,7.5,4.0,5.9,4.0,6.7,7.6,5.9,4.0,4.0,4.0,4.0,4.0,4.0,4.0,4.0,4.0,4.0,6.2,6.5,6.1,4.0,5.6,4.0,4.0,6.4,5.2,5.8,4.0,4.0,4.0,4.0,4.0,7.6,6.4,8.2,7.9,4.0,4.0,4.0,4.0,5.9,4.0,6.0,4.0,7.7,4.0,4.0,4.0,5.7,7.9,5.5,6.5,7.3,6.1,6.2,4.0,4.0,4.0,4.0,4.0,7.9,5.6,4.0,4.0,7.1,4.0,4.0,4.0,4.0,6.9,7.4,6.3,4.0,4.0,5.2,4.0,4.0,5.8,4.0,4.0,4.0,4.0,4.0,4.0,4.0,4.0,4.0,4.0,6.9,4.0,4.0,6.4,5.8,5.2,4.0,7.1,7.0,4.0,4.0,4.0,5.1,4.0,4.0,4.0,4.0,4.0,6.7,4.0,4.0,4.0,4.0,4.0,4.0,4.0,6.9,4.0,4.0,6.2,6.7,4.0,5.5,4.0,4.0,4.0,4.0,4.0,4.0,4.0,4.0,4.0,4.0,4.0,7.8,7.8,7.0,4.0,4.0,4.0,4.0,4.0,4.0,4.0,4.0,4.0,4.0,4.0,4.0,4.0,4.0,4.0,4.0,5.8,6.8,4.0,4.0
2005,4.0,4.0,4.0,4.0,4.0,7.5,4.0,7.7,4.0,4.0,8.3,8.7,8.3,8.5,4.0,7.7,7.6,7.3,4.0,8.0,7.7,8.2,8.3,6.2,4.0,4.0,4.0,4.0,7.9,5.6,4.0,5.6,5.5,4.0,6.7,6.9,7.0,8.4,6.0,4.0,4.0,7.2,6.5,5.7,4.0,4.0,4.0,7.5,4.0,7.5,7.3,8.5,8.5,6.1,4.0,6.1,5.5,5.8,4.0,6.0,4.0,8.6,6.4,4.0,4.0,4.0,7.4,5.2,6.4,4.0,6.9,7.2,4.0,4.0,6.0,4.0,4.0,7.5,4.0,4.0,4.0,7.8,4.0,9.0,6.0,4.0,6.5,7.7,6.3,5.6,4.0,6.3,4.0,6.8,6.0,4.0,4.0,4.0,7.8,5.6,5.3,4.0,6.1,4.0,5.7,7.2,4.0,5.2,4.0,4.0,5.7,7.6,4.0,7.6,5.8,4.0,4.0,7.0,4.0,4.0,8.2,4.0,4.0,5.9,5.4,4.0,7.8,4.0,7.5,7.5,5.6,7.0,4.0,4.0,4.0,6.0,5.9,6.8,4.0,4.0,4.0,4.0,6.1,4.0,4.0,5.9,8.4,4.0,6.2,8.0,8.3,8.0,4.0,7.1,7.9,4.0,4.0,4.0,4.0,4.0,4.0,4.0,4.0,4.0,4.0,6.8,4.0,4.0,4.0,6.5,4.0,4.0
2006,4.0,4.0,4.0,4.0,4.0,6.1,5.3,4.0,4.0,4.0,6.7,6.7,5.9,8.7,4.0,4.0,4.0,7.8,4.0,4.0,4.0,6.4,4.0,6.4,4.0,4.0,4.0,4.0,6.2,5.7,4.0,4.0,4.0,4.0,6.2,4.0,5.7,6.3,6.2,4.0,4.0,4.0,4.0,4.0,6.1,4.0,4.0,4.0,4.0,5.4,4.0,7.5,6.4,6.0,4.0,4.0,4.0,4.0,4.0,4.0,4.0,6.5,4.0,4.0,4.0,5.1,7.0,4.0,8.6,8.3,6.2,4.0,4.0,4.0,4.0,4.0,4.0,6.2,4.0,4.0,4.0,5.6,4.0,6.8,4.0,4.0,6.1,9.3,4.0,4.0,4.0,5.3,4.0,4.0,6.9,4.0,5.7,4.0,5.5,4.0,4.0,4.0,5.7,4.0,4.0,4.0,4.0,4.0,4.0,4.0,6.7,5.9,6.9,8.2,4.0,4.0,4.0,4.0,4.0,4.0,5.3,4.0,4.0,5.7,5.8,8.6,7.9,4.0,6.7,5.6,5.1,6.3,4.0,4.0,4.0,8.6,4.0,4.0,4.0,4.0,5.1,4.0,4.0,4.0,4.0,7.6,6.5,4.0,4.0,6.2,9.1,6.0,4.0,4.0,4.0,4.0,4.0,4.0,4.0,4.0,4.0,4.0,4.0,4.0,4.0,7.8,4.0,4.0,4.0,8.0,4.0,4.0
2007,4.0,4.0,4.0,4.0,4.0,7.9,4.0,7.4,5.5,4.0,8.4,8.8,7.7,8.2,4.0,7.4,6.7,6.7,4.0,7.9,7.6,8.5,8.2,6.1,4.0,4.0,4.0,4.0,4.0,4.0,4.0,5.7,5.5,4.0,6.7,6.9,6.5,4.0,5.9,4.0,4.0,6.7,5.2,5.7,4.0,4.0,4.0,4.0,4.0,7.7,5.4,8.4,8.3,4.0,4.0,4.0,4.0,6.7,4.0,6.8,4.0,7.9,4.0,4.0,4.0,4.0,8.1,5.5,6.6,4.0,7.4,8.1,4.0,4.0,6.6,4.0,4.0,7.7,5.3,4.0,4.0,7.9,4.0,4.0,4.0,4.0,6.6,8.3,6.8,4.0,4.0,6.2,4.0,5.7,6.1,4.0,4.0,4.0,4.0,4.0,5.3,4.0,4.0,4.0,4.0,6.5,4.0,4.0,5.7,4.0,5.2,4.0,8.1,7.5,4.0,4.0,4.0,6.3,4.0,4.0,4.0,4.0,4.0,6.0,4.0,4.0,4.0,4.0,4.0,4.0,4.0,7.4,4.0,4.0,7.2,4.0,5.6,6.3,4.0,4.0,4.0,4.0,4.0,4.0,4.0,4.0,4.0,6.1,4.0,8.0,8.3,7.9,4.0,4.0,4.0,6.2,4.0,4.0,4.0,4.0,4.0,4.0,4.0,4.0,4.0,4.0,4.0,4.0,5.7,6.5,4.0,4.0
2009,4.0,4.0,4.0,5.7,4.0,6.8,4.0,4.0,4.0,4.0,7.0,7.1,7.3,9.2,4.0,5.4,4.0,7.0,4.0,4.0,4.0,6.4,4.0,6.3,4.0,4.0,4.0,4.0,4.0,4.0,4.0,4.0,4.0,4.0,6.6,5.9,5.5,4.0,7.4,4.0,4.0,5.1,6.1,4.0,4.0,4.0,4.0,4.0,4.0,6.5,4.0,8.4,8.0,4.0,4.0,4.0,4.0,7.3,4.0,8.9,4.0,6.7,4.0,4.0,4.0,5.6,8.0,4.0,7.8,7.7,6.2,6.5,4.0,4.0,4.0,4.0,4.0,7.2,6.6,4.0,4.0,7.2,4.0,4.0,4.0,4.0,7.1,4.0,6.8,4.0,4.0,5.7,4.0,6.1,7.7,4.0,4.0,4.0,4.0,4.0,5.4,4.0,4.0,4.0,4.0,5.7,4.0,4.0,5.4,5.4,5.4,4.0,7.0,4.0,4.0,4.0,4.0,6.2,4.0,4.0,4.0,4.0,4.0,6.9,4.0,4.0,4.0,4.0,4.0,4.0,4.0,8.1,4.0,4.0,4.0,7.6,4.0,4.0,4.0,4.0,4.0,4.0,4.0,4.0,4.0,4.0,4.0,4.0,4.0,6.7,9.2,7.6,5.3,4.0,4.0,4.0,4.0,4.0,4.0,4.0,4.0,4.0,4.0,4.0,4.0,4.0,4.0,4.0,5.5,7.3,4.0,4.0
2011,4.0,4.0,4.0,4.0,4.0,7.5,4.0,6.5,4.0,4.0,7.6,8.1,7.6,7.2,4.0,5.7,4.0,6.7,4.0,7.2,6.8,7.7,7.9,6.0,4.0,4.0,4.0,4.0,4.0,4.0,4.0,4.0,4.0,4.0,6.4,7.4,6.9,4.0,5.8,4.0,4.0,5.3,4.0,4.0,4.0,4.0,4.0,4.0,4.0,7.4,4.0,8.1,8.1,4.0,4.0,4.0,4.0,6.4,4.0,6.7,4.0,7.7,4.0,4.0,4.0,4.0,8.1,4.0,6.3,4.0,6.5,8.2,4.0,4.0,6.7,4.0,4.0,8.1,5.7,4.0,4.0,7.2,4.0,4.0,4.0,4.0,6.2,7.9,6.1,4.0,4.0,6.2,4.0,4.0,5.7,4.0,4.0,4.0,4.0,4.0,4.0,4.0,4.0,4.0,4.0,6.2,4.0,4.0,5.7,4.0,4.0,4.0,7.7,6.8,4.0,4.0,4.0,5.9,4.0,4.0,4.0,4.0,4.0,5.4,4.0,4.0,4.0,4.0,4.0,4.0,4.0,6.7,4.0,4.0,6.5,4.0,4.0,5.4,4.0,4.0,4.0,4.0,4.0,4.0,4.0,4.0,4.0,4.0,4.0,6.9,7.6,7.5,4.0,4.0,4.0,4.0,4.0,4.0,4.0,4.0,4.0,4.0,4.0,4.0,4.0,4.0,4.0,4.0,4.0,6.2,4.0,4.0
2013,4.0,4.0,4.0,5.4,4.0,7.7,4.0,5.9,5.9,4.0,6.7,7.1,7.0,7.4,4.0,6.1,6.5,6.8,4.0,4.0,5.8,6.0,8.5,5.8,4.0,4.0,4.0,4.0,4.0,4.0,4.0,4.0,4.0,4.0,7.3,6.3,6.4,4.0,6.7,4.0,4.0,5.3,5.7,4.0,4.0,4.0,4.0,4.0,4.0,7.0,4.0,8.2,8.2,4.0,4.0,4.0,4.0,7.8,4.0,7.7,4.0,6.7,4.0,4.0,4.0,4.0,7.9,5.6,6.7,6.6,4.0,6.1,4.0,4.0,4.0,4.0,4.0,6.9,6.2,4.0,4.0,6.2,4.0,4.0,4.0,4.0,6.7,9.1,6.9,4.0,4.0,5.3,4.0,6.0,6.5,4.0,4.0,4.0,4.0,4.0,4.0,4.0,4.0,4.0,4.0,4.0,4.0,4.0,5.1,5.1,5.3,4.0,6.3,7.8,4.0,4.0,4.0,5.9,4.0,4.0,4.0,4.0,4.0,6.0,4.0,4.0,4.0,4.0,4.0,4.0,4.0,6.6,4.0,4.0,4.0,6.4,4.0,4.0,4.0,4.0,4.0,4.0,4.0,4.0,4.0,4.0,4.0,4.0,4.0,7.7,8.7,6.2,4.0,4.0,4.0,4.0,4.0,4.0,4.0,4.0,4.0,4.0,4.0,4.0,4.0,4.0,4.0,4.0,5.5,6.3,4.0,4.0
2014,4.0,4.0,4.0,4.0,4.0,7.2,4.0,7.1,4.0,4.0,7.3,8.0,7.1,8.9,4.0,6.1,5.9,8.2,4.0,6.6,4.0,7.1,8.3,5.8,4.0,4.0,4.0,4.0,4.0,4.0,4.0,4.0,5.6,4.0,7.1,6.3,5.9,4.0,6.6,4.0,4.0,6.3,5.4,5.5,4.0,4.0,4.0,4.0,4.0,7.8,6.4,8.5,7.6,4.0,4.0,4.0,4.0,6.1,4.0,6.8,4.0,7.2,4.0,4.0,4.0,5.2,8.0,4.0,7.6,8.5,5.9,6.2,4.0,4.0,4.0,4.0,4.0,7.9,5.8,4.0,4.0,7.3,4.0,4.0,4.0,4.0,6.8,8.7,6.4,4.0,4.0,5.5,4.0,4.0,6.4,4.0,4.0,4.0,4.0,4.0,5.2,4.0,4.0,4.0,4.0,6.5,4.0,4.0,5.6,5.2,5.5,4.0,7.2,7.8,4.0,4.0,4.0,5.4,4.0,4.0,4.0,4.0,4.0,6.9,4.0,4.0,4.0,4.0,4.0,4.0,4.0,7.7,4.0,4.0,5.7,7.8,5.4,5.4,4.0,4.0,4.0,4.0,4.0,4.0,4.0,4.0,4.0,4.0,4.0,7.5,8.7,7.2,4.0,4.0,4.0,4.0,4.0,4.0,4.0,4.0,4.0,4.0,4.0,4.0,4.0,4.0,4.0,4.0,5.4,6.8,4.0,4.0
2018,4.0,7.1,4.0,5.2,6.2,8.3,4.0,6.0,5.9,4.0,6.5,6.6,6.8,4.0,4.0,6.0,5.9,4.0,4.0,8.3,7.5,6.4,5.6,4.0,4.0,4.0,4.0,4.0,6.9,6.6,4.0,6.2,6.0,4.0,4.0,6.4,5.5,6.3,5.5,4.0,4.0,5.2,4.0,5.5,7.2,4.0,4.0,4.0,7.0,7.0,6.6,7.4,4.0,5.7,4.0,4.0,6.8,5.6,4.0,5.8,4.0,6.5,5.4,4.0,4.0,4.0,4.0,4.0,4.0,4.0,6.4,4.0,4.0,4.0,7.6,4.0,4.0,7.6,5.8,4.0,4.0,6.1,4.0,4.0,6.0,4.0,7.5,5.9,4.0,6.0,6.4,5.3,4.0,6.9,4.0,5.7,5.9,5.3,4.0,5.2,5.9,5.1,6.1,5.8,5.2,6.0,4.0,6.5,6.4,5.9,6.6,4.0,5.5,4.0,6.3,4.0,4.0,6.2,4.0,5.7,5.5,5.9,4.0,4.0,4.0,5.6,6.4,5.8,7.0,6.3,6.0,4.0,5.2,4.0,5.7,4.0,4.0,5.2,4.0,5.5,5.5,4.0,4.0,4.0,4.0,4.0,4.0,4.0,6.5,4.0,4.0,4.0,4.0,4.0,4.0,4.0,4.0,4.0,4.0,4.0,4.0,4.0,4.0,4.0,4.0,4.0,4.0,4.0,6.4,4.0,4.0,4.0
2019,4.0,4.0,4.0,4.0,4.0,7.5,4.0,4.0,4.0,4.0,7.2,8.1,7.7,6.8,4.0,5.8,5.3,6.4,4.0,6.5,6.1,6.6,7.5,6.2,4.0,4.0,4.0,4.0,4.0,4.0,4.0,4.0,4.0,4.0,5.9,6.9,6.8,4.0,4.0,4.0,4.0,5.3,5.8,4.0,4.0,4.0,4.0,4.0,4.0,7.1,4.0,7.9,7.6,4.0,4.0,4.0,4.0,6.0,4.0,6.8,4.0,7.6,4.0,4.0,4.0,5.5,7.6,4.0,6.1,5.9,6.3,6.2,4.0,4.0,4.0,4.0,4.0,7.0,6.0,4.0,4.0,5.9,4.0,4.0,4.0,4.0,6.1,7.9,6.5,4.0,4.0,5.4,4.0,5.9,6.2,4.0,4.0,4.0,4.0,4.0,5.1,4.0,4.0,4.0,4.0,5.5,4.0,4.0,5.4,4.0,5.1,4.0,6.2,7.2,4.0,4.0,4.0,5.8,4.0,4.0,4.0,4.0,4.0,6.1,4.0,4.0,4.0,4.0,4.0,4.0,4.0,6.6,4.0,4.0,4.0,5.6,4.0,4.0,4.0,4.0,4.0,4.0,4.0,4.0,4.0,4.0,4.0,4.0,4.0,7.9,7.8,6.0,4.0,4.0,4.0,4.0,4.0,4.0,4.0,4.0,4.0,4.0,4.0,4.0,4.0,4.0,4.0,4.0,5.1,4.0,4.0,4.0
2022,4.0,4.0,4.0,4.0,4.0,4.0,5.3,4.0,4.0,4.0,6.2,6.8,7.3,6.9,4.0,4.0,4.0,7.9,4.0,4.0,4.0,7.2,7.3,6.1,4.0,4.0,4.0,4.0,4.0,4.0,4.0,4.0,4.0,4.0,7.3,4.0,4.0,4.0,5.4,4.0,4.0,4.0,4.0,4.0,5.3,4.0,4.0,4.0,7.2,5.7,4.0,6.4,6.1,5.3,4.0,4.0,4.0,6.0,4.0,6.6,4.0,6.5,4.0,4.0,4.0,4.0,7.9,4.0,8.4,7.2,4.0,4.0,4.0,6.8,4.0,4.0,4.0,6.2,4.0,4.0,4.0,5.2,4.0,4.0,6.4,4.0,6.3,7.2,5.6,5.7,5.8,4.0,4.0,4.0,5.8,4.0,4.0,4.0,4.0,4.0,5.1,4.0,4.0,4.0,4.0,6.2,4.0,4.0,4.0,4.0,5.2,4.0,5.6,6.3,4.0,4.0,4.0,4.0,4.0,4.0,4.0,4.0,4.0,6.0,4.0,7.7,6.9,4.0,6.2,4.0,4.0,5.7,4.0,4.0,4.0,6.9,4.0,4.0,4.0,4.0,4.0,4.0,4.0,4.0,4.0,4.0,7.0,4.0,4.0,7.3,7.8,5.8,4.0,4.0,4.0,4.0,4.0,4.0,4.0,4.0,4.0,4.0,4.0,4.0,6.5,7.5,4.0,4.0,4.0,4.0,4.0,4.0
2025,4.0,4.0,4.0,4.0,6.9,7.3,5.7,6.4,4.0,4.0,7.2,7.9,7.7,7.9,4.0,4.0,4.0,6.4,4.0,6.6,4.0,7.8,7.3,5.6,4.0,4.0,4.0,4.0,6.7,5.9,4.0,4.0,7.2,4.0,5.9,7.1,6.9,8.7,4.0,4.0,4.0,5.3,4.0,4.0,5.1,4.0,4.0,6.8,8.1,7.1,6.1,8.0,7.8,6.7,4.0,5.8,6.0,6.0,4.0,6.7,4.0,7.2,4.0,4.0,4.0,4.0,7.2,4.0,4.0,6.0,6.2,6.4,4.0,6.9,4.0,4.0,4.0,6.5,5.4,4.0,4.0,5.8,4.0,7.4,6.9,4.0,6.0,8.3,5.7,6.1,5.6,4.0,4.0,4.0,5.9,4.0,4.0,4.0,6.9,4.0,4.0,4.0,5.6,5.5,4.0,4.0,4.0,4.0,4.0,4.0,4.0,6.0,6.9,6.8,4.0,4.0,4.0,4.0,4.0,6.5,8.0,5.5,4.0,6.1,4.0,8.6,8.4,4.0,7.3,6.9,4.0,5.8,4.0,4.0,7.1,5.8,5.8,6.5,4.0,5.1,4.0,4.0,7.3,4.0,4.0,6.2,8.3,4.0,6.5,7.6,8.4,6.1,4.0,7.2,7.1,4.0,4.0,4.0,4.0,4.0,4.0,4.0,4.0,4.0,6.6,7.3,4.0,4.0,4.0,4.0,4.0,4.0
2068,6.4,6.3,6.3,4.0,5.7,6.2,6.1,5.9,5.9,6.6,6.3,6.5,6.3,6.0,5.5,6.8,6.9,6.4,6.5,6.3,6.1,7.3,6.0,4.0,6.9,6.5,6.3,6.3,6.1,6.3,4.0,7.0,6.6,6.7,4.0,6.8,7.4,7.0,6.0,6.9,7.2,5.5,7.0,6.4,6.5,6.3,6.4,5.7,7.6,6.5,6.8,6.4,6.3,6.2,6.7,6.3,7.1,6.7,4.0,4.0,4.0,4.0,4.0,4.0,4.0,4.0,4.0,4.0,4.0,4.0,4.0,4.0,4.0,4.0,4.0,4.0,4.0,4.0,4.0,4.0,4.0,4.0,4.0,4.0,4.0,4.0,4.0,4.0,4.0,4.0,4.0,4.0,7.2,4.0,4.0,4.0,4.0,4.0,4.0,4.0,4.0,4.0,4.0,4.0,4.0,4.0,4.0,4.0,4.0,4.0,4.0,4.0,4.0,4.0,4.0,4.0,4.0,4.0,4.0,4.0,4.0,4.0,4.0,4.0,4.0,4.0,4.0,4.0,4.0,4.0,4.0,4.0,4.0,4.0,4.0,4.0,4.0,4.0,4.0,4.0,4.0,4.0,4.0,4.0,4.0,4.0,4.0,4.0,4.0,4.0,4.0,4.0,4.0,4.0,4.0,4.0,4.0,4.0,4.0,4.0,4.0,4.0,4.0,4.0,6.0,5.4,5.8,6.0,7.3,6.8,5.8,6.3
2070,7.1,6.3,7.7,4.0,5.7,4.0,5.7,6.7,6.4,7.0,6.7,6.6,4.0,5.4,4.0,7.5,7.5,4.0,6.8,8.7,7.3,6.8,6.7,5.8,6.3,6.1,4.0,4.0,6.9,6.4,5.9,7.0,6.4,5.9,5.8,4.0,5.5,4.0,6.2,6.2,6.5,4.0,6.5,7.0,6.5,6.2,5.8,4.0,6.4,7.3,5.9,6.6,6.1,6.8,6.5,6.1,7.3,6.0,6.2,4.0,4.0,4.0,4.0,4.0,4.0,4.0,4.0,4.0,4.0,4.0,4.0,4.0,4.0,4.0,4.0,4.0,4.0,4.0,4.0,4.0,4.0,4.0,4.0,4.0,4.0,4.0,4.0,4.0,4.0,4.0,4.0,4.0,4.0,4.0,4.0,4.0,4.0,4.0,4.0,4.0,4.0,4.0,4.0,4.0,4.0,4.0,4.0,4.0,4.0,4.0,4.0,4.0,4.0,4.0,4.0,4.0,4.0,4.0,4.0,4.0,4.0,4.0,4.0,4.0,4.0,4.0,4.0,4.0,4.0,4.0,4.0,4.0,4.0,4.0,4.0,4.0,4.0,4.0,4.0,4.0,4.0,4.0,4.0,4.0,4.0,4.0,4.0,4.0,4.0,4.0,4.0,4.0,4.0,4.0,4.0,4.0,4.0,4.0,4.0,4.0,4.0,4.0,4.0,4.0,4.0,4.0,5.8,5.8,7.3,5.7,4.0,8.3
2080,7.5,4.0,5.8,7.3,6.9,6.6,6.4,8.8,6.2,8.7,6.2,6.0,6.2,6.5,7.3,5.8,5.6,6.8,6.0,7.2,8.1,7.0,6.2,6.3,7.8,8.6,6.4,6.3,8.3,7.6,4.0,4.0,4.0,8.0,6.2,5.9,6.9,6.2,8.5,6.8,7.2,6.9,7.9,7.1,6.8,7.5,6.9,7.0,7.9,7.6,7.9,6.4,4.0,6.3,6.2,7.1,7.1,4.0,4.0,4.0,4.0,4.0,4.0,4.0,4.0,4.0,4.0,4.0,4.0,4.0,4.0,4.0,4.0,4.0,4.0,4.0,4.0,4.0,4.0,4.0,4.0,4.0,4.0,4.0,4.0,4.0,4.0,4.0,4.0,4.0,4.0,4.0,4.0,4.0,4.0,4.0,4.0,4.0,4.0,4.0,4.0,4.0,4.0,4.0,4.0,4.0,4.0,4.0,4.0,4.0,4.0,4.0,4.0,4.0,4.0,4.0,4.0,4.0,4.0,4.0,4.0,4.0,4.0,4.0,4.0,4.0,4.0,4.0,4.0,4.0,4.0,4.0,4.0,4.0,4.0,4.0,4.0,4.0,4.0,4.0,4.0,4.0,4.0,4.0,4.0,4.0,4.0,4.0,4.0,4.0,4.0,4.0,4.0,4.0,4.0,4.0,4.0,4.0,4.0,4.0,4.0,4.0,4.0,4.0,7.1,5.8,6.3,4.0,7.5,7.0,6.3,4.0
2082,4.0,4.0,4.0,5.6,5.8,5.7,5.9,6.7,6.2,4.0,4.0,4.0,6.1,6.3,4.0,5.5,5.2,5.9,4.0,4.0,4.0,5.4,5.7,4.0,4.0,4.0,4.0,4.0,7.1,7.5,4.0,4.0,4.0,4.0,4.0,6.0,5.7,6.4,7.6,4.0,4.0,5.7,4.0,5.9,6.9,4.0,4.0,4.0,5.9,7.0,6.2,6.1,4.0,5.5,4.0,4.0,6.1,4.0,4.0,4.0,7.4,4.0,5.3,6.0,5.6,4.0,4.0,4.0,5.9,6.2,4.0,7.2,7.4,4.0,4.0,4.0,4.0,7.1,4.0,4.0,4.0,6.2,4.0,4.0,7.0,4.0,6.2,6.8,6.1,6.1,5.9,4.0,6.2,6.2,6.6,5.4,5.7,4.0,4.0,6.2,6.9,6.6,7.7,5.6,4.0,5.9,4.0,6.7,5.8,6.4,6.5,4.0,6.5,4.0,4.0,6.8,7.2,5.1,5.3,7.0,5.4,5.2,4.0,5.3,4.0,6.2,6.6,5.7,6.7,6.9,4.0,5.3,4.0,4.0,4.0,4.0,4.0,4.0,4.0,4.0,4.0,4.0,4.0,4.0,4.0,4.0,4.0,4.0,6.7,5.4,7.1,4.0,4.0,4.0,9.1,4.0,4.0,4.0,4.0,4.0,4.0,4.0,4.0,4.0,6.0,6.6,4.0,4.0,5.5,4.0,4.0,4.0
2084,4.0,4.0,4.0,5.1,7.4,4.0,5.9,6.7,6.6,4.0,4.0,4.0,4.0,4.0,4.0,5.2,6.1,4.0,4.0,4.0,4.0,4.0,5.7,4.0,4.0,4.0,4.0,4.0,6.5,6.3,4.0,4.0,4.0,4.0,4.0,5.7,4.0,6.2,6.6,4.0,4.0,5.2,4.0,5.6,6.6,4.0,4.0,4.0,4.0,6.3,6.0,5.6,4.0,4.0,4.0,4.0,7.1,4.0,4.0,4.0,8.1,4.0,6.4,5.6,4.0,4.0,4.0,4.0,5.7,4.0,4.0,6.3,7.6,4.0,4.0,4.0,4.0,6.5,4.0,4.0,4.0,5.8,4.0,4.0,6.1,4.0,5.7,6.3,4.0,7.2,6.8,4.0,4.0,7.0,6.0,5.4,5.3,4.0,4.0,5.4,6.7,7.1,6.7,5.5,4.0,6.0,5.9,6.2,5.2,5.5,6.1,4.0,5.7,4.0,5.4,6.5,6.4,6.2,6.5,7.6,5.4,5.3,4.0,4.0,4.0,6.1,5.9,6.1,6.2,6.4,5.2,5.5,4.0,4.0,4.0,4.0,4.0,4.0,4.0,4.0,4.0,4.0,4.0,4.0,4.0,4.0,4.0,4.0,4.0,5.2,6.5,4.0,4.0,4.0,8.4,4.0,4.0,4.0,4.0,4.0,4.0,4.0,4.0,4.0,4.0,4.0,4.0,4.0,5.6,4.0,4.0,4.0
2106,4.0,4.0,4.0,4.0,5.6,8.0,4.0,4.0,4.0,4.0,6.3,9.0,7.0,4.0,4.0,4.0,6.3,4.0,4.0,5.9,7.0,7.1,6.2,6.1,4.0,4.0,4.0,4.0,5.4,6.6,4.0,4.0,4.0,4.0,5.8,4.0,4.0,4.0,4.0,4.0,4.0,4.0,5.4,4.0,6.3,4.0,6.7,4.0,4.0,4.0,4.0,6.5,4.0,5.7,4.0,4.0,4.0,4.0,6.0,4.0,4.0,5.8,4.0,4.0,4.0,4.0,4.0,4.0,4.0,4.0,6.7,4.0,6.3,4.0,4.0,4.0,4.0,5.5,4.0,4.0,4.0,6.1,4.0,6.2,4.0,4.0,6.1,7.2,4.0,5.4,5.4,4.0,4.0,6.0,5.8,6.5,5.8,4.0,4.0,4.0,4.0,5.8,5.1,5.0,4.0,4.0,5.8,4.0,4.0,4.0,4.0,6.4,6.4,4.0,4.0,6.5,4.0,4.0,4.0,4.0,4.0,5.7,6.3,6.0,4.0,4.0,5.7,6.0,4.0,5.2,4.0,4.0,5.8,4.0,4.0,4.0,4.0,4.0,4.0,6.5,4.0,6.4,4.0,4.0,4.0,4.0,4.0,4.0,4.0,6.7,6.5,4.0,4.0,4.0,4.0,5.9,6.0,4.0,4.0,4.0,4.0,4.0,6.7,4.0,4.0,4.0,4.0,4.0,5.9,4.0,4.0,4.0
2192,4.0,4.0,4.0,4.0,5.9,6.7,6.0,6.6,5.4,4.0,7.4,9.1,8.2,7.1,4.0,5.2,6.7,4.0,4.0,6.4,4.0,8.3,7.2,4.0,4.0,4.0,4.0,4.0,7.1,7.1,4.0,4.0,6.3,4.0,6.1,7.0,7.0,8.8,4.0,4.0,4.0,4.0,4.0,4.0,5.1,4.0,4.0,4.0,8.7,6.1,6.8,7.9,7.1,6.8,4.0,6.5,5.9,7.7,4.0,6.2,4.0,6.9,4.0,4.0,4.0,4.0,5.4,6.9,4.0,4.0,6.9,6.1,4.0,4.0,4.0,4.0,4.0,7.2,5.0,4.0,4.0,6.0,4.0,6.9,4.0,4.0,5.9,7.3,6.0,5.3,5.8,4.0,4.0,4.0,4.0,6.1,6.0,6.4,6.9,5.6,4.0,4.0,7.1,6.6,5.6,6.0,4.0,4.0,4.0,4.0,5.2,6.0,7.7,6.6,4.0,4.0,4.0,4.0,4.0,6.4,8.0,4.0,4.0,6.0,4.0,8.6,7.9,4.0,7.1,7.6,5.5,6.2,4.0,4.0,8.1,4.0,6.0,7.1,4.0,6.1,5.4,4.0,7.1,4.0,4.0,4.0,4.0,4.0,4.0,4.0,4.0,4.0,4.0,4.0,4.0,4.0,4.0,4.0,4.0,4.0,4.0,4.0,4.0,4.0,8.3,7.1,4.0,4.0,4.0,6.8,4.0,4.0
2194,4.0,4.0,4.0,4.0,4.0,4.0,4.0,6.1,4.0,4.0,4.0,4.0,5.8,4.0,4.0,5.6,5.9,4.0,4.0,4.0,4.0,5.9,4.0,4.0,4.0,4.0,4.0,4.0,6.6,7.5,4.0,4.0,4.0,4.0,5.7,4.0,4.0,6.7,5.3,4.0,4.0,5.3,6.0,4.0,4.0,4.0,4.0,4.0,5.9,5.2,6.1,4.0,4.0,4.0,4.0,4.0,5.4,4.0,5.5,4.0,4.0,8.7,4.0,4.0,5.1,4.0,4.0,4.0,4.0,4.0,4.0,4.0,6.0,4.0,4.0,4.0,4.0,5.3,6.1,4.0,4.0,6.9,4.0,6.7,4.0,4.0,5.6,6.5,4.0,5.3,4.0,4.0,4.0,4.0,7.3,4.0,4.0,5.5,4.0,5.8,4.0,4.0,6.8,6.0,5.9,5.9,5.6,4.0,4.0,4.0,5.3,4.0,6.7,4.0,4.0,4.0,4.0,4.0,4.0,4.0,6.2,6.7,5.2,4.0,4.0,5.8,7.2,4.0,4.0,5.8,4.0,5.2,5.4,5.2,4.0,5.7,4.0,4.0,5.1,5.7,5.4,4.0,6.4,4.0,4.0,4.0,6.5,4.0,4.0,5.4,4.0,6.8,4.0,4.0,4.0,4.0,4.0,4.0,4.0,4.0,4.0,4.0,4.0,4.0,4.0,4.0,4.0,4.0,4.0,4.0,4.0,4.0
2204,7.1,4.0,7.0,4.0,6.5,6.8,6.1,7.0,6.3,6.7,7.6,7.8,6.9,6.4,5.8,7.0,7.0,6.1,6.3,5.8,5.6,8.1,5.8,4.0,7.8,6.6,5.9,5.7,6.4,6.6,4.0,5.7,5.6,6.4,4.0,4.0,5.9,4.0,6.5,6.5,6.7,4.0,7.1,6.1,5.8,6.0,6.6,6.2,7.7,6.1,7.3,7.9,7.8,6.2,6.8,6.2,7.5,6.1,4.0,4.0,4.0,4.0,4.0,4.0,4.0,4.0,4.0,4.0,4.0,4.0,4.0,4.0,4.0,4.0,4.0,4.0,4.0,4.0,4.0,4.0,4.0,4.0,4.0,4.0,4.0,4.0,4.0,4.0,4.0,4.0,4.0,4.0,4.0,4.0,4.0,4.0,4.0,4.0,4.0,4.0,4.0,4.0,4.0,4.0,4.0,4.0,4.0,4.0,4.0,4.0,4.0,4.0,4.0,4.0,4.0,4.0,4.0,4.0,4.0,4.0,4.0,4.0,4.0,4.0,4.0,4.0,4.0,4.0,4.0,4.0,4.0,4.0,4.0,4.0,4.0,4.0,4.0,4.0,4.0,4.0,4.0,4.0,4.0,4.0,4.0,4.0,4.0,4.0,4.0,4.0,4.0,4.0,4.0,4.0,4.0,4.0,4.0,4.0,4.0,4.0,4.0,4.0,4.0,4.0,6.5,5.7,6.1,5.7,7.7,7.2,6.5,5.5
2206,6.8,6.2,7.6,4.0,6.9,7.3,6.9,6.5,6.7,6.9,6.6,7.4,6.5,6.3,4.0,6.8,6.9,4.0,6.4,6.8,6.5,7.7,6.3,4.0,7.5,5.9,6.3,5.7,6.4,6.3,4.0,6.8,6.1,6.2,4.0,4.0,6.1,5.7,6.0,6.7,7.0,4.0,6.4,6.5,6.0,5.7,6.4,5.5,7.4,6.6,6.3,7.9,7.5,6.3,6.7,5.9,8.1,6.3,4.0,4.0,4.0,4.0,4.0,4.0,4.0,4.0,4.0,4.0,4.0,4.0,4.0,4.0,4.0,4.0,4.0,4.0,4.0,4.0,4.0,4.0,4.0,4.0,4.0,4.0,4.0,4.0,4.0,4.0,4.0,4.0,4.0,4.0,4.0,4.0,4.0,4.0,4.0,4.0,4.0,4.0,4.0,4.0,4.0,4.0,4.0,4.0,4.0,4.0,4.0,4.0,4.0,4.0,4.0,4.0,4.0,4.0,4.0,4.0,4.0,4.0,4.0,4.0,4.0,4.0,4.0,4.0,4.0,4.0,4.0,4.0,4.0,4.0,4.0,4.0,4.0,4.0,4.0,4.0,4.0,4.0,4.0,4.0,4.0,4.0,4.0,4.0,4.0,4.0,4.0,4.0,4.0,4.0,4.0,4.0,4.0,4.0,4.0,4.0,4.0,4.0,4.0,4.0,4.0,4.0,5.4,6.1,4.0,5.3,8.2,7.4,5.9,6.6
2207,6.5,6.8,7.2,4.0,7.0,6.9,7.1,6.4,6.8,6.8,6.5,7.1,6.4,5.9,6.0,7.0,7.1,4.0,6.4,6.5,6.4,7.7,6.0,4.0,8.0,6.0,6.3,5.9,6.7,6.8,4.0,6.9,6.2,6.1,4.0,4.0,5.5,4.0,6.1,6.5,6.8,4.0,6.6,4.0,6.1,4.0,6.9,5.6,7.4,6.2,6.2,7.4,7.4,6.2,6.8,5.9,7.8,6.1,4.0,4.0,4.0,4.0,4.0,4.0,4.0,4.0,4.0,4.0,4.0,4.0,4.0,4.0,4.0,4.0,4.0,4.0,4.0,4.0,4.0,4.0,4.0,4.0,4.0,4.0,4.0,4.0,4.0,4.0,4.0,4.0,4.0,4.0,4.0,4.0,4.0,4.0,4.0,4.0,4.0,4.0,4.0,4.0,4.0,4.0,4.0,4.0,4.0,4.0,4.0,4.0,4.0,4.0,4.0,4.0,4.0,4.0,4.0,4.0,4.0,4.0,4.0,4.0,4.0,4.0,4.0,4.0,4.0,4.0,4.0,4.0,4.0,4.0,4.0,4.0,4.0,4.0,4.0,4.0,4.0,4.0,4.0,4.0,4.0,4.0,4.0,4.0,4.0,4.0,4.0,4.0,4.0,4.0,4.0,4.0,4.0,4.0,4.0,4.0,4.0,4.0,4.0,4.0,4.0,4.0,5.3,5.8,4.0,5.5,7.4,7.0,5.9,6.8
2208,6.9,6.8,8.0,4.0,6.9,7.3,7.2,6.9,7.3,7.3,6.6,7.1,6.7,6.3,4.0,7.3,7.4,5.7,6.3,6.7,6.5,7.6,6.1,4.0,7.9,6.4,6.3,6.0,7.3,7.3,4.0,7.1,6.4,6.5,4.0,4.0,5.7,4.0,6.7,6.7,7.3,4.0,6.8,6.7,6.4,5.9,6.9,6.3,7.3,6.7,6.7,7.6,7.6,6.4,6.8,5.9,7.9,6.1,4.0,4.0,4.0,4.0,4.0,4.0,4.0,4.0,4.0,4.0,4.0,4.0,4.0,4.0,4.0,4.0,4.0,4.0,4.0,4.0,4.0,4.0,4.0,4.0,4.0,4.0,4.0,4.0,4.0,4.0,4.0,4.0,4.0,4.0,4.0,4.0,4.0,4.0,4.0,4.0,4.0,4.0,4.0,4.0,4.0,4.0,4.0,4.0,4.0,4.0,4.0,4.0,4.0,4.0,4.0,4.0,4.0,4.0,4.0,4.0,4.0,4.0,4.0,4.0,4.0,4.0,4.0,4.0,4.0,4.0,4.0,4.0,4.0,4.0,4.0,4.0,4.0,4.0,4.0,4.0,4.0,4.0,4.0,4.0,4.0,4.0,4.0,4.0,4.0,4.0,4.0,4.0,4.0,4.0,4.0,4.0,4.0,4.0,4.0,4.0,4.0,4.0,4.0,4.0,4.0,4.0,5.8,6.1,5.7,6.1,8.3,7.2,6.1,6.6
2209,7.2,6.9,8.1,4.0,6.9,6.8,7.4,6.7,6.7,6.9,6.4,7.0,6.0,5.9,4.0,6.6,6.8,4.0,6.1,6.4,6.1,7.6,5.9,6.6,7.2,5.9,6.0,5.5,6.2,6.2,4.0,6.9,6.0,5.9,4.0,4.0,5.8,4.0,5.9,6.5,6.9,4.0,4.0,6.3,6.1,5.7,6.5,5.5,7.1,6.4,6.2,7.5,7.8,6.2,6.4,5.8,8.4,5.8,4.0,4.0,4.0,4.0,4.0,4.0,4.0,4.0,4.0,4.0,4.0,4.0,4.0,4.0,4.0,4.0,4.0,4.0,4.0,4.0,4.0,4.0,4.0,4.0,4.0,4.0,4.0,4.0,4.0,4.0,4.0,4.0,4.0,4.0,4.0,4.0,4.0,4.0,4.0,4.0,4.0,4.0,4.0,4.0,4.0,4.0,4.0,4.0,4.0,4.0,4.0,4.0,4.0,4.0,4.0,4.0,4.0,4.0,4.0,4.0,4.0,4.0,4.0,4.0,4.0,4.0,4.0,4.0,4.0,4.0,4.0,4.0,4.0,4.0,4.0,4.0,4.0,4.0,4.0,4.0,4.0,4.0,4.0,4.0,4.0,4.0,4.0,4.0,4.0,4.0,4.0,4.0,4.0,4.0,4.0,4.0,4.0,4.0,4.0,4.0,4.0,4.0,4.0,4.0,4.0,4.0,5.3,5.6,4.0,4.0,8.6,7.2,5.6,6.4
2210,6.8,6.5,7.6,5.5,6.9,6.5,7.3,6.5,6.9,7.1,6.0,6.7,5.6,5.5,4.0,7.0,7.1,4.0,5.7,6.0,5.8,7.2,5.7,6.4,6.9,5.8,5.8,5.5,6.1,6.6,4.0,6.7,5.9,5.4,4.0,4.0,4.0,4.0,5.6,6.2,6.4,4.0,6.2,6.0,6.2,4.0,6.0,4.0,6.7,6.1,5.8,7.3,7.7,6.0,6.1,5.6,9.0,4.0,4.0,4.0,4.0,4.0,4.0,4.0,4.0,4.0,4.0,4.0,4.0,4.0,4.0,4.0,4.0,4.0,4.0,4.0,4.0,4.0,4.0,4.0,4.0,4.0,4.0,4.0,4.0,4.0,4.0,4.0,4.0,4.0,4.0,4.0,4.0,4.0,4.0,4.0,4.0,4.0,4.0,4.0,4.0,4.0,4.0,4.0,4.0,4.0,4.0,4.0,4.0,4.0,4.0,4.0,4.0,4.0,4.0,4.0,4.0,4.0,4.0,4.0,4.0,4.0,4.0,4.0,4.0,4.0,4.0,4.0,4.0,4.0,4.0,4.0,4.0,4.0,4.0,4.0,4.0,4.0,4.0,4.0,4.0,4.0,4.0,4.0,4.0,4.0,4.0,4.0,4.0,4.0,4.0,4.0,4.0,4.0,4.0,4.0,4.0,4.0,4.0,4.0,4.0,4.0,4.0,4.0,4.0,5.3,4.0,4.0,8.3,6.9,4.0,6.4
2211,6.7,7.0,7.3,6.3,7.3,6.7,7.9,6.8,7.2,7.6,6.3,7.1,6.0,5.5,4.0,6.8,6.9,5.6,6.4,6.6,6.3,7.7,5.8,6.7,7.7,6.2,6.1,5.9,6.9,6.7,4.0,6.7,6.0,5.8,5.8,4.0,5.7,4.0,6.1,6.4,6.9,4.0,6.4,6.4,5.7,5.9,6.3,5.7,7.1,6.8,6.6,7.7,7.4,5.7,6.8,6.0,8.3,5.7,4.0,4.0,4.0,4.0,4.0,4.0,4.0,4.0,4.0,4.0,4.0,4.0,4.0,4.0,4.0,4.0,4.0,4.0,4.0,4.0,4.0,4.0,4.0,4.0,4.0,4.0,4.0,4.0,4.0,4.0,4.0,4.0,4.0,4.0,4.0,4.0,4.0,4.0,4.0,4.0,4.0,4.0,4.0,4.0,4.0,4.0,4.0,4.0,4.0,4.0,4.0,4.0,4.0,4.0,4.0,4.0,4.0,4.0,4.0,4.0,4.0,4.0,4.0,4.0,4.0,4.0,4.0,4.0,4.0,4.0,4.0,4.0,4.0,4.0,4.0,4.0,4.0,4.0,4.0,4.0,4.0,4.0,4.0,4.0,4.0,4.0,4.0,4.0,4.0,4.0,4.0,4.0,4.0,4.0,4.0,4.0,4.0,4.0,4.0,4.0,4.0,4.0,4.0,4.0,4.0,4.0,5.7,5.5,6.0,5.6,7.9,7.0,5.4,6.0
2212,6.7,7.0,7.6,6.1,6.8,6.5,7.1,6.8,6.9,7.2,6.1,6.8,5.9,5.5,4.0,6.8,6.9,4.0,6.0,6.3,6.0,7.5,5.9,6.6,7.8,6.1,6.0,5.7,6.7,6.7,4.0,6.7,5.9,6.4,5.8,4.0,5.6,4.0,6.3,6.0,6.7,4.0,6.4,6.4,5.9,5.8,6.1,5.6,6.9,6.7,6.5,7.5,7.2,6.0,6.6,5.9,7.9,5.6,4.0,4.0,4.0,4.0,4.0,4.0,4.0,4.0,4.0,4.0,4.0,4.0,4.0,4.0,4.0,4.0,4.0,4.0,4.0,4.0,4.0,4.0,4.0,4.0,4.0,4.0,4.0,4.0,4.0,4.0,4.0,4.0,4.0,4.0,4.0,4.0,4.0,4.0,4.0,4.0,4.0,4.0,4.0,4.0,4.0,4.0,4.0,4.0,4.0,4.0,4.0,4.0,4.0,4.0,4.0,4.0,4.0,4.0,4.0,4.0,4.0,4.0,4.0,4.0,4.0,4.0,4.0,4.0,4.0,4.0,4.0,4.0,4.0,4.0,4.0,4.0,4.0,4.0,4.0,4.0,4.0,4.0,4.0,4.0,4.0,4.0,4.0,4.0,4.0,4.0,4.0,4.0,4.0,4.0,4.0,4.0,4.0,4.0,4.0,4.0,4.0,4.0,4.0,4.0,4.0,4.0,5.8,5.5,4.0,5.4,8.0,7.0,5.5,6.0
2213,7.0,6.3,7.6,5.8,6.7,7.2,7.2,6.8,6.3,6.9,6.8,7.3,6.5,6.1,4.0,6.2,6.4,4.0,6.3,6.5,6.4,7.9,5.9,6.8,7.8,6.1,6.1,5.8,6.7,7.1,4.0,7.0,6.1,6.9,4.0,4.0,5.7,4.0,6.1,6.5,7.1,4.0,6.7,5.9,5.8,5.7,6.6,5.4,7.3,6.6,6.6,7.7,7.6,5.9,6.9,4.0,8.3,5.9,4.0,4.0,4.0,4.0,4.0,4.0,4.0,4.0,4.0,4.0,4.0,4.0,4.0,4.0,4.0,4.0,4.0,4.0,4.0,4.0,4.0,4.0,4.0,4.0,4.0,4.0,4.0,4.0,4.0,4.0,4.0,4.0,4.0,4.0,4.0,4.0,4.0,4.0,4.0,4.0,4.0,4.0,4.0,4.0,4.0,4.0,4.0,4.0,4.0,4.0,4.0,4.0,4.0,4.0,4.0,4.0,4.0,4.0,4.0,4.0,4.0,4.0,4.0,4.0,4.0,4.0,4.0,4.0,4.0,4.0,4.0,4.0,4.0,4.0,4.0,4.0,4.0,4.0,4.0,4.0,4.0,4.0,4.0,4.0,4.0,4.0,4.0,4.0,4.0,4.0,4.0,4.0,4.0,4.0,4.0,4.0,4.0,4.0,4.0,4.0,4.0,4.0,4.0,4.0,4.0,4.0,5.4,5.8,4.0,4.0,8.4,7.7,6.0,6.9
2214,7.6,6.8,7.8,4.0,7.6,7.5,7.9,7.0,7.2,7.5,6.5,7.0,7.2,6.6,4.0,7.1,7.1,4.0,6.1,6.5,6.6,7.8,6.0,7.7,8.1,4.0,5.9,6.4,7.5,7.5,5.5,7.1,6.2,6.4,5.6,5.7,6.0,5.7,6.6,6.7,7.2,5.5,7.1,6.7,5.4,6.6,6.9,4.0,7.4,7.7,6.8,8.1,7.9,5.3,6.9,4.0,8.6,5.8,4.0,4.0,4.0,4.0,4.0,4.0,4.0,4.0,4.0,4.0,4.0,4.0,4.0,4.0,4.0,4.0,4.0,4.0,4.0,4.0,4.0,4.0,4.0,4.0,4.0,4.0,4.0,4.0,4.0,4.0,4.0,4.0,4.0,4.0,4.0,4.0,4.0,4.0,4.0,4.0,4.0,4.0,4.0,4.0,4.0,4.0,4.0,4.0,4.0,4.0,4.0,4.0,4.0,4.0,4.0,4.0,4.0,4.0,4.0,4.0,4.0,4.0,4.0,4.0,4.0,4.0,4.0,4.0,4.0,4.0,4.0,4.0,4.0,4.0,4.0,4.0,4.0,4.0,4.0,4.0,4.0,4.0,4.0,4.0,4.0,4.0,4.0,4.0,4.0,4.0,4.0,4.0,4.0,4.0,4.0,4.0,4.0,4.0,4.0,4.0,4.0,4.0,4.0,4.0,4.0,4.0,5.6,5.5,5.6,5.5,8.5,7.6,4.0,6.6
2215,6.8,7.4,7.7,5.5,7.6,7.8,7.4,5.6,6.1,7.1,7.3,7.4,7.2,6.3,4.0,6.1,6.7,4.0,4.0,6.7,6.2,7.6,5.9,7.5,7.8,6.7,6.9,7.1,6.8,7.0,4.0,7.3,5.9,5.6,5.7,5.7,4.0,4.0,6.4,7.4,7.5,5.2,6.6,4.0,4.0,4.0,6.4,6.6,7.4,6.3,6.3,7.5,7.4,6.6,6.9,4.0,8.4,6.3,4.0,4.0,4.0,4.0,4.0,4.0,4.0,4.0,4.0,4.0,4.0,4.0,4.0,4.0,4.0,4.0,4.0,4.0,4.0,4.0,4.0,4.0,4.0,4.0,4.0,4.0,4.0,4.0,4.0,4.0,4.0,4.0,4.0,4.0,4.0,4.0,4.0,4.0,4.0,4.0,4.0,4.0,4.0,4.0,4.0,4.0,4.0,4.0,4.0,4.0,4.0,4.0,4.0,4.0,4.0,4.0,4.0,4.0,4.0,4.0,4.0,4.0,4.0,4.0,4.0,4.0,4.0,4.0,4.0,4.0,4.0,4.0,4.0,4.0,4.0,4.0,4.0,4.0,4.0,4.0,4.0,4.0,4.0,4.0,4.0,4.0,4.0,4.0,4.0,4.0,4.0,4.0,4.0,4.0,4.0,4.0,4.0,4.0,4.0,4.0,4.0,4.0,4.0,4.0,4.0,4.0,6.2,6.5,4.0,4.0,7.4,7.4,6.3,6.6
2216,6.5,6.0,7.3,4.0,6.9,6.6,6.9,6.7,6.3,6.8,6.4,6.9,5.9,5.5,4.0,7.0,6.8,4.0,6.2,6.1,6.1,7.5,5.8,6.6,7.4,6.0,6.1,5.9,7.3,6.3,4.0,6.7,5.5,4.0,4.0,4.0,4.0,4.0,6.0,6.2,6.5,4.0,6.6,6.0,5.5,4.0,5.5,5.6,6.9,6.8,6.5,7.3,7.3,5.7,6.8,5.6,8.0,5.7,4.0,4.0,4.0,4.0,4.0,4.0,4.0,4.0,4.0,4.0,4.0,4.0,4.0,4.0,4.0,4.0,4.0,4.0,4.0,4.0,4.0,4.0,4.0,4.0,4.0,4.0,4.0,4.0,4.0,4.0,4.0,4.0,4.0,4.0,4.0,4.0,4.0,4.0,4.0,4.0,4.0,4.0,4.0,4.0,4.0,4.0,4.0,4.0,4.0,4.0,4.0,4.0,4.0,4.0,4.0,4.0,4.0,4.0,4.0,4.0,4.0,4.0,4.0,4.0,4.0,4.0,4.0,4.0,4.0,4.0,4.0,4.0,4.0,4.0,4.0,4.0,4.0,4.0,4.0,4.0,4.0,4.0,4.0,4.0,4.0,4.0,4.0,4.0,4.0,4.0,4.0,4.0,4.0,4.0,4.0,4.0,4.0,4.0,4.0,4.0,4.0,4.0,4.0,4.0,4.0,4.0,5.7,5.5,6.1,4.0,7.9,7.0,5.5,6.1
2217,6.7,6.4,7.2,4.0,6.9,6.8,7.6,6.7,6.9,7.0,6.1,6.9,5.9,5.4,4.0,7.1,7.0,4.0,6.1,6.2,6.2,7.4,5.8,6.8,7.6,5.9,6.1,5.9,6.8,6.4,4.0,6.8,5.7,5.5,5.6,4.0,5.5,4.0,6.3,6.2,6.5,4.0,6.2,6.1,5.4,4.0,5.5,5.5,6.8,6.5,6.4,7.4,7.3,5.4,6.7,5.6,7.6,5.7,4.0,4.0,4.0,4.0,4.0,4.0,4.0,4.0,4.0,4.0,4.0,4.0,4.0,4.0,4.0,4.0,4.0,4.0,4.0,4.0,4.0,4.0,4.0,4.0,4.0,4.0,4.0,4.0,4.0,4.0,4.0,4.0,4.0,4.0,4.0,4.0,4.0,4.0,4.0,4.0,4.0,4.0,4.0,4.0,4.0,4.0,4.0,4.0,4.0,4.0,4.0,4.0,4.0,4.0,4.0,4.0,4.0,4.0,4.0,4.0,4.0,4.0,4.0,4.0,4.0,4.0,4.0,4.0,4.0,4.0,4.0,4.0,4.0,4.0,4.0,4.0,4.0,4.0,4.0,4.0,4.0,4.0,4.0,4.0,4.0,4.0,4.0,4.0,4.0,4.0,4.0,4.0,4.0,4.0,4.0,4.0,4.0,4.0,4.0,4.0,4.0,4.0,4.0,4.0,4.0,4.0,5.5,5.6,5.9,5.4,7.9,6.8,4.0,6.0
2218,7.1,4.0,7.2,6.1,7.1,7.8,6.8,7.1,6.7,7.3,7.4,8.0,7.3,6.9,4.0,5.4,4.0,6.8,6.7,6.8,6.3,8.4,7.1,6.4,7.8,6.0,6.3,6.4,8.2,7.4,4.0,6.5,5.8,6.3,6.7,4.0,6.1,4.0,6.4,4.0,7.7,4.0,7.2,6.9,5.6,6.0,6.1,5.9,8.1,7.4,7.0,7.3,7.1,5.5,7.4,6.0,8.4,6.1,4.0,4.0,4.0,4.0,4.0,4.0,4.0,4.0,4.0,4.0,4.0,4.0,4.0,4.0,4.0,4.0,4.0,4.0,4.0,4.0,4.0,4.0,4.0,4.0,4.0,4.0,4.0,4.0,4.0,4.0,4.0,4.0,4.0,4.0,4.0,4.0,4.0,4.0,4.0,4.0,4.0,4.0,4.0,4.0,4.0,4.0,4.0,4.0,4.0,4.0,4.0,4.0,4.0,4.0,4.0,4.0,4.0,4.0,4.0,4.0,4.0,4.0,4.0,4.0,4.0,4.0,4.0,4.0,4.0,4.0,4.0,4.0,4.0,4.0,4.0,4.0,4.0,4.0,4.0,4.0,4.0,4.0,4.0,4.0,4.0,4.0,4.0,4.0,4.0,4.0,4.0,4.0,4.0,4.0,4.0,4.0,4.0,4.0,4.0,4.0,4.0,4.0,4.0,4.0,4.0,4.0,6.7,6.2,5.7,5.8,7.7,8.2,6.2,7.4
2220,7.7,4.0,7.0,7.5,6.9,6.1,7.5,6.8,4.0,6.4,7.1,7.8,6.4,6.4,4.0,6.8,6.6,6.0,4.0,6.8,6.9,8.0,6.6,7.7,8.2,7.0,7.0,6.9,7.0,6.3,5.9,5.3,4.0,6.7,4.0,5.7,6.9,6.2,7.1,4.0,7.1,5.4,8.0,7.1,7.4,7.0,7.4,6.7,7.6,8.7,8.5,8.4,8.4,6.3,6.0,6.6,7.7,5.9,4.0,4.0,4.0,4.0,4.0,4.0,4.0,4.0,4.0,4.0,4.0,4.0,4.0,4.0,4.0,4.0,4.0,4.0,4.0,4.0,4.0,4.0,4.0,4.0,4.0,4.0,4.0,4.0,4.0,4.0,4.0,4.0,4.0,4.0,4.0,4.0,4.0,4.0,4.0,4.0,4.0,4.0,4.0,4.0,4.0,4.0,4.0,4.0,4.0,4.0,4.0,4.0,4.0,4.0,4.0,4.0,4.0,4.0,4.0,4.0,4.0,4.0,4.0,4.0,4.0,4.0,4.0,4.0,4.0,4.0,4.0,4.0,4.0,4.0,4.0,4.0,4.0,4.0,4.0,4.0,4.0,4.0,4.0,4.0,4.0,4.0,4.0,4.0,4.0,4.0,4.0,4.0,4.0,4.0,4.0,4.0,4.0,4.0,4.0,4.0,4.0,4.0,4.0,4.0,4.0,4.0,6.8,5.7,6.3,5.6,8.2,7.7,5.6,4.0
2225,7.0,5.5,6.3,4.0,4.0,6.9,6.7,6.2,4.0,5.7,6.4,7.3,6.5,6.7,4.0,6.4,6.4,6.0,6.2,6.6,6.6,7.4,7.4,4.0,7.5,6.4,6.2,6.0,6.3,5.7,4.0,6.8,6.4,4.0,4.0,6.5,7.1,6.7,6.1,6.0,6.8,4.0,6.0,6.6,5.5,4.0,6.2,6.4,6.7,5.7,6.2,8.0,8.3,6.1,6.4,5.6,7.0,5.8,4.0,4.0,4.0,4.0,4.0,4.0,4.0,4.0,4.0,4.0,4.0,4.0,4.0,4.0,4.0,4.0,4.0,4.0,4.0,4.0,4.0,4.0,4.0,4.0,4.0,4.0,4.0,4.0,4.0,4.0,4.0,4.0,4.0,4.0,4.0,4.0,4.0,4.0,4.0,4.0,4.0,4.0,4.0,4.0,4.0,4.0,4.0,4.0,4.0,4.0,4.0,4.0,4.0,4.0,4.0,4.0,4.0,4.0,4.0,4.0,4.0,4.0,4.0,4.0,4.0,4.0,4.0,4.0,4.0,4.0,4.0,4.0,4.0,4.0,4.0,4.0,4.0,4.0,4.0,4.0,4.0,4.0,4.0,4.0,4.0,4.0,4.0,4.0,4.0,4.0,4.0,4.0,4.0,4.0,4.0,4.0,4.0,4.0,4.0,4.0,4.0,4.0,4.0,4.0,4.0,4.0,5.8,7.3,4.0,5.4,5.8,7.8,5.7,4.0
2226,6.9,6.1,6.9,5.7,6.9,7.4,6.8,6.3,4.0,6.0,6.6,7.2,7.0,6.7,4.0,6.5,6.5,6.8,6.5,6.8,6.5,7.5,7.3,6.4,7.3,5.6,5.6,5.5,6.4,4.0,4.0,5.8,5.7,4.0,6.9,5.6,6.9,5.7,6.2,5.7,6.6,4.0,6.3,6.9,4.0,5.7,6.0,4.0,6.9,7.2,6.4,7.4,7.8,4.0,6.3,4.0,7.5,5.6,4.0,4.0,4.0,4.0,4.0,4.0,4.0,4.0,4.0,4.0,4.0,4.0,4.0,4.0,4.0,4.0,4.0,4.0,4.0,4.0,4.0,4.0,4.0,4.0,4.0,4.0,4.0,4.0,4.0,4.0,4.0,4.0,4.0,4.0,4.0,4.0,4.0,4.0,4.0,4.0,4.0,4.0,4.0,4.0,4.0,4.0,4.0,4.0,4.0,4.0,4.0,4.0,4.0,4.0,4.0,4.0,4.0,4.0,4.0,4.0,4.0,4.0,4.0,4.0,4.0,4.0,4.0,4.0,4.0,4.0,4.0,4.0,4.0,4.0,4.0,4.0,4.0,4.0,4.0,4.0,4.0,4.0,4.0,4.0,4.0,4.0,4.0,4.0,4.0,4.0,4.0,4.0,4.0,4.0,4.0,4.0,4.0,4.0,4.0,4.0,4.0,4.0,4.0,4.0,4.0,4.0,5.3,6.5,4.0,4.0,5.6,7.4,4.0,5.4
2227,7.6,5.5,7.8,6.4,7.4,7.5,6.2,6.1,6.2,6.9,6.3,7.1,6.6,6.3,4.0,7.5,7.4,4.0,6.9,6.8,6.7,7.7,6.6,7.2,7.7,6.3,6.1,6.1,7.0,6.0,4.0,7.0,6.2,5.8,6.1,4.0,6.3,5.7,6.4,6.6,6.3,4.0,6.4,6.1,5.7,4.0,6.6,4.0,7.5,6.7,6.4,7.7,8.3,5.7,7.4,4.0,8.0,6.3,4.0,4.0,4.0,4.0,4.0,4.0,4.0,4.0,4.0,4.0,4.0,4.0,4.0,4.0,4.0,4.0,4.0,4.0,4.0,4.0,4.0,4.0,4.0,4.0,4.0,4.0,4.0,4.0,4.0,4.0,4.0,4.0,4.0,4.0,4.0,4.0,4.0,4.0,4.0,4.0,4.0,4.0,4.0,4.0,4.0,4.0,4.0,4.0,4.0,4.0,4.0,4.0,4.0,4.0,4.0,4.0,4.0,4.0,4.0,4.0,4.0,4.0,4.0,4.0,4.0,4.0,4.0,4.0,4.0,4.0,4.0,4.0,4.0,4.0,4.0,4.0,4.0,4.0,4.0,4.0,4.0,4.0,4.0,4.0,4.0,4.0,4.0,4.0,4.0,4.0,4.0,4.0,4.0,4.0,4.0,4.0,4.0,4.0,4.0,4.0,4.0,4.0,4.0,4.0,4.0,4.0,5.3,6.4,4.0,4.0,7.1,7.2,5.7,5.6
2231,7.3,6.3,7.4,4.0,6.2,7.4,7.3,6.4,6.3,6.9,6.5,7.1,7.2,6.6,4.0,6.8,6.8,6.1,5.9,6.6,6.3,7.5,6.4,7.5,7.7,4.0,6.4,6.0,6.6,6.2,5.8,7.1,6.2,5.7,6.8,6.1,6.5,6.0,5.8,6.6,6.8,5.3,6.4,6.3,4.0,4.0,5.8,4.0,7.3,7.0,6.8,7.4,7.9,4.0,6.7,6.2,8.1,6.4,4.0,4.0,4.0,4.0,4.0,4.0,4.0,4.0,4.0,4.0,4.0,4.0,4.0,4.0,4.0,4.0,4.0,4.0,4.0,4.0,4.0,4.0,4.0,4.0,4.0,4.0,4.0,4.0,4.0,4.0,4.0,4.0,4.0,4.0,4.0,4.0,4.0,4.0,4.0,4.0,4.0,4.0,4.0,4.0,4.0,4.0,4.0,4.0,4.0,4.0,4.0,4.0,4.0,4.0,4.0,4.0,4.0,4.0,4.0,4.0,4.0,4.0,4.0,4.0,4.0,4.0,4.0,4.0,4.0,4.0,4.0,4.0,4.0,4.0,4.0,4.0,4.0,4.0,4.0,4.0,4.0,4.0,4.0,4.0,4.0,4.0,4.0,4.0,4.0,4.0,4.0,4.0,4.0,4.0,4.0,4.0,4.0,4.0,4.0,4.0,4.0,4.0,4.0,4.0,4.0,4.0,5.8,6.0,6.2,5.5,7.3,7.7,4.0,4.0
2235,6.8,5.8,6.8,7.8,6.8,6.6,6.9,6.6,7.0,6.6,5.8,6.8,6.3,6.1,4.0,6.1,6.1,4.0,6.0,6.2,6.0,7.2,6.7,7.2,7.3,6.5,5.8,5.6,6.5,5.7,4.0,6.5,4.0,4.0,5.5,4.0,6.7,5.8,5.5,5.7,5.9,5.7,5.8,6.0,4.0,4.0,5.6,6.3,6.7,6.2,5.7,7.0,7.3,4.0,6.2,4.0,7.4,4.0,4.0,4.0,4.0,4.0,4.0,4.0,4.0,4.0,4.0,4.0,4.0,4.0,4.0,4.0,4.0,4.0,4.0,4.0,4.0,4.0,4.0,4.0,4.0,4.0,4.0,4.0,4.0,4.0,4.0,4.0,4.0,4.0,4.0,4.0,4.0,4.0,4.0,4.0,4.0,4.0,4.0,4.0,4.0,4.0,4.0,4.0,4.0,4.0,4.0,4.0,4.0,4.0,4.0,4.0,4.0,4.0,4.0,4.0,4.0,4.0,4.0,4.0,4.0,4.0,4.0,4.0,4.0,4.0,4.0,4.0,4.0,4.0,4.0,4.0,4.0,4.0,4.0,4.0,4.0,4.0,4.0,4.0,4.0,4.0,4.0,4.0,4.0,4.0,4.0,4.0,4.0,4.0,4.0,4.0,4.0,4.0,4.0,4.0,4.0,4.0,4.0,4.0,4.0,4.0,4.0,4.0,5.8,6.1,4.0,4.0,6.8,7.3,5.6,4.0
2237,7.6,4.0,4.0,7.3,6.2,5.8,7.7,7.0,4.0,6.1,6.9,7.7,6.2,6.4,4.0,6.4,6.2,5.8,4.0,6.6,6.8,7.9,6.5,7.2,7.7,6.8,7.2,7.1,7.0,6.1,5.7,4.0,4.0,6.3,6.1,4.0,6.7,5.7,7.2,4.0,6.7,5.4,7.5,6.9,7.1,6.5,7.0,6.4,7.6,8.1,7.7,7.9,7.9,5.6,6.0,6.0,6.8,6.0,4.0,4.0,4.0,4.0,4.0,4.0,4.0,4.0,4.0,4.0,4.0,4.0,4.0,4.0,4.0,4.0,4.0,4.0,4.0,4.0,4.0,4.0,4.0,4.0,4.0,4.0,4.0,4.0,4.0,4.0,4.0,4.0,4.0,4.0,4.0,4.0,4.0,4.0,4.0,4.0,4.0,4.0,4.0,4.0,4.0,4.0,4.0,4.0,4.0,4.0,4.0,4.0,4.0,4.0,4.0,4.0,4.0,4.0,4.0,4.0,4.0,4.0,4.0,4.0,4.0,4.0,4.0,4.0,4.0,4.0,4.0,4.0,4.0,4.0,4.0,4.0,4.0,4.0,4.0,4.0,4.0,4.0,4.0,4.0,4.0,4.0,4.0,4.0,4.0,4.0,4.0,4.0,4.0,4.0,4.0,4.0,4.0,4.0,4.0,4.0,4.0,4.0,4.0,4.0,4.0,4.0,6.6,5.7,6.2,5.4,7.7,7.6,5.5,4.0
2241,7.1,4.0,7.3,6.1,7.1,7.7,6.7,7.0,6.7,7.2,7.3,7.9,7.3,6.9,4.0,5.4,4.0,6.8,6.4,6.8,6.3,8.5,7.1,6.3,7.8,6.0,6.3,6.6,8.1,7.2,5.4,6.5,5.9,6.3,6.7,4.0,6.0,4.0,6.3,5.9,7.7,4.0,7.2,6.9,6.4,6.0,6.0,5.6,8.0,7.3,7.0,7.3,7.1,5.5,7.3,5.9,8.4,6.1,4.0,4.0,4.0,4.0,4.0,4.0,4.0,4.0,4.0,4.0,4.0,4.0,4.0,4.0,4.0,4.0,4.0,4.0,4.0,4.0,4.0,4.0,4.0,4.0,4.0,4.0,4.0,4.0,4.0,4.0,4.0,4.0,4.0,4.0,4.0,4.0,4.0,4.0,4.0,4.0,4.0,4.0,4.0,4.0,4.0,4.0,4.0,4.0,4.0,4.0,4.0,4.0,4.0,4.0,4.0,4.0,4.0,4.0,4.0,4.0,4.0,4.0,4.0,4.0,4.0,4.0,4.0,4.0,4.0,4.0,4.0,4.0,4.0,4.0,4.0,4.0,4.0,4.0,4.0,4.0,4.0,4.0,4.0,4.0,4.0,4.0,4.0,4.0,4.0,4.0,4.0,4.0,4.0,4.0,4.0,4.0,4.0,4.0,4.0,4.0,4.0,4.0,4.0,4.0,4.0,4.0,6.8,6.2,5.7,5.8,7.6,8.3,6.2,7.2
2242,7.0,4.0,7.4,5.9,7.4,7.3,6.1,6.1,6.3,6.5,6.1,6.9,6.4,6.1,4.0,7.2,7.2,4.0,7.2,6.4,6.2,7.3,6.4,6.7,7.4,6.0,5.8,5.9,7.1,6.3,4.0,7.0,6.2,5.5,6.4,4.0,6.2,5.6,6.1,6.3,6.2,4.0,5.9,6.5,4.0,4.0,5.9,4.0,7.1,6.5,6.3,7.1,7.8,5.4,7.1,4.0,7.8,5.9,4.0,4.0,4.0,4.0,4.0,4.0,4.0,4.0,4.0,4.0,4.0,4.0,4.0,4.0,4.0,4.0,4.0,4.0,4.0,4.0,4.0,4.0,4.0,4.0,4.0,4.0,4.0,4.0,4.0,4.0,4.0,4.0,4.0,4.0,4.0,4.0,4.0,4.0,4.0,4.0,4.0,4.0,4.0,4.0,4.0,4.0,4.0,4.0,4.0,4.0,4.0,4.0,4.0,4.0,4.0,4.0,4.0,4.0,4.0,4.0,4.0,4.0,4.0,4.0,4.0,4.0,4.0,4.0,4.0,4.0,4.0,4.0,4.0,4.0,4.0,4.0,4.0,4.0,4.0,4.0,4.0,4.0,4.0,4.0,4.0,4.0,4.0,4.0,4.0,4.0,4.0,4.0,4.0,4.0,4.0,4.0,4.0,4.0,4.0,4.0,4.0,4.0,4.0,4.0,4.0,4.0,5.4,6.0,4.0,4.0,6.7,7.0,5.9,5.7
2257,6.9,4.0,6.5,6.2,7.4,7.2,5.9,6.0,6.2,6.9,6.1,6.8,6.3,6.5,4.0,6.5,6.5,6.8,6.6,6.7,5.8,7.3,6.6,6.9,7.2,5.9,5.6,5.7,6.9,5.8,4.0,5.3,5.8,5.9,6.1,4.0,5.8,4.0,6.0,5.9,6.4,4.0,6.6,6.8,4.0,4.0,7.1,5.4,6.8,6.8,6.5,7.5,7.9,5.4,6.9,4.0,7.8,4.0,4.0,4.0,4.0,4.0,4.0,4.0,4.0,4.0,4.0,4.0,4.0,4.0,4.0,4.0,4.0,4.0,4.0,4.0,4.0,4.0,4.0,4.0,4.0,4.0,4.0,4.0,4.0,4.0,4.0,4.0,4.0,4.0,4.0,4.0,4.0,4.0,4.0,4.0,4.0,4.0,4.0,4.0,4.0,4.0,4.0,4.0,4.0,4.0,4.0,4.0,4.0,4.0,4.0,4.0,4.0,4.0,4.0,4.0,4.0,4.0,4.0,4.0,4.0,4.0,4.0,4.0,4.0,4.0,4.0,4.0,4.0,4.0,4.0,4.0,4.0,4.0,4.0,4.0,4.0,4.0,4.0,4.0,4.0,4.0,4.0,4.0,4.0,4.0,4.0,4.0,4.0,4.0,4.0,4.0,4.0,4.0,4.0,4.0,4.0,4.0,4.0,4.0,4.0,4.0,4.0,4.0,4.0,6.0,4.0,4.0,5.6,7.2,5.7,4.0
2259,6.9,5.9,7.6,4.0,6.0,7.8,6.6,6.7,6.3,6.7,7.0,7.4,7.1,6.6,4.0,5.9,6.1,6.1,6.5,7.1,6.6,7.9,6.7,4.0,8.0,6.2,6.7,6.5,7.6,7.0,4.0,6.7,6.1,6.5,4.0,5.6,6.1,6.1,6.4,7.0,4.0,4.0,6.9,6.5,6.0,5.9,7.0,6.1,7.4,7.0,6.7,4.0,7.7,6.2,7.3,6.8,7.9,6.7,4.0,4.0,4.0,4.0,4.0,4.0,4.0,4.0,4.0,4.0,4.0,4.0,4.0,4.0,4.0,4.0,4.0,4.0,4.0,4.0,4.0,4.0,4.0,4.0,4.0,4.0,4.0,4.0,4.0,4.0,4.0,4.0,4.0,4.0,4.0,4.0,4.0,4.0,4.0,4.0,4.0,4.0,4.0,4.0,4.0,4.0,4.0,4.0,4.0,4.0,4.0,4.0,4.0,4.0,4.0,4.0,4.0,4.0,4.0,4.0,4.0,4.0,4.0,4.0,4.0,4.0,4.0,4.0,4.0,4.0,4.0,4.0,4.0,4.0,4.0,4.0,4.0,4.0,4.0,4.0,4.0,4.0,4.0,4.0,4.0,4.0,4.0,4.0,4.0,4.0,4.0,4.0,4.0,4.0,4.0,4.0,4.0,4.0,4.0,4.0,4.0,4.0,4.0,4.0,4.0,4.0,5.9,6.4,4.0,5.7,7.4,4.0,6.5,6.7
2272,4.0,4.0,4.0,4.0,8.5,6.3,5.6,6.0,6.5,4.0,6.9,8.1,6.9,7.0,4.0,7.4,7.7,4.0,4.0,4.0,4.0,7.6,7.3,4.0,4.0,4.0,4.0,4.0,6.6,6.4,4.0,4.0,5.5,4.0,4.0,4.0,4.0,6.2,6.0,4.0,4.0,5.9,5.8,4.0,6.5,4.0,4.0,4.0,7.6,5.1,6.2,7.2,4.0,5.7,4.0,4.0,8.4,6.2,4.0,4.0,4.0,5.7,6.5,4.0,4.0,4.0,6.4,4.0,6.5,4.0,6.8,6.2,4.0,4.0,4.0,4.0,4.0,4.0,5.6,4.0,4.0,5.7,4.0,4.0,4.0,4.0,6.5,6.7,4.0,5.8,5.9,5.1,6.0,6.4,5.9,5.4,4.0,5.5,7.2,4.0,6.6,4.0,6.0,6.0,5.3,5.6,4.0,5.3,6.7,6.0,6.1,4.0,6.2,6.6,6.6,4.0,4.0,6.2,6.2,7.5,7.5,5.9,4.0,5.4,5.8,7.5,4.0,5.1,6.7,6.3,5.5,5.8,4.0,4.0,4.0,5.7,4.0,4.0,4.0,4.0,6.6,4.0,4.0,4.0,4.0,4.0,4.0,4.0,6.4,7.4,4.0,4.0,4.0,4.0,6.2,4.0,4.0,4.0,4.0,4.0,4.0,4.0,4.0,4.0,4.0,4.0,4.0,4.0,6.3,7.1,4.0,4.0
2295,4.0,4.0,4.0,4.0,7.4,5.8,4.0,4.0,5.8,4.0,6.4,7.0,5.7,6.5,4.0,7.5,7.7,4.0,4.0,4.0,4.0,6.8,6.3,4.0,4.0,4.0,4.0,4.0,6.0,6.0,4.0,5.7,5.6,4.0,4.0,4.0,4.0,4.0,4.0,4.0,4.0,6.2,4.0,4.0,6.9,4.0,4.0,4.0,7.4,4.0,7.8,6.3,4.0,5.5,4.0,4.0,7.6,4.0,4.0,4.0,4.0,4.0,6.4,4.0,4.0,4.0,5.6,4.0,5.8,4.0,5.9,4.0,4.0,4.0,4.0,4.0,4.0,4.0,5.2,4.0,4.0,4.0,4.0,4.0,4.0,4.0,6.6,5.9,4.0,5.5,5.6,4.0,4.0,6.0,4.0,4.0,4.0,5.4,6.8,4.0,5.7,4.0,5.5,5.5,5.3,4.0,4.0,4.0,5.9,4.0,6.4,4.0,6.0,6.0,6.5,4.0,4.0,5.6,5.7,7.3,7.1,5.7,4.0,5.1,4.0,6.5,4.0,5.4,6.3,5.8,5.4,5.7,4.0,5.5,4.0,5.6,4.0,4.0,4.0,4.0,5.4,4.0,4.0,4.0,4.0,4.0,4.0,4.0,6.5,7.3,4.0,4.0,4.0,4.0,4.0,4.0,4.0,4.0,4.0,4.0,4.0,4.0,4.0,4.0,4.0,4.0,4.0,4.0,5.7,4.0,4.0,4.0
2296,4.0,4.0,4.0,4.0,6.3,4.0,6.6,7.0,4.0,4.0,5.8,4.0,6.2,4.0,4.0,7.8,8.3,4.0,4.0,4.0,4.0,5.2,5.7,4.0,4.0,4.0,4.0,4.0,4.0,6.6,4.0,4.0,4.0,4.0,4.0,4.0,4.0,4.0,4.0,4.0,4.0,6.6,4.0,4.0,7.2,4.0,4.0,4.0,6.2,5.2,5.7,5.5,4.0,5.2,4.0,4.0,6.6,4.0,4.0,4.0,4.0,4.0,7.2,4.0,4.0,4.0,4.0,4.0,4.0,4.0,4.0,4.0,5.9,4.0,4.0,4.0,4.0,5.8,5.2,4.0,4.0,5.2,4.0,4.0,4.0,4.0,6.6,6.1,4.0,6.1,6.0,5.4,5.9,6.3,4.0,5.4,5.4,4.0,4.0,6.0,5.6,4.0,5.4,4.0,4.0,6.2,4.0,5.8,6.1,5.6,5.8,4.0,4.0,4.0,6.9,4.0,4.0,5.6,5.8,7.2,5.3,5.1,4.0,4.0,5.7,4.0,5.4,5.3,4.0,5.5,4.0,5.7,4.0,4.0,4.0,4.0,4.0,4.0,4.0,4.0,4.0,4.0,4.0,4.0,4.0,4.0,4.0,4.0,4.0,5.5,4.0,4.0,5.6,4.0,4.0,4.0,4.0,4.0,4.0,4.0,4.0,4.0,4.0,4.0,4.0,4.0,4.0,4.0,5.5,4.0,4.0,4.0
2298,6.7,6.0,7.9,6.6,6.1,4.0,6.1,4.0,6.2,6.5,5.5,4.0,4.0,4.0,4.0,8.2,8.4,4.0,4.0,4.0,4.0,5.6,4.0,4.0,4.0,5.6,4.0,4.0,4.0,5.9,4.0,4.0,4.0,5.6,4.0,4.0,4.0,4.0,4.0,4.0,6.8,5.7,6.2,4.0,8.1,6.6,4.0,4.0,4.0,5.4,5.7,4.0,4.0,4.0,4.0,4.0,7.2,4.0,4.0,4.0,4.0,4.0,7.2,4.0,4.0,4.0,4.0,4.0,4.0,4.0,4.0,4.0,4.0,4.0,4.0,4.0,4.0,5.2,5.6,4.0,4.0,5.9,4.0,4.0,4.0,4.0,5.8,4.0,4.0,6.4,6.3,6.0,6.9,7.7,4.0,5.6,5.6,5.5,5.9,5.4,6.1,4.0,5.7,5.2,4.0,5.9,4.0,4.0,6.2,5.6,7.4,4.0,4.0,4.0,6.7,4.0,4.0,6.3,6.1,7.5,6.0,5.9,4.0,4.0,4.0,4.0,4.0,6.4,4.0,5.9,5.1,5.9,4.0,4.0,4.0,4.0,4.0,4.0,4.0,4.0,4.0,4.0,4.0,4.0,4.0,4.0,4.0,4.0,4.0,4.0,4.0,4.0,4.0,4.0,4.0,4.0,4.0,4.0,4.0,4.0,4.0,4.0,4.0,4.0,4.0,4.0,4.0,4.0,7.0,4.0,4.0,4.0
2327,4.0,4.0,4.0,6.9,7.5,4.0,5.5,6.4,6.6,4.0,6.7,7.9,8.0,6.8,4.0,6.1,6.0,6.2,4.0,7.4,6.9,6.9,6.2,5.9,4.0,4.0,4.0,4.0,7.3,6.7,4.0,4.0,6.2,4.0,5.7,6.9,6.8,7.6,6.3,4.0,4.0,4.0,7.2,5.6,5.7,4.0,6.7,4.0,7.3,6.5,4.0,7.7,7.2,5.6,4.0,4.0,8.2,4.0,4.0,7.5,4.0,4.0,4.0,4.0,4.0,4.0,6.8,4.0,4.0,4.0,7.0,4.0,4.0,4.0,6.6,4.0,4.0,5.9,7.1,4.0,4.0,7.1,4.0,7.3,4.0,4.0,6.0,4.0,5.8,6.1,5.7,4.0,6.1,6.1,6.8,5.4,5.8,4.0,6.7,6.4,7.2,4.0,6.1,5.3,5.2,6.4,6.5,6.6,5.3,6.6,5.3,6.5,6.6,6.2,7.6,5.8,6.8,6.5,5.6,5.7,4.0,5.9,4.0,4.0,4.0,6.4,7.2,4.0,6.6,7.3,4.0,6.8,5.0,4.0,4.0,4.0,4.0,4.0,4.0,4.0,5.5,4.0,4.0,4.0,4.0,4.0,7.2,6.5,6.9,6.8,6.2,7.0,4.0,6.1,7.4,5.5,4.0,4.0,4.0,4.0,4.0,4.0,4.0,4.0,6.3,4.0,4.0,4.0,6.8,7.0,4.0,4.0
2330,6.4,4.0,4.0,4.0,6.4,5.8,4.0,7.1,6.2,5.9,7.0,7.8,6.2,6.3,4.0,6.0,6.1,5.9,6.2,7.4,6.7,7.7,5.8,4.0,7.7,6.8,7.9,7.4,6.6,6.4,4.0,5.7,4.0,7.4,4.0,6.6,7.0,7.1,7.1,6.2,4.0,4.0,8.1,7.3,6.2,5.9,6.9,6.8,8.1,7.1,7.8,4.0,7.3,6.0,6.8,6.7,7.8,5.9,4.0,4.0,4.0,4.0,4.0,4.0,4.0,4.0,4.0,4.0,4.0,4.0,4.0,4.0,4.0,4.0,4.0,4.0,4.0,4.0,4.0,4.0,4.0,4.0,4.0,4.0,4.0,4.0,4.0,4.0,4.0,4.0,4.0,4.0,4.0,4.0,4.0,4.0,4.0,4.0,4.0,4.0,4.0,4.0,4.0,4.0,4.0,4.0,4.0,4.0,4.0,4.0,4.0,4.0,4.0,4.0,4.0,4.0,4.0,4.0,4.0,4.0,4.0,4.0,4.0,4.0,4.0,4.0,4.0,4.0,4.0,4.0,4.0,4.0,4.0,4.0,4.0,4.0,4.0,4.0,4.0,4.0,4.0,4.0,4.0,4.0,4.0,4.0,4.0,4.0,4.0,4.0,4.0,4.0,4.0,4.0,4.0,4.0,4.0,4.0,4.0,4.0,4.0,4.0,4.0,4.0,6.6,4.0,6.7,4.0,6.7,4.0,5.6,4.0
2331,6.0,4.0,4.0,5.9,6.2,6.8,6.2,6.1,6.3,4.0,6.8,7.7,7.8,4.0,4.0,6.7,6.7,4.0,4.0,7.8,7.4,7.0,6.3,6.0,4.0,4.0,4.0,4.0,6.5,6.2,4.0,6.3,6.3,4.0,5.1,6.9,6.4,7.9,7.0,4.0,4.0,4.0,7.3,5.3,4.0,4.0,4.0,4.0,7.1,6.0,6.8,8.3,7.7,6.1,6.4,4.0,6.8,5.5,4.0,8.1,4.0,7.0,4.0,4.0,4.0,4.0,6.2,4.0,4.0,4.0,7.4,4.0,4.0,4.0,6.3,4.0,4.0,5.7,6.2,4.0,4.0,6.5,4.0,6.5,6.8,4.0,6.0,6.6,4.0,5.8,5.5,4.0,4.0,6.1,7.7,5.7,5.7,5.4,4.0,6.7,5.7,4.0,4.0,4.0,5.7,6.2,6.6,7.1,5.3,6.2,4.0,4.0,6.3,6.5,6.9,4.0,6.3,5.9,4.0,4.0,4.0,5.6,4.0,4.0,4.0,4.0,4.0,4.0,7.8,6.6,5.3,7.2,4.0,4.0,4.0,4.0,5.2,4.0,4.0,5.3,4.0,4.0,5.9,4.0,4.0,4.0,7.0,4.0,7.5,7.1,5.9,6.6,4.0,6.2,7.4,4.0,4.0,4.0,4.0,4.0,4.0,4.0,4.0,4.0,4.0,4.0,4.0,4.0,6.3,4.0,4.0,4.0
2332,4.0,5.4,4.0,5.9,7.2,4.0,6.5,4.0,6.6,4.0,6.2,7.2,7.3,4.0,4.0,6.6,6.8,4.0,4.0,6.8,6.8,6.5,5.8,5.6,4.0,4.0,4.0,4.0,6.0,6.6,4.0,6.8,6.6,4.0,4.0,6.7,6.1,7.4,6.5,4.0,4.0,4.0,6.6,5.2,4.0,4.0,4.0,4.0,6.9,5.8,6.3,7.8,7.6,5.9,4.0,4.0,7.7,4.0,4.0,7.8,4.0,6.6,4.0,4.0,4.0,4.0,5.8,4.0,4.0,4.0,6.9,4.0,4.0,4.0,6.3,4.0,4.0,5.5,6.7,4.0,4.0,6.2,4.0,6.6,4.0,4.0,6.0,4.0,4.0,5.7,5.3,4.0,4.0,7.3,6.7,5.8,6.2,5.5,6.2,6.2,6.2,4.0,5.4,5.3,5.2,6.1,6.1,6.5,4.0,6.0,4.0,4.0,6.5,4.0,6.5,4.0,6.1,6.9,5.9,5.6,4.0,5.7,4.0,4.0,4.0,4.0,6.5,4.0,6.2,6.9,5.1,7.5,4.0,4.0,4.0,4.0,5.2,4.0,4.0,5.4,4.0,4.0,5.7,4.0,4.0,4.0,6.9,5.4,6.5,7.1,4.0,6.2,4.0,6.1,6.8,4.0,4.0,4.0,4.0,4.0,4.0,4.0,4.0,4.0,4.0,4.0,4.0,4.0,7.5,4.0,4.0,4.0
2333,6.0,4.0,4.0,5.9,6.2,6.8,6.2,6.1,6.3,4.0,6.8,7.7,7.8,4.0,4.0,6.7,6.7,4.0,4.0,7.8,7.4,7.0,6.3,6.0,4.0,4.0,4.0,4.0,6.5,6.2,4.0,6.3,6.3,4.0,5.1,6.9,6.4,7.9,7.0,4.0,4.0,4.0,7.3,5.3,4.0,4.0,4.0,4.0,7.1,6.0,6.8,8.3,7.7,4.0,4.0,4.0,6.8,5.5,4.0,8.1,4.0,7.0,4.0,4.0,4.0,4.0,6.2,4.0,4.0,4.0,7.4,4.0,4.0,4.0,4.0,4.0,4.0,5.7,6.2,4.0,4.0,6.5,4.0,6.5,6.8,4.0,6.0,6.6,4.0,5.8,5.5,4.0,4.0,6.1,7.7,5.7,5.7,5.4,4.0,6.7,5.7,4.0,4.0,4.0,5.7,6.2,6.6,7.1,5.3,6.2,4.0,4.0,6.3,6.5,6.9,4.0,6.3,5.9,4.0,4.0,4.0,5.6,4.0,4.0,4.0,4.0,4.0,4.0,7.8,6.6,5.3,7.2,4.0,4.0,4.0,4.0,5.2,4.0,4.0,5.3,4.0,4.0,5.9,4.0,4.0,4.0,7.0,4.0,7.5,7.1,5.9,6.6,4.0,6.2,4.0,4.0,4.0,4.0,4.0,4.0,4.0,4.0,4.0,4.0,4.0,4.0,4.0,4.0,6.3,4.0,4.0,4.0
2353,5.5,4.0,6.5,5.7,6.3,9.1,4.0,6.5,6.0,6.2,8.0,8.1,7.3,6.7,6.4,7.6,7.3,7.6,7.8,9.2,7.7,8.8,6.9,5.9,8.3,7.6,7.3,7.1,8.2,8.3,4.0,6.9,5.5,8.7,5.7,6.9,7.3,6.9,7.7,7.2,8.0,4.0,7.2,6.6,5.7,7.6,6.2,6.3,8.0,7.2,8.3,7.3,7.8,6.1,8.4,6.2,7.9,7.0,4.0,4.0,4.0,4.0,4.0,4.0,4.0,4.0,4.0,4.0,4.0,4.0,4.0,4.0,4.0,4.0,4.0,4.0,4.0,4.0,4.0,4.0,4.0,4.0,4.0,4.0,4.0,4.0,4.0,4.0,4.0,4.0,4.0,4.0,4.0,4.0,4.0,4.0,4.0,4.0,4.0,4.0,4.0,4.0,4.0,4.0,4.0,4.0,4.0,4.0,4.0,4.0,4.0,4.0,4.0,4.0,4.0,4.0,4.0,4.0,4.0,4.0,4.0,4.0,4.0,4.0,4.0,4.0,4.0,4.0,4.0,4.0,4.0,4.0,4.0,4.0,4.0,4.0,4.0,4.0,4.0,4.0,4.0,4.0,4.0,4.0,4.0,4.0,4.0,4.0,4.0,4.0,4.0,4.0,4.0,4.0,4.0,4.0,4.0,4.0,4.0,4.0,4.0,4.0,4.0,4.0,7.2,6.7,7.2,6.5,7.6,7.3,8.0,6.8
2354,5.8,4.0,7.2,5.9,7.3,9.1,4.0,6.8,6.2,6.4,8.4,8.6,7.6,6.8,6.6,7.5,7.3,8.4,7.5,9.3,8.0,8.7,7.7,5.9,8.1,7.7,7.4,7.4,8.7,8.5,4.0,6.8,5.5,8.8,5.7,6.9,7.2,6.7,7.5,7.7,8.3,4.0,7.9,6.9,6.9,7.4,6.5,6.5,8.4,7.8,8.1,7.2,7.0,6.9,8.3,6.7,8.8,7.3,4.0,4.0,4.0,4.0,4.0,4.0,4.0,4.0,4.0,4.0,4.0,4.0,4.0,4.0,4.0,4.0,4.0,4.0,4.0,4.0,4.0,4.0,4.0,4.0,4.0,4.0,4.0,4.0,4.0,4.0,4.0,4.0,4.0,4.0,4.0,4.0,4.0,4.0,4.0,4.0,4.0,4.0,4.0,4.0,4.0,4.0,4.0,4.0,4.0,4.0,4.0,4.0,4.0,4.0,4.0,4.0,4.0,4.0,4.0,4.0,4.0,4.0,4.0,4.0,4.0,4.0,4.0,4.0,4.0,4.0,4.0,4.0,4.0,4.0,4.0,4.0,4.0,4.0,4.0,4.0,4.0,4.0,4.0,4.0,4.0,4.0,4.0,4.0,4.0,4.0,4.0,4.0,4.0,4.0,4.0,4.0,4.0,4.0,4.0,4.0,4.0,4.0,4.0,4.0,4.0,4.0,7.8,6.6,7.1,6.7,7.6,7.8,7.9,7.7
2355,4.0,4.0,5.9,6.0,6.0,8.8,4.0,6.4,5.8,5.8,7.9,8.1,7.1,6.5,6.8,7.1,7.0,6.7,7.7,9.3,8.4,8.6,6.6,6.3,8.4,8.0,7.3,6.9,8.3,8.3,4.0,6.5,4.0,8.2,5.7,7.0,7.3,6.9,7.9,7.4,7.9,4.0,7.6,6.8,6.2,7.4,6.5,6.2,8.2,7.8,8.4,7.4,8.0,6.3,8.6,6.1,6.8,7.1,4.0,4.0,4.0,4.0,4.0,4.0,4.0,4.0,4.0,4.0,4.0,4.0,4.0,4.0,4.0,4.0,4.0,4.0,4.0,4.0,4.0,4.0,4.0,4.0,4.0,4.0,4.0,4.0,4.0,4.0,4.0,4.0,4.0,4.0,4.0,4.0,4.0,4.0,4.0,4.0,4.0,4.0,4.0,4.0,4.0,4.0,4.0,4.0,4.0,4.0,4.0,4.0,4.0,4.0,4.0,4.0,4.0,4.0,4.0,4.0,4.0,4.0,4.0,4.0,4.0,4.0,4.0,4.0,4.0,4.0,4.0,4.0,4.0,4.0,4.0,4.0,4.0,4.0,4.0,4.0,4.0,4.0,4.0,4.0,4.0,4.0,4.0,4.0,4.0,4.0,4.0,4.0,4.0,4.0,4.0,4.0,4.0,4.0,4.0,4.0,4.0,4.0,4.0,4.0,4.0,4.0,7.2,6.7,6.8,6.6,7.3,7.1,7.8,6.9
2376,4.0,4.0,4.0,6.5,6.4,7.3,4.0,4.0,6.0,4.0,6.5,6.7,6.6,4.0,4.0,6.3,6.1,4.0,4.0,4.0,7.5,6.3,4.0,4.0,4.0,4.0,4.0,4.0,7.0,6.6,4.0,5.9,6.0,4.0,4.0,4.0,5.3,6.0,5.8,4.0,4.0,4.0,4.0,4.0,7.3,4.0,4.0,4.0,6.3,7.0,6.5,7.6,4.0,6.0,4.0,4.0,6.9,4.0,4.0,4.0,5.2,4.0,4.0,5.3,4.0,4.0,4.0,4.0,4.0,5.9,6.3,4.0,5.9,4.0,7.4,4.0,4.0,7.4,5.8,4.0,4.0,6.3,4.0,4.0,6.1,4.0,7.5,6.3,6.1,6.2,6.7,5.4,4.0,7.6,4.0,5.7,6.0,5.2,4.0,5.7,6.0,6.1,7.6,6.0,5.4,5.9,4.0,6.9,6.3,5.7,6.9,4.0,5.8,4.0,6.2,4.0,4.0,6.5,4.0,5.9,5.9,6.0,4.0,4.0,4.0,5.8,7.0,5.8,6.3,6.6,6.1,4.0,5.3,4.0,5.9,4.0,4.0,5.1,4.0,5.5,5.9,6.0,4.0,4.0,4.0,4.0,4.0,4.0,4.0,6.7,5.9,4.0,5.5,4.0,5.9,4.0,4.0,4.0,4.0,4.0,4.0,4.0,4.0,4.0,4.0,4.0,4.0,4.0,6.5,4.0,4.0,4.0
2414,6.6,8.7,7.5,4.0,8.2,6.4,6.5,6.6,7.7,8.1,6.2,6.4,7.1,7.0,5.7,6.5,6.8,4.0,5.5,4.0,5.5,8.1,6.8,6.0,6.6,6.4,7.3,6.9,6.4,6.3,6.4,6.3,5.8,6.5,4.0,4.0,6.3,5.9,6.1,6.4,7.0,6.3,6.0,6.9,5.5,6.6,6.8,4.0,7.2,7.7,6.3,5.5,5.9,6.3,4.0,5.5,4.0,5.6,4.0,4.0,4.0,4.0,4.0,4.0,4.0,4.0,4.0,4.0,4.0,4.0,4.0,4.0,4.0,4.0,4.0,4.0,4.0,8.0,4.0,4.0,4.0,4.0,4.0,4.0,4.0,4.0,4.0,4.0,4.0,4.0,4.0,4.0,8.5,7.6,4.0,4.0,4.0,4.0,7.2,4.0,7.3,4.0,4.0,8.1,4.0,4.0,4.0,4.0,4.0,4.0,4.0,4.0,4.0,4.0,4.0,4.0,4.0,4.0,4.0,4.0,4.0,4.0,4.0,4.0,4.0,4.0,4.0,4.0,4.0,4.0,4.0,4.0,4.0,4.0,4.0,4.0,4.0,4.0,4.0,4.0,4.0,4.0,4.0,4.0,4.0,4.0,4.0,4.0,4.0,4.0,4.0,4.0,4.0,4.0,4.0,4.0,4.0,4.0,4.0,4.0,4.0,4.0,4.0,4.0,6.1,5.4,5.8,6.2,8.1,6.5,6.0,7.4
2415,4.0,4.0,4.0,6.1,7.8,4.0,4.0,7.7,7.3,4.0,6.7,6.8,7.4,7.1,4.0,7.0,7.2,4.0,4.0,4.0,4.0,7.3,5.7,6.7,4.0,4.0,4.0,4.0,7.8,7.9,4.0,4.0,4.0,4.0,5.8,4.0,4.0,7.1,5.8,4.0,4.0,7.6,6.8,4.0,7.0,4.0,6.6,4.0,7.6,5.6,6.6,6.8,5.8,4.0,4.0,4.0,8.1,4.0,5.5,6.4,6.2,7.3,7.4,4.0,4.0,4.0,4.0,6.8,6.3,6.5,5.9,4.0,7.6,4.0,4.0,4.0,4.0,5.9,6.5,4.0,4.0,4.0,4.0,7.3,4.0,4.0,6.5,6.7,6.4,7.0,6.9,4.0,4.0,5.5,9.2,7.9,4.0,8.3,8.3,6.6,4.0,4.0,7.0,7.1,6.7,4.0,7.1,4.0,5.1,5.5,6.8,6.4,5.6,4.0,6.9,6.3,6.3,5.3,8.2,7.4,7.8,6.1,6.0,4.0,4.0,7.8,6.6,4.0,7.7,8.4,6.8,4.0,4.0,4.0,4.0,4.0,4.0,4.0,4.0,7.7,7.0,4.0,4.0,4.0,6.0,4.0,6.9,4.0,7.1,7.4,6.8,5.2,4.0,7.2,7.5,4.0,5.4,4.0,4.0,4.0,4.0,4.0,4.0,4.0,4.0,4.0,4.0,4.0,4.0,7.1,4.0,4.0
2416,4.0,4.0,4.0,4.0,4.0,7.1,4.0,4.0,4.0,4.0,7.4,9.0,8.2,8.1,4.0,5.8,6.2,4.0,4.0,4.0,6.2,8.0,7.3,6.8,4.0,4.0,4.0,4.0,7.3,8.3,4.0,4.0,4.0,4.0,4.0,4.0,4.0,6.3,4.0,4.0,4.0,4.0,5.8,4.0,5.8,4.0,4.0,4.0,8.0,4.0,4.0,6.6,5.9,5.8,4.0,6.7,5.5,4.0,4.0,4.0,4.0,5.8,4.0,4.0,4.0,4.0,4.0,4.0,7.2,6.6,7.1,4.0,4.0,4.0,4.0,4.0,4.0,4.0,4.0,4.0,4.0,5.8,4.0,4.0,6.0,4.0,6.0,7.2,4.0,5.5,5.4,5.5,4.0,5.3,6.2,4.0,4.0,4.0,4.0,6.0,4.0,4.0,7.8,4.0,4.0,4.0,4.0,5.1,4.0,4.0,5.6,4.0,5.6,7.3,4.0,4.0,4.0,5.2,4.0,4.0,4.0,5.6,4.0,4.0,4.0,8.5,7.4,4.0,6.8,6.5,5.4,5.6,4.0,4.0,6.8,6.2,4.0,4.0,4.0,4.0,6.6,4.0,6.0,4.0,4.0,6.3,6.3,4.0,6.3,7.4,7.7,5.5,4.0,6.4,7.3,4.0,4.0,4.0,4.0,4.0,4.0,4.0,4.0,4.0,4.0,6.4,4.0,4.0,5.4,7.5,4.0,4.0
2437,4.0,4.0,4.0,6.7,4.0,4.0,4.0,8.0,4.0,4.0,4.0,8.0,5.8,4.0,4.0,7.1,6.8,4.0,4.0,4.0,4.0,7.2,4.0,6.8,4.0,4.0,4.0,4.0,5.6,6.0,4.0,6.2,4.0,4.0,6.2,4.0,4.0,4.0,4.0,4.0,4.0,6.2,6.4,4.0,6.6,4.0,6.5,4.0,4.0,6.1,4.0,7.8,7.0,5.4,4.0,4.0,7.0,4.0,4.0,4.0,7.8,7.5,5.5,4.0,4.0,4.0,4.0,8.4,4.0,4.0,4.0,4.0,4.0,4.0,4.0,4.0,4.0,4.0,6.9,4.0,4.0,5.7,4.0,6.7,4.0,4.0,4.0,4.0,5.5,4.0,5.2,5.5,4.0,6.0,7.5,7.3,7.0,6.4,6.1,5.1,4.0,4.0,4.0,7.5,7.0,6.8,5.9,4.0,4.0,4.0,6.8,6.7,4.0,4.0,8.2,5.9,6.4,6.1,6.0,6.7,6.1,6.6,4.0,4.0,4.0,5.7,5.2,4.0,4.0,5.8,4.0,4.0,5.1,5.4,4.0,4.0,5.5,4.0,4.0,4.0,4.0,4.0,4.0,4.0,4.0,4.0,6.0,4.0,4.0,7.8,4.0,4.0,4.0,4.0,6.8,6.3,4.0,4.0,4.0,4.0,4.0,4.0,4.0,4.0,4.0,4.0,4.0,4.0,5.9,4.0,4.0,4.0
2439,4.0,4.0,4.0,6.8,6.0,4.0,4.0,8.0,4.0,4.0,5.8,7.9,6.2,6.2,4.0,7.0,6.8,4.0,4.0,4.0,4.0,7.1,4.0,6.3,4.0,4.0,4.0,4.0,4.0,6.3,4.0,6.2,6.2,4.0,6.1,4.0,4.0,4.0,4.0,4.0,4.0,6.3,6.3,4.0,6.7,4.0,6.3,4.0,6.2,6.3,5.9,7.8,7.4,5.6,4.0,4.0,7.5,4.0,4.0,4.0,7.9,7.9,6.1,4.0,4.0,4.0,4.0,4.0,4.0,4.0,4.0,4.0,4.0,4.0,4.0,4.0,4.0,6.5,6.4,4.0,4.0,6.0,4.0,6.8,4.0,4.0,4.0,4.0,4.0,4.0,4.0,5.3,6.1,6.1,7.5,7.4,7.2,6.8,6.2,5.4,4.0,5.2,4.0,7.4,7.1,7.0,5.4,6.3,4.0,4.0,6.6,5.9,7.0,4.0,8.0,4.0,6.5,6.2,6.2,6.8,6.1,6.6,5.2,4.0,4.0,6.1,5.3,4.0,4.0,6.4,4.0,4.0,5.2,4.0,4.0,4.0,5.6,4.0,4.0,4.0,5.3,4.0,4.0,4.0,4.0,4.0,6.5,4.0,4.0,7.9,4.0,4.0,4.0,4.0,6.8,6.5,4.0,4.0,4.0,4.0,4.0,4.0,4.0,4.0,4.0,4.0,4.0,4.0,6.2,4.0,4.0,4.0
2444,4.0,4.0,4.0,6.6,5.9,4.0,5.3,8.0,4.0,4.0,5.6,7.9,6.2,4.0,4.0,7.1,6.6,4.0,4.0,4.0,4.0,7.0,4.0,4.0,4.0,4.0,4.0,4.0,4.0,6.2,4.0,4.0,4.0,4.0,5.7,4.0,4.0,5.9,4.0,4.0,4.0,5.8,6.2,4.0,6.5,4.0,4.0,4.0,6.5,6.4,4.0,7.8,7.2,5.9,4.0,4.0,7.4,4.0,4.0,4.0,7.7,7.3,6.1,4.0,4.0,4.0,4.0,4.0,4.0,4.0,4.0,4.0,4.0,4.0,4.0,4.0,4.0,6.4,6.2,4.0,4.0,4.0,4.0,6.5,6.0,4.0,4.0,4.0,4.0,5.3,5.5,4.0,4.0,5.9,7.1,7.2,7.3,6.8,6.4,5.7,4.0,4.0,4.0,7.4,7.2,7.1,4.0,5.9,4.0,4.0,6.6,4.0,4.0,4.0,8.1,4.0,6.3,6.2,6.1,6.6,6.9,6.8,4.0,4.0,4.0,6.2,5.2,6.2,4.0,6.8,5.1,4.0,4.0,4.0,4.0,4.0,4.0,4.0,4.0,4.0,5.4,4.0,5.9,4.0,4.0,4.0,4.0,4.0,6.2,8.3,4.0,4.0,4.0,4.0,6.4,4.0,4.0,4.0,4.0,4.0,4.0,4.0,4.0,4.0,4.0,4.0,4.0,4.0,5.8,4.0,4.0,4.0
2483,4.0,4.0,4.0,4.0,5.1,5.9,4.0,4.0,4.0,4.0,4.0,4.0,7.0,6.5,4.0,5.7,6.2,4.0,4.0,6.1,4.0,4.0,4.0,5.5,4.0,4.0,4.0,4.0,6.1,6.0,4.0,4.0,4.0,4.0,4.0,4.0,4.0,7.0,4.0,4.0,4.0,4.0,6.3,4.0,4.0,4.0,4.0,4.0,4.0,4.0,4.0,7.2,6.0,6.0,4.0,4.0,6.0,6.5,4.0,4.0,4.0,6.4,4.0,4.0,4.0,4.0,4.0,4.0,8.2,7.2,4.0,4.0,4.0,6.2,6.0,4.0,4.0,4.0,4.0,4.0,4.0,5.3,4.0,4.0,8.1,4.0,4.0,4.0,4.0,5.6,5.5,4.0,4.0,5.8,4.0,4.0,4.0,4.0,4.0,6.4,5.4,4.0,4.0,5.7,5.4,4.0,4.0,5.4,4.0,4.0,4.0,4.0,4.0,6.3,4.0,4.0,4.0,6.5,4.0,4.0,5.5,5.4,4.0,4.0,4.0,7.0,5.9,4.0,4.0,6.0,5.5,4.0,6.2,4.0,4.0,6.2,4.0,4.0,4.0,5.5,5.5,4.0,4.0,4.0,4.0,6.2,6.5,4.0,4.0,4.0,6.0,4.0,4.0,4.0,6.5,4.0,4.0,4.0,4.0,4.0,4.0,4.0,4.0,4.0,6.6,4.0,4.0,4.0,5.5,4.0,4.0,4.0
2496,4.0,4.0,4.0,4.0,4.0,4.0,4.0,4.0,6.9,4.0,4.0,4.0,4.0,4.0,4.0,7.1,7.1,4.0,4.0,4.0,4.0,4.0,4.0,4.0,4.0,4.0,4.0,4.0,6.0,6.6,4.0,4.0,4.0,4.0,4.0,4.0,4.0,4.0,4.0,4.0,4.0,5.6,4.0,7.1,6.1,4.0,7.1,4.0,4.0,7.2,5.9,6.6,6.2,5.4,4.0,4.0,8.4,4.0,4.0,4.0,5.5,6.5,5.6,4.0,4.0,4.0,4.0,5.8,4.0,4.0,4.0,4.0,4.0,4.0,4.0,4.0,4.0,8.3,5.9,4.0,4.0,5.6,4.0,5.8,4.0,4.0,5.5,4.0,4.0,5.6,5.4,6.0,8.5,6.7,4.0,4.0,5.5,6.2,4.0,5.8,4.0,4.0,5.8,7.6,5.8,5.7,4.0,6.7,6.2,5.5,5.7,4.0,6.4,4.0,6.1,4.0,4.0,5.3,5.7,4.0,5.7,5.9,4.0,4.0,4.0,4.0,4.0,4.0,4.0,4.0,4.0,4.0,4.0,5.8,4.0,4.0,4.0,5.4,4.0,4.0,6.4,4.0,4.0,5.9,4.0,4.0,6.5,4.0,4.0,4.0,4.0,6.1,5.7,4.0,4.0,4.0,4.0,4.0,4.0,4.0,4.0,4.0,4.0,4.0,4.0,4.0,4.0,4.0,5.6,4.0,4.0,4.0
2515,5.8,5.9,4.0,6.6,6.3,6.9,5.6,6.5,6.1,6.6,4.0,4.0,6.3,6.2,5.6,4.0,4.0,6.3,6.7,4.0,5.7,4.0,5.7,5.9,7.3,6.7,6.4,6.1,6.6,6.7,4.0,6.5,4.0,6.0,4.0,4.0,5.9,6.1,5.7,5.9,5.9,4.0,4.0,4.0,4.0,4.0,4.0,6.1,6.4,5.7,5.9,4.0,5.9,4.0,6.0,5.8,7.2,4.0,4.0,4.0,4.0,6.3,4.0,4.0,4.0,4.0,4.0,4.0,4.0,4.0,5.8,7.3,4.0,4.0,4.0,4.0,4.0,4.0,4.0,4.0,4.0,4.0,4.0,4.0,6.4,4.0,5.7,6.8,4.0,4.0,4.0,4.0,4.0,4.0,4.0,4.0,4.0,4.0,5.8,4.0,6.3,4.0,5.9,4.0,4.0,4.0,4.0,5.9,4.0,5.8,4.0,4.0,4.0,7.0,6.1,4.0,4.0,4.0,4.0,4.0,4.0,4.0,4.0,4.0,4.0,5.9,5.8,4.0,7.2,6.2,4.0,4.0,4.0,4.0,4.0,4.0,4.0,4.0,4.0,4.0,4.0,4.0,4.0,4.0,4.0,4.0,6.2,4.0,4.0,6.4,6.6,4.0,4.0,4.0,6.2,4.0,4.0,5.7,4.0,4.0,4.0,4.0,4.0,4.0,6.1,6.6,6.6,4.0,5.5,5.9,6.8,5.4
2528,4.0,4.0,4.0,5.2,4.0,7.4,4.0,7.4,5.8,4.0,8.7,8.7,8.2,8.0,4.0,6.2,6.6,6.8,4.0,7.5,7.3,7.8,8.1,6.2,4.0,4.0,4.0,4.0,4.0,4.0,4.0,6.0,5.4,4.0,6.7,7.5,7.5,4.0,5.9,4.0,4.0,6.7,4.0,6.3,4.0,4.0,4.0,4.0,4.0,7.6,6.1,8.3,8.1,4.0,4.0,4.0,4.0,6.7,4.0,6.5,4.0,7.9,4.0,4.0,4.0,4.0,8.0,6.6,6.9,6.4,7.4,7.6,4.0,4.0,5.7,4.0,4.0,7.6,5.7,4.0,4.0,8.1,4.0,4.0,4.0,4.0,7.3,8.4,7.7,4.0,4.0,6.5,4.0,5.5,6.2,4.0,4.0,4.0,4.0,4.0,6.1,4.0,4.0,4.0,4.0,7.6,4.0,4.0,6.4,5.6,5.8,4.0,8.5,7.6,4.0,4.0,4.0,5.7,4.0,4.0,4.0,4.0,4.0,6.6,4.0,4.0,4.0,4.0,4.0,4.0,4.0,7.2,4.0,4.0,7.0,4.0,5.4,6.1,4.0,4.0,4.0,4.0,4.0,4.0,4.0,4.0,4.0,4.0,4.0,8.1,8.1,7.9,5.1,4.0,4.0,5.7,4.0,4.0,4.0,4.0,4.0,4.0,4.0,4.0,4.0,4.0,4.0,4.0,5.5,6.8,4.0,4.0
2529,4.0,4.0,4.0,4.0,4.0,8.1,4.0,6.6,6.0,4.0,7.5,9.0,8.5,7.5,4.0,5.7,5.3,6.6,4.0,7.9,7.2,8.0,8.0,5.9,4.0,4.0,4.0,4.0,4.0,4.0,4.0,6.4,5.7,4.0,7.1,8.0,7.6,4.0,6.3,4.0,4.0,6.7,4.0,4.0,4.0,4.0,4.0,4.0,4.0,7.7,5.4,8.3,8.0,4.0,4.0,4.0,4.0,6.5,4.0,6.9,4.0,7.6,4.0,4.0,4.0,4.0,8.3,5.5,7.0,5.9,6.4,8.8,4.0,4.0,4.0,4.0,4.0,7.4,4.0,4.0,4.0,7.7,4.0,4.0,4.0,4.0,7.0,8.3,6.4,4.0,4.0,6.1,4.0,5.2,5.8,4.0,4.0,4.0,4.0,4.0,6.5,4.0,4.0,4.0,4.0,6.5,4.0,4.0,5.7,4.0,4.0,4.0,8.6,7.0,4.0,4.0,4.0,6.3,4.0,4.0,4.0,4.0,4.0,6.4,4.0,4.0,4.0,4.0,4.0,4.0,4.0,7.5,4.0,4.0,6.4,5.8,5.9,6.4,4.0,4.0,4.0,4.0,4.0,4.0,4.0,4.0,4.0,4.0,4.0,4.0,8.0,8.0,4.0,4.0,4.0,6.0,4.0,4.0,4.0,4.0,4.0,4.0,4.0,4.0,4.0,4.0,4.0,4.0,6.2,6.6,4.0,4.0
2531,4.0,4.0,4.0,4.0,4.0,7.1,4.0,7.2,5.4,4.0,7.7,8.3,7.4,6.5,4.0,5.2,4.0,6.7,4.0,6.2,6.2,7.3,7.1,5.6,4.0,4.0,4.0,4.0,4.0,4.0,4.0,4.0,6.1,4.0,5.8,6.4,6.2,4.0,5.8,4.0,4.0,6.5,5.3,5.9,4.0,4.0,4.0,4.0,4.0,7.0,5.5,7.8,7.6,4.0,4.0,4.0,4.0,5.6,4.0,4.0,4.0,7.0,4.0,4.0,5.3,6.0,7.9,4.0,4.0,4.0,6.0,6.9,4.0,4.0,4.0,4.0,4.0,7.3,5.0,4.0,4.0,7.0,4.0,4.0,4.0,4.0,7.0,7.4,7.8,4.0,4.0,5.4,4.0,4.0,5.8,4.0,4.0,4.0,4.0,4.0,6.2,4.0,4.0,4.0,4.0,6.2,4.0,4.0,6.3,5.8,5.3,4.0,7.5,6.2,4.0,4.0,4.0,4.0,4.0,4.0,4.0,4.0,4.0,5.7,4.0,4.0,4.0,4.0,4.0,4.0,4.0,6.3,4.0,4.0,5.8,4.0,5.9,6.5,4.0,4.0,4.0,4.0,4.0,4.0,4.0,4.0,4.0,4.0,4.0,7.6,7.4,7.1,4.0,4.0,4.0,4.0,4.0,4.0,4.0,4.0,4.0,4.0,4.0,4.0,4.0,4.0,4.0,4.0,5.2,4.0,4.0,4.0
2532,4.0,4.0,4.0,4.0,4.0,7.2,4.0,7.9,5.7,4.0,8.7,8.0,7.8,7.4,4.0,6.1,5.9,7.4,4.0,6.6,6.9,7.5,7.4,5.7,4.0,4.0,4.0,4.0,4.0,4.0,4.0,4.0,6.7,4.0,6.4,7.0,6.9,4.0,5.8,4.0,4.0,6.3,5.6,6.2,4.0,4.0,4.0,4.0,4.0,7.5,5.7,8.0,8.2,4.0,4.0,4.0,4.0,6.3,4.0,6.4,4.0,7.7,4.0,4.0,5.3,6.3,8.4,4.0,4.0,4.0,7.2,6.6,6.3,4.0,5.8,4.0,4.0,7.5,5.3,4.0,4.0,7.5,4.0,4.0,4.0,4.0,7.2,7.5,8.6,4.0,4.0,6.2,4.0,5.8,5.9,4.0,4.0,4.0,4.0,4.0,5.2,4.0,4.0,4.0,4.0,7.1,4.0,4.0,6.1,5.6,5.8,4.0,7.6,7.3,4.0,4.0,4.0,5.2,4.0,4.0,4.0,4.0,5.1,5.8,4.0,4.0,4.0,4.0,4.0,4.0,4.0,6.7,4.0,4.0,6.9,4.0,5.5,6.5,4.0,4.0,4.0,4.0,4.0,4.0,4.0,4.0,4.0,4.0,4.0,7.8,8.2,8.0,5.3,4.0,4.0,5.5,4.0,4.0,4.0,4.0,4.0,4.0,4.0,4.0,4.0,4.0,4.0,4.0,5.3,4.0,4.0,4.0
2533,4.0,4.0,4.0,4.0,5.8,6.4,6.0,6.5,4.0,4.0,7.3,7.5,7.4,7.2,4.0,4.0,4.0,6.7,4.0,6.0,6.3,6.4,7.7,6.2,4.0,4.0,4.0,4.0,5.9,5.8,4.0,4.0,4.0,4.0,6.4,6.5,6.7,8.0,6.1,4.0,4.0,5.9,4.0,4.0,5.0,4.0,4.0,7.0,8.2,6.4,4.0,8.0,7.1,5.2,4.0,4.0,6.5,4.0,4.0,5.9,4.0,7.7,4.0,4.0,4.0,5.2,7.8,5.9,6.3,6.3,6.0,4.0,4.0,6.0,4.0,4.0,4.0,6.8,5.2,4.0,4.0,6.8,4.0,7.3,5.8,4.0,7.0,7.8,4.0,6.0,5.8,5.9,4.0,4.0,6.1,5.9,6.1,5.8,4.0,4.0,5.5,4.0,5.4,4.0,4.0,6.7,5.4,5.9,6.6,5.4,4.0,7.1,7.8,6.5,5.6,4.0,4.0,4.0,4.0,5.5,6.1,4.0,4.0,7.3,4.0,7.1,7.1,4.0,6.1,6.4,5.3,7.0,4.0,4.0,4.0,5.8,4.0,5.5,4.0,4.0,4.0,4.0,4.0,4.0,4.0,4.0,8.0,4.0,4.0,8.4,7.2,7.5,4.0,6.2,4.0,4.0,4.0,4.0,4.0,4.0,4.0,4.0,4.0,4.0,6.6,7.0,4.0,4.0,5.2,4.0,4.0,4.0
2534,4.0,4.0,4.0,4.0,4.0,6.6,4.0,7.4,4.0,4.0,7.5,7.5,7.3,8.1,4.0,4.0,5.3,8.4,4.0,4.0,4.0,6.4,7.2,5.6,4.0,4.0,4.0,4.0,4.0,4.0,4.0,4.0,5.7,4.0,6.6,6.5,5.7,4.0,6.1,4.0,4.0,5.8,5.6,4.0,4.0,4.0,4.0,4.0,4.0,7.7,6.4,8.2,7.8,4.0,4.0,4.0,4.0,4.0,4.0,5.8,4.0,7.6,4.0,4.0,4.0,5.6,8.2,4.0,4.0,4.0,5.8,6.1,4.0,4.0,4.0,4.0,4.0,7.4,5.4,4.0,4.0,7.2,4.0,4.0,4.0,4.0,6.9,7.4,7.5,4.0,4.0,5.6,4.0,4.0,6.0,4.0,4.0,4.0,4.0,4.0,4.0,4.0,4.0,4.0,4.0,6.6,4.0,4.0,6.9,5.9,5.5,4.0,7.2,6.9,4.0,4.0,4.0,4.0,5.3,4.0,4.0,4.0,4.0,6.0,4.0,4.0,4.0,4.0,4.0,4.0,4.0,7.0,4.0,4.0,4.0,5.5,4.0,4.0,5.4,4.0,4.0,4.0,4.0,4.0,4.0,4.0,4.0,4.0,4.0,7.4,8.2,7.3,4.0,4.0,4.0,4.0,4.0,4.0,4.0,4.0,4.0,4.0,4.0,4.0,4.0,4.0,4.0,4.0,5.3,4.0,4.0,4.0
2544,4.0,4.0,4.0,4.0,5.9,4.0,4.0,7.0,6.0,4.0,5.8,6.8,6.3,4.0,4.0,4.0,5.8,4.0,4.0,4.0,4.0,6.3,4.0,5.5,4.0,4.0,4.0,4.0,5.8,6.2,4.0,6.4,6.8,4.0,4.0,4.0,4.0,4.0,4.0,4.0,4.0,5.7,4.0,4.0,7.0,4.0,4.0,4.0,6.7,5.2,5.2,7.8,4.0,4.0,4.0,4.0,6.7,4.0,4.0,4.0,4.0,7.0,6.2,4.0,4.0,4.0,4.0,5.5,4.0,4.0,4.0,4.0,4.0,4.0,4.0,4.0,4.0,5.3,6.1,4.0,4.0,6.3,4.0,6.5,4.0,4.0,5.7,6.0,4.0,5.4,5.3,4.0,4.0,5.4,7.5,5.8,6.2,5.5,5.8,5.4,4.0,6.8,5.3,6.5,4.0,7.2,4.0,6.0,4.0,4.0,7.0,4.0,5.7,4.0,7.9,4.0,4.0,5.9,4.0,5.8,6.9,6.5,5.3,4.0,4.0,4.0,6.1,4.0,6.0,6.1,5.2,5.2,4.0,4.0,4.0,4.0,4.0,4.0,4.0,4.0,4.0,4.0,4.0,4.0,4.0,4.0,6.1,4.0,4.0,6.6,4.0,6.3,4.0,4.0,4.0,4.0,4.0,4.0,4.0,4.0,4.0,4.0,4.0,4.0,4.0,4.0,4.0,4.0,4.0,4.0,4.0,4.0
2545,4.0,4.0,4.0,5.4,6.4,4.0,4.0,6.1,6.7,4.0,5.3,6.6,6.6,4.0,4.0,6.3,6.6,4.0,4.0,4.0,4.0,4.0,4.0,4.0,4.0,4.0,4.0,4.0,6.0,7.2,4.0,4.0,5.5,4.0,4.0,4.0,4.0,6.7,4.0,4.0,4.0,5.9,6.1,4.0,6.3,4.0,4.0,4.0,5.9,4.0,5.5,6.1,4.0,4.0,4.0,4.0,7.2,4.0,4.0,4.0,4.0,6.4,5.5,4.0,4.0,4.0,4.0,4.0,4.0,4.0,4.0,4.0,4.0,4.0,4.0,4.0,4.0,4.0,5.5,4.0,4.0,5.9,4.0,6.9,6.8,4.0,6.1,4.0,5.9,6.0,6.0,4.0,4.0,6.2,7.3,5.5,5.8,5.2,4.0,5.8,5.8,5.2,6.1,6.2,5.5,4.0,6.4,5.4,4.0,4.0,6.1,4.0,5.4,4.0,6.3,4.0,5.9,6.1,6.7,5.8,6.0,5.8,4.0,4.0,4.0,4.0,6.6,4.0,4.0,6.6,5.6,4.0,5.9,4.0,4.0,4.0,4.0,4.0,4.0,5.3,5.2,4.0,4.0,4.0,4.0,4.0,5.7,4.0,6.8,6.6,4.0,6.1,4.0,4.0,6.2,4.0,4.0,4.0,4.0,4.0,4.0,4.0,4.0,4.0,4.0,4.0,4.0,4.0,5.9,4.0,4.0,4.0
2546,4.0,4.0,4.0,6.4,7.2,4.0,4.0,7.1,7.7,4.0,6.0,6.9,6.3,4.0,4.0,7.0,7.1,4.0,4.0,4.0,4.0,6.6,4.0,5.6,4.0,4.0,4.0,4.0,7.3,7.6,4.0,6.0,6.0,4.0,5.5,4.0,4.0,6.1,4.0,4.0,4.0,6.9,6.6,4.0,7.2,4.0,6.1,4.0,6.7,5.9,6.6,6.6,6.3,4.0,4.0,4.0,7.5,4.0,4.0,4.0,5.5,7.5,7.0,4.0,4.0,4.0,4.0,5.8,4.0,4.0,5.8,4.0,6.8,4.0,4.0,4.0,4.0,5.3,6.5,4.0,4.0,6.2,4.0,7.0,5.8,4.0,6.7,4.0,4.0,6.3,6.1,5.1,4.0,6.2,8.0,6.5,6.8,6.7,6.9,6.1,4.0,6.0,7.1,6.4,5.5,6.2,6.3,5.9,4.0,4.0,7.2,4.0,4.0,4.0,7.0,4.0,6.2,6.0,7.8,7.0,6.6,5.9,5.8,4.0,4.0,5.7,6.9,4.0,6.9,7.4,5.5,5.9,4.0,6.1,4.0,4.0,4.0,4.0,4.0,5.4,5.4,5.8,4.0,4.0,4.0,4.0,5.9,4.0,6.3,7.0,4.0,6.8,4.0,5.9,4.0,4.0,4.0,4.0,4.0,4.0,4.0,4.0,4.0,4.0,4.0,4.0,4.0,4.0,5.8,4.0,4.0,4.0
2566,4.0,4.0,4.0,4.0,4.0,7.0,4.0,4.0,7.8,4.0,6.2,6.1,4.0,6.3,4.0,4.0,4.0,6.5,4.0,7.0,4.0,6.1,7.3,4.0,4.0,8.0,4.0,4.0,7.9,7.8,4.0,4.0,4.0,4.0,4.0,4.0,8.6,4.0,7.8,4.0,4.0,4.0,7.2,7.1,6.8,4.0,4.0,6.9,8.0,7.2,7.2,6.6,4.0,8.2,4.0,7.6,4.0,6.7,4.0,4.0,4.0,6.8,4.0,4.0,4.0,4.0,4.0,4.0,4.0,4.0,6.0,7.7,4.0,4.0,4.0,4.0,4.0,4.0,4.0,4.0,4.0,4.0,4.0,4.0,7.5,4.0,6.7,6.8,4.0,4.0,4.0,4.0,7.3,4.0,4.0,4.0,4.0,4.0,4.0,4.0,8.3,4.0,7.4,4.0,4.0,4.0,4.0,7.1,4.0,7.6,4.0,4.0,4.0,7.5,4.0,4.0,4.0,4.0,6.5,4.0,7.4,4.0,4.0,4.0,4.0,6.9,7.9,4.0,8.9,7.8,4.0,4.0,4.0,4.0,5.7,4.0,4.0,4.0,4.0,4.0,4.0,4.0,4.0,4.0,4.0,4.0,8.4,4.0,4.0,7.0,6.5,4.0,4.0,4.0,8.6,4.0,4.0,6.8,4.0,4.0,4.0,4.0,4.0,4.0,7.9,6.2,4.0,4.0,4.0,7.7,4.0,4.0
2580,6.4,5.6,6.7,6.6,7.0,6.8,5.8,6.5,6.5,7.1,6.7,6.8,5.6,6.9,5.7,7.7,7.3,7.1,6.6,7.4,6.4,7.5,6.9,6.4,7.5,6.8,6.3,5.8,5.7,5.8,4.0,6.7,5.9,6.9,6.0,4.0,6.5,5.5,6.8,6.1,6.2,6.2,6.9,6.0,5.5,4.0,5.5,6.6,7.5,4.0,6.3,7.0,7.2,6.6,6.6,5.9,7.7,5.7,5.7,4.0,4.0,4.0,4.0,4.0,4.0,4.0,4.0,4.0,4.0,4.0,4.0,4.0,4.0,4.0,4.0,4.0,4.0,4.0,4.0,4.0,4.0,4.0,4.0,4.0,4.0,4.0,4.0,4.0,4.0,4.0,4.0,4.0,4.0,4.0,4.0,4.0,4.0,4.0,4.0,4.0,4.0,4.0,4.0,4.0,4.0,4.0,4.0,4.0,4.0,4.0,4.0,4.0,4.0,4.0,4.0,4.0,4.0,4.0,4.0,4.0,4.0,4.0,4.0,4.0,4.0,4.0,4.0,4.0,4.0,4.0,4.0,4.0,4.0,4.0,4.0,4.0,4.0,4.0,4.0,4.0,4.0,4.0,4.0,4.0,4.0,4.0,4.0,4.0,4.0,4.0,4.0,4.0,4.0,4.0,4.0,4.0,4.0,4.0,4.0,4.0,4.0,4.0,4.0,4.0,5.9,7.0,5.8,4.0,7.7,6.8,6.5,6.8
2581,7.3,4.0,6.2,5.8,6.9,6.4,4.0,7.5,5.9,5.8,7.2,6.5,6.3,7.5,6.4,7.2,7.1,7.3,6.7,7.9,6.6,7.9,7.1,5.8,7.7,7.1,6.6,6.2,5.9,5.9,4.0,6.1,4.0,6.9,6.7,5.7,7.2,6.5,7.5,6.2,6.5,4.0,7.3,6.0,4.0,4.0,5.9,6.6,8.3,5.5,7.2,7.2,7.7,6.1,7.1,5.9,7.3,5.7,4.0,4.0,4.0,4.0,4.0,4.0,4.0,4.0,4.0,4.0,4.0,4.0,4.0,4.0,4.0,4.0,4.0,4.0,4.0,4.0,4.0,4.0,4.0,4.0,4.0,4.0,4.0,4.0,4.0,4.0,4.0,4.0,4.0,4.0,4.0,4.0,4.0,4.0,4.0,4.0,4.0,4.0,4.0,4.0,4.0,4.0,4.0,4.0,4.0,4.0,4.0,4.0,4.0,4.0,4.0,4.0,4.0,4.0,4.0,4.0,4.0,4.0,4.0,4.0,4.0,4.0,4.0,4.0,4.0,4.0,4.0,4.0,4.0,4.0,4.0,4.0,4.0,4.0,4.0,4.0,4.0,4.0,4.0,4.0,4.0,4.0,4.0,4.0,4.0,4.0,4.0,4.0,4.0,4.0,4.0,4.0,4.0,4.0,4.0,4.0,4.0,4.0,4.0,4.0,4.0,4.0,4.0,6.2,6.0,4.0,8.4,6.4,6.5,5.7
2633,6.3,4.0,4.0,4.0,6.4,6.1,6.9,6.8,5.9,6.3,6.0,6.2,5.5,5.8,5.5,5.4,5.5,6.7,6.4,7.8,6.4,6.9,5.4,4.0,8.0,6.9,6.6,6.1,6.1,6.2,4.0,7.3,6.5,6.6,4.0,4.0,6.8,5.9,6.1,6.5,6.2,4.0,6.2,4.0,6.6,4.0,4.0,6.4,7.4,6.7,6.4,6.7,6.9,6.4,6.4,6.4,7.4,5.8,4.0,4.0,4.0,4.0,4.0,4.0,4.0,4.0,4.0,4.0,4.0,4.0,4.0,4.0,4.0,4.0,4.0,4.0,4.0,4.0,4.0,4.0,4.0,4.0,4.0,4.0,4.0,4.0,4.0,4.0,4.0,4.0,4.0,4.0,4.0,4.0,4.0,4.0,4.0,4.0,4.0,4.0,4.0,4.0,4.0,4.0,4.0,4.0,4.0,4.0,4.0,4.0,4.0,4.0,4.0,4.0,4.0,4.0,4.0,4.0,4.0,4.0,4.0,4.0,4.0,4.0,4.0,4.0,4.0,4.0,4.0,4.0,4.0,4.0,4.0,4.0,4.0,4.0,4.0,4.0,4.0,4.0,4.0,4.0,4.0,4.0,4.0,4.0,4.0,4.0,4.0,4.0,4.0,4.0,4.0,4.0,4.0,4.0,4.0,4.0,4.0,4.0,4.0,4.0,4.0,4.0,6.7,5.4,6.1,4.0,6.8,6.2,6.4,5.4
2634,6.6,6.1,4.0,4.0,6.8,5.9,6.2,6.5,6.7,7.0,5.4,5.9,4.0,5.3,4.0,5.7,5.6,6.5,5.9,7.8,6.1,6.6,5.5,5.6,7.2,6.9,6.8,6.2,5.8,6.3,4.0,7.1,6.3,5.9,5.8,4.0,6.3,4.0,6.6,6.3,6.1,4.0,5.9,6.4,6.0,4.0,6.0,6.6,6.9,6.9,6.2,6.2,6.4,6.1,6.0,6.5,7.6,5.9,4.0,4.0,4.0,4.0,4.0,4.0,4.0,4.0,4.0,4.0,4.0,4.0,4.0,4.0,4.0,4.0,4.0,4.0,4.0,4.0,4.0,4.0,4.0,4.0,4.0,4.0,4.0,4.0,4.0,4.0,4.0,4.0,4.0,4.0,4.0,4.0,4.0,4.0,4.0,4.0,4.0,4.0,4.0,4.0,4.0,4.0,4.0,4.0,4.0,4.0,4.0,4.0,4.0,4.0,4.0,4.0,4.0,4.0,4.0,4.0,4.0,4.0,4.0,4.0,4.0,4.0,4.0,4.0,4.0,4.0,4.0,4.0,4.0,4.0,4.0,4.0,4.0,4.0,4.0,4.0,4.0,4.0,4.0,4.0,4.0,4.0,4.0,4.0,4.0,4.0,4.0,4.0,4.0,4.0,4.0,4.0,4.0,4.0,4.0,4.0,4.0,4.0,4.0,4.0,4.0,4.0,6.5,4.0,6.0,4.0,6.7,5.9,6.1,5.5
2691,4.0,4.0,4.0,6.0,4.0,5.9,4.0,7.8,8.2,4.0,5.6,6.4,5.7,4.0,4.0,8.0,8.2,4.0,4.0,6.1,6.7,5.6,4.0,5.7,4.0,4.0,4.0,4.0,4.0,4.0,4.0,6.1,6.4,4.0,4.0,4.0,5.4,4.0,4.0,4.0,4.0,7.4,6.2,5.2,4.0,4.0,4.0,4.0,4.0,5.4,6.1,6.1,6.3,4.0,4.0,4.0,4.0,4.0,4.0,4.0,6.1,6.9,4.0,5.3,4.0,5.2,4.0,6.6,6.4,5.9,4.0,4.0,7.6,4.0,6.0,4.0,4.0,5.2,5.6,4.0,4.0,5.9,4.0,4.0,4.0,4.0,5.4,6.1,5.3,4.0,4.0,5.9,4.0,5.8,6.8,4.0,4.0,4.0,4.0,4.0,5.1,4.0,4.0,4.0,4.0,4.0,4.0,4.0,6.1,4.0,5.2,4.0,5.4,4.0,4.0,4.0,4.0,5.9,7.8,4.0,4.0,4.0,4.0,4.0,4.0,4.0,4.0,4.0,4.0,4.0,4.0,6.4,4.0,4.0,4.0,5.6,4.0,5.5,4.0,4.0,4.0,4.0,4.0,4.0,4.0,4.0,4.0,6.8,4.0,5.8,4.0,6.0,4.0,4.0,4.0,6.5,4.0,4.0,4.0,4.0,4.0,4.0,4.0,4.0,4.0,4.0,4.0,4.0,5.8,4.0,4.0,4.0
2694,4.0,4.0,4.0,6.4,7.9,5.7,6.5,8.0,8.6,4.0,5.7,6.4,4.0,4.0,4.0,4.0,4.0,4.0,4.0,4.0,6.3,5.6,4.0,5.6,4.0,4.0,4.0,4.0,7.7,6.3,4.0,6.2,6.4,4.0,4.0,4.0,5.4,4.0,4.0,4.0,4.0,7.6,6.8,4.0,5.1,4.0,4.0,4.0,4.0,5.9,6.0,6.2,6.3,5.7,4.0,4.0,4.0,4.0,4.0,4.0,6.4,6.9,4.0,5.2,4.0,5.2,4.0,6.7,6.1,4.0,4.0,4.0,7.7,4.0,4.0,4.0,4.0,5.4,5.7,4.0,4.0,6.0,4.0,6.8,4.0,4.0,5.6,6.2,4.0,4.0,4.0,6.1,8.4,6.4,6.7,4.0,7.8,4.0,7.8,6.0,5.2,4.0,5.2,6.8,7.1,4.0,5.9,5.9,6.1,4.0,5.2,4.0,6.1,4.0,4.0,5.9,6.6,6.2,8.0,7.3,4.0,5.7,4.0,4.0,4.0,4.0,6.6,6.4,4.0,7.0,4.0,6.5,4.0,4.0,4.0,5.6,5.3,5.5,4.0,5.7,6.7,5.9,4.0,4.0,4.0,4.0,6.0,6.3,4.0,5.8,4.0,6.2,4.0,4.0,4.0,6.0,4.0,4.0,4.0,4.0,4.0,4.0,4.0,4.0,4.0,4.0,4.0,4.0,6.3,4.0,4.0,4.0
2711,4.3,5.0,5.1,4.8,4.0,4.0,4.8,5.3,5.1,5.2,4.0,4.0,5.0,4.1,4.2,4.8,4.8,4.0,4.0,4.0,4.0,4.9,4.2,5.0,4.9,4.4,4.6,4.3,4.5,4.0,4.6,4.6,4.0,4.7,4.0,4.6,4.2,4.4,4.2,4.6,4.8,4.2,4.6,5.5,4.0,4.6,5.6,4.0,4.0,5.3,4.8,4.7,4.8,4.0,4.2,4.2,5.4,4.0,4.0,4.0,4.5,4.8,4.6,4.0,4.0,4.0,4.0,4.5,4.0,4.0,4.0,4.0,4.0,4.0,4.0,4.0,4.0,4.0,4.0,4.0,4.0,4.0,4.0,4.0,4.0,4.0,4.0,4.0,4.0,4.0,4.0,4.0,4.0,4.0,4.0,4.0,4.0,4.0,4.0,4.0,4.0,4.0,4.0,4.0,4.0,4.0,4.0,4.0,4.0,4.0,4.0,4.0,4.0,4.0,4.0,4.0,4.0,4.0,4.0,4.0,4.0,4.0,4.0,4.0,4.0,4.0,4.0,4.0,4.0,4.0,4.0,4.0,4.0,4.0,4.0,4.0,4.0,4.0,4.0,4.0,4.0,4.0,4.0,4.0,4.0,4.0,4.0,4.0,4.0,4.0,4.0,4.0,4.0,4.0,4.0,4.0,4.0,4.0,4.0,4.0,4.0,4.0,4.0,4.0,4.0,4.0,4.6,4.0,5.0,4.6,4.0,4.0
2790,4.0,4.0,4.0,4.0,4.0,6.8,4.0,4.0,7.7,4.0,6.0,6.1,4.0,6.2,4.0,4.0,4.0,6.2,4.0,6.9,4.0,6.0,7.2,4.0,4.0,8.0,4.0,4.0,7.6,7.7,4.0,4.0,4.0,4.0,4.0,4.0,7.9,4.0,7.6,4.0,4.0,4.0,7.1,7.0,7.0,4.0,4.0,6.9,7.8,7.4,7.4,6.0,4.0,7.7,4.0,7.4,4.0,6.6,4.0,4.0,4.0,6.6,4.0,4.0,4.0,4.0,4.0,4.0,4.0,4.0,4.0,7.7,4.0,4.0,4.0,4.0,4.0,4.0,4.0,4.0,4.0,4.0,4.0,4.0,7.6,4.0,6.3,6.9,4.0,4.0,4.0,4.0,6.8,4.0,4.0,4.0,4.0,4.0,4.0,4.0,4.0,4.0,7.3,4.0,4.0,4.0,4.0,7.0,4.0,8.3,4.0,4.0,4.0,7.1,4.0,4.0,4.0,4.0,6.7,4.0,7.4,4.0,4.0,4.0,4.0,7.5,7.9,4.0,8.9,8.3,4.0,4.0,4.0,4.0,5.9,4.0,4.0,4.0,4.0,4.0,4.0,4.0,4.0,4.0,4.0,4.0,8.4,4.0,4.0,6.8,6.1,4.0,4.0,4.0,9.0,4.0,4.0,6.9,4.0,4.0,4.0,4.0,4.0,4.0,7.6,6.1,4.0,4.0,4.0,7.5,4.0,4.0
2791,4.0,4.0,4.0,4.0,4.0,7.3,4.0,4.0,8.0,4.0,6.3,6.8,9.1,6.2,4.0,4.0,4.0,6.0,4.0,6.2,4.0,6.3,6.9,4.0,4.0,7.3,4.0,4.0,7.3,7.9,4.0,4.0,4.0,4.0,4.0,4.0,8.4,4.0,7.5,4.0,4.0,4.0,7.1,6.9,7.4,4.0,4.0,6.5,7.6,7.5,7.7,6.2,4.0,7.6,4.0,7.4,8.9,6.8,4.0,4.0,4.0,6.2,4.0,4.0,4.0,4.0,4.0,4.0,4.0,4.0,4.0,7.9,4.0,4.0,4.0,4.0,4.0,4.0,4.0,4.0,4.0,4.0,4.0,4.0,6.2,4.0,6.1,6.5,4.0,4.0,4.0,4.0,6.9,4.0,4.0,4.0,4.0,4.0,4.0,4.0,8.1,4.0,7.4,4.0,4.0,4.0,4.0,7.1,4.0,7.1,4.0,4.0,4.0,7.2,4.0,4.0,4.0,4.0,6.3,4.0,6.6,4.0,4.0,4.0,4.0,7.4,7.2,4.0,8.4,7.8,4.0,4.0,4.0,4.0,6.5,4.0,4.0,4.0,4.0,4.0,4.0,4.0,4.0,4.0,4.0,4.0,7.9,4.0,4.0,7.4,6.4,4.0,4.0,4.0,7.8,4.0,4.0,6.0,4.0,4.0,4.0,4.0,4.0,4.0,7.3,5.7,4.0,4.0,4.0,7.5,4.0,4.0
2794,4.8,5.3,5.1,5.4,4.7,4.9,5.8,4.9,5.6,5.5,4.5,5.0,5.0,4.6,5.0,5.0,5.2,4.0,4.9,4.0,4.0,4.6,4.4,5.6,5.4,5.5,4.6,4.5,5.0,5.6,4.5,5.0,4.5,4.8,5.2,4.8,4.5,4.7,4.4,5.2,4.8,4.9,5.0,5.1,5.1,5.0,4.8,4.8,5.0,4.4,5.1,5.5,5.6,4.4,4.3,5.2,6.1,4.0,4.0,4.8,5.1,5.2,6.1,4.0,4.0,4.0,4.0,4.0,4.0,4.0,4.0,4.0,4.0,4.0,4.0,4.0,4.0,4.0,4.0,4.0,4.0,4.0,4.0,4.0,4.0,4.0,4.0,4.0,4.0,4.0,4.0,4.0,4.0,4.0,4.0,4.0,4.0,4.0,4.0,4.0,4.0,4.0,4.0,4.0,4.0,4.0,4.0,4.0,4.0,4.0,4.0,4.0,4.0,4.0,4.0,4.0,4.0,4.0,4.0,4.0,4.0,4.0,4.0,4.0,4.0,4.0,4.0,4.0,4.0,4.0,4.0,4.0,4.0,4.0,4.0,4.0,4.0,4.0,4.0,4.0,4.0,4.0,4.0,4.0,4.0,4.0,4.0,4.0,4.0,4.0,4.0,4.0,4.0,4.0,4.0,4.0,4.0,4.0,4.0,4.0,4.0,4.0,4.0,4.0,4.0,4.9,4.8,4.7,5.3,4.8,4.8,5.4
2800,6.3,7.1,8.2,5.9,7.5,4.0,7.0,8.0,7.2,7.5,4.0,6.4,5.6,4.0,6.0,6.5,6.3,6.1,6.6,6.8,6.4,6.9,6.1,6.4,7.5,6.4,5.8,5.6,6.8,6.9,4.0,6.4,5.8,7.6,5.8,6.1,7.0,6.3,4.0,6.2,6.9,6.7,6.5,8.6,7.9,8.1,7.1,6.2,6.0,8.5,6.1,6.4,6.4,6.8,6.5,5.9,8.8,7.6,4.0,4.0,4.0,4.0,4.0,4.0,4.0,4.0,4.0,4.0,4.0,4.0,4.0,4.0,4.0,4.0,4.0,4.0,4.0,4.0,4.0,4.0,4.0,4.0,4.0,4.0,4.0,4.0,4.0,4.0,4.0,4.0,4.0,4.0,4.0,4.0,4.0,4.0,4.0,4.0,4.0,4.0,4.0,4.0,4.0,4.0,4.0,4.0,4.0,4.0,4.0,4.0,4.0,4.0,4.0,4.0,4.0,4.0,4.0,4.0,4.0,4.0,4.0,4.0,4.0,4.0,4.0,4.0,4.0,4.0,4.0,4.0,4.0,4.0,4.0,4.0,4.0,4.0,4.0,4.0,4.0,4.0,4.0,4.0,4.0,4.0,4.0,4.0,4.0,4.0,4.0,4.0,4.0,4.0,4.0,4.0,4.0,4.0,4.0,4.0,4.0,4.0,4.0,4.0,4.0,4.0,6.1,5.7,6.8,7.6,7.5,6.1,6.5,7.4
2802,6.7,8.9,9.2,4.0,7.7,5.8,6.9,6.2,7.5,8.0,4.0,4.0,4.0,5.7,4.0,7.6,7.9,4.0,5.6,6.3,5.5,6.5,5.9,5.7,7.7,7.0,6.8,4.0,6.6,6.9,5.6,5.6,5.6,6.8,4.0,4.0,6.4,5.8,6.1,6.0,6.0,5.4,5.7,7.0,5.8,7.6,4.0,5.6,5.7,6.8,5.6,5.8,6.5,4.0,4.0,5.9,9.0,4.0,4.0,4.0,4.0,4.0,4.0,4.0,4.0,4.0,4.0,4.0,4.0,4.0,4.0,4.0,4.0,4.0,4.0,4.0,4.0,4.0,4.0,4.0,4.0,4.0,4.0,4.0,4.0,4.0,4.0,4.0,4.0,4.0,4.0,4.0,4.0,4.0,4.0,4.0,4.0,4.0,4.0,4.0,4.0,4.0,4.0,4.0,4.0,4.0,4.0,4.0,4.0,4.0,4.0,4.0,4.0,4.0,4.0,4.0,4.0,4.0,4.0,4.0,4.0,4.0,4.0,4.0,4.0,4.0,4.0,4.0,4.0,4.0,4.0,4.0,4.0,4.0,4.0,4.0,4.0,4.0,4.0,4.0,4.0,4.0,4.0,4.0,4.0,4.0,4.0,4.0,4.0,4.0,4.0,4.0,4.0,4.0,4.0,4.0,4.0,4.0,4.0,4.0,4.0,4.0,4.0,4.0,6.4,4.0,4.0,6.1,9.3,6.6,6.4,7.1
2804,4.0,4.0,4.0,6.2,7.1,4.0,6.2,4.0,6.3,4.0,6.0,6.7,6.6,4.0,4.0,5.8,6.0,4.0,4.0,4.0,6.5,5.8,4.0,4.0,4.0,4.0,4.0,4.0,6.0,6.4,4.0,4.0,5.4,4.0,5.3,4.0,4.0,6.3,6.1,4.0,4.0,4.0,4.0,8.4,6.9,4.0,6.7,4.0,7.1,7.9,6.4,7.7,7.5,4.0,4.0,4.0,7.3,4.0,4.0,4.0,4.0,6.3,4.0,6.7,6.4,6.4,4.0,4.0,4.0,4.0,5.8,4.0,4.0,4.0,5.8,4.0,4.0,8.5,6.4,4.0,4.0,6.1,4.0,4.0,4.0,4.0,5.6,4.0,4.0,5.5,5.6,6.9,6.8,5.8,6.4,6.0,6.5,6.2,6.7,6.5,4.0,6.5,4.0,7.0,5.9,4.0,4.0,6.8,6.4,6.8,6.5,4.0,7.8,4.0,6.9,4.0,6.0,5.4,4.0,4.0,6.9,5.7,4.0,4.0,4.0,5.7,5.4,4.0,4.0,6.4,5.4,6.7,4.0,4.0,4.0,4.0,5.8,5.7,4.0,5.1,6.3,4.0,4.0,6.5,6.3,4.0,4.0,4.0,4.0,6.6,4.0,6.2,4.0,4.0,4.0,4.0,4.0,4.0,4.0,4.0,4.0,4.0,4.0,4.0,4.0,4.0,4.0,4.0,5.1,4.0,4.0,4.0
2806,4.0,6.5,4.0,4.0,8.4,4.0,5.8,6.7,7.6,4.0,6.2,4.0,4.0,4.0,4.0,7.7,7.4,6.5,4.0,6.4,6.4,6.0,6.3,4.0,4.0,4.0,4.0,4.0,6.5,7.0,4.0,4.0,5.4,4.0,4.0,7.6,7.0,8.6,5.3,4.0,4.0,6.5,7.2,7.1,7.5,4.0,6.8,4.0,6.8,7.7,6.1,8.0,6.9,7.2,4.0,4.0,8.2,4.0,4.0,6.5,5.2,4.0,6.1,4.0,5.5,5.2,5.8,4.0,6.1,6.3,4.0,4.0,6.3,4.0,4.0,4.0,4.0,8.6,6.1,4.0,4.0,6.7,4.0,6.8,7.8,4.0,6.4,5.9,4.0,6.4,6.5,6.7,6.5,7.2,4.0,6.7,6.9,6.2,6.9,7.7,6.2,6.1,6.4,4.0,6.4,4.0,4.0,7.6,8.4,7.3,6.5,6.9,5.8,5.9,5.8,4.0,6.3,6.7,6.8,4.0,6.9,5.3,4.0,5.0,6.6,6.6,6.4,5.4,6.6,6.3,5.9,6.6,4.0,4.0,5.8,4.0,6.0,5.8,4.0,5.7,5.5,4.0,4.0,8.4,7.8,5.8,4.0,4.0,6.7,6.4,6.4,6.7,6.0,4.0,6.2,4.0,4.0,4.0,4.0,4.0,4.0,4.0,4.0,4.0,6.6,4.0,4.0,4.0,6.8,4.0,4.0,4.0
2807,4.0,4.0,4.0,6.0,7.4,4.0,6.6,6.3,6.7,4.0,5.9,4.0,4.0,4.0,4.0,6.3,6.3,4.0,4.0,6.1,6.8,5.7,5.7,4.0,4.0,4.0,4.0,4.0,6.9,7.1,4.0,4.0,4.0,4.0,5.2,4.0,4.0,4.0,6.4,4.0,4.0,6.0,7.5,4.0,7.1,4.0,7.7,4.0,6.1,8.3,7.0,7.8,6.8,6.0,4.0,4.0,7.7,4.0,4.0,4.0,4.0,4.0,4.0,4.0,6.5,7.0,4.0,4.0,4.0,4.0,4.0,4.0,4.0,4.0,5.8,4.0,4.0,4.0,6.0,4.0,4.0,6.7,4.0,6.5,4.0,4.0,6.0,4.0,4.0,5.8,6.3,7.8,7.4,5.8,6.6,7.4,7.6,6.9,6.4,5.9,5.5,7.1,6.6,4.0,6.0,6.7,4.0,7.4,7.1,6.6,6.4,7.4,8.0,4.0,6.3,4.0,6.8,5.4,4.0,4.0,6.7,6.8,4.0,5.2,5.9,5.7,6.3,5.4,4.0,6.3,5.8,6.8,5.5,4.0,4.0,4.0,5.5,4.0,4.0,4.0,5.3,4.0,4.0,7.4,6.9,4.0,4.0,4.0,6.2,6.3,6.5,6.4,4.0,4.0,4.0,4.0,4.0,4.0,4.0,4.0,4.0,4.0,4.0,4.0,4.0,4.0,4.0,4.0,4.0,4.0,4.0,4.0
2818,4.0,4.0,4.0,4.0,4.0,4.0,4.0,6.1,4.0,4.0,4.0,4.0,5.8,4.0,4.0,6.0,6.1,4.0,4.0,4.0,4.0,4.0,5.9,4.0,4.0,4.0,4.0,4.0,4.0,5.8,4.0,4.0,4.0,4.0,5.4,4.0,4.0,4.0,5.6,4.0,4.0,5.6,6.4,4.0,5.2,4.0,4.0,4.0,4.0,8.1,6.0,7.5,5.8,5.8,4.0,4.0,4.0,4.0,4.0,4.0,6.1,5.4,5.8,5.4,4.0,5.4,4.0,5.7,4.0,4.0,4.0,4.0,6.3,6.0,4.0,4.0,4.0,4.0,4.0,4.0,4.0,4.0,4.0,4.0,4.0,4.0,6.2,6.3,4.0,4.0,4.0,5.8,4.0,6.2,6.2,4.0,4.0,5.8,4.0,5.5,5.1,4.0,4.0,4.0,5.5,4.0,5.9,4.0,5.3,4.0,5.2,5.8,4.0,4.0,4.0,5.9,4.0,4.0,4.0,5.5,4.0,4.0,6.0,5.5,5.4,4.0,6.1,5.7,4.0,4.0,4.0,4.0,4.0,5.4,4.0,4.0,5.5,5.2,5.5,5.9,5.6,4.0,4.0,4.0,4.0,4.0,4.0,4.0,4.0,4.0,4.0,4.0,4.0,4.0,4.0,4.0,4.0,4.0,4.0,4.0,4.0,4.0,4.0,4.0,4.0,4.0,4.0,4.0,5.3,4.0,4.0,4.0
2876,5.8,7.6,6.7,4.0,7.0,4.0,6.3,7.0,8.2,8.7,4.0,4.0,4.0,4.0,5.4,7.5,7.5,4.0,4.0,4.0,4.0,4.0,4.0,4.0,4.0,4.0,4.0,4.0,4.0,5.4,4.0,4.0,5.4,4.0,4.0,4.0,4.0,4.0,4.0,4.0,4.0,7.1,4.0,6.0,4.0,5.7,4.0,4.0,4.0,6.0,4.0,4.0,4.0,5.8,4.0,4.0,7.9,4.0,4.0,4.0,5.3,5.8,8.0,4.0,4.0,4.0,4.0,4.0,5.8,4.0,4.0,4.0,6.9,4.0,4.0,4.0,4.0,6.5,5.3,4.0,4.0,4.0,4.0,4.0,4.0,4.0,4.0,4.0,4.0,4.0,5.2,5.4,9.3,4.0,4.0,6.2,6.5,6.1,8.2,6.7,4.0,4.0,4.0,5.5,5.8,4.0,4.0,5.2,4.0,5.1,4.0,4.0,5.7,4.0,4.0,4.0,4.0,5.9,8.0,4.0,7.2,4.0,4.0,4.0,4.0,4.0,4.0,4.0,4.0,5.8,5.2,6.8,4.0,7.4,4.0,4.0,5.6,5.9,4.0,4.0,4.0,4.0,4.0,4.0,4.0,4.0,4.0,4.0,4.0,5.7,4.0,5.6,4.0,4.0,4.0,4.0,4.0,4.0,4.0,4.0,4.0,4.0,4.0,4.0,4.0,4.0,4.0,4.0,4.0,4.0,4.0,4.0
2903,4.0,4.0,4.0,4.0,7.8,4.0,4.0,6.1,7.7,4.0,4.0,4.0,5.6,6.4,4.0,4.0,6.5,4.0,4.0,4.0,4.0,5.4,4.0,5.5,4.0,4.0,4.0,4.0,5.6,6.5,4.0,4.0,4.0,4.0,4.0,6.5,6.3,6.8,4.0,4.0,4.0,5.2,4.0,6.0,6.1,4.0,6.0,4.0,4.0,6.8,5.5,6.7,4.0,4.0,4.0,4.0,8.5,4.0,4.0,4.0,4.0,6.4,4.0,5.5,4.0,4.0,4.0,4.0,6.0,4.0,4.0,4.0,4.0,4.0,4.0,4.0,4.0,7.0,5.3,4.0,4.0,5.5,4.0,4.0,7.8,4.0,5.3,4.0,4.0,5.6,5.6,5.8,6.9,6.7,4.0,4.0,4.0,4.0,5.8,5.8,4.0,4.0,5.6,6.6,6.0,4.0,5.5,6.0,6.0,4.0,6.0,4.0,7.0,6.0,6.8,4.0,4.0,6.6,5.3,6.5,6.2,4.0,4.0,4.0,4.0,5.8,5.2,4.0,4.0,6.8,5.4,4.0,4.0,5.3,4.0,7.5,4.0,4.0,4.0,4.0,5.2,4.0,4.0,6.4,4.0,4.0,4.0,4.0,4.0,5.3,4.0,5.9,4.0,4.0,4.0,4.0,4.0,4.0,4.0,4.0,4.0,4.0,4.0,4.0,4.0,4.0,4.0,4.0,5.8,6.4,4.0,4.0
2905,4.0,4.0,4.0,4.0,7.5,4.0,4.0,6.1,7.4,4.0,4.0,4.0,4.0,4.0,4.0,5.5,5.5,4.0,4.0,4.0,4.0,4.0,4.0,5.6,4.0,4.0,4.0,4.0,5.6,6.2,4.0,4.0,4.0,4.0,4.0,4.0,4.0,4.0,4.0,4.0,4.0,6.0,4.0,7.0,6.7,4.0,7.7,4.0,4.0,7.3,5.8,5.5,4.0,4.0,4.0,4.0,7.8,4.0,4.0,4.0,4.0,4.0,5.6,6.2,5.9,5.6,4.0,4.0,4.0,4.0,4.0,4.0,4.0,4.0,4.0,4.0,4.0,7.5,5.5,4.0,4.0,5.4,4.0,4.0,4.0,4.0,5.2,4.0,4.0,6.0,5.8,6.0,6.9,6.3,4.0,4.0,4.0,4.0,4.0,5.5,5.2,4.0,5.4,6.0,4.0,4.0,5.9,6.5,7.4,5.6,6.1,7.1,6.8,4.0,6.7,4.0,4.0,5.8,4.0,6.9,5.3,4.0,4.0,4.0,5.4,4.0,6.2,4.0,4.0,5.2,5.2,5.2,4.0,5.6,4.0,4.0,4.0,4.0,4.0,4.0,4.0,4.0,4.0,7.3,6.9,4.0,6.2,4.0,4.0,5.6,4.0,5.5,5.3,4.0,4.0,4.0,4.0,4.0,4.0,4.0,4.0,4.0,4.0,4.0,4.0,4.0,4.0,4.0,5.9,4.0,4.0,4.0
2908,4.0,8.7,4.0,4.0,5.7,4.0,4.0,4.0,7.8,4.0,4.0,4.0,4.0,4.0,4.0,6.8,7.1,4.0,4.0,5.9,4.0,4.0,4.0,4.0,4.0,4.0,4.0,4.0,6.3,6.4,4.0,4.0,5.5,4.0,4.0,4.0,4.0,4.0,4.0,4.0,4.0,6.0,4.0,8.1,6.1,4.0,8.5,4.0,4.0,8.4,6.8,6.6,4.0,4.0,4.0,4.0,8.1,4.0,4.0,4.0,4.0,5.8,5.8,7.0,6.5,6.3,4.0,4.0,4.0,4.0,4.0,4.0,4.0,4.0,4.0,4.0,4.0,4.0,6.4,4.0,4.0,5.9,4.0,4.0,4.0,4.0,4.0,4.0,4.0,5.6,5.6,6.9,7.7,7.2,4.0,4.0,5.4,4.0,5.9,6.5,6.1,6.6,4.0,7.2,7.0,4.0,4.0,7.7,7.4,6.4,6.0,6.2,8.0,4.0,6.8,4.0,4.0,6.1,4.0,4.0,6.6,4.0,4.0,4.0,4.0,4.0,4.0,4.0,4.0,5.1,4.0,4.0,4.0,5.9,4.0,4.0,4.0,5.1,4.0,4.0,5.4,4.0,4.0,6.2,6.1,4.0,4.0,4.0,4.0,5.4,4.0,6.0,4.0,4.0,4.0,4.0,4.0,4.0,4.0,4.0,4.0,4.0,4.0,4.0,4.0,4.0,4.0,4.0,6.4,4.0,4.0,4.0
2912,4.0,4.0,4.0,5.7,7.9,4.0,5.8,6.0,7.4,4.0,4.0,6.6,6.0,4.0,4.0,5.8,5.5,4.0,4.0,4.0,4.0,6.3,4.0,5.6,4.0,4.0,4.0,4.0,6.1,7.0,4.0,6.2,5.8,4.0,5.7,4.0,4.0,5.9,5.5,4.0,4.0,6.8,6.3,4.0,8.0,4.0,4.0,4.0,4.0,5.3,5.4,5.6,4.0,5.6,4.0,4.0,7.7,4.0,4.0,4.0,4.0,5.7,6.3,4.0,4.0,4.0,4.0,4.0,4.0,4.0,4.0,4.0,4.0,4.0,4.0,4.0,4.0,5.5,6.3,4.0,4.0,6.4,4.0,7.9,4.0,4.0,5.4,4.0,4.0,6.0,5.9,4.0,6.0,4.0,4.0,5.5,5.9,5.9,6.9,5.8,6.4,4.0,6.2,5.8,5.6,4.0,6.3,6.6,5.3,6.0,7.7,4.0,4.0,4.0,7.2,4.0,6.7,4.0,4.0,6.7,6.0,5.3,4.0,5.5,4.0,5.7,5.7,4.0,5.8,5.3,5.1,6.8,5.2,6.0,4.0,4.0,4.0,4.0,4.0,4.0,5.1,4.0,4.0,4.0,4.0,4.0,6.3,4.0,6.2,6.0,4.0,6.7,4.0,4.0,5.8,4.0,4.0,4.0,4.0,4.0,4.0,4.0,4.0,4.0,4.0,4.0,4.0,4.0,5.3,4.0,4.0,4.0
2936,4.0,4.0,4.0,6.0,6.4,8.3,4.0,6.8,5.8,4.0,6.5,6.8,8.4,6.4,4.0,4.0,4.0,7.8,4.0,8.0,6.7,6.5,6.3,4.0,4.0,4.0,4.0,4.0,6.1,6.3,4.0,7.3,7.4,4.0,5.2,5.7,4.0,4.0,6.5,4.0,4.0,5.7,6.0,5.6,6.9,4.0,4.0,4.0,6.5,6.7,6.4,6.2,4.0,5.6,4.0,4.0,6.8,4.0,4.0,7.6,5.5,7.1,5.8,4.0,4.0,4.0,8.1,4.0,7.3,6.6,4.0,6.3,4.0,6.5,6.5,4.0,4.0,6.7,5.2,4.0,4.0,7.4,4.0,6.2,7.5,4.0,5.1,6.9,6.0,7.1,7.1,4.0,6.0,6.3,6.8,4.0,4.0,4.0,4.0,6.0,5.7,4.0,5.7,6.4,6.1,4.0,7.7,5.1,5.4,5.6,4.0,4.0,5.4,4.0,6.7,6.3,6.5,5.9,7.0,5.7,6.1,4.0,4.0,4.0,4.0,7.6,5.6,4.0,4.0,6.2,5.8,4.0,6.0,4.0,4.0,6.7,4.0,4.0,4.0,4.0,5.3,4.0,4.0,4.0,4.0,5.8,4.0,4.0,4.0,7.0,4.0,6.8,4.0,4.0,6.3,4.0,4.0,4.0,4.0,4.0,4.0,4.0,4.0,4.0,6.9,6.5,4.0,4.0,5.2,4.0,4.0,4.0
2940,7.5,6.0,7.8,4.0,7.7,7.3,7.9,6.5,7.4,7.6,6.2,4.0,7.8,5.7,7.1,8.3,8.3,4.0,6.8,6.1,6.4,7.3,5.7,5.9,7.0,6.6,6.3,6.4,6.3,7.2,6.0,6.7,6.2,8.0,4.0,6.0,6.8,6.4,6.3,8.1,7.6,5.7,7.0,6.2,6.9,4.0,6.7,5.3,7.7,6.5,6.6,6.8,6.5,4.0,6.9,6.6,8.6,4.0,4.0,4.0,4.0,4.0,4.0,4.0,4.0,4.0,4.0,4.0,4.0,4.0,4.0,4.0,4.0,4.0,4.0,4.0,4.0,4.0,4.0,4.0,4.0,4.0,4.0,4.0,4.0,4.0,4.0,4.0,4.0,4.0,4.0,4.0,4.0,4.0,4.0,4.0,4.0,4.0,4.0,4.0,4.0,4.0,4.0,4.0,4.0,4.0,4.0,4.0,4.0,4.0,4.0,4.0,4.0,4.0,4.0,4.0,4.0,4.0,4.0,4.0,4.0,4.0,4.0,4.0,4.0,4.0,4.0,4.0,4.0,4.0,4.0,4.0,4.0,4.0,4.0,4.0,4.0,4.0,4.0,4.0,4.0,4.0,4.0,4.0,4.0,4.0,4.0,4.0,4.0,4.0,4.0,4.0,4.0,4.0,4.0,4.0,4.0,4.0,4.0,4.0,4.0,4.0,4.0,4.0,6.0,4.0,5.9,6.1,9.2,5.9,5.6,5.9
2965,4.0,4.0,4.0,4.0,5.2,4.0,4.0,4.0,5.7,4.0,6.0,4.0,7.5,6.9,4.0,4.0,4.0,4.0,4.0,4.0,4.0,6.6,7.6,4.0,4.0,4.0,4.0,4.0,6.1,7.2,4.0,5.7,4.0,4.0,6.3,4.0,4.0,6.3,4.0,4.0,4.0,4.0,6.2,4.0,5.6,4.0,4.0,4.0,7.2,4.0,5.3,4.0,8.0,4.0,4.0,4.0,6.2,4.0,4.0,7.4,7.2,4.0,5.3,4.0,4.0,4.0,4.0,4.0,4.0,4.0,4.0,4.0,4.0,5.9,4.0,4.0,4.0,4.0,4.0,4.0,4.0,5.5,4.0,4.0,4.0,4.0,5.9,7.6,4.0,4.0,4.0,4.0,4.0,5.1,4.0,4.0,4.0,5.4,4.0,5.1,5.6,4.0,6.2,6.3,4.0,4.0,5.4,4.0,4.0,4.0,5.4,4.0,6.5,6.2,5.4,4.0,4.0,5.1,4.0,4.0,4.0,6.2,4.0,4.0,4.0,6.7,7.1,4.0,4.0,5.9,4.0,5.7,4.0,4.0,4.0,4.0,4.0,4.0,4.0,4.0,5.9,4.0,4.0,4.0,4.0,4.0,6.9,4.0,4.0,6.3,7.3,5.6,4.0,4.0,5.8,4.0,4.0,4.0,4.0,4.0,4.0,4.0,4.0,4.0,6.8,7.0,4.0,4.0,5.4,6.6,4.0,4.0
2967,4.0,4.0,4.0,4.0,5.2,6.2,4.0,4.0,5.5,4.0,6.7,8.4,6.7,8.3,4.0,5.6,4.0,4.0,4.0,4.0,4.0,4.0,7.5,6.7,4.0,4.0,4.0,4.0,6.3,8.2,4.0,6.2,6.7,4.0,5.4,4.0,4.0,6.1,4.0,4.0,4.0,5.2,4.0,4.0,6.3,4.0,4.0,4.0,8.2,5.3,5.3,8.1,7.8,5.4,4.0,5.8,6.1,4.0,4.0,4.0,4.0,6.7,4.0,4.0,4.0,4.0,4.0,4.0,6.2,4.0,7.1,4.0,4.0,6.6,4.0,4.0,4.0,5.2,4.0,4.0,4.0,6.1,4.0,5.8,6.3,4.0,6.3,6.9,4.0,4.0,4.0,5.1,4.0,5.2,4.0,4.0,4.0,4.0,4.0,4.0,5.9,4.0,7.5,5.9,5.2,5.7,5.4,5.6,4.0,4.0,6.3,4.0,5.8,6.0,5.8,4.0,4.0,5.6,4.0,5.5,4.0,6.2,4.0,4.0,4.0,7.3,7.1,4.0,4.0,7.0,4.0,6.2,4.0,4.0,6.5,4.0,4.0,4.0,4.0,4.0,6.7,4.0,6.5,4.0,4.0,4.0,6.7,4.0,4.0,7.9,6.9,6.3,4.0,4.0,6.3,4.0,4.0,4.0,4.0,4.0,4.0,4.0,4.0,4.0,6.1,7.2,4.0,4.0,5.3,7.9,4.0,4.0
3003,6.3,7.6,6.1,6.5,5.9,6.0,5.7,6.8,4.0,5.8,6.3,6.5,5.7,5.4,6.3,6.0,5.7,4.0,6.6,8.5,7.0,7.0,5.5,7.3,7.6,6.5,5.9,5.9,6.2,5.5,5.5,6.8,6.0,6.0,4.0,4.0,5.6,4.0,6.0,6.2,6.5,4.0,6.6,7.8,6.5,7.0,6.7,4.0,7.4,8.5,6.4,7.4,7.0,5.8,6.3,4.0,7.0,5.8,4.0,4.0,4.0,4.0,4.0,4.0,4.0,4.0,4.0,4.0,4.0,4.0,4.0,4.0,4.0,4.0,4.0,4.0,4.0,4.0,4.0,4.0,4.0,4.0,4.0,4.0,4.0,4.0,4.0,4.0,4.0,4.0,4.0,4.0,4.0,4.0,4.0,4.0,4.0,4.0,4.0,4.0,4.0,4.0,4.0,4.0,4.0,4.0,4.0,4.0,4.0,4.0,4.0,4.0,4.0,4.0,4.0,4.0,4.0,4.0,4.0,4.0,4.0,4.0,4.0,4.0,4.0,4.0,4.0,4.0,4.0,4.0,4.0,4.0,4.0,4.0,4.0,4.0,4.0,4.0,4.0,4.0,4.0,4.0,4.0,4.0,4.0,4.0,4.0,4.0,4.0,4.0,4.0,4.0,4.0,4.0,4.0,4.0,4.0,4.0,4.0,4.0,4.0,4.0,4.0,4.0,5.8,4.0,6.5,5.4,6.4,5.6,6.1,6.2
3005,6.9,6.9,7.8,5.7,6.2,7.7,7.3,6.9,6.5,7.2,7.2,7.2,6.5,7.5,6.0,7.1,7.2,6.8,6.2,7.1,6.5,7.9,7.3,7.3,8.2,6.5,7.0,6.7,8.5,7.4,4.0,7.3,6.3,7.2,5.8,4.0,6.4,5.9,6.6,6.0,7.3,5.4,7.4,6.4,5.6,5.7,5.9,7.0,8.0,6.2,6.5,7.9,7.7,6.0,7.0,5.7,7.5,5.8,4.0,4.0,4.0,4.0,4.0,4.0,4.0,4.0,4.0,4.0,4.0,4.0,4.0,4.0,4.0,4.0,4.0,4.0,4.0,4.0,4.0,4.0,4.0,4.0,4.0,4.0,4.0,4.0,4.0,4.0,4.0,4.0,4.0,4.0,4.0,4.0,4.0,4.0,4.0,4.0,4.0,4.0,4.0,4.0,4.0,4.0,4.0,4.0,4.0,4.0,4.0,4.0,4.0,4.0,4.0,4.0,4.0,4.0,4.0,4.0,4.0,4.0,4.0,4.0,4.0,4.0,4.0,4.0,4.0,4.0,4.0,4.0,4.0,4.0,4.0,4.0,4.0,4.0,4.0,4.0,4.0,4.0,4.0,4.0,4.0,4.0,4.0,4.0,4.0,4.0,4.0,4.0,4.0,4.0,4.0,4.0,4.0,4.0,4.0,4.0,4.0,4.0,4.0,4.0,4.0,4.0,6.3,7.3,4.0,5.5,8.8,7.8,7.4,7.7
3007,6.6,4.0,7.2,5.5,4.0,7.9,6.7,5.7,4.0,6.4,7.0,6.9,7.2,7.0,4.0,4.0,4.0,6.9,5.7,6.6,6.4,7.7,6.8,7.4,8.1,7.1,6.9,7.2,6.9,7.7,4.0,6.8,5.8,7.0,5.9,4.0,6.4,5.8,6.3,4.0,7.3,4.0,6.4,5.9,4.0,4.0,6.3,7.1,7.2,6.1,6.3,7.9,7.8,6.0,6.7,5.9,7.5,6.1,4.0,4.0,4.0,4.0,4.0,4.0,4.0,4.0,4.0,4.0,4.0,4.0,4.0,4.0,4.0,4.0,4.0,4.0,4.0,4.0,4.0,4.0,4.0,4.0,4.0,4.0,4.0,4.0,4.0,4.0,4.0,4.0,4.0,4.0,4.0,4.0,4.0,4.0,4.0,4.0,4.0,4.0,4.0,4.0,4.0,4.0,4.0,4.0,4.0,4.0,4.0,4.0,4.0,4.0,4.0,4.0,4.0,4.0,4.0,4.0,4.0,4.0,4.0,4.0,4.0,4.0,4.0,4.0,4.0,4.0,4.0,4.0,4.0,4.0,4.0,4.0,4.0,4.0,4.0,4.0,4.0,4.0,4.0,4.0,4.0,4.0,4.0,4.0,4.0,4.0,4.0,4.0,4.0,4.0,4.0,4.0,4.0,4.0,4.0,4.0,4.0,4.0,4.0,4.0,4.0,4.0,6.5,6.8,4.0,4.0,8.0,7.2,7.9,7.1
3009,6.0,4.0,4.0,5.7,6.0,6.8,5.5,6.4,4.0,4.0,6.9,6.8,6.4,5.8,4.0,5.6,5.5,6.3,6.8,7.8,6.3,8.0,5.8,5.8,7.1,7.5,6.3,6.0,7.4,6.9,4.0,6.9,4.0,7.0,6.6,6.1,7.0,6.6,6.9,5.6,6.3,4.0,6.4,6.1,4.0,4.0,4.0,5.8,7.3,6.1,6.5,6.5,6.8,4.0,7.1,4.0,6.4,5.7,4.0,4.0,4.0,4.0,4.0,4.0,4.0,4.0,4.0,4.0,4.0,4.0,4.0,4.0,4.0,4.0,4.0,4.0,4.0,4.0,4.0,4.0,4.0,4.0,4.0,4.0,4.0,4.0,4.0,4.0,4.0,4.0,4.0,4.0,4.0,4.0,4.0,4.0,4.0,4.0,4.0,4.0,4.0,4.0,4.0,4.0,4.0,4.0,4.0,4.0,4.0,4.0,4.0,4.0,4.0,4.0,4.0,4.0,4.0,4.0,4.0,4.0,4.0,4.0,4.0,4.0,4.0,4.0,4.0,4.0,4.0,4.0,4.0,4.0,4.0,4.0,4.0,4.0,4.0,4.0,4.0,4.0,4.0,4.0,4.0,4.0,4.0,4.0,4.0,4.0,4.0,4.0,4.0,4.0,4.0,4.0,4.0,4.0,4.0,4.0,4.0,4.0,4.0,4.0,4.0,4.0,6.5,5.5,6.1,4.0,6.0,6.5,6.3,6.3
3010,6.2,4.0,6.3,6.2,6.1,8.3,4.0,7.3,5.8,4.0,7.9,7.7,6.9,7.2,6.2,6.7,6.6,6.9,7.7,9.8,8.5,8.5,7.2,6.5,8.3,7.4,7.3,7.1,7.4,7.5,4.0,6.5,4.0,7.3,6.1,6.5,7.1,6.8,7.3,7.4,7.7,4.0,7.2,7.1,4.0,6.7,6.2,6.2,8.7,7.6,7.6,7.0,7.4,6.4,8.2,6.5,7.5,7.2,4.0,4.0,4.0,4.0,4.0,4.0,4.0,4.0,4.0,4.0,4.0,4.0,4.0,4.0,4.0,4.0,4.0,4.0,4.0,4.0,4.0,4.0,4.0,4.0,4.0,4.0,4.0,4.0,4.0,4.0,4.0,4.0,4.0,4.0,4.0,4.0,4.0,4.0,4.0,4.0,4.0,4.0,4.0,4.0,4.0,4.0,4.0,4.0,4.0,4.0,4.0,4.0,4.0,4.0,4.0,4.0,4.0,4.0,4.0,4.0,4.0,4.0,4.0,4.0,4.0,4.0,4.0,4.0,4.0,4.0,4.0,4.0,4.0,4.0,4.0,4.0,4.0,4.0,4.0,4.0,4.0,4.0,4.0,4.0,4.0,4.0,4.0,4.0,4.0,4.0,4.0,4.0,4.0,4.0,4.0,4.0,4.0,4.0,4.0,4.0,4.0,4.0,4.0,4.0,4.0,4.0,7.0,6.4,7.5,6.1,6.9,7.2,7.0,7.2
3031,6.1,6.8,7.7,7.7,6.9,6.4,6.5,6.8,7.4,7.3,6.8,6.7,6.3,6.2,6.8,6.1,6.5,6.4,6.7,6.4,6.5,4.0,5.8,7.4,7.0,7.6,6.2,6.1,6.8,6.8,6.3,6.1,6.4,7.0,7.2,6.8,5.7,6.5,6.4,7.4,6.4,6.3,7.4,6.7,6.6,6.6,6.7,6.0,6.6,6.2,6.3,6.6,6.8,6.4,6.2,7.4,8.0,7.5,4.0,4.0,4.0,4.0,4.0,4.0,4.0,4.0,4.0,4.0,4.0,4.0,4.0,4.0,4.0,4.0,4.0,4.0,4.0,4.0,4.0,4.0,4.0,4.0,4.0,4.0,4.0,4.0,4.0,4.0,4.0,4.0,4.0,4.0,4.0,4.0,4.0,4.0,4.0,4.0,4.0,4.0,4.0,4.0,4.0,4.0,4.0,4.0,4.0,4.0,4.0,4.0,4.0,4.0,4.0,4.0,4.0,4.0,4.0,4.0,4.0,4.0,4.0,4.0,4.0,4.0,4.0,4.0,4.0,4.0,4.0,4.0,4.0,4.0,4.0,4.0,4.0,4.0,4.0,4.0,4.0,4.0,4.0,4.0,4.0,4.0,4.0,4.0,4.0,4.0,4.0,4.0,4.0,4.0,4.0,4.0,4.0,4.0,4.0,4.0,4.0,4.0,4.0,4.0,4.0,4.0,6.5,6.3,6.5,6.7,7.2,6.2,6.8,7.1
3104,4.3,4.5,4.6,5.4,4.6,4.0,5.1,4.5,5.0,5.0,4.5,4.4,4.0,4.0,4.3,4.5,6.2,4.0,4.7,4.0,4.0,4.8,4.0,4.8,4.7,4.6,4.5,4.3,4.3,4.6,4.0,4.4,4.0,4.1,4.4,4.0,4.0,4.1,4.1,4.4,4.0,4.0,4.2,4.9,4.3,4.1,4.5,4.2,4.1,5.5,4.3,4.7,4.5,4.0,4.0,4.5,6.2,4.3,4.0,4.0,4.0,4.0,4.0,4.0,4.0,4.0,4.0,4.0,4.0,4.0,4.0,4.0,4.0,4.0,4.0,4.0,4.0,4.0,4.0,4.0,4.0,4.0,4.0,4.0,4.0,4.0,4.0,4.0,4.0,4.0,4.0,4.0,4.0,4.0,4.0,4.0,4.0,4.0,4.0,4.0,4.0,4.0,4.0,4.0,4.0,4.0,4.0,4.0,4.0,4.0,4.0,4.0,4.0,4.0,4.0,4.0,4.0,4.0,4.0,4.0,4.0,4.0,4.0,4.0,4.0,4.0,4.0,4.0,4.0,4.0,4.0,4.0,4.0,4.0,4.0,4.0,4.0,4.0,4.0,4.0,4.0,4.0,4.0,4.0,4.0,4.0,4.0,4.0,4.0,4.0,4.0,4.0,4.0,4.0,4.0,4.0,4.0,4.0,4.0,4.0,4.0,4.0,4.0,4.0,4.1,4.0,4.4,4.1,5.0,4.3,4.0,4.4
3105,5.8,7.6,7.7,4.0,4.0,4.0,6.0,4.0,7.3,6.5,4.0,4.0,4.0,4.0,4.0,6.7,6.8,4.0,4.0,4.0,4.0,5.4,4.0,4.0,6.2,4.0,4.0,4.0,5.8,4.0,4.0,4.0,5.7,4.0,4.0,4.0,4.0,4.0,4.0,4.0,4.0,4.0,7.1,4.0,6.0,4.0,4.0,4.0,4.0,5.9,4.0,5.8,4.0,4.0,4.0,4.0,8.4,4.0,4.0,4.0,4.0,6.6,5.5,4.0,4.0,4.0,4.0,4.0,4.0,4.0,4.0,4.0,4.0,4.0,4.0,4.0,4.0,6.4,4.0,4.0,6.0,4.0,4.0,4.0,5.8,5.8,4.0,4.0,4.0,4.0,5.5,5.4,8.9,7.8,6.1,4.0,4.0,4.0,4.0,5.7,5.7,5.6,5.7,6.8,4.0,4.0,4.0,6.0,4.0,4.0,6.2,4.0,5.3,4.0,6.1,4.0,4.0,6.9,5.5,7.1,5.4,6.7,4.0,4.0,4.0,5.8,4.0,7.2,4.0,5.8,5.7,6.3,4.0,4.0,4.0,4.0,4.0,5.1,4.0,4.0,4.0,4.0,4.0,4.0,5.8,4.0,4.0,4.0,4.0,4.0,4.0,5.9,4.0,4.0,4.0,4.0,4.0,4.0,4.0,4.0,4.0,4.0,4.0,4.0,4.0,4.0,4.0,4.0,7.1,4.0,4.0,4.0
3195,6.9,4.0,6.9,4.0,7.3,6.7,6.5,6.2,6.2,6.6,7.5,6.8,6.8,7.1,5.8,7.4,7.4,6.9,6.6,8.5,7.3,8.0,6.4,6.3,6.7,8.2,6.6,6.2,6.5,6.7,4.0,6.8,6.7,8.1,4.0,7.2,8.5,8.1,6.5,6.0,6.6,4.0,7.5,6.6,5.8,6.1,4.0,7.7,7.5,5.6,6.4,7.0,7.7,5.7,6.7,4.0,8.2,5.7,4.0,4.0,4.0,4.0,4.0,4.0,4.0,4.0,4.0,4.0,4.0,4.0,4.0,4.0,4.0,4.0,4.0,4.0,4.0,4.0,4.0,4.0,4.0,4.0,4.0,4.0,4.0,4.0,4.0,4.0,4.0,4.0,4.0,4.0,4.0,4.0,4.0,4.0,4.0,4.0,4.0,4.0,4.0,4.0,4.0,4.0,4.0,4.0,4.0,4.0,4.0,4.0,4.0,4.0,4.0,4.0,4.0,4.0,4.0,4.0,4.0,4.0,4.0,4.0,4.0,4.0,4.0,4.0,4.0,4.0,4.0,4.0,4.0,4.0,4.0,4.0,4.0,4.0,4.0,4.0,4.0,4.0,4.0,4.0,4.0,4.0,4.0,4.0,4.0,4.0,4.0,4.0,4.0,4.0,4.0,4.0,4.0,4.0,4.0,4.0,4.0,4.0,4.0,4.0,4.0,4.0,7.1,5.7,6.5,5.8,7.8,7.3,7.2,6.9
3216,4.0,4.0,4.0,5.5,4.0,4.0,4.0,6.1,4.0,4.0,4.0,4.0,5.6,4.0,4.0,5.9,6.4,4.0,4.0,4.0,4.0,4.0,4.0,4.0,4.0,4.0,4.0,4.0,5.7,5.6,4.0,4.0,4.0,4.0,6.1,5.9,4.0,4.0,5.7,4.0,4.0,5.9,5.8,4.0,5.4,4.0,4.0,4.0,4.0,7.7,6.1,7.2,4.0,5.7,4.0,4.0,4.0,4.0,4.0,4.0,5.8,5.9,5.9,4.0,5.8,5.7,4.0,5.9,4.0,4.0,4.0,4.0,6.8,4.0,4.0,4.0,4.0,8.2,4.0,4.0,4.0,5.6,4.0,4.0,4.0,4.0,5.8,4.0,4.0,5.3,5.6,5.6,4.0,5.9,5.9,4.0,4.0,6.1,5.6,5.7,4.0,4.0,5.5,5.6,5.7,5.8,5.8,4.0,5.3,4.0,4.0,4.0,5.7,4.0,4.0,4.0,5.8,4.0,4.0,4.0,5.6,4.0,6.1,5.4,4.0,4.0,5.6,4.0,4.0,4.0,4.0,5.2,4.0,5.5,4.0,4.0,4.0,4.0,5.4,6.0,5.7,4.0,4.0,4.0,4.0,4.0,4.0,4.0,4.0,4.0,4.0,4.0,5.6,4.0,4.0,4.0,4.0,4.0,4.0,4.0,4.0,4.0,4.0,4.0,4.0,4.0,4.0,4.0,5.4,4.0,4.0,4.0
3217,4.0,4.0,4.0,5.4,6.6,4.0,5.9,5.9,4.0,4.0,4.0,4.0,5.9,4.0,4.0,4.0,4.0,4.0,4.0,4.0,4.0,4.0,5.7,4.0,4.0,4.0,4.0,4.0,5.6,5.5,4.0,4.0,4.0,4.0,5.7,4.0,5.4,6.2,4.0,4.0,4.0,5.5,6.4,4.0,6.5,4.0,4.0,4.0,4.0,6.6,6.2,5.8,4.0,5.6,4.0,4.0,6.3,4.0,4.0,4.0,4.0,5.4,6.1,4.0,5.9,5.2,4.0,4.0,4.0,4.0,4.0,4.0,6.6,4.0,4.0,4.0,4.0,7.0,5.1,4.0,4.0,4.0,4.0,6.3,4.0,4.0,5.5,5.9,4.0,5.5,5.6,5.2,4.0,5.4,6.1,5.5,4.0,4.0,4.0,4.0,5.4,4.0,5.4,5.3,5.2,4.0,5.5,5.3,6.1,5.6,5.3,4.0,5.3,4.0,4.0,4.0,4.0,4.0,8.7,5.3,5.3,4.0,6.9,5.3,5.4,4.0,4.0,5.8,5.8,5.1,5.4,5.6,5.1,4.0,4.0,4.0,4.0,4.0,5.5,4.0,5.3,4.0,4.0,6.8,4.0,4.0,4.0,4.0,4.0,4.0,4.0,4.0,5.1,4.0,4.0,4.0,4.0,4.0,4.0,4.0,4.0,4.0,4.0,4.0,4.0,4.0,4.0,4.0,4.0,4.0,4.0,4.0
3219,4.0,4.0,4.0,4.0,5.4,4.0,5.2,4.0,4.0,4.0,4.0,4.0,7.1,4.0,4.0,5.2,5.2,4.0,4.0,4.0,4.0,4.0,6.2,4.0,4.0,4.0,4.0,4.0,6.6,6.3,4.0,4.0,4.0,4.0,4.0,4.0,5.5,6.5,4.0,4.0,4.0,5.3,6.0,4.0,6.0,4.0,4.0,4.0,6.0,8.0,5.9,8.0,4.0,7.1,4.0,4.0,5.6,4.0,4.0,4.0,4.0,6.3,5.2,4.0,4.0,4.0,4.0,4.0,4.0,4.0,4.0,4.0,4.0,4.0,4.0,4.0,4.0,8.1,6.5,4.0,4.0,4.0,4.0,6.1,4.0,4.0,6.8,6.8,5.6,5.8,5.7,5.6,4.0,5.8,6.3,4.0,4.0,5.3,6.2,4.0,6.4,4.0,6.1,5.9,4.0,4.0,5.4,5.7,6.0,4.0,5.7,4.0,6.1,4.0,4.0,4.0,4.0,6.0,4.0,6.1,5.5,4.0,4.0,4.0,5.9,5.9,4.0,4.0,6.5,5.3,5.5,6.2,4.0,4.0,4.0,4.0,5.6,6.0,4.0,4.0,6.3,4.0,4.0,4.0,4.0,4.0,4.0,4.0,4.0,4.0,6.1,4.0,5.5,4.0,4.0,4.0,4.0,4.0,4.0,4.0,4.0,4.0,4.0,4.0,4.0,4.0,4.0,4.0,5.1,4.0,4.0,4.0
3264,5.5,6.3,6.7,6.4,6.1,6.1,6.1,5.9,6.6,6.4,6.1,6.1,6.4,5.8,6.0,5.8,6.0,6.5,6.3,5.7,5.7,6.1,5.8,6.0,5.8,6.0,6.0,5.8,6.2,5.8,6.0,5.9,6.0,6.4,6.2,5.8,6.0,6.3,5.7,6.2,6.2,6.1,6.1,6.2,5.7,5.8,5.7,5.5,6.0,6.1,6.1,6.2,6.6,5.3,5.7,6.1,6.6,6.4,4.0,4.0,4.0,4.0,4.0,4.0,4.0,4.0,4.0,4.0,4.0,4.0,4.0,4.0,4.0,4.0,4.0,4.0,4.0,4.0,4.0,4.0,4.0,4.0,4.0,4.0,4.0,4.0,4.0,4.0,4.0,4.0,4.0,4.0,4.0,4.0,4.0,4.0,4.0,4.0,4.0,4.0,4.0,4.0,4.0,4.0,4.0,4.0,4.0,4.0,4.0,4.0,4.0,4.0,4.0,4.0,4.0,4.0,4.0,4.0,4.0,4.0,4.0,4.0,4.0,4.0,4.0,4.0,4.0,4.0,4.0,4.0,4.0,4.0,4.0,4.0,4.0,4.0,4.0,4.0,4.0,4.0,4.0,4.0,4.0,4.0,4.0,4.0,4.0,4.0,4.0,4.0,4.0,4.0,4.0,4.0,4.0,4.0,4.0,4.0,4.0,4.0,4.0,4.0,4.0,4.0,5.8,5.6,6.3,6.0,6.1,5.7,6.6,5.9
3282,6.8,5.9,7.3,6.6,6.4,6.6,6.5,6.3,6.3,6.6,6.3,6.9,6.1,5.9,4.0,6.8,6.7,4.0,5.9,6.5,6.5,7.4,6.1,6.8,7.2,5.7,5.9,5.8,6.4,6.0,4.0,6.4,5.5,6.1,5.9,4.0,5.6,4.0,5.8,5.7,6.7,4.0,6.7,6.3,5.6,4.0,6.1,5.2,7.1,6.2,6.0,7.5,7.1,5.7,6.4,4.0,7.6,5.9,4.0,4.0,4.0,4.0,4.0,4.0,4.0,4.0,4.0,4.0,4.0,4.0,4.0,4.0,4.0,4.0,4.0,4.0,4.0,4.0,4.0,4.0,4.0,4.0,4.0,4.0,4.0,4.0,4.0,4.0,4.0,4.0,4.0,4.0,4.0,4.0,4.0,4.0,4.0,4.0,4.0,4.0,4.0,4.0,4.0,4.0,4.0,4.0,4.0,4.0,4.0,4.0,4.0,4.0,4.0,4.0,4.0,4.0,4.0,4.0,4.0,4.0,4.0,4.0,4.0,4.0,4.0,4.0,4.0,4.0,4.0,4.0,4.0,4.0,4.0,4.0,4.0,4.0,4.0,4.0,4.0,4.0,4.0,4.0,4.0,4.0,4.0,4.0,4.0,4.0,4.0,4.0,4.0,4.0,4.0,4.0,4.0,4.0,4.0,4.0,4.0,4.0,4.0,4.0,4.0,4.0,4.0,5.6,4.0,4.0,8.2,7.1,5.5,6.4
3283,6.6,6.9,7.1,6.3,6.8,6.1,6.9,6.6,6.7,6.9,6.0,6.6,4.0,4.0,4.0,7.1,7.1,4.0,5.9,6.2,6.0,7.2,5.4,6.6,7.0,5.6,5.6,5.5,6.7,6.0,4.0,6.5,5.7,4.0,5.5,4.0,4.0,4.0,5.7,5.8,6.0,4.0,6.2,6.0,5.6,4.0,6.1,4.0,6.6,6.2,6.0,6.9,7.0,5.5,6.4,5.6,7.7,5.6,4.0,4.0,4.0,4.0,4.0,4.0,4.0,4.0,4.0,4.0,4.0,4.0,4.0,4.0,4.0,4.0,4.0,4.0,4.0,4.0,4.0,4.0,4.0,4.0,4.0,4.0,4.0,4.0,4.0,4.0,4.0,4.0,4.0,4.0,4.0,4.0,4.0,4.0,4.0,4.0,4.0,4.0,4.0,4.0,4.0,4.0,4.0,4.0,4.0,4.0,4.0,4.0,4.0,4.0,4.0,4.0,4.0,4.0,4.0,4.0,4.0,4.0,4.0,4.0,4.0,4.0,4.0,4.0,4.0,4.0,4.0,4.0,4.0,4.0,4.0,4.0,4.0,4.0,4.0,4.0,4.0,4.0,4.0,4.0,4.0,4.0,4.0,4.0,4.0,4.0,4.0,4.0,4.0,4.0,4.0,4.0,4.0,4.0,4.0,4.0,4.0,4.0,4.0,4.0,4.0,4.0,5.3,4.0,5.6,4.0,7.4,6.3,4.0,5.6
3284,7.6,5.5,7.8,5.9,7.3,6.9,6.3,6.1,7.2,7.4,6.4,6.8,4.0,5.4,4.0,7.4,7.3,4.0,5.6,6.1,6.5,7.5,5.8,7.5,7.6,5.6,6.2,6.1,7.1,5.9,4.0,6.2,4.0,6.1,4.0,4.0,4.0,4.0,5.7,6.0,6.1,4.0,6.7,4.0,6.1,6.1,6.1,5.4,6.7,7.0,7.0,7.5,7.3,6.1,6.0,5.8,7.8,5.7,4.0,4.0,4.0,4.0,4.0,4.0,4.0,4.0,4.0,4.0,4.0,4.0,4.0,4.0,4.0,4.0,4.0,4.0,4.0,4.0,4.0,4.0,4.0,4.0,4.0,4.0,4.0,4.0,4.0,4.0,4.0,4.0,4.0,4.0,4.0,4.0,4.0,4.0,4.0,4.0,4.0,4.0,4.0,4.0,4.0,4.0,4.0,4.0,4.0,4.0,4.0,4.0,4.0,4.0,4.0,4.0,4.0,4.0,4.0,4.0,4.0,4.0,4.0,4.0,4.0,4.0,4.0,4.0,4.0,4.0,4.0,4.0,4.0,4.0,4.0,4.0,4.0,4.0,4.0,4.0,4.0,4.0,4.0,4.0,4.0,4.0,4.0,4.0,4.0,4.0,4.0,4.0,4.0,4.0,4.0,4.0,4.0,4.0,4.0,4.0,4.0,4.0,4.0,4.0,4.0,4.0,5.6,5.5,4.0,4.0,8.8,6.2,4.0,6.3
3313,4.0,4.0,4.0,5.2,4.0,4.0,4.0,4.0,4.0,4.0,4.0,4.0,4.0,4.0,4.0,6.2,6.2,4.0,4.0,4.0,6.2,4.0,4.0,4.0,4.0,4.0,4.0,4.0,4.0,6.0,4.0,4.0,4.0,4.0,4.0,4.0,4.0,4.0,4.0,4.0,4.0,5.9,6.7,4.0,6.3,4.0,4.0,4.0,4.0,5.2,4.0,5.6,4.0,5.5,4.0,6.0,5.4,4.0,5.3,4.0,4.0,5.4,5.4,4.0,4.0,4.0,4.0,4.0,6.1,4.0,4.0,4.0,4.0,4.0,4.0,4.0,4.0,6.3,5.4,4.0,4.0,6.4,4.0,4.0,4.0,4.0,5.5,4.0,4.0,5.3,5.2,4.0,6.1,6.8,4.0,4.0,4.0,4.0,4.0,4.0,5.3,4.0,5.2,4.0,6.3,5.5,5.7,7.0,5.8,5.1,6.0,4.0,4.0,4.0,6.8,4.0,4.0,5.5,4.0,5.7,4.0,6.8,5.4,5.2,5.6,4.0,5.5,5.4,4.0,5.7,4.0,5.1,4.0,4.0,4.0,4.0,4.0,4.0,4.0,5.2,5.5,6.5,4.0,4.0,4.0,4.0,4.0,4.0,4.0,4.0,4.0,6.4,4.0,4.0,4.0,4.0,4.0,4.0,4.0,4.0,4.0,4.0,4.0,4.0,4.0,4.0,4.0,4.0,6.2,4.0,4.0,4.0
3362,5.9,6.0,5.8,5.9,6.1,5.9,6.6,8.3,6.6,6.8,5.7,6.2,4.0,6.0,7.6,6.4,6.2,5.9,6.8,4.0,5.4,7.2,5.2,6.1,6.9,7.4,6.1,8.1,6.2,6.1,4.0,6.4,6.7,6.2,5.9,5.8,5.9,5.6,5.4,5.7,4.0,5.5,6.6,6.1,5.6,5.7,4.0,6.2,7.1,4.0,7.3,6.4,6.5,4.0,6.4,6.3,6.9,4.0,4.0,4.0,4.0,4.0,4.0,4.0,4.0,4.0,4.0,4.0,4.0,4.0,4.0,4.0,4.0,4.0,4.0,4.0,4.0,4.0,4.0,4.0,4.0,4.0,4.0,4.0,4.0,4.0,4.0,4.0,4.0,4.0,4.0,4.0,4.0,4.0,4.0,4.0,4.0,4.0,4.0,4.0,4.0,4.0,4.0,4.0,4.0,4.0,4.0,4.0,4.0,4.0,4.0,4.0,4.0,4.0,4.0,4.0,4.0,4.0,4.0,4.0,4.0,4.0,4.0,4.0,4.0,4.0,4.0,4.0,4.0,4.0,4.0,4.0,4.0,4.0,4.0,4.0,4.0,4.0,4.0,4.0,4.0,4.0,4.0,4.0,4.0,4.0,4.0,4.0,4.0,4.0,4.0,4.0,4.0,4.0,4.0,4.0,4.0,4.0,4.0,4.0,4.0,4.0,4.0,4.0,5.9,5.5,6.1,5.4,5.8,6.4,6.2,6.4
3381,4.0,4.0,4.0,5.8,6.3,5.8,5.8,7.5,6.6,4.0,6.4,7.0,6.1,7.3,4.0,4.0,6.4,4.0,4.0,4.0,5.9,7.3,4.0,5.4,4.0,4.0,4.0,4.0,6.4,7.4,4.0,6.2,7.3,4.0,4.0,6.1,5.9,6.8,4.0,4.0,4.0,8.1,5.9,5.2,6.0,4.0,4.0,4.0,8.1,4.0,5.8,8.1,4.0,4.0,4.0,6.8,7.0,4.0,4.0,4.0,4.0,6.9,4.0,5.2,4.0,4.0,5.8,4.0,4.0,4.0,6.5,4.0,8.1,4.0,4.0,4.0,4.0,4.0,6.1,4.0,4.0,5.8,4.0,6.4,4.0,4.0,5.5,6.7,4.0,6.0,5.2,4.0,4.0,5.5,6.7,6.7,7.3,6.7,7.0,5.4,4.0,4.0,6.5,6.2,5.4,6.3,5.3,5.9,4.0,5.3,6.2,4.0,5.9,6.4,7.7,5.9,4.0,5.6,6.5,5.6,7.1,5.8,4.0,4.0,4.0,6.3,6.6,4.0,6.9,7.4,4.0,6.0,4.0,4.0,5.8,5.8,4.0,4.0,4.0,6.8,6.0,4.0,4.0,4.0,4.0,4.0,7.0,4.0,6.5,7.4,4.0,6.3,4.0,6.7,6.6,4.0,4.0,4.0,4.0,4.0,4.0,4.0,4.0,4.0,4.0,6.0,4.0,4.0,5.1,7.6,4.0,4.0
3408,4.0,4.0,4.0,6.3,7.1,6.1,6.6,7.6,8.5,4.0,5.5,4.0,4.0,4.0,4.0,4.0,8.0,4.0,4.0,4.0,6.0,5.7,5.7,5.6,4.0,4.0,4.0,4.0,7.8,6.3,4.0,6.3,6.4,4.0,5.2,4.0,4.0,4.0,4.0,4.0,4.0,7.6,6.5,5.3,5.3,4.0,5.8,4.0,4.0,5.8,4.0,6.6,6.1,6.2,4.0,4.0,4.0,4.0,4.0,4.0,6.8,6.8,4.0,5.5,4.0,5.1,4.0,6.3,6.0,4.0,4.0,4.0,7.7,4.0,4.0,4.0,4.0,5.8,6.6,4.0,4.0,6.5,4.0,6.7,4.0,4.0,5.4,4.0,4.0,4.0,4.0,6.0,8.1,6.1,6.6,4.0,7.9,4.0,7.0,5.9,5.5,4.0,5.3,6.9,7.1,5.8,5.8,6.1,6.8,5.4,5.7,4.0,5.7,4.0,4.0,6.1,6.5,6.0,7.7,7.2,8.3,5.8,6.3,4.0,4.0,4.0,6.2,6.0,4.0,6.8,4.0,6.6,4.0,4.0,4.0,5.7,5.3,5.9,4.0,5.2,6.3,4.0,4.0,4.0,4.0,4.0,5.8,6.6,4.0,6.0,4.0,6.5,5.4,4.0,4.0,6.0,4.0,4.0,4.0,4.0,4.0,4.0,4.0,4.0,4.0,4.0,4.0,4.0,5.8,4.0,4.0,4.0
3409,4.0,4.0,4.0,5.9,4.0,4.0,4.0,7.3,7.9,4.0,4.0,4.0,4.0,6.2,4.0,4.0,4.0,4.0,4.0,6.0,6.3,5.2,4.0,5.6,4.0,4.0,4.0,4.0,4.0,4.0,4.0,6.3,6.6,4.0,5.3,4.0,5.5,4.0,4.0,4.0,4.0,7.5,6.4,5.3,4.0,4.0,4.0,4.0,4.0,6.3,6.2,5.9,6.2,4.0,4.0,4.0,4.0,4.0,4.0,4.0,6.4,6.6,4.0,5.1,4.0,5.4,4.0,6.4,6.5,6.0,4.0,4.0,7.8,4.0,4.0,4.0,4.0,5.9,6.2,4.0,4.0,6.1,4.0,4.0,4.0,4.0,5.3,6.1,5.5,4.0,4.0,7.3,4.0,5.9,6.8,4.0,4.0,4.0,4.0,4.0,5.0,4.0,4.0,4.0,4.0,4.0,4.0,4.0,6.7,4.0,4.0,4.0,7.1,5.6,4.0,4.0,4.0,6.0,7.7,4.0,4.0,4.0,4.0,4.0,4.0,4.0,4.0,4.0,4.0,4.0,4.0,6.1,4.0,4.0,5.8,5.6,5.3,5.4,4.0,4.0,4.0,4.0,4.0,4.0,4.0,4.0,4.0,6.0,4.0,5.4,5.9,6.1,5.9,4.0,4.0,5.9,4.0,4.0,4.0,4.0,4.0,4.0,4.0,4.0,4.0,4.0,4.0,4.0,5.9,4.0,4.0,4.0
3418,6.1,4.0,4.0,6.6,6.4,6.0,6.8,6.9,4.0,5.8,6.3,6.5,6.0,5.4,4.0,4.0,5.6,7.0,5.9,8.2,6.9,6.6,6.0,4.0,7.5,7.0,5.7,5.8,6.4,5.9,4.0,7.0,6.2,6.2,5.5,4.0,6.2,4.0,7.0,6.2,6.0,4.0,6.2,4.0,7.2,4.0,4.0,6.3,7.0,6.8,6.5,6.6,6.5,6.3,6.0,6.0,7.2,5.8,4.0,4.0,4.0,4.0,4.0,4.0,4.0,4.0,4.0,4.0,4.0,4.0,4.0,4.0,4.0,4.0,4.0,4.0,4.0,6.4,4.0,4.0,4.0,4.0,4.0,4.0,4.0,4.0,5.6,4.0,4.0,4.0,4.0,4.0,4.0,4.0,4.0,4.0,4.0,4.0,6.8,4.0,4.0,4.0,6.1,4.0,4.0,4.0,4.0,6.8,4.0,4.0,4.0,4.0,4.0,4.0,7.6,4.0,4.0,4.0,4.0,4.0,4.0,4.0,4.0,4.0,4.0,4.0,6.3,4.0,4.0,4.0,4.0,4.0,4.0,4.0,4.0,4.0,4.0,4.0,4.0,4.0,4.0,4.0,4.0,4.0,4.0,4.0,4.0,4.0,4.0,4.0,4.0,4.0,4.0,4.0,4.0,4.0,4.0,4.0,4.0,4.0,4.0,4.0,4.0,4.0,7.1,5.3,6.3,4.0,5.7,6.0,6.2,4.0
3426,5.8,5.7,6.1,6.0,5.6,7.1,4.0,5.7,4.0,7.1,6.1,6.7,6.6,5.7,4.0,5.5,4.0,6.7,4.0,6.3,5.7,7.2,6.0,5.6,4.0,7.2,5.9,5.7,5.6,6.8,5.9,6.8,5.9,6.2,5.6,5.9,5.9,5.7,5.7,6.3,6.6,6.2,5.9,5.9,6.1,6.1,5.6,6.4,6.6,6.3,6.1,5.7,5.9,6.2,5.5,5.7,6.1,6.4,4.0,4.0,4.0,4.0,4.0,4.0,4.0,4.0,4.0,4.0,4.0,4.0,4.0,4.0,4.0,4.0,4.0,4.0,4.0,4.0,4.0,4.0,4.0,4.0,4.0,4.0,4.0,4.0,4.0,4.0,4.0,4.0,4.0,4.0,4.0,4.0,4.0,4.0,4.0,4.0,4.0,4.0,4.0,4.0,4.0,4.0,4.0,4.0,4.0,4.0,4.0,4.0,4.0,4.0,4.0,4.0,4.0,4.0,4.0,4.0,4.0,4.0,4.0,4.0,4.0,4.0,4.0,4.0,4.0,4.0,4.0,4.0,4.0,4.0,4.0,4.0,4.0,4.0,4.0,4.0,4.0,4.0,4.0,4.0,4.0,4.0,4.0,4.0,4.0,4.0,4.0,4.0,4.0,4.0,4.0,4.0,4.0,4.0,4.0,4.0,4.0,4.0,4.0,4.0,4.0,4.0,7.2,5.7,6.0,5.4,5.9,6.5,6.1,6.6
3446,4.0,7.2,4.0,4.0,5.8,4.0,4.0,4.0,5.7,5.8,5.6,4.0,6.7,4.0,4.0,5.9,6.2,4.0,4.0,4.0,4.0,5.7,6.2,4.0,4.0,4.0,6.6,6.6,6.4,7.6,4.0,4.0,4.0,6.0,4.0,5.7,5.6,6.3,4.0,4.0,4.0,5.5,6.3,4.0,4.0,4.0,4.0,4.0,4.0,7.6,4.0,7.3,6.7,5.6,4.0,4.0,6.6,6.1,4.0,4.0,4.0,7.0,5.5,4.0,4.0,4.0,4.0,4.0,4.0,4.0,4.0,4.0,4.0,4.0,4.0,4.0,4.0,7.9,5.8,4.0,4.0,6.3,4.0,6.6,4.0,4.0,7.7,4.0,4.0,5.5,5.4,5.6,4.0,6.3,6.5,4.0,5.6,4.0,6.4,4.0,6.1,4.0,7.1,6.6,5.8,4.0,5.7,4.0,4.0,4.0,4.0,4.0,5.8,4.0,5.5,4.0,4.0,6.2,4.0,6.2,6.5,4.0,4.0,4.0,4.0,6.4,4.0,6.1,6.2,7.2,5.6,5.3,4.0,4.0,6.9,4.0,4.0,4.0,4.0,5.1,6.1,4.0,4.0,5.9,4.0,4.0,4.0,4.0,6.1,5.2,4.0,4.0,4.0,4.0,4.0,4.0,4.0,4.0,4.0,4.0,4.0,4.0,4.0,4.0,4.0,4.0,4.0,4.0,4.0,4.0,5.9,4.0
3447,4.0,7.2,4.0,4.0,5.8,4.0,4.0,4.0,5.7,5.8,5.6,4.0,6.7,4.0,4.0,5.9,6.2,4.0,4.0,4.0,4.0,5.7,6.2,4.0,4.0,4.0,6.6,6.6,6.4,7.6,4.0,4.0,4.0,6.0,4.0,5.7,5.6,6.3,4.0,4.0,4.0,5.5,6.3,4.0,4.0,4.0,4.0,4.0,4.0,7.6,4.0,7.3,6.7,4.0,4.0,4.0,6.6,6.1,4.0,4.0,4.0,7.0,5.5,4.0,4.0,4.0,4.0,4.0,4.0,4.0,4.0,4.0,4.0,4.0,4.0,4.0,4.0,7.9,5.8,4.0,4.0,6.3,4.0,6.6,4.0,4.0,7.7,4.0,4.0,5.5,5.4,5.6,4.0,6.3,6.5,4.0,5.6,4.0,6.4,4.0,6.1,4.0,7.1,6.6,5.8,4.0,5.7,4.0,4.0,4.0,4.0,4.0,5.8,4.0,5.5,4.0,4.0,6.2,4.0,6.2,6.5,4.0,4.0,4.0,4.0,6.4,4.0,4.0,6.2,7.2,5.6,5.3,4.0,4.0,6.9,4.0,4.0,4.0,4.0,5.1,4.0,4.0,4.0,5.9,4.0,4.0,4.0,4.0,6.1,5.2,4.0,4.0,4.0,4.0,4.0,4.0,4.0,4.0,4.0,4.0,4.0,4.0,4.0,4.0,4.0,4.0,4.0,4.0,4.0,4.0,5.9,4.0
3450,4.0,4.0,4.0,4.0,6.0,4.0,5.2,4.0,4.0,4.0,6.7,7.6,8.0,7.0,4.0,6.0,5.8,4.0,4.0,6.0,4.0,7.2,6.1,5.9,4.0,4.0,4.0,4.0,5.5,6.5,4.0,4.0,4.0,4.0,5.3,6.9,6.2,7.6,6.2,4.0,4.0,4.0,6.3,4.0,5.1,4.0,4.0,4.0,7.2,4.0,5.9,6.4,6.0,5.2,4.0,4.0,6.4,4.0,4.0,7.2,4.0,4.0,4.0,4.0,4.0,4.0,4.0,4.0,4.0,4.0,7.4,6.2,4.0,4.0,4.0,4.0,4.0,4.0,4.0,4.0,4.0,6.6,4.0,6.4,4.0,4.0,6.6,7.4,4.0,5.6,5.3,4.0,4.0,4.0,6.2,4.0,4.0,4.0,4.0,5.6,4.0,4.0,5.6,5.2,5.3,4.0,6.1,7.0,4.0,4.0,4.0,4.0,4.0,6.6,5.9,4.0,4.0,4.0,4.0,4.0,4.0,5.4,4.0,4.0,4.0,6.4,6.5,5.7,6.1,6.3,5.1,4.0,4.0,4.0,4.0,4.0,4.0,4.0,4.0,5.3,5.1,4.0,4.0,4.0,4.0,6.0,6.1,4.0,4.0,6.9,7.3,6.1,4.0,4.0,4.0,4.0,4.0,4.0,4.0,4.0,4.0,4.0,4.0,4.0,5.9,4.0,4.0,4.0,4.0,6.4,4.0,4.0
3451,4.0,4.0,4.0,4.0,6.4,4.0,6.0,4.0,5.5,4.0,5.8,4.0,6.2,4.0,4.0,4.0,4.0,4.0,4.0,6.5,4.0,5.8,4.0,4.0,4.0,4.0,4.0,4.0,7.1,6.9,4.0,4.0,4.0,4.0,5.5,6.7,6.1,6.6,6.7,4.0,4.0,4.0,4.0,4.0,5.4,4.0,4.0,4.0,7.2,6.2,4.0,7.3,6.4,5.8,4.0,4.0,6.8,4.0,4.0,7.4,4.0,4.0,4.0,4.0,4.0,4.0,7.3,4.0,4.0,4.0,6.2,4.0,4.0,4.0,4.0,4.0,4.0,5.9,4.0,4.0,4.0,6.0,4.0,4.0,4.0,4.0,6.1,6.1,4.0,4.0,5.5,4.0,4.0,4.0,7.8,6.6,6.7,6.2,4.0,7.1,6.2,4.0,6.1,5.7,7.9,4.0,6.1,7.1,6.0,4.0,5.3,4.0,4.0,6.4,5.9,5.9,6.2,4.0,4.0,5.7,4.0,4.0,4.0,4.0,4.0,5.7,6.6,4.0,6.5,7.0,4.0,6.3,4.0,4.0,4.0,4.0,4.0,4.0,4.0,5.6,4.0,4.0,4.0,4.0,4.0,4.0,7.1,5.5,6.8,6.2,6.0,6.0,4.0,5.8,6.8,4.0,4.0,4.0,4.0,4.0,4.0,4.0,4.0,4.0,5.9,4.0,4.0,4.0,4.0,4.0,4.0,4.0
3464,4.8,4.9,4.4,4.7,5.1,4.4,5.6,5.1,5.5,5.9,4.4,4.7,4.3,4.1,4.5,4.9,4.8,4.4,4.2,4.7,4.2,5.9,4.0,4.3,6.2,5.4,4.9,4.7,5.4,5.1,4.0,5.7,5.2,5.0,4.2,4.0,4.8,4.2,4.4,4.3,4.5,4.9,4.8,4.6,4.8,4.4,4.1,4.5,4.8,5.0,4.7,5.9,4.7,4.2,4.2,4.2,6.3,4.3,4.0,4.0,4.0,4.0,4.0,4.0,4.0,4.0,4.0,4.0,4.0,4.0,4.0,4.0,4.0,4.0,4.0,4.0,4.0,4.0,4.0,4.0,4.0,4.0,4.0,4.0,4.0,4.0,4.0,4.0,4.0,4.0,4.0,4.0,4.0,4.0,4.0,4.0,4.0,4.0,4.0,4.0,4.0,4.0,4.0,4.0,4.0,4.0,4.0,4.0,4.0,4.0,4.0,4.0,4.0,4.0,4.0,4.0,4.0,4.0,4.0,4.0,4.0,4.0,4.0,4.0,4.0,4.0,4.0,4.0,4.0,4.0,4.0,4.0,4.0,4.0,4.0,4.0,4.0,4.0,4.0,4.0,4.0,4.0,4.0,4.0,4.0,4.0,4.0,4.0,4.0,4.0,4.0,4.0,4.0,4.0,4.0,4.0,4.0,4.0,4.0,4.0,4.0,4.0,4.0,4.0,4.8,4.0,4.7,4.2,6.5,4.5,4.2,4.1
3465,4.8,5.6,5.3,4.0,4.7,4.5,5.0,5.3,5.7,5.8,4.2,4.7,4.0,4.0,5.1,5.4,5.3,4.5,4.3,4.1,4.0,4.9,4.0,4.0,5.4,5.3,5.0,4.7,5.3,4.6,4.0,5.2,4.6,4.7,4.0,4.0,4.0,4.0,4.0,5.2,4.0,5.2,4.9,4.7,5.0,4.9,6.3,4.4,4.4,5.7,4.4,4.0,5.3,4.8,4.0,4.3,6.8,4.7,4.0,4.0,4.0,4.0,4.0,4.0,4.0,4.0,4.0,4.0,4.0,4.0,4.0,4.0,4.0,4.0,4.0,4.0,4.0,4.0,4.0,4.0,4.0,4.0,4.0,4.0,4.0,4.0,4.0,4.0,4.0,4.0,4.0,4.0,4.0,4.0,4.0,4.0,4.0,4.0,4.0,4.0,4.0,4.0,4.0,4.0,4.0,4.0,4.0,4.0,4.0,4.0,4.0,4.0,4.0,4.0,4.0,4.0,4.0,4.0,4.0,4.0,4.0,4.0,4.0,4.0,4.0,4.0,4.0,4.0,4.0,4.0,4.0,4.0,4.0,4.0,4.0,4.0,4.0,4.0,4.0,4.0,4.0,4.0,4.0,4.0,4.0,4.0,4.0,4.0,4.0,4.0,4.0,4.0,4.0,4.0,4.0,4.0,4.0,4.0,4.0,4.0,4.0,4.0,4.0,4.0,4.3,4.3,4.5,4.3,5.5,4.0,4.3,4.7
3468,5.4,6.4,6.0,4.0,6.3,7.1,4.0,6.1,5.9,6.3,5.8,5.7,4.0,4.0,6.2,6.7,6.1,4.0,5.6,7.9,6.9,6.8,5.6,6.5,7.5,6.7,6.3,6.1,6.4,6.0,4.0,7.0,5.8,7.1,4.0,4.0,6.0,5.5,6.0,5.7,5.8,5.2,6.2,4.0,6.5,6.5,5.9,5.7,6.3,7.3,6.2,6.5,6.2,6.0,5.6,4.0,7.6,6.1,4.0,4.0,4.0,4.0,4.0,4.0,4.0,4.0,4.0,4.0,4.0,4.0,4.0,4.0,4.0,4.0,4.0,4.0,4.0,4.0,4.0,4.0,4.0,4.0,4.0,4.0,4.0,4.0,4.0,4.0,4.0,4.0,4.0,4.0,4.0,4.0,4.0,4.0,4.0,4.0,4.0,4.0,4.0,4.0,4.0,4.0,4.0,4.0,4.0,4.0,4.0,4.0,4.0,4.0,4.0,4.0,4.0,4.0,4.0,4.0,4.0,4.0,4.0,4.0,4.0,4.0,4.0,4.0,4.0,4.0,4.0,4.0,4.0,4.0,4.0,4.0,4.0,4.0,4.0,4.0,4.0,4.0,4.0,4.0,4.0,4.0,4.0,4.0,4.0,4.0,4.0,4.0,4.0,4.0,4.0,4.0,4.0,4.0,4.0,4.0,4.0,4.0,4.0,4.0,4.0,4.0,6.0,5.5,6.2,5.9,7.2,5.7,6.0,6.3
3470,4.0,5.9,4.0,5.5,6.8,8.5,4.0,6.2,6.4,4.0,6.6,6.9,7.0,4.0,4.0,7.1,6.7,4.0,4.0,8.4,7.3,6.3,6.2,4.0,4.0,4.0,4.0,4.0,7.0,6.6,4.0,6.4,6.3,4.0,4.0,6.8,5.8,6.5,5.8,4.0,4.0,5.4,4.0,4.0,7.4,4.0,4.0,4.0,7.2,6.4,7.3,7.4,4.0,5.6,4.0,4.0,7.7,6.2,4.0,6.4,4.0,6.7,5.8,4.0,4.0,4.0,5.4,4.0,4.0,4.0,6.7,4.0,5.9,4.0,7.1,4.0,4.0,6.6,6.4,4.0,4.0,6.1,4.0,4.0,6.2,4.0,7.2,6.4,6.4,5.9,6.3,4.0,4.0,7.3,4.0,4.0,4.0,4.0,6.0,5.3,6.1,5.7,6.2,6.3,4.0,6.3,4.0,6.5,6.8,6.5,6.6,4.0,6.0,4.0,6.4,4.0,4.0,6.3,4.0,5.5,5.4,5.8,4.0,4.0,4.0,6.0,6.9,6.5,6.7,6.3,6.2,5.4,5.4,4.0,5.7,4.0,4.0,4.0,4.0,5.1,5.6,4.0,4.0,4.0,4.0,4.0,4.0,4.0,6.1,4.0,4.0,4.0,4.0,4.0,4.0,4.0,4.0,4.0,4.0,4.0,4.0,4.0,4.0,4.0,6.0,4.0,4.0,4.0,6.2,4.0,4.0,4.0
3505,4.0,4.0,4.0,5.4,8.5,5.7,4.0,4.0,8.3,4.0,5.8,6.9,6.4,6.3,4.0,7.4,7.9,4.0,4.0,6.6,6.4,6.5,5.9,6.2,4.0,4.0,4.0,4.0,6.8,8.0,4.0,5.9,5.8,4.0,4.0,5.8,6.3,4.0,4.0,4.0,4.0,5.7,5.9,4.0,7.7,4.0,4.0,4.0,4.0,5.9,5.3,6.5,4.0,6.4,4.0,4.0,4.0,5.6,4.0,5.9,4.0,5.9,4.0,4.0,4.0,4.0,4.0,4.0,4.0,4.0,4.0,4.0,4.0,4.0,6.2,4.0,4.0,6.0,6.3,4.0,4.0,6.1,4.0,5.8,4.0,4.0,6.7,4.0,4.0,4.0,4.0,4.0,6.1,8.2,5.9,4.0,5.3,4.0,7.4,7.0,6.9,6.9,6.9,5.8,6.2,6.2,6.3,6.2,5.9,5.5,7.1,4.0,6.9,6.0,4.0,4.0,4.0,8.3,6.9,6.8,6.3,5.7,4.0,4.0,4.0,4.0,6.3,5.1,4.0,6.4,4.0,4.0,4.0,4.0,4.0,4.0,6.3,6.0,4.0,4.0,6.6,4.0,4.0,4.0,4.0,4.0,6.1,6.3,4.0,7.3,5.8,6.2,5.4,4.0,4.0,5.8,4.0,4.0,4.0,4.0,4.0,4.0,4.0,4.0,4.0,4.0,4.0,4.0,8.2,7.1,4.0,4.0
3509,4.6,5.5,6.0,5.1,4.0,5.0,5.0,4.5,5.1,5.9,5.4,4.0,5.4,5.0,4.7,5.1,5.3,4.8,4.0,5.0,4.0,4.7,4.4,4.1,4.8,5.1,5.0,5.2,4.0,4.0,4.9,4.3,4.0,5.0,5.1,4.1,4.0,4.0,4.4,4.0,4.0,5.3,4.7,5.2,4.1,4.8,4.6,4.0,5.3,5.8,5.1,5.2,5.5,4.0,4.0,4.8,6.3,5.7,4.0,4.0,4.0,4.0,4.0,4.0,4.0,4.0,4.0,4.0,4.0,4.0,4.0,4.0,4.0,4.0,4.0,4.0,4.0,4.0,4.0,4.0,4.0,4.0,4.0,4.0,4.0,4.0,4.0,4.0,4.0,4.0,4.0,4.0,4.0,4.0,4.0,4.0,4.0,4.0,4.0,4.0,4.0,4.0,4.0,4.0,4.0,4.0,4.0,4.0,4.0,4.0,4.0,4.0,4.0,4.0,4.0,4.0,4.0,4.0,4.0,4.0,4.0,4.0,4.0,4.0,4.0,4.0,4.0,4.0,4.0,4.0,4.0,4.0,4.0,4.0,4.0,4.0,4.0,4.0,4.0,4.0,4.0,4.0,4.0,4.0,4.0,4.0,4.0,4.0,4.0,4.0,4.0,4.0,4.0,4.0,4.0,4.0,4.0,4.0,4.0,4.0,4.0,4.0,4.0,4.0,4.8,4.0,5.2,5.0,4.0,4.8,4.1,5.4
3512,6.7,7.5,4.0,4.0,8.3,7.0,6.3,6.8,7.1,7.4,6.0,6.7,6.2,5.7,6.6,7.1,6.7,5.7,6.3,5.9,6.6,7.2,5.9,5.7,7.5,7.2,6.5,6.4,7.5,7.4,4.0,7.5,6.8,7.5,6.8,5.8,6.6,6.3,7.1,6.9,6.9,4.0,6.5,6.6,7.5,6.6,5.9,5.7,7.9,7.5,7.0,6.8,6.9,5.3,6.3,5.7,7.6,4.0,4.0,4.0,4.0,4.0,4.0,4.0,4.0,4.0,4.0,4.0,4.0,4.0,4.0,4.0,4.0,4.0,4.0,4.0,4.0,4.0,4.0,4.0,4.0,4.0,4.0,4.0,4.0,4.0,4.0,4.0,4.0,4.0,4.0,4.0,4.0,4.0,4.0,4.0,4.0,4.0,4.0,4.0,4.0,4.0,4.0,4.0,4.0,4.0,4.0,4.0,4.0,4.0,4.0,4.0,4.0,4.0,4.0,4.0,4.0,4.0,4.0,4.0,4.0,4.0,4.0,4.0,4.0,4.0,4.0,4.0,4.0,4.0,4.0,4.0,4.0,4.0,4.0,4.0,4.0,4.0,4.0,4.0,4.0,4.0,4.0,4.0,4.0,4.0,4.0,4.0,4.0,4.0,4.0,4.0,4.0,4.0,4.0,4.0,4.0,4.0,4.0,4.0,4.0,4.0,4.0,4.0,6.6,5.7,6.1,4.0,7.9,6.7,6.5,6.5
3545,7.8,6.5,8.8,4.0,7.1,7.3,6.1,6.8,7.1,7.5,6.9,7.7,6.5,6.1,4.0,7.9,8.1,6.3,6.5,7.0,6.2,8.0,6.1,4.0,7.0,6.7,6.7,6.2,6.5,7.4,4.0,7.1,6.8,6.5,4.0,4.0,6.4,6.1,5.8,6.5,6.6,4.0,6.4,6.5,6.2,4.0,6.1,6.0,7.6,6.4,6.3,7.6,7.5,6.8,6.8,6.7,9.1,7.3,4.0,4.0,4.0,4.0,4.0,4.0,4.0,4.0,4.0,4.0,4.0,4.0,4.0,4.0,4.0,4.0,4.0,4.0,4.0,4.0,4.0,4.0,4.0,4.0,4.0,4.0,4.0,4.0,4.0,4.0,4.0,4.0,4.0,4.0,4.0,4.0,4.0,4.0,4.0,4.0,4.0,4.0,4.0,4.0,4.0,4.0,4.0,4.0,4.0,4.0,4.0,4.0,4.0,4.0,4.0,4.0,4.0,4.0,4.0,4.0,4.0,4.0,4.0,4.0,4.0,4.0,4.0,4.0,4.0,4.0,4.0,4.0,4.0,4.0,4.0,4.0,4.0,4.0,4.0,4.0,4.0,4.0,4.0,4.0,4.0,4.0,4.0,4.0,4.0,4.0,4.0,4.0,4.0,4.0,4.0,4.0,4.0,4.0,4.0,4.0,4.0,4.0,4.0,4.0,4.0,4.0,6.3,5.6,4.0,6.1,9.3,7.1,6.1,7.4
3546,4.0,4.0,4.0,8.1,4.0,4.0,6.8,7.8,4.0,4.0,4.0,9.8,4.0,8.0,4.0,7.1,7.8,7.3,4.0,8.5,8.2,4.0,7.8,4.0,4.0,4.0,4.0,4.0,4.0,4.0,4.0,6.9,6.9,4.0,6.5,7.7,7.3,7.9,6.9,4.0,4.0,6.4,7.5,6.5,8.0,4.0,6.7,4.0,9.0,7.8,8.1,4.0,4.0,7.2,4.0,7.6,4.0,7.9,4.0,9.1,4.0,7.6,6.9,5.7,5.6,5.4,7.7,4.0,7.5,6.9,9.2,7.9,4.0,7.8,8.4,4.0,4.0,7.8,7.4,4.0,4.0,8.3,4.0,7.6,7.1,4.0,6.4,7.5,6.5,8.1,7.9,6.6,8.4,4.0,6.8,6.3,6.3,5.9,8.4,4.0,7.1,5.4,4.0,7.9,4.0,7.7,8.2,7.7,6.6,7.3,7.7,4.0,7.2,7.4,7.5,6.3,7.1,7.4,7.3,8.3,7.8,7.9,4.0,6.0,6.7,8.5,4.0,4.0,4.0,8.2,6.9,6.9,6.6,6.7,7.5,6.7,5.8,5.3,4.0,6.2,7.5,4.0,6.9,6.6,6.7,6.8,4.0,4.0,4.0,4.0,4.0,8.3,5.4,4.0,8.8,4.0,4.0,4.0,4.0,4.0,4.0,4.0,4.0,4.0,8.4,7.3,4.0,4.0,8.0,8.2,4.0,4.0
3594,6.3,6.0,6.2,5.6,6.5,6.2,7.1,6.8,6.0,6.3,6.3,6.2,5.7,5.6,5.4,5.4,5.6,6.7,6.5,7.6,6.2,7.0,5.5,5.7,8.3,7.1,6.6,6.3,6.5,6.0,4.0,7.5,6.6,6.4,4.0,4.0,6.5,5.8,6.6,6.6,6.0,4.0,6.1,6.0,6.8,5.8,5.8,6.3,7.3,7.1,6.7,6.8,7.1,6.2,6.4,6.3,7.6,6.1,4.0,4.0,4.0,4.0,4.0,4.0,4.0,4.0,4.0,4.0,4.0,4.0,4.0,4.0,4.0,4.0,4.0,4.0,4.0,4.0,4.0,4.0,4.0,4.0,4.0,4.0,4.0,4.0,4.0,4.0,4.0,4.0,4.0,4.0,4.0,4.0,4.0,4.0,4.0,4.0,4.0,4.0,4.0,4.0,4.0,4.0,4.0,4.0,4.0,4.0,4.0,4.0,4.0,4.0,4.0,4.0,4.0,4.0,4.0,4.0,4.0,4.0,4.0,4.0,4.0,4.0,4.0,4.0,4.0,4.0,4.0,4.0,4.0,4.0,4.0,4.0,4.0,4.0,4.0,4.0,4.0,4.0,4.0,4.0,4.0,4.0,4.0,4.0,4.0,4.0,4.0,4.0,4.0,4.0,4.0,4.0,4.0,4.0,4.0,4.0,4.0,4.0,4.0,4.0,4.0,4.0,6.8,5.4,6.7,4.0,6.7,6.2,6.7,4.0
3595,4.0,4.0,4.0,5.9,4.0,5.8,4.0,4.0,4.0,4.0,6.6,7.6,8.4,7.2,4.0,4.0,4.0,4.0,4.0,6.6,6.6,7.3,7.1,6.4,4.0,4.0,4.0,4.0,4.0,4.0,4.0,4.0,6.3,4.0,5.8,8.0,7.1,4.0,5.3,4.0,4.0,4.0,5.8,6.6,4.0,4.0,4.0,4.0,4.0,6.5,6.8,7.3,6.5,4.0,4.0,4.0,4.0,7.5,5.4,7.8,5.2,4.0,4.0,5.7,4.0,4.0,6.2,4.0,7.3,7.4,5.8,7.3,4.0,4.0,6.4,4.0,4.0,5.9,4.0,4.0,4.0,6.9,4.0,4.0,4.0,4.0,6.4,7.6,4.0,4.0,4.0,4.0,4.0,7.6,6.1,4.0,4.0,4.0,4.0,4.0,7.5,6.3,4.0,4.0,4.0,6.9,4.0,4.0,6.3,6.1,7.2,4.0,4.0,6.6,4.0,4.0,4.0,7.9,5.3,4.0,4.0,4.0,4.0,4.0,4.0,4.0,4.0,4.0,4.0,4.0,4.0,6.0,4.0,4.0,4.0,6.2,4.0,4.0,4.0,4.0,4.0,4.0,4.0,4.0,4.0,4.0,4.0,4.0,4.0,7.4,6.7,4.0,4.0,4.0,4.0,4.0,4.0,4.0,4.0,4.0,4.0,4.0,4.0,4.0,4.0,4.0,4.0,4.0,6.6,7.0,4.0,4.0
3642,4.0,4.0,4.0,4.0,6.4,4.0,7.3,6.3,5.5,4.0,4.0,4.0,5.6,4.0,4.0,6.5,5.9,4.0,4.0,4.0,4.0,4.0,4.0,4.0,4.0,4.0,4.0,4.0,6.1,6.4,4.0,5.7,5.6,4.0,6.0,4.0,4.0,6.7,5.8,4.0,4.0,4.0,6.3,5.6,7.2,4.0,6.5,4.0,4.0,6.7,6.4,7.0,4.0,5.6,4.0,4.0,6.4,4.0,4.0,4.0,6.1,4.0,4.0,5.7,5.2,4.0,4.0,4.0,4.0,4.0,4.0,4.0,7.2,4.0,4.0,4.0,4.0,6.1,5.5,4.0,4.0,5.5,4.0,6.2,4.0,4.0,5.9,4.0,6.5,6.3,6.1,5.1,4.0,5.9,7.2,6.4,6.9,6.5,4.0,5.6,5.8,6.2,7.4,5.6,6.1,4.0,5.8,6.5,6.4,6.0,6.4,4.0,5.9,4.0,6.4,4.0,6.4,5.4,4.0,7.1,5.8,4.0,5.9,5.2,6.1,4.0,6.0,5.4,4.0,6.2,5.7,7.3,4.0,4.0,4.0,4.0,5.3,4.0,5.2,4.0,5.2,4.0,4.0,4.0,4.0,4.0,4.0,4.0,4.0,5.8,4.0,4.0,6.2,4.0,4.0,4.0,4.0,4.0,4.0,4.0,4.0,4.0,4.0,4.0,4.0,4.0,4.0,4.0,5.2,4.0,4.0,4.0
3668,6.8,4.0,4.0,6.2,7.7,6.2,6.4,8.4,4.0,4.0,6.0,6.8,6.0,6.3,4.0,4.0,4.0,4.0,4.0,6.1,6.7,6.2,5.9,6.5,4.0,4.0,4.0,4.0,4.0,7.5,4.0,7.5,6.9,4.0,5.7,4.0,4.0,6.3,5.9,4.0,4.0,8.4,7.0,5.7,6.1,4.0,6.8,4.0,6.4,6.7,6.3,7.4,7.0,6.6,6.8,5.8,4.0,5.6,4.0,4.0,7.2,8.0,8.3,5.9,5.6,5.9,4.0,8.4,6.5,6.2,6.0,6.1,8.4,4.0,5.9,4.0,4.0,6.9,6.8,4.0,4.0,6.6,4.0,6.9,6.4,4.0,6.2,6.5,4.0,6.8,6.6,7.0,9.0,7.0,7.0,4.0,8.4,7.4,4.0,7.1,5.3,5.5,6.5,4.0,4.0,6.4,6.4,7.2,6.7,6.7,6.4,6.2,6.4,4.0,7.5,6.4,6.7,6.9,4.0,7.8,4.0,5.8,6.0,5.1,6.6,6.4,7.6,6.2,6.2,8.0,6.3,6.7,4.0,6.8,4.0,4.0,6.1,6.3,4.0,7.1,7.3,7.1,5.9,4.0,4.0,6.3,6.4,7.3,6.1,6.5,6.1,6.5,6.1,6.1,7.1,7.1,6.4,4.0,4.0,4.0,4.0,4.0,7.3,4.0,4.0,6.3,4.0,4.0,6.7,7.0,4.0,4.0
3669,6.8,4.0,4.0,6.2,7.7,6.2,6.4,8.4,4.0,4.0,6.0,6.8,6.0,6.3,4.0,4.0,4.0,4.0,4.0,6.1,6.7,6.2,5.9,6.5,4.0,4.0,4.0,4.0,4.0,7.5,4.0,7.5,6.9,4.0,5.7,4.0,4.0,6.3,5.9,4.0,4.0,8.4,7.0,5.7,6.1,4.0,6.8,4.0,6.4,6.7,6.3,7.4,7.0,6.6,6.8,4.0,4.0,5.6,4.0,4.0,7.2,8.0,8.3,5.9,5.6,5.9,4.0,8.4,6.5,6.2,6.0,6.1,8.4,4.0,4.0,4.0,4.0,6.9,6.8,4.0,4.0,6.6,4.0,6.9,6.4,4.0,6.2,6.5,4.0,6.8,6.6,7.0,9.0,7.0,7.0,4.0,8.4,7.4,4.0,7.1,5.3,5.5,6.5,4.0,4.0,6.4,6.4,7.2,6.7,6.7,6.4,6.2,6.4,4.0,7.5,6.4,6.7,6.9,4.0,7.8,4.0,5.8,6.0,5.1,6.6,6.4,7.6,6.2,6.2,8.0,6.3,6.7,4.0,6.8,4.0,4.0,6.1,6.3,4.0,7.1,4.0,7.1,5.9,4.0,4.0,6.3,6.4,7.3,6.1,6.5,6.1,6.5,6.1,6.1,7.1,7.1,6.4,4.0,4.0,4.0,4.0,4.0,7.3,4.0,4.0,6.3,4.0,4.0,6.7,7.0,4.0,4.0
3680,6.2,4.0,4.0,5.7,7.4,6.7,4.0,6.7,4.0,5.7,6.8,6.7,5.7,4.0,5.9,5.8,4.0,4.0,6.3,8.4,7.7,7.3,6.2,7.4,7.6,6.5,6.9,5.6,7.0,6.3,5.4,6.9,6.0,6.5,4.0,4.0,6.0,4.0,5.8,6.7,6.5,5.4,6.3,4.0,6.4,6.2,4.0,5.5,7.4,6.6,6.3,6.4,6.6,5.5,6.4,6.0,7.4,6.0,4.0,4.0,4.0,4.0,4.0,4.0,4.0,4.0,4.0,4.0,4.0,4.0,4.0,4.0,4.0,4.0,4.0,4.0,4.0,4.0,4.0,4.0,4.0,4.0,4.0,4.0,4.0,4.0,4.0,4.0,4.0,4.0,4.0,4.0,4.0,4.0,4.0,4.0,4.0,4.0,4.0,4.0,4.0,4.0,4.0,4.0,4.0,4.0,4.0,4.0,4.0,4.0,4.0,4.0,4.0,4.0,4.0,4.0,4.0,4.0,4.0,4.0,4.0,4.0,4.0,4.0,4.0,4.0,4.0,4.0,4.0,4.0,4.0,4.0,4.0,4.0,4.0,4.0,4.0,4.0,4.0,4.0,4.0,4.0,4.0,4.0,4.0,4.0,4.0,4.0,4.0,4.0,4.0,4.0,4.0,4.0,4.0,4.0,4.0,4.0,4.0,4.0,4.0,4.0,4.0,4.0,5.8,6.1,7.4,5.9,5.5,6.2,6.1,4.0
3716,5.1,4.0,5.4,4.0,5.1,4.1,4.8,5.1,5.5,5.3,4.6,4.7,4.0,4.0,4.8,4.7,4.8,4.0,5.0,4.6,4.7,4.3,4.0,4.0,5.9,5.4,4.3,4.6,5.3,4.0,4.1,4.9,4.5,4.0,4.0,5.0,5.2,4.5,4.4,5.0,4.8,4.8,4.0,4.0,4.8,5.0,4.8,4.4,4.8,4.6,4.3,4.0,5.5,4.6,4.3,5.1,6.0,5.1,4.0,4.0,4.0,4.0,4.0,4.0,4.0,4.0,4.0,4.0,4.0,4.0,4.0,4.0,4.0,4.0,4.0,4.0,4.0,4.0,4.0,4.0,4.0,4.0,4.0,4.0,4.0,4.0,4.0,4.0,4.0,4.0,4.0,4.0,4.0,4.0,4.0,4.0,4.0,4.0,4.0,4.0,4.0,4.0,4.0,4.0,4.0,4.0,4.0,4.0,4.0,4.0,4.0,4.0,4.0,4.0,4.0,4.0,4.0,4.0,4.0,4.0,4.0,4.0,4.0,4.0,4.0,4.0,4.0,4.0,4.0,4.0,4.0,4.0,4.0,4.0,4.0,4.0,4.0,4.0,4.0,4.0,4.0,4.0,4.0,4.0,4.0,4.0,4.0,4.0,4.0,4.0,4.0,4.0,4.0,4.0,4.0,4.0,4.0,4.0,4.0,4.0,4.0,4.0,4.0,4.0,4.9,4.7,4.8,4.4,4.8,5.1,4.5,6.1
3756,7.3,5.6,8.0,6.2,7.3,7.4,5.9,6.6,6.2,6.5,8.3,7.3,7.4,7.5,6.2,8.1,8.2,7.5,7.1,8.5,7.6,8.2,6.9,6.4,7.5,8.4,6.7,6.4,6.8,7.1,4.0,7.1,7.0,8.2,5.6,7.8,9.1,8.7,7.2,6.6,7.2,4.0,8.3,6.9,5.7,6.6,6.1,8.0,8.1,6.2,6.8,7.5,8.4,6.3,7.4,5.8,8.0,6.2,4.0,4.0,4.0,4.0,4.0,4.0,4.0,4.0,4.0,4.0,4.0,4.0,4.0,4.0,4.0,4.0,4.0,4.0,4.0,4.0,4.0,4.0,4.0,4.0,4.0,4.0,4.0,4.0,4.0,4.0,4.0,4.0,4.0,4.0,4.0,4.0,4.0,4.0,4.0,4.0,4.0,4.0,4.0,4.0,4.0,4.0,4.0,4.0,4.0,4.0,4.0,4.0,4.0,4.0,4.0,4.0,4.0,4.0,4.0,4.0,4.0,4.0,4.0,4.0,4.0,4.0,4.0,4.0,4.0,4.0,4.0,4.0,4.0,4.0,4.0,4.0,4.0,4.0,4.0,4.0,4.0,4.0,4.0,4.0,4.0,4.0,4.0,4.0,4.0,4.0,4.0,4.0,4.0,4.0,4.0,4.0,4.0,4.0,4.0,4.0,4.0,4.0,4.0,4.0,4.0,4.0,7.7,6.2,6.9,6.1,8.9,8.2,7.5,7.6
3759,5.7,6.2,6.7,7.4,4.0,4.0,6.3,6.7,6.3,6.4,6.1,5.8,5.5,5.4,6.2,4.0,6.2,4.0,5.5,4.0,5.6,4.0,4.0,7.2,6.2,6.3,5.8,5.6,5.8,4.0,6.0,5.9,6.0,5.6,5.7,6.3,4.0,6.0,4.0,6.0,4.0,6.2,6.1,6.1,5.5,6.4,5.9,4.0,5.7,5.5,5.7,5.8,6.5,4.0,5.6,6.4,7.7,6.4,4.0,4.0,4.0,4.0,4.0,4.0,4.0,4.0,4.0,4.0,4.0,4.0,4.0,4.0,4.0,4.0,4.0,4.0,4.0,4.0,4.0,4.0,4.0,4.0,4.0,4.0,4.0,4.0,4.0,4.0,4.0,4.0,4.0,4.0,4.0,4.0,4.0,4.0,4.0,4.0,4.0,4.0,4.0,4.0,4.0,4.0,4.0,4.0,4.0,4.0,4.0,4.0,4.0,4.0,4.0,4.0,4.0,4.0,4.0,4.0,4.0,4.0,4.0,4.0,4.0,4.0,4.0,4.0,4.0,4.0,4.0,4.0,4.0,4.0,4.0,4.0,4.0,4.0,4.0,4.0,4.0,4.0,4.0,4.0,4.0,4.0,4.0,4.0,4.0,4.0,4.0,4.0,4.0,4.0,4.0,4.0,4.0,4.0,4.0,4.0,4.0,4.0,4.0,4.0,4.0,4.0,5.9,4.0,6.1,5.4,5.9,5.8,4.0,5.7
3775,4.8,4.5,4.0,4.9,5.6,6.0,5.4,5.6,5.6,5.8,4.6,4.0,4.0,4.0,4.9,5.0,4.6,5.0,4.6,6.0,4.8,5.5,4.1,5.5,6.3,5.4,5.4,5.1,4.4,4.8,4.0,4.9,4.0,5.2,4.0,4.0,5.2,4.6,4.8,4.0,4.4,4.0,5.1,5.2,4.3,4.5,4.0,4.7,5.0,5.8,4.9,4.9,5.3,4.0,4.0,4.1,6.7,4.5,4.0,4.0,4.0,4.0,4.0,4.0,4.0,4.0,4.0,4.0,4.0,4.0,4.0,4.0,4.0,4.0,4.0,4.0,4.0,4.0,4.0,4.0,4.0,4.0,4.0,4.0,4.0,4.0,4.0,4.0,4.0,4.0,4.0,4.0,4.0,4.0,4.0,4.0,4.0,4.0,4.0,4.0,4.0,4.0,4.0,4.0,4.0,4.0,4.0,4.0,4.0,4.0,4.0,4.0,4.0,4.0,4.0,4.0,4.0,4.0,4.0,4.0,4.0,4.0,4.0,4.0,4.0,4.0,4.0,4.0,4.0,4.0,4.0,4.0,4.0,4.0,4.0,4.0,4.0,4.0,4.0,4.0,4.0,4.0,4.0,4.0,4.0,4.0,4.0,4.0,4.0,4.0,4.0,4.0,4.0,4.0,4.0,4.0,4.0,4.0,4.0,4.0,4.0,4.0,4.0,4.0,4.9,4.1,5.0,4.9,5.2,4.8,4.7,5.2
3780,4.0,4.0,4.0,8.3,5.3,5.9,4.0,4.0,4.0,4.0,6.4,7.4,5.8,7.7,4.0,4.0,5.2,4.0,4.0,6.1,4.0,7.0,4.0,6.5,4.0,4.0,4.0,4.0,6.6,6.9,4.0,4.0,4.0,4.0,5.3,6.6,6.1,6.5,6.0,4.0,4.0,4.0,8.1,5.4,7.7,4.0,6.6,4.0,8.0,5.7,7.4,7.7,4.0,5.5,4.0,7.0,4.0,4.0,4.0,6.1,4.0,7.3,4.0,4.0,4.0,4.0,4.0,4.0,4.0,4.0,6.2,4.0,4.0,6.2,6.7,4.0,4.0,5.9,5.6,4.0,4.0,6.0,4.0,4.0,7.6,4.0,6.6,6.0,4.0,5.9,4.0,4.0,4.0,5.4,8.6,6.0,5.7,6.4,4.0,6.3,4.0,4.0,6.2,6.9,4.0,7.3,6.3,6.2,4.0,5.4,7.5,4.0,6.0,6.9,7.6,6.4,6.1,6.1,4.0,4.0,4.0,8.5,5.1,4.0,5.4,6.1,7.2,4.0,6.7,8.0,4.0,4.0,4.0,4.0,4.0,4.0,4.0,4.0,4.0,4.0,6.2,4.0,4.0,4.0,4.0,4.0,7.0,4.0,6.3,7.5,5.8,5.8,4.0,6.2,6.7,4.0,4.0,4.0,4.0,4.0,4.0,4.0,4.0,4.0,4.0,4.0,4.0,4.0,5.0,7.6,4.0,4.0
3791,5.8,6.5,6.8,5.9,4.0,5.8,5.8,5.8,5.8,6.3,6.6,6.1,5.9,4.0,6.0,5.7,6.0,4.0,5.5,5.9,4.0,4.0,4.0,6.0,5.7,6.1,6.0,6.6,6.6,5.6,5.5,6.3,5.5,5.8,6.1,6.1,5.5,5.8,5.5,5.8,4.0,5.7,6.5,6.1,5.4,6.0,5.6,5.3,5.7,4.0,6.0,6.3,7.1,4.0,6.0,6.2,5.7,6.6,4.0,4.0,4.0,4.0,4.0,4.0,4.0,4.0,4.0,4.0,4.0,4.0,4.0,4.0,4.0,4.0,4.0,4.0,4.0,4.0,4.0,4.0,4.0,4.0,4.0,4.0,4.0,4.0,4.0,4.0,4.0,4.0,4.0,4.0,4.0,4.0,4.0,4.0,4.0,4.0,4.0,4.0,4.0,4.0,4.0,4.0,4.0,4.0,4.0,4.0,4.0,4.0,4.0,4.0,4.0,4.0,4.0,4.0,4.0,4.0,4.0,4.0,4.0,4.0,4.0,4.0,4.0,4.0,4.0,4.0,4.0,4.0,4.0,4.0,4.0,4.0,4.0,4.0,4.0,4.0,4.0,4.0,4.0,4.0,4.0,4.0,4.0,4.0,4.0,4.0,4.0,4.0,4.0,4.0,4.0,4.0,4.0,4.0,4.0,4.0,4.0,4.0,4.0,4.0,4.0,4.0,5.3,5.9,6.4,5.9,4.0,5.7,4.0,6.3
3794,6.4,5.9,6.7,7.6,6.7,6.6,4.0,7.9,6.2,4.0,7.7,8.2,6.3,7.3,4.0,8.5,8.4,6.1,7.4,8.6,8.0,8.3,7.3,6.9,7.6,7.0,6.6,6.4,6.5,6.2,4.0,7.4,6.6,6.8,5.4,4.0,6.0,5.9,7.1,7.0,7.3,4.0,8.4,7.0,7.5,4.0,6.9,6.5,8.7,5.9,8.2,8.5,8.0,6.6,8.2,4.0,7.3,4.0,4.0,8.2,4.0,7.9,5.9,5.4,4.0,5.1,6.3,4.0,6.4,4.0,8.0,6.2,4.0,7.8,4.0,4.0,4.0,5.7,6.6,4.0,4.0,7.3,4.0,7.5,7.6,4.0,6.3,7.1,6.0,5.6,5.5,4.0,4.0,6.4,6.6,5.9,6.1,4.0,7.3,6.7,6.8,4.0,4.0,4.0,5.7,8.6,6.1,6.9,5.5,7.7,8.0,7.1,7.2,7.4,4.0,4.0,6.9,6.3,6.1,6.0,5.8,7.4,5.5,5.4,6.0,6.6,6.7,4.0,7.6,7.5,4.0,6.4,4.0,4.0,6.7,6.3,6.0,4.0,4.0,4.0,5.3,4.0,6.5,4.0,4.0,5.8,4.0,4.0,7.4,8.2,7.2,6.8,5.5,4.0,7.9,4.0,4.0,4.0,4.0,4.0,4.0,4.0,4.0,4.0,6.7,7.0,6.2,4.0,6.7,7.4,6.6,7.8
3816,6.3,6.5,6.8,7.6,5.9,5.7,6.0,5.8,7.0,6.6,6.3,6.3,6.3,5.7,6.3,5.5,6.4,4.0,6.0,5.8,4.0,4.0,4.0,7.5,6.6,6.7,6.1,6.3,6.5,4.0,5.6,6.2,6.0,5.8,7.0,6.5,5.6,6.4,4.0,6.5,5.7,6.2,6.2,6.0,6.2,6.6,4.0,5.2,6.0,5.6,6.0,6.2,6.7,5.2,6.1,6.7,7.6,6.6,4.0,4.0,4.0,4.0,4.0,4.0,4.0,4.0,4.0,4.0,4.0,4.0,4.0,4.0,4.0,4.0,4.0,4.0,4.0,4.0,4.0,4.0,4.0,4.0,4.0,4.0,4.0,4.0,4.0,4.0,4.0,4.0,4.0,4.0,4.0,4.0,4.0,4.0,4.0,4.0,4.0,4.0,4.0,4.0,4.0,4.0,4.0,4.0,4.0,4.0,4.0,4.0,4.0,4.0,4.0,4.0,4.0,4.0,4.0,4.0,4.0,4.0,4.0,4.0,4.0,4.0,4.0,4.0,4.0,4.0,4.0,4.0,4.0,4.0,4.0,4.0,4.0,4.0,4.0,4.0,4.0,4.0,4.0,4.0,4.0,4.0,4.0,4.0,4.0,4.0,4.0,4.0,4.0,4.0,4.0,4.0,4.0,4.0,4.0,4.0,4.0,4.0,4.0,4.0,4.0,4.0,6.1,6.0,6.5,5.9,6.5,6.3,5.7,6.1
